ISO-10303-21;
HEADER;
FILE_DESCRIPTION((''),'2;1');
FILE_NAME('00-ASSY_ASM','2018-02-02T',('eng604'),(''),
'PRO/ENGINEER BY PARAMETRIC TECHNOLOGY CORPORATION, 2014000',
'PRO/ENGINEER BY PARAMETRIC TECHNOLOGY CORPORATION, 2014000','');
FILE_SCHEMA(('AUTOMOTIVE_DESIGN { 1 0 10303 214 1 1 1 1 }'));
ENDSEC;
DATA;
#63=DIRECTION('',(-8.682663011454E-2,8.682659386499E-2,9.924325059674E-1));
#64=VECTOR('',#63,1.831289414457E0);
#65=CARTESIAN_POINT('',(-7.460995311378E0,3.790995377762E0,-1.817431142742E0));
#66=LINE('',#65,#64);
#67=DRAUGHTING_PRE_DEFINED_CURVE_FONT('continuous');
#68=CURVE_STYLE('',#67,POSITIVE_LENGTH_MEASURE(2.E-2),#23);
#69=PRESENTATION_STYLE_ASSIGNMENT((#68));
#70=STYLED_ITEM('',(#69),#66);
#71=DIRECTION('',(0.E0,-1.E0,0.E0));
#72=VECTOR('',#71,7.9E0);
#73=CARTESIAN_POINT('',(-7.62E0,3.95E0,0.E0));
#74=LINE('',#73,#72);
#75=CURVE_STYLE('',#67,POSITIVE_LENGTH_MEASURE(2.E-2),#23);
#76=PRESENTATION_STYLE_ASSIGNMENT((#75));
#77=STYLED_ITEM('',(#76),#74);
#78=DIRECTION('',(-8.682663011454E-2,-8.682659386499E-2,9.924325059674E-1));
#79=VECTOR('',#78,1.831289414457E0);
#80=CARTESIAN_POINT('',(-7.460995311378E0,-3.790995377762E0,-1.817431142742E0));
#81=LINE('',#80,#79);
#82=CURVE_STYLE('',#67,POSITIVE_LENGTH_MEASURE(2.E-2),#23);
#83=PRESENTATION_STYLE_ASSIGNMENT((#82));
#84=STYLED_ITEM('',(#83),#81);
#85=DIRECTION('',(-8.703720429185E-2,-5.213734452108E-2,9.948397973419E-1));
#86=VECTOR('',#85,4.160963111901E-1);
#87=CARTESIAN_POINT('',(-7.361375907954E0,2.271694156730E0,-1.813949169899E0));
#88=LINE('',#87,#86);
#89=CURVE_STYLE('',#67,POSITIVE_LENGTH_MEASURE(2.E-2),#23);
#90=PRESENTATION_STYLE_ASSIGNMENT((#89));
#91=STYLED_ITEM('',(#90),#88);
#92=CARTESIAN_POINT('',(-7.361375907954E0,2.371557110206E0,-1.808715574275E0));
#93=DIRECTION('',(-8.703720429185E-2,-5.213734452108E-2,9.948397973419E-1));
#94=DIRECTION('',(-9.961946980917E-1,0.E0,-8.715574274766E-2));
#95=AXIS2_PLACEMENT_3D('',#92,#93,#94);
#97=CURVE_STYLE('',#67,POSITIVE_LENGTH_MEASURE(2.E-2),#23);
#98=PRESENTATION_STYLE_ASSIGNMENT((#97));
#99=STYLED_ITEM('',(#98),#96);
#100=DIRECTION('',(-8.703720466287E-2,-5.213734452108E-2,9.948397973095E-1));
#101=VECTOR('',#100,4.195963507540E-1);
#102=CARTESIAN_POINT('',(-7.460995377607E0,2.371557110206E0,-1.817431148536E0));
#103=LINE('',#102,#101);
#104=CURVE_STYLE('',#67,POSITIVE_LENGTH_MEASURE(2.E-2),#23);
#105=PRESENTATION_STYLE_ASSIGNMENT((#104));
#106=STYLED_ITEM('',(#105),#103);
#107=CARTESIAN_POINT('',(-7.497515871064E0,2.349680470707E0,-1.4E0));
#108=CARTESIAN_POINT('',(-7.497515871064E0,2.316413041678E0,-1.4E0));
#109=CARTESIAN_POINT('',(-7.472314609501E0,2.275079445182E0,-1.4E0));
#110=CARTESIAN_POINT('',(-7.430859196625E0,2.25E0,-1.4E0));
#111=CARTESIAN_POINT('',(-7.397591767596E0,2.25E0,-1.4E0));
#113=CURVE_STYLE('',#67,POSITIVE_LENGTH_MEASURE(2.E-2),#23);
#114=PRESENTATION_STYLE_ASSIGNMENT((#113));
#115=STYLED_ITEM('',(#114),#112);
#116=DIRECTION('',(1.E0,0.E0,2.381443441119E-11));
#117=VECTOR('',#116,1.027751079218E0);
#118=CARTESIAN_POINT('',(6.369840688378E0,-2.25E0,-1.400000000024E0));
#119=LINE('',#118,#117);
#120=CURVE_STYLE('',#67,POSITIVE_LENGTH_MEASURE(2.E-2),#23);
#121=PRESENTATION_STYLE_ASSIGNMENT((#120));
#122=STYLED_ITEM('',(#121),#119);
#123=DIRECTION('',(0.E0,1.E0,0.E0));
#124=VECTOR('',#123,4.699360941414E0);
#125=CARTESIAN_POINT('',(7.497515871064E0,-2.349680470707E0,-1.4E0));
#126=LINE('',#125,#124);
#127=CURVE_STYLE('',#67,POSITIVE_LENGTH_MEASURE(2.E-2),#23);
#128=PRESENTATION_STYLE_ASSIGNMENT((#127));
#129=STYLED_ITEM('',(#128),#126);
#130=DIRECTION('',(-1.E0,-1.279010151807E-13,2.381853939124E-11));
#131=VECTOR('',#130,1.027751077111E0);
#132=CARTESIAN_POINT('',(7.397591767596E0,2.25E0,-1.4E0));
#133=LINE('',#132,#131);
#134=CURVE_STYLE('',#67,POSITIVE_LENGTH_MEASURE(2.E-2),#23);
#135=PRESENTATION_STYLE_ASSIGNMENT((#134));
#136=STYLED_ITEM('',(#135),#133);
#137=DIRECTION('',(0.E0,-1.E0,0.E0));
#138=VECTOR('',#137,4.699360941414E0);
#139=CARTESIAN_POINT('',(-7.497515871064E0,2.349680470707E0,-1.4E0));
#140=LINE('',#139,#138);
#141=CURVE_STYLE('',#67,POSITIVE_LENGTH_MEASURE(2.E-2),#23);
#142=PRESENTATION_STYLE_ASSIGNMENT((#141));
#143=STYLED_ITEM('',(#142),#140);
#144=DIRECTION('',(1.E0,1.279010151807E-13,2.381853939124E-11));
#145=VECTOR('',#144,1.027751077111E0);
#146=CARTESIAN_POINT('',(-7.397591767596E0,-2.25E0,-1.4E0));
#147=LINE('',#146,#145);
#148=CURVE_STYLE('',#67,POSITIVE_LENGTH_MEASURE(2.E-2),#23);
#149=PRESENTATION_STYLE_ASSIGNMENT((#148));
#150=STYLED_ITEM('',(#149),#147);
#151=DIRECTION('',(-1.E0,0.E0,2.381443441119E-11));
#152=VECTOR('',#151,1.027751079218E0);
#153=CARTESIAN_POINT('',(-6.369840688378E0,2.25E0,-1.400000000024E0));
#154=LINE('',#153,#152);
#155=CURVE_STYLE('',#67,POSITIVE_LENGTH_MEASURE(2.E-2),#23);
#156=PRESENTATION_STYLE_ASSIGNMENT((#155));
#157=STYLED_ITEM('',(#156),#154);
#158=DIRECTION('',(8.703720429185E-2,5.213734452108E-2,9.948397973419E-1));
#159=VECTOR('',#158,4.160963111901E-1);
#160=CARTESIAN_POINT('',(7.361375907954E0,-2.271694156730E0,-1.813949169899E0));
#161=LINE('',#160,#159);
#162=CURVE_STYLE('',#67,POSITIVE_LENGTH_MEASURE(2.E-2),#23);
#163=PRESENTATION_STYLE_ASSIGNMENT((#162));
#164=STYLED_ITEM('',(#163),#161);
#165=CARTESIAN_POINT('',(7.361375907954E0,-2.371557110206E0,-1.808715574275E0));
#166=DIRECTION('',(8.703720429185E-2,5.213734452108E-2,9.948397973419E-1));
#167=DIRECTION('',(9.961946980917E-1,0.E0,-8.715574274766E-2));
#168=AXIS2_PLACEMENT_3D('',#165,#166,#167);
#170=CURVE_STYLE('',#67,POSITIVE_LENGTH_MEASURE(2.E-2),#23);
#171=PRESENTATION_STYLE_ASSIGNMENT((#170));
#172=STYLED_ITEM('',(#171),#169);
#173=DIRECTION('',(8.703720466287E-2,5.213734452108E-2,9.948397973095E-1));
#174=VECTOR('',#173,4.195963507540E-1);
#175=CARTESIAN_POINT('',(7.460995377607E0,-2.371557110206E0,-1.817431148536E0));
#176=LINE('',#175,#174);
#177=CURVE_STYLE('',#67,POSITIVE_LENGTH_MEASURE(2.E-2),#23);
#178=PRESENTATION_STYLE_ASSIGNMENT((#177));
#179=STYLED_ITEM('',(#178),#176);
#180=CARTESIAN_POINT('',(7.497515871064E0,-2.349680470707E0,-1.4E0));
#181=CARTESIAN_POINT('',(7.497515871064E0,-2.316413041678E0,-1.4E0));
#182=CARTESIAN_POINT('',(7.472314609501E0,-2.275079445182E0,-1.4E0));
#183=CARTESIAN_POINT('',(7.430859196625E0,-2.25E0,-1.4E0));
#184=CARTESIAN_POINT('',(7.397591767596E0,-2.25E0,-1.4E0));
#186=CURVE_STYLE('',#67,POSITIVE_LENGTH_MEASURE(2.E-2),#23);
#187=PRESENTATION_STYLE_ASSIGNMENT((#186));
#188=STYLED_ITEM('',(#187),#185);
#189=CARTESIAN_POINT('',(7.261756438145E0,-2.376341124241E0,-2.000000002359E0));
#190=CARTESIAN_POINT('',(7.270100049096E0,-2.376341125103E0,-2.000000008316E0));
#191=CARTESIAN_POINT('',(7.287418437180E0,-2.376313334517E0,-1.998940542582E0));
#192=CARTESIAN_POINT('',(7.314430179042E0,-2.376174840729E0,-1.993654764706E0));
#193=CARTESIAN_POINT('',(7.342962860512E0,-2.375912832384E0,-1.983658397292E0));
#194=CARTESIAN_POINT('',(7.370996470075E0,-2.375517324986E0,-1.968563822056E0));
#195=CARTESIAN_POINT('',(7.396814756334E0,-2.374997184572E0,-1.948712993777E0));
#196=CARTESIAN_POINT('',(7.419125456325E0,-2.374371787664E0,-1.924843999308E0));
#197=CARTESIAN_POINT('',(7.436928038954E0,-2.373673747260E0,-1.898203611877E0));
#198=CARTESIAN_POINT('',(7.449783822811E0,-2.372942898666E0,-1.870313289590E0));
#199=CARTESIAN_POINT('',(7.457808540500E0,-2.372216435754E0,-1.842588757880E0));
#200=CARTESIAN_POINT('',(7.460284859024E0,-2.371769761869E0,-1.825552186005E0));
#201=CARTESIAN_POINT('',(7.460995377607E0,-2.371557110206E0,-1.817431148536E0));
#203=CURVE_STYLE('',#67,POSITIVE_LENGTH_MEASURE(2.E-2),#23);
#204=PRESENTATION_STYLE_ASSIGNMENT((#203));
#205=STYLED_ITEM('',(#204),#202);
#206=CARTESIAN_POINT('',(7.261756438145E0,-2.276478170766E0,-1.905233595624E0));
#207=CARTESIAN_POINT('',(7.265958858129E0,-2.276478170999E0,-1.905233600072E0));
#208=CARTESIAN_POINT('',(7.274577677181E0,-2.276450385340E0,-1.904703418110E0));
#209=CARTESIAN_POINT('',(7.288103065391E0,-2.276311819924E0,-1.902059432470E0));
#210=CARTESIAN_POINT('',(7.302365391891E0,-2.276049781143E0,-1.897059434676E0));
#211=CARTESIAN_POINT('',(7.316378359153E0,-2.275654329915E0,-1.889513775741E0));
#212=CARTESIAN_POINT('',(7.329282275461E0,-2.275134357253E0,-1.879592106302E0));
#213=CARTESIAN_POINT('',(7.340434604322E0,-2.274509185508E0,-1.867663118784E0));
#214=CARTESIAN_POINT('',(7.349336434619E0,-2.273811188399E0,-1.854344540535E0));
#215=CARTESIAN_POINT('',(7.355766403902E0,-2.273080579441E0,-1.840403691146E0));
#216=CARTESIAN_POINT('',(7.359783078992E0,-2.272352838808E0,-1.826517572660E0));
#217=CARTESIAN_POINT('',(7.361017686674E0,-2.271908726679E0,-1.818043408413E0));
#218=CARTESIAN_POINT('',(7.361375907954E0,-2.271694156730E0,-1.813949169899E0));
#220=CURVE_STYLE('',#67,POSITIVE_LENGTH_MEASURE(2.E-2),#23);
#221=PRESENTATION_STYLE_ASSIGNMENT((#220));
#222=STYLED_ITEM('',(#221),#219);
#223=CARTESIAN_POINT('',(7.261756438083E0,-2.376341124503E0,-1.900000004997E0));
#224=DIRECTION('',(1.E0,9.667381986291E-11,1.844661863672E-9));
#225=DIRECTION('',(1.844657759875E-9,2.618811834054E-9,-1.E0));
#226=AXIS2_PLACEMENT_3D('',#223,#224,#225);
#228=CURVE_STYLE('',#67,POSITIVE_LENGTH_MEASURE(2.E-2),#23);
#229=PRESENTATION_STYLE_ASSIGNMENT((#228));
#230=STYLED_ITEM('',(#229),#227);
#231=DIRECTION('',(0.E0,-1.E0,1.669163285853E-9));
#232=VECTOR('',#231,1.414654253522E0);
#233=CARTESIAN_POINT('',(7.261756438145E0,-2.376341124241E0,-2.000000002359E0));
#234=LINE('',#233,#232);
#235=CURVE_STYLE('',#67,POSITIVE_LENGTH_MEASURE(2.E-2),#23);
#236=PRESENTATION_STYLE_ASSIGNMENT((#235));
#237=STYLED_ITEM('',(#236),#234);
#238=DIRECTION('',(3.978905015425E-8,1.E0,-3.481112515804E-9));
#239=VECTOR('',#238,1.419438267556E0);
#240=CARTESIAN_POINT('',(7.460995321129E0,-3.790995377762E0,-1.817431143595E0));
#241=LINE('',#240,#239);
#242=CURVE_STYLE('',#67,POSITIVE_LENGTH_MEASURE(2.E-2),#23);
#243=PRESENTATION_STYLE_ASSIGNMENT((#242));
#244=STYLED_ITEM('',(#243),#241);
#245=DIRECTION('',(-3.742631521863E-8,1.E0,3.274368031060E-9));
#246=VECTOR('',#245,1.419438267556E0);
#247=CARTESIAN_POINT('',(7.460995374254E0,2.371557110206E0,-1.817431148242E0));
#248=LINE('',#247,#246);
#249=CURVE_STYLE('',#67,POSITIVE_LENGTH_MEASURE(2.E-2),#23);
#250=PRESENTATION_STYLE_ASSIGNMENT((#249));
#251=STYLED_ITEM('',(#250),#248);
#252=DIRECTION('',(0.E0,-1.E0,-2.926355920783E-10));
#253=VECTOR('',#252,1.414654253522E0);
#254=CARTESIAN_POINT('',(7.261756438145E0,3.790995377763E0,-1.999999999997E0));
#255=LINE('',#254,#253);
#256=CURVE_STYLE('',#67,POSITIVE_LENGTH_MEASURE(2.E-2),#23);
#257=PRESENTATION_STYLE_ASSIGNMENT((#256));
#258=STYLED_ITEM('',(#257),#255);
#259=DIRECTION('',(1.E0,0.E0,-8.174528795258E-9));
#260=VECTOR('',#259,1.219079150348E0);
#261=CARTESIAN_POINT('',(6.042677287797E0,-2.376341124241E0,-1.999999992393E0));
#262=LINE('',#261,#260);
#263=CURVE_STYLE('',#67,POSITIVE_LENGTH_MEASURE(2.E-2),#23);
#264=PRESENTATION_STYLE_ASSIGNMENT((#263));
#265=STYLED_ITEM('',(#264),#262);
#266=DIRECTION('',(1.E0,-1.123117504909E-8,5.886007544105E-10));
#267=VECTOR('',#266,1.219079150348E0);
#268=CARTESIAN_POINT('',(6.042677287797E0,-2.276478157074E0,-1.905233596342E0));
#269=LINE('',#268,#267);
#270=CURVE_STYLE('',#67,POSITIVE_LENGTH_MEASURE(2.E-2),#23);
#271=PRESENTATION_STYLE_ASSIGNMENT((#270));
#272=STYLED_ITEM('',(#271),#269);
#273=CARTESIAN_POINT('',(6.042677287797E0,-2.376341124241E0,-1.9E0));
#274=DIRECTION('',(1.E0,0.E0,0.E0));
#275=DIRECTION('',(0.E0,0.E0,-1.E0));
#276=AXIS2_PLACEMENT_3D('',#273,#274,#275);
#278=CURVE_STYLE('',#67,POSITIVE_LENGTH_MEASURE(2.E-2),#23);
#279=PRESENTATION_STYLE_ASSIGNMENT((#278));
#280=STYLED_ITEM('',(#279),#277);
#281=CARTESIAN_POINT('',(5.443499566944E0,-1.777163403389E0,-1.999999991860E0));
#282=CARTESIAN_POINT('',(5.443499490057E0,-1.794609197518E0,-2.000000004992E0));
#283=CARTESIAN_POINT('',(5.444987848211E0,-1.831947203070E0,-1.999999997683E0));
#284=CARTESIAN_POINT('',(5.454078457801E0,-1.896209415975E0,-2.000000000621E0));
#285=CARTESIAN_POINT('',(5.472342648262E0,-1.966050766784E0,-1.999999999834E0));
#286=CARTESIAN_POINT('',(5.501221163042E0,-2.038062552473E0,-2.000000000045E0));
#287=CARTESIAN_POINT('',(5.541338125363E0,-2.108986685E0,-1.999999999987E0));
#288=CARTESIAN_POINT('',(5.592227046972E0,-2.175465081393E0,-2.000000000007E0));
#289=CARTESIAN_POINT('',(5.652454998530E0,-2.234626000923E0,-1.999999999984E0));
#290=CARTESIAN_POINT('',(5.719725845095E0,-2.284247344302E0,-2.000000000056E0));
#291=CARTESIAN_POINT('',(5.790916926719E0,-2.322881128968E0,-1.999999999792E0));
#292=CARTESIAN_POINT('',(5.862267204127E0,-2.350179191287E0,-2.000000000777E0));
#293=CARTESIAN_POINT('',(5.930759871728E0,-2.367047425483E0,-1.999999997101E0));
#294=CARTESIAN_POINT('',(5.991251744558E0,-2.375022679372E0,-2.000000010820E0));
#295=CARTESIAN_POINT('',(6.026404239549E0,-2.376341032051E0,-1.999999976687E0));
#296=CARTESIAN_POINT('',(6.042677287797E0,-2.376341124241E0,-1.999999992393E0));
#298=CURVE_STYLE('',#67,POSITIVE_LENGTH_MEASURE(2.E-2),#23);
#299=PRESENTATION_STYLE_ASSIGNMENT((#298));
#300=STYLED_ITEM('',(#299),#297);
#301=CARTESIAN_POINT('',(5.543362535455E0,-1.777163403389E0,-1.905233596412E0));
#302=CARTESIAN_POINT('',(5.543354598520E0,-1.791639618159E0,-1.905384427219E0));
#303=CARTESIAN_POINT('',(5.544578064702E0,-1.822869622281E0,-1.905696865598E0));
#304=CARTESIAN_POINT('',(5.552127937224E0,-1.876406955464E0,-1.906175717247E0));
#305=CARTESIAN_POINT('',(5.567326594025E0,-1.934650733503E0,-1.906623924086E0));
#306=CARTESIAN_POINT('',(5.591378290433E0,-1.994688284674E0,-1.906998627098E0));
#307=CARTESIAN_POINT('',(5.624804323788E0,-2.053815817260E0,-1.907266255922E0));
#308=CARTESIAN_POINT('',(5.667213401023E0,-2.109224092853E0,-1.907401630897E0));
#309=CARTESIAN_POINT('',(5.717407275998E0,-2.158519431235E0,-1.907392296927E0));
#310=CARTESIAN_POINT('',(5.773468428260E0,-2.199852021380E0,-1.907238946446E0));
#311=CARTESIAN_POINT('',(5.832794688579E0,-2.232020903102E0,-1.906956158398E0));
#312=CARTESIAN_POINT('',(5.892255433738E0,-2.254743952053E0,-1.906573599580E0));
#313=CARTESIAN_POINT('',(5.949364700445E0,-2.268778778103E0,-1.906125058436E0));
#314=CARTESIAN_POINT('',(5.999768658811E0,-2.275402145491E0,-1.905669177626E0));
#315=CARTESIAN_POINT('',(6.029165631194E0,-2.276485496044E0,-1.905374369316E0));
#316=CARTESIAN_POINT('',(6.042677287797E0,-2.276478157074E0,-1.905233596342E0));
#318=CURVE_STYLE('',#67,POSITIVE_LENGTH_MEASURE(2.E-2),#23);
#319=PRESENTATION_STYLE_ASSIGNMENT((#318));
#320=STYLED_ITEM('',(#319),#317);
#321=CARTESIAN_POINT('',(5.443499639314E0,-1.777163403388E0,-1.9E0));
#322=DIRECTION('',(8.363931091588E-9,-1.E0,0.E0));
#323=DIRECTION('',(-7.236983262837E-7,0.E0,-9.999999999997E-1));
#324=AXIS2_PLACEMENT_3D('',#321,#322,#323);
#326=CURVE_STYLE('',#67,POSITIVE_LENGTH_MEASURE(2.E-2),#23);
#327=PRESENTATION_STYLE_ASSIGNMENT((#326));
#328=STYLED_ITEM('',(#327),#325);
#329=DIRECTION('',(-5.226442768856E-2,-5.226440066311E-2,-9.972646900506E-1));
#330=VECTOR('',#329,5.066193573105E-1);
#331=CARTESIAN_POINT('',(6.069155458563E0,-2.25E0,-1.4E0));
#332=LINE('',#331,#330);
#333=CURVE_STYLE('',#67,POSITIVE_LENGTH_MEASURE(2.E-2),#23);
#334=PRESENTATION_STYLE_ASSIGNMENT((#333));
#335=STYLED_ITEM('',(#334),#332);
#336=CARTESIAN_POINT('',(6.069155458563E0,-2.25E0,-1.4E0));
#337=CARTESIAN_POINT('',(5.985936330667E0,-2.25E0,-1.4E0));
#338=CARTESIAN_POINT('',(5.855554514629E0,-2.213943560245E0,-1.4E0));
#339=CARTESIAN_POINT('',(5.708642702308E0,-2.111197988878E0,-1.4E0));
#340=CARTESIAN_POINT('',(5.605897130941E0,-1.964286176556E0,-1.4E0));
#341=CARTESIAN_POINT('',(5.569840691185E0,-1.833904360519E0,-1.4E0));
#342=CARTESIAN_POINT('',(5.569840691185E0,-1.750685232623E0,-1.4E0));
#344=CURVE_STYLE('',#67,POSITIVE_LENGTH_MEASURE(2.E-2),#23);
#345=PRESENTATION_STYLE_ASSIGNMENT((#344));
#346=STYLED_ITEM('',(#345),#343);
#347=DIRECTION('',(-5.226439801012E-2,-5.226442768898E-2,-9.972646901896E-1));
#348=VECTOR('',#347,5.066193573105E-1);
#349=CARTESIAN_POINT('',(5.569840691185E0,-1.750685232623E0,-1.4E0));
#350=LINE('',#349,#348);
#351=CURVE_STYLE('',#67,POSITIVE_LENGTH_MEASURE(2.E-2),#23);
#352=PRESENTATION_STYLE_ASSIGNMENT((#351));
#353=STYLED_ITEM('',(#352),#350);
#354=DIRECTION('',(-1.E0,4.371694787784E-13,-8.141173849311E-11));
#355=VECTOR('',#354,3.006852319218E-1);
#356=CARTESIAN_POINT('',(6.369840690485E0,2.25E0,-1.399999999976E0));
#357=LINE('',#356,#355);
#358=CURVE_STYLE('',#67,POSITIVE_LENGTH_MEASURE(2.E-2),#23);
#359=PRESENTATION_STYLE_ASSIGNMENT((#358));
#360=STYLED_ITEM('',(#359),#357);
#361=DIRECTION('',(0.E0,-1.E0,0.E0));
#362=VECTOR('',#361,3.501370465245E0);
#363=CARTESIAN_POINT('',(5.569840691185E0,1.750685232623E0,-1.4E0));
#364=LINE('',#363,#362);
#365=CURVE_STYLE('',#67,POSITIVE_LENGTH_MEASURE(2.E-2),#23);
#366=PRESENTATION_STYLE_ASSIGNMENT((#365));
#367=STYLED_ITEM('',(#366),#364);
#368=DIRECTION('',(-1.E0,0.E0,8.139918521020E-11));
#369=VECTOR('',#368,3.006852298149E-1);
#370=CARTESIAN_POINT('',(6.369840688378E0,-2.25E0,-1.400000000024E0));
#371=LINE('',#370,#369);
#372=CURVE_STYLE('',#67,POSITIVE_LENGTH_MEASURE(2.E-2),#23);
#373=PRESENTATION_STYLE_ASSIGNMENT((#372));
#374=STYLED_ITEM('',(#373),#371);
#375=DIRECTION('',(-1.E0,0.E0,0.E0));
#376=VECTOR('',#375,1.233992505156E1);
#377=CARTESIAN_POINT('',(6.169962525782E0,-2.449840691185E0,-1.4E0));
#378=LINE('',#377,#376);
#379=CURVE_STYLE('',#67,POSITIVE_LENGTH_MEASURE(2.E-2),#23);
#380=PRESENTATION_STYLE_ASSIGNMENT((#379));
#381=STYLED_ITEM('',(#380),#378);
#382=DIRECTION('',(1.E0,-4.371694787784E-13,-8.141247695507E-11));
#383=VECTOR('',#382,3.006852319218E-1);
#384=CARTESIAN_POINT('',(-6.369840690485E0,-2.25E0,-1.399999999976E0));
#385=LINE('',#384,#383);
#386=CURVE_STYLE('',#67,POSITIVE_LENGTH_MEASURE(2.E-2),#23);
#387=PRESENTATION_STYLE_ASSIGNMENT((#386));
#388=STYLED_ITEM('',(#387),#385);
#389=DIRECTION('',(0.E0,1.E0,0.E0));
#390=VECTOR('',#389,3.501370465245E0);
#391=CARTESIAN_POINT('',(-5.569840691185E0,-1.750685232623E0,-1.4E0));
#392=LINE('',#391,#390);
#393=CURVE_STYLE('',#67,POSITIVE_LENGTH_MEASURE(2.E-2),#23);
#394=PRESENTATION_STYLE_ASSIGNMENT((#393));
#395=STYLED_ITEM('',(#394),#392);
#396=DIRECTION('',(1.E0,0.E0,8.139918521020E-11));
#397=VECTOR('',#396,3.006852298149E-1);
#398=CARTESIAN_POINT('',(-6.369840688378E0,2.25E0,-1.400000000024E0));
#399=LINE('',#398,#397);
#400=CURVE_STYLE('',#67,POSITIVE_LENGTH_MEASURE(2.E-2),#23);
#401=PRESENTATION_STYLE_ASSIGNMENT((#400));
#402=STYLED_ITEM('',(#401),#399);
#403=DIRECTION('',(-1.E0,0.E0,0.E0));
#404=VECTOR('',#403,1.809658105166E0);
#405=CARTESIAN_POINT('',(-4.360304420616E0,2.449840691185E0,-1.4E0));
#406=LINE('',#405,#404);
#407=CURVE_STYLE('',#67,POSITIVE_LENGTH_MEASURE(2.E-2),#23);
#408=PRESENTATION_STYLE_ASSIGNMENT((#407));
#409=STYLED_ITEM('',(#408),#406);
#410=DIRECTION('',(-4.226182617407E-1,-9.063077870366E-1,0.E0));
#411=VECTOR('',#410,8.000621201701E-1);
#412=CARTESIAN_POINT('',(-4.022183558105E0,3.174943220809E0,-1.4E0));
#413=LINE('',#412,#411);
#414=CURVE_STYLE('',#67,POSITIVE_LENGTH_MEASURE(2.E-2),#23);
#415=PRESENTATION_STYLE_ASSIGNMENT((#414));
#416=STYLED_ITEM('',(#415),#413);
#417=DIRECTION('',(-1.E0,0.E0,0.E0));
#418=VECTOR('',#417,5.504367116210E0);
#419=CARTESIAN_POINT('',(1.482183558105E0,3.174943220809E0,-1.4E0));
#420=LINE('',#419,#418);
#421=CURVE_STYLE('',#67,POSITIVE_LENGTH_MEASURE(2.E-2),#23);
#422=PRESENTATION_STYLE_ASSIGNMENT((#421));
#423=STYLED_ITEM('',(#422),#420);
#424=DIRECTION('',(-4.226182617407E-1,9.063077870367E-1,0.E0));
#425=VECTOR('',#424,8.000621201701E-1);
#426=CARTESIAN_POINT('',(1.820304420616E0,2.449840691185E0,-1.4E0));
#427=LINE('',#426,#425);
#428=CURVE_STYLE('',#67,POSITIVE_LENGTH_MEASURE(2.E-2),#23);
#429=PRESENTATION_STYLE_ASSIGNMENT((#428));
#430=STYLED_ITEM('',(#429),#427);
#431=DIRECTION('',(-1.E0,0.E0,0.E0));
#432=VECTOR('',#431,4.349658105166E0);
#433=CARTESIAN_POINT('',(6.169962525782E0,2.449840691185E0,-1.4E0));
#434=LINE('',#433,#432);
#435=CURVE_STYLE('',#67,POSITIVE_LENGTH_MEASURE(2.E-2),#23);
#436=PRESENTATION_STYLE_ASSIGNMENT((#435));
#437=STYLED_ITEM('',(#436),#434);
#438=DIRECTION('',(-1.E0,0.E0,7.014561674013E-9));
#439=VECTOR('',#438,1.219079150348E0);
#440=CARTESIAN_POINT('',(7.261756438145E0,2.376341124241E0,-2.000000000411E0));
#441=LINE('',#440,#439);
#442=CURVE_STYLE('',#67,POSITIVE_LENGTH_MEASURE(2.E-2),#23);
#443=PRESENTATION_STYLE_ASSIGNMENT((#442));
#444=STYLED_ITEM('',(#443),#441);
#445=DIRECTION('',(-1.E0,-1.233369536531E-8,-6.463821529182E-10));
#446=VECTOR('',#445,1.219079150348E0);
#447=CARTESIAN_POINT('',(7.261756438145E0,2.276478170766E0,-1.905233595624E0));
#448=LINE('',#447,#446);
#449=CURVE_STYLE('',#67,POSITIVE_LENGTH_MEASURE(2.E-2),#23);
#450=PRESENTATION_STYLE_ASSIGNMENT((#449));
#451=STYLED_ITEM('',(#450),#448);
#452=CARTESIAN_POINT('',(7.261756438145E0,2.376341124241E0,-1.9E0));
#453=DIRECTION('',(-1.E0,0.E0,0.E0));
#454=DIRECTION('',(0.E0,0.E0,-1.E0));
#455=AXIS2_PLACEMENT_3D('',#452,#453,#454);
#457=CURVE_STYLE('',#67,POSITIVE_LENGTH_MEASURE(2.E-2),#23);
#458=PRESENTATION_STYLE_ASSIGNMENT((#457));
#459=STYLED_ITEM('',(#458),#456);
#460=CARTESIAN_POINT('',(6.042677287797E0,2.376341124241E0,-1.999999991860E0));
#461=CARTESIAN_POINT('',(6.025231493668E0,2.376341201128E0,-2.000000004992E0));
#462=CARTESIAN_POINT('',(5.987893488116E0,2.374852842975E0,-1.999999997683E0));
#463=CARTESIAN_POINT('',(5.923631275210E0,2.365762233385E0,-2.000000000621E0));
#464=CARTESIAN_POINT('',(5.853789924401E0,2.347498042923E0,-1.999999999834E0));
#465=CARTESIAN_POINT('',(5.781778138712E0,2.318619528144E0,-2.000000000045E0));
#466=CARTESIAN_POINT('',(5.710854006185E0,2.278502565822E0,-1.999999999987E0));
#467=CARTESIAN_POINT('',(5.644375609793E0,2.227613644214E0,-2.000000000007E0));
#468=CARTESIAN_POINT('',(5.585214690263E0,2.167385692656E0,-1.999999999984E0));
#469=CARTESIAN_POINT('',(5.535593346883E0,2.100114846091E0,-2.000000000056E0));
#470=CARTESIAN_POINT('',(5.496959562218E0,2.028923764467E0,-1.999999999792E0));
#471=CARTESIAN_POINT('',(5.469661499898E0,1.957573487059E0,-2.000000000777E0));
#472=CARTESIAN_POINT('',(5.452793265702E0,1.889080819457E0,-1.999999997101E0));
#473=CARTESIAN_POINT('',(5.444818011813E0,1.828588946628E0,-2.000000010820E0));
#474=CARTESIAN_POINT('',(5.443499659135E0,1.793436451637E0,-1.999999976687E0));
#475=CARTESIAN_POINT('',(5.443499566944E0,1.777163403389E0,-1.999999992393E0));
#477=CURVE_STYLE('',#67,POSITIVE_LENGTH_MEASURE(2.E-2),#23);
#478=PRESENTATION_STYLE_ASSIGNMENT((#477));
#479=STYLED_ITEM('',(#478),#476);
#480=CARTESIAN_POINT('',(6.042677287797E0,2.276478155730E0,-1.905233596412E0));
#481=CARTESIAN_POINT('',(6.028201073026E0,2.276486092665E0,-1.905384427219E0));
#482=CARTESIAN_POINT('',(5.996971068904E0,2.275262626483E0,-1.905696865598E0));
#483=CARTESIAN_POINT('',(5.943433735722E0,2.267712753961E0,-1.906175717247E0));
#484=CARTESIAN_POINT('',(5.885189957683E0,2.252514097160E0,-1.906623924086E0));
#485=CARTESIAN_POINT('',(5.825152406512E0,2.228462400753E0,-1.906998627098E0));
#486=CARTESIAN_POINT('',(5.766024873925E0,2.195036367398E0,-1.907266255922E0));
#487=CARTESIAN_POINT('',(5.710616598333E0,2.152627290162E0,-1.907401630897E0));
#488=CARTESIAN_POINT('',(5.661321259950E0,2.102433415188E0,-1.907392296927E0));
#489=CARTESIAN_POINT('',(5.619988669806E0,2.046372262925E0,-1.907238946446E0));
#490=CARTESIAN_POINT('',(5.587819788083E0,1.987046002606E0,-1.906956158398E0));
#491=CARTESIAN_POINT('',(5.565096739133E0,1.927585257447E0,-1.906573599580E0));
#492=CARTESIAN_POINT('',(5.551061913083E0,1.870475990740E0,-1.906125058436E0));
#493=CARTESIAN_POINT('',(5.544438545695E0,1.820072032374E0,-1.905669177626E0));
#494=CARTESIAN_POINT('',(5.543355195141E0,1.790675059992E0,-1.905374369316E0));
#495=CARTESIAN_POINT('',(5.543362534111E0,1.777163403388E0,-1.905233596342E0));
#497=CURVE_STYLE('',#67,POSITIVE_LENGTH_MEASURE(2.E-2),#23);
#498=PRESENTATION_STYLE_ASSIGNMENT((#497));
#499=STYLED_ITEM('',(#498),#496);
#500=CARTESIAN_POINT('',(6.042677287798E0,2.376341051871E0,-1.9E0));
#501=DIRECTION('',(-1.E0,-8.363927642957E-9,0.E0));
#502=DIRECTION('',(0.E0,7.236983129610E-7,-9.999999999997E-1));
#503=AXIS2_PLACEMENT_3D('',#500,#501,#502);
#505=CURVE_STYLE('',#67,POSITIVE_LENGTH_MEASURE(2.E-2),#23);
#506=PRESENTATION_STYLE_ASSIGNMENT((#505));
#507=STYLED_ITEM('',(#506),#504);
#508=DIRECTION('',(0.E0,-1.E0,1.500200076415E-10));
#509=VECTOR('',#508,3.554326806777E0);
#510=CARTESIAN_POINT('',(5.443499566944E0,1.777163403389E0,-1.999999992393E0));
#511=LINE('',#510,#509);
#512=CURVE_STYLE('',#67,POSITIVE_LENGTH_MEASURE(2.E-2),#23);
#513=PRESENTATION_STYLE_ASSIGNMENT((#512));
#514=STYLED_ITEM('',(#513),#511);
#515=DIRECTION('',(3.781475501537E-10,-1.E0,-1.981806400578E-11));
#516=VECTOR('',#515,3.554326806777E0);
#517=CARTESIAN_POINT('',(5.543362534111E0,1.777163403388E0,-1.905233596342E0));
#518=LINE('',#517,#516);
#519=CURVE_STYLE('',#67,POSITIVE_LENGTH_MEASURE(2.E-2),#23);
#520=PRESENTATION_STYLE_ASSIGNMENT((#519));
#521=STYLED_ITEM('',(#520),#518);
#522=CARTESIAN_POINT('',(5.443499566944E0,1.777163403389E0,-1.9E0));
#523=DIRECTION('',(0.E0,-1.E0,0.E0));
#524=DIRECTION('',(0.E0,0.E0,-1.E0));
#525=AXIS2_PLACEMENT_3D('',#522,#523,#524);
#527=CURVE_STYLE('',#67,POSITIVE_LENGTH_MEASURE(2.E-2),#23);
#528=PRESENTATION_STYLE_ASSIGNMENT((#527));
#529=STYLED_ITEM('',(#528),#526);
#530=DIRECTION('',(-5.226440066312E-2,5.226442768856E-2,-9.972646900506E-1));
#531=VECTOR('',#530,5.066193573105E-1);
#532=CARTESIAN_POINT('',(5.569840691185E0,1.750685232623E0,-1.4E0));
#533=LINE('',#532,#531);
#534=CURVE_STYLE('',#67,POSITIVE_LENGTH_MEASURE(2.E-2),#23);
#535=PRESENTATION_STYLE_ASSIGNMENT((#534));
#536=STYLED_ITEM('',(#535),#533);
#537=CARTESIAN_POINT('',(5.569840691185E0,1.750685232623E0,-1.4E0));
#538=CARTESIAN_POINT('',(5.569840691185E0,1.833904360519E0,-1.4E0));
#539=CARTESIAN_POINT('',(5.605897130941E0,1.964286176556E0,-1.4E0));
#540=CARTESIAN_POINT('',(5.708642702308E0,2.111197988878E0,-1.4E0));
#541=CARTESIAN_POINT('',(5.855554514629E0,2.213943560245E0,-1.4E0));
#542=CARTESIAN_POINT('',(5.985936330667E0,2.25E0,-1.4E0));
#543=CARTESIAN_POINT('',(6.069155458563E0,2.25E0,-1.4E0));
#545=CURVE_STYLE('',#67,POSITIVE_LENGTH_MEASURE(2.E-2),#23);
#546=PRESENTATION_STYLE_ASSIGNMENT((#545));
#547=STYLED_ITEM('',(#546),#544);
#548=DIRECTION('',(-5.226442768898E-2,5.226439801012E-2,-9.972646901896E-1));
#549=VECTOR('',#548,5.066193573105E-1);
#550=CARTESIAN_POINT('',(6.069155458563E0,2.25E0,-1.4E0));
#551=LINE('',#550,#549);
#552=CURVE_STYLE('',#67,POSITIVE_LENGTH_MEASURE(2.E-2),#23);
#553=PRESENTATION_STYLE_ASSIGNMENT((#552));
#554=STYLED_ITEM('',(#553),#551);
#555=CARTESIAN_POINT('',(7.460995374254E0,2.371557110206E0,-1.817431148242E0));
#556=CARTESIAN_POINT('',(7.460293809771E0,2.371767123237E0,-1.825449453891E0));
#557=CARTESIAN_POINT('',(7.457859362091E0,2.372208864259E0,-1.842302329946E0));
#558=CARTESIAN_POINT('',(7.449949500464E0,2.372930518619E0,-1.869840986064E0));
#559=CARTESIAN_POINT('',(7.437251421217E0,2.373658170778E0,-1.897608995323E0));
#560=CARTESIAN_POINT('',(7.419605751261E0,2.374355740030E0,-1.924230725077E0));
#561=CARTESIAN_POINT('',(7.397416302309E0,2.374982795080E0,-1.948162886463E0));
#562=CARTESIAN_POINT('',(7.371666416918E0,2.375506079562E0,-1.968134038725E0));
#563=CARTESIAN_POINT('',(7.343571720866E0,2.375905868194E0,-1.983392485997E0));
#564=CARTESIAN_POINT('',(7.315015194476E0,2.376170864558E0,-1.993503096585E0));
#565=CARTESIAN_POINT('',(7.287718802754E0,2.376312696113E0,-1.998916548836E0));
#566=CARTESIAN_POINT('',(7.270207913923E0,2.376341128839E0,-2.000000034520E0));
#567=CARTESIAN_POINT('',(7.261756438145E0,2.376341124241E0,-2.000000000411E0));
#569=CURVE_STYLE('',#67,POSITIVE_LENGTH_MEASURE(2.E-2),#23);
#570=PRESENTATION_STYLE_ASSIGNMENT((#569));
#571=STYLED_ITEM('',(#570),#568);
#572=CARTESIAN_POINT('',(7.361375907954E0,2.271694156730E0,-1.813949169899E0));
#573=CARTESIAN_POINT('',(7.361022254148E0,2.271905970420E0,-1.817990815863E0));
#574=CARTESIAN_POINT('',(7.359808706305E0,2.272345296524E0,-1.826373657296E0));
#575=CARTESIAN_POINT('',(7.355849359221E0,2.273068204032E0,-1.840167554282E0));
#576=CARTESIAN_POINT('',(7.349497347484E0,2.273795701195E0,-1.854049027074E0));
#577=CARTESIAN_POINT('',(7.340672540212E0,2.274493276107E0,-1.867359549334E0));
#578=CARTESIAN_POINT('',(7.329579474413E0,2.275120118187E0,-1.879320408734E0));
#579=CARTESIAN_POINT('',(7.316709245161E0,2.275643204576E0,-1.889301491618E0));
#580=CARTESIAN_POINT('',(7.302666494800E0,2.276042881778E0,-1.896927786946E0));
#581=CARTESIAN_POINT('',(7.288393708807E0,2.276307868797E0,-1.901984040485E0));
#582=CARTESIAN_POINT('',(7.274726655694E0,2.276449756910E0,-1.904691426949E0));
#583=CARTESIAN_POINT('',(7.266013369729E0,2.276478172438E0,-1.905233627531E0));
#584=CARTESIAN_POINT('',(7.261756438145E0,2.276478170766E0,-1.905233595624E0));
#586=CURVE_STYLE('',#67,POSITIVE_LENGTH_MEASURE(2.E-2),#23);
#587=PRESENTATION_STYLE_ASSIGNMENT((#586));
#588=STYLED_ITEM('',(#587),#585);
#589=CARTESIAN_POINT('',(7.361375900675E0,2.371557110172E0,-1.808715573626E0));
#590=DIRECTION('',(-8.703720469053E-2,5.213734451926E-2,-9.948397973072E-1));
#591=DIRECTION('',(9.961946980584E-1,3.537437009982E-10,-8.715574312848E-2));
#592=AXIS2_PLACEMENT_3D('',#589,#590,#591);
#594=CURVE_STYLE('',#67,POSITIVE_LENGTH_MEASURE(2.E-2),#23);
#595=PRESENTATION_STYLE_ASSIGNMENT((#594));
#596=STYLED_ITEM('',(#595),#593);
#597=DIRECTION('',(-8.703721265570E-2,5.213734452108E-2,-9.948397966102E-1));
#598=VECTOR('',#597,4.195963507540E-1);
#599=CARTESIAN_POINT('',(7.497515871064E0,2.349680470707E0,-1.4E0));
#600=LINE('',#599,#598);
#601=CURVE_STYLE('',#67,POSITIVE_LENGTH_MEASURE(2.E-2),#23);
#602=PRESENTATION_STYLE_ASSIGNMENT((#601));
#603=STYLED_ITEM('',(#602),#600);
#604=DIRECTION('',(-8.703720429185E-2,5.213734452108E-2,-9.948397973419E-1));
#605=VECTOR('',#604,4.160963111901E-1);
#606=CARTESIAN_POINT('',(7.397591767596E0,2.25E0,-1.4E0));
#607=LINE('',#606,#605);
#608=CURVE_STYLE('',#67,POSITIVE_LENGTH_MEASURE(2.E-2),#23);
#609=PRESENTATION_STYLE_ASSIGNMENT((#608));
#610=STYLED_ITEM('',(#609),#607);
#611=CARTESIAN_POINT('',(7.397591767596E0,2.25E0,-1.4E0));
#612=CARTESIAN_POINT('',(7.430859196625E0,2.25E0,-1.4E0));
#613=CARTESIAN_POINT('',(7.472314609501E0,2.275079445182E0,-1.4E0));
#614=CARTESIAN_POINT('',(7.497515871064E0,2.316413041678E0,-1.4E0));
#615=CARTESIAN_POINT('',(7.497515871064E0,2.349680470707E0,-1.4E0));
#617=CURVE_STYLE('',#67,POSITIVE_LENGTH_MEASURE(2.E-2),#23);
#618=PRESENTATION_STYLE_ASSIGNMENT((#617));
#619=STYLED_ITEM('',(#618),#616);
#620=DIRECTION('',(8.682662478988E-2,-8.682659386492E-2,9.924325064333E-1));
#621=VECTOR('',#620,1.831289414457E0);
#622=CARTESIAN_POINT('',(7.460995321129E0,-3.790995377762E0,-1.817431143595E0));
#623=LINE('',#622,#621);
#624=CURVE_STYLE('',#67,POSITIVE_LENGTH_MEASURE(2.E-2),#23);
#625=PRESENTATION_STYLE_ASSIGNMENT((#624));
#626=STYLED_ITEM('',(#625),#623);
#627=DIRECTION('',(0.E0,1.E0,0.E0));
#628=VECTOR('',#627,7.9E0);
#629=CARTESIAN_POINT('',(7.62E0,-3.95E0,0.E0));
#630=LINE('',#629,#628);
#631=CURVE_STYLE('',#67,POSITIVE_LENGTH_MEASURE(2.E-2),#23);
#632=PRESENTATION_STYLE_ASSIGNMENT((#631));
#633=STYLED_ITEM('',(#632),#630);
#634=DIRECTION('',(8.682662478988E-2,8.682659386492E-2,9.924325064333E-1));
#635=VECTOR('',#634,1.831289414457E0);
#636=CARTESIAN_POINT('',(7.460995321129E0,3.790995377762E0,-1.817431143595E0));
#637=LINE('',#636,#635);
#638=CURVE_STYLE('',#67,POSITIVE_LENGTH_MEASURE(2.E-2),#23);
#639=PRESENTATION_STYLE_ASSIGNMENT((#638));
#640=STYLED_ITEM('',(#639),#637);
#641=DIRECTION('',(8.682659386434E-2,-8.682659789787E-2,9.924325087861E-1));
#642=VECTOR('',#641,1.831289414457E0);
#643=CARTESIAN_POINT('',(7.160995377763E0,-4.090995370376E0,-1.817431147903E0));
#644=LINE('',#643,#642);
#645=CURVE_STYLE('',#67,POSITIVE_LENGTH_MEASURE(2.E-2),#23);
#646=PRESENTATION_STYLE_ASSIGNMENT((#645));
#647=STYLED_ITEM('',(#646),#644);
#648=CARTESIAN_POINT('',(7.62E0,-3.95E0,0.E0));
#649=CARTESIAN_POINT('',(7.62E0,-4.002359877560E0,0.E0));
#650=CARTESIAN_POINT('',(7.592584432219E0,-4.107079632679E0,0.E0));
#651=CARTESIAN_POINT('',(7.477079632679E0,-4.222584432219E0,0.E0));
#652=CARTESIAN_POINT('',(7.372359877560E0,-4.25E0,0.E0));
#653=CARTESIAN_POINT('',(7.32E0,-4.25E0,0.E0));
#655=CURVE_STYLE('',#67,POSITIVE_LENGTH_MEASURE(2.E-2),#23);
#656=PRESENTATION_STYLE_ASSIGNMENT((#655));
#657=STYLED_ITEM('',(#656),#654);
#658=CARTESIAN_POINT('',(7.460995321129E0,-3.790995377762E0,-1.817431143595E0));
#659=CARTESIAN_POINT('',(7.460906358930E0,-3.808505374769E0,-1.818445798921E0));
#660=CARTESIAN_POINT('',(7.457681823373E0,-3.841488771851E0,-1.820145770291E0));
#661=CARTESIAN_POINT('',(7.446826074540E0,-3.884113113870E0,-1.821952020462E0));
#662=CARTESIAN_POINT('',(7.431998509021E0,-3.920761292636E0,-1.823212373306E0));
#663=CARTESIAN_POINT('',(7.414342569190E0,-3.952207141862E0,-1.824041508081E0));
#664=CARTESIAN_POINT('',(7.394815578731E0,-3.979159238940E0,-1.824465089710E0));
#665=CARTESIAN_POINT('',(7.373583329869E0,-4.002747243385E0,-1.824602851278E0));
#666=CARTESIAN_POINT('',(7.350056065885E0,-4.024089737165E0,-1.824474702632E0));
#667=CARTESIAN_POINT('',(7.323092345537E0,-4.043782385958E0,-1.824060851653E0));
#668=CARTESIAN_POINT('',(7.291560371648E0,-4.061623081592E0,-1.823237674255E0));
#669=CARTESIAN_POINT('',(7.254678393573E0,-4.076656940528E0,-1.821974170144E0));
#670=CARTESIAN_POINT('',(7.211800217229E0,-4.087641686824E0,-1.820160981069E0));
#671=CARTESIAN_POINT('',(7.178609039210E0,-4.090905841982E0,-1.818452046981E0));
#672=CARTESIAN_POINT('',(7.160995377763E0,-4.090995370376E0,-1.817431147903E0));
#674=CURVE_STYLE('',#67,POSITIVE_LENGTH_MEASURE(2.E-2),#23);
#675=PRESENTATION_STYLE_ASSIGNMENT((#674));
#676=STYLED_ITEM('',(#675),#673);
#677=CARTESIAN_POINT('',(7.261754693235E0,-3.790996304756E0,-1.8E0));
#678=DIRECTION('',(-1.860593688531E-5,9.999999998269E-1,0.E0));
#679=DIRECTION('',(9.961947641906E-1,1.853513691197E-5,-8.715498526058E-2));
#680=AXIS2_PLACEMENT_3D('',#677,#678,#679);
#682=CURVE_STYLE('',#67,POSITIVE_LENGTH_MEASURE(2.E-2),#23);
#683=PRESENTATION_STYLE_ASSIGNMENT((#682));
#684=STYLED_ITEM('',(#683),#681);
#685=CARTESIAN_POINT('',(7.261756438145E0,-3.790995377763E0,-1.999999999997E0));
#686=CARTESIAN_POINT('',(7.261757514116E0,-3.796902490343E0,-1.999999999997E0));
#687=CARTESIAN_POINT('',(7.260735481102E0,-3.808033264879E0,-2.000000000001E0));
#688=CARTESIAN_POINT('',(7.257011313061E0,-3.823013462530E0,-2.E0));
#689=CARTESIAN_POINT('',(7.252060635804E0,-3.835304500516E0,-2.E0));
#690=CARTESIAN_POINT('',(7.246471411111E0,-3.845352249014E0,-2.E0));
#691=CARTESIAN_POINT('',(7.240031210400E0,-3.854259888627E0,-2.E0));
#692=CARTESIAN_POINT('',(7.232720217839E0,-3.862433141458E0,-2.E0));
#693=CARTESIAN_POINT('',(7.224557285957E0,-3.869792269107E0,-2.E0));
#694=CARTESIAN_POINT('',(7.215642838826E0,-3.876287039211E0,-2.E0));
#695=CARTESIAN_POINT('',(7.205548956768E0,-3.881950067228E0,-2.E0));
#696=CARTESIAN_POINT('',(7.193206060177E0,-3.886951660874E0,-2.E0));
#697=CARTESIAN_POINT('',(7.178122299107E0,-3.890727259821E0,-2.000000000001E0));
#698=CARTESIAN_POINT('',(7.166932917950E0,-3.891756993544E0,-1.999999999997E0));
#699=CARTESIAN_POINT('',(7.160995377763E0,-3.891756438145E0,-1.999999999997E0));
#701=CURVE_STYLE('',#67,POSITIVE_LENGTH_MEASURE(2.E-2),#23);
#702=PRESENTATION_STYLE_ASSIGNMENT((#701));
#703=STYLED_ITEM('',(#702),#700);
#704=DIRECTION('',(-1.E0,-7.329860549257E-10,-6.412860699871E-11));
#705=VECTOR('',#704,1.432199075553E1);
#706=CARTESIAN_POINT('',(7.160995377763E0,-4.090995370376E0,-1.817431147903E0));
#707=LINE('',#706,#705);
#708=CURVE_STYLE('',#67,POSITIVE_LENGTH_MEASURE(2.E-2),#23);
#709=PRESENTATION_STYLE_ASSIGNMENT((#708));
#710=STYLED_ITEM('',(#709),#707);
#711=CARTESIAN_POINT('',(7.160995377763E0,-3.891756438145E0,-1.8E0));
#712=DIRECTION('',(1.E0,0.E0,0.E0));
#713=DIRECTION('',(0.E0,-9.961946980917E-1,-8.715574274766E-2));
#714=AXIS2_PLACEMENT_3D('',#711,#712,#713);
#716=CURVE_STYLE('',#67,POSITIVE_LENGTH_MEASURE(2.E-2),#23);
#717=PRESENTATION_STYLE_ASSIGNMENT((#716));
#718=STYLED_ITEM('',(#717),#715);
#719=DIRECTION('',(-1.E0,0.E0,0.E0));
#720=VECTOR('',#719,1.432199075553E1);
#721=CARTESIAN_POINT('',(7.160995377763E0,-3.891756438145E0,-1.999999999997E0));
#722=LINE('',#721,#720);
#723=CURVE_STYLE('',#67,POSITIVE_LENGTH_MEASURE(2.E-2),#23);
#724=PRESENTATION_STYLE_ASSIGNMENT((#723));
#725=STYLED_ITEM('',(#724),#722);
#726=DIRECTION('',(-1.E0,0.E0,0.E0));
#727=VECTOR('',#726,1.94E0);
#728=CARTESIAN_POINT('',(7.32E0,-4.25E0,0.E0));
#729=LINE('',#728,#727);
#730=CURVE_STYLE('',#67,POSITIVE_LENGTH_MEASURE(2.E-2),#23);
#731=PRESENTATION_STYLE_ASSIGNMENT((#730));
#732=STYLED_ITEM('',(#731),#729);
#733=DIRECTION('',(-1.E0,0.E0,0.E0));
#734=VECTOR('',#733,1.94E0);
#735=CARTESIAN_POINT('',(-5.38E0,-4.25E0,0.E0));
#736=LINE('',#735,#734);
#737=CURVE_STYLE('',#67,POSITIVE_LENGTH_MEASURE(2.E-2),#23);
#738=PRESENTATION_STYLE_ASSIGNMENT((#737));
#739=STYLED_ITEM('',(#738),#736);
#740=DIRECTION('',(-1.E0,0.E0,0.E0));
#741=VECTOR('',#740,6.E-1);
#742=CARTESIAN_POINT('',(-4.78E0,-4.25E0,0.E0));
#743=LINE('',#742,#741);
#744=CURVE_STYLE('',#67,POSITIVE_LENGTH_MEASURE(2.E-2),#23);
#745=PRESENTATION_STYLE_ASSIGNMENT((#744));
#746=STYLED_ITEM('',(#745),#743);
#747=DIRECTION('',(-1.E0,0.E0,0.E0));
#748=VECTOR('',#747,1.94E0);
#749=CARTESIAN_POINT('',(-2.84E0,-4.25E0,0.E0));
#750=LINE('',#749,#748);
#751=CURVE_STYLE('',#67,POSITIVE_LENGTH_MEASURE(2.E-2),#23);
#752=PRESENTATION_STYLE_ASSIGNMENT((#751));
#753=STYLED_ITEM('',(#752),#750);
#754=DIRECTION('',(-1.E0,0.E0,0.E0));
#755=VECTOR('',#754,6.E-1);
#756=CARTESIAN_POINT('',(-2.24E0,-4.25E0,0.E0));
#757=LINE('',#756,#755);
#758=CURVE_STYLE('',#67,POSITIVE_LENGTH_MEASURE(2.E-2),#23);
#759=PRESENTATION_STYLE_ASSIGNMENT((#758));
#760=STYLED_ITEM('',(#759),#757);
#761=DIRECTION('',(-1.E0,0.E0,0.E0));
#762=VECTOR('',#761,1.94E0);
#763=CARTESIAN_POINT('',(-3.E-1,-4.25E0,0.E0));
#764=LINE('',#763,#762);
#765=CURVE_STYLE('',#67,POSITIVE_LENGTH_MEASURE(2.E-2),#23);
#766=PRESENTATION_STYLE_ASSIGNMENT((#765));
#767=STYLED_ITEM('',(#766),#764);
#768=DIRECTION('',(-1.E0,0.E0,0.E0));
#769=VECTOR('',#768,6.E-1);
#770=CARTESIAN_POINT('',(3.E-1,-4.25E0,0.E0));
#771=LINE('',#770,#769);
#772=CURVE_STYLE('',#67,POSITIVE_LENGTH_MEASURE(2.E-2),#23);
#773=PRESENTATION_STYLE_ASSIGNMENT((#772));
#774=STYLED_ITEM('',(#773),#771);
#775=DIRECTION('',(-1.E0,0.E0,0.E0));
#776=VECTOR('',#775,1.94E0);
#777=CARTESIAN_POINT('',(2.24E0,-4.25E0,0.E0));
#778=LINE('',#777,#776);
#779=CURVE_STYLE('',#67,POSITIVE_LENGTH_MEASURE(2.E-2),#23);
#780=PRESENTATION_STYLE_ASSIGNMENT((#779));
#781=STYLED_ITEM('',(#780),#778);
#782=DIRECTION('',(-1.E0,0.E0,0.E0));
#783=VECTOR('',#782,6.E-1);
#784=CARTESIAN_POINT('',(2.84E0,-4.25E0,0.E0));
#785=LINE('',#784,#783);
#786=CURVE_STYLE('',#67,POSITIVE_LENGTH_MEASURE(2.E-2),#23);
#787=PRESENTATION_STYLE_ASSIGNMENT((#786));
#788=STYLED_ITEM('',(#787),#785);
#789=DIRECTION('',(-1.E0,0.E0,0.E0));
#790=VECTOR('',#789,1.94E0);
#791=CARTESIAN_POINT('',(4.78E0,-4.25E0,0.E0));
#792=LINE('',#791,#790);
#793=CURVE_STYLE('',#67,POSITIVE_LENGTH_MEASURE(2.E-2),#23);
#794=PRESENTATION_STYLE_ASSIGNMENT((#793));
#795=STYLED_ITEM('',(#794),#792);
#796=DIRECTION('',(-1.E0,0.E0,0.E0));
#797=VECTOR('',#796,6.E-1);
#798=CARTESIAN_POINT('',(5.38E0,-4.25E0,0.E0));
#799=LINE('',#798,#797);
#800=CURVE_STYLE('',#67,POSITIVE_LENGTH_MEASURE(2.E-2),#23);
#801=PRESENTATION_STYLE_ASSIGNMENT((#800));
#802=STYLED_ITEM('',(#801),#799);
#803=DIRECTION('',(0.E0,0.E0,1.E0));
#804=VECTOR('',#803,2.5E-1);
#805=CARTESIAN_POINT('',(5.38E0,-4.25E0,0.E0));
#806=LINE('',#805,#804);
#807=CURVE_STYLE('',#67,POSITIVE_LENGTH_MEASURE(2.E-2),#23);
#808=PRESENTATION_STYLE_ASSIGNMENT((#807));
#809=STYLED_ITEM('',(#808),#806);
#810=DIRECTION('',(-1.E0,0.E0,0.E0));
#811=VECTOR('',#810,6.E-1);
#812=CARTESIAN_POINT('',(5.38E0,-4.25E0,2.5E-1));
#813=LINE('',#812,#811);
#814=CURVE_STYLE('',#67,POSITIVE_LENGTH_MEASURE(2.E-2),#23);
#815=PRESENTATION_STYLE_ASSIGNMENT((#814));
#816=STYLED_ITEM('',(#815),#813);
#817=DIRECTION('',(0.E0,0.E0,1.E0));
#818=VECTOR('',#817,2.5E-1);
#819=CARTESIAN_POINT('',(4.78E0,-4.25E0,0.E0));
#820=LINE('',#819,#818);
#821=CURVE_STYLE('',#67,POSITIVE_LENGTH_MEASURE(2.E-2),#23);
#822=PRESENTATION_STYLE_ASSIGNMENT((#821));
#823=STYLED_ITEM('',(#822),#820);
#824=DIRECTION('',(0.E0,0.E0,1.E0));
#825=VECTOR('',#824,2.5E-1);
#826=CARTESIAN_POINT('',(2.84E0,-4.25E0,0.E0));
#827=LINE('',#826,#825);
#828=CURVE_STYLE('',#67,POSITIVE_LENGTH_MEASURE(2.E-2),#23);
#829=PRESENTATION_STYLE_ASSIGNMENT((#828));
#830=STYLED_ITEM('',(#829),#827);
#831=DIRECTION('',(-1.E0,0.E0,0.E0));
#832=VECTOR('',#831,6.E-1);
#833=CARTESIAN_POINT('',(2.84E0,-4.25E0,2.5E-1));
#834=LINE('',#833,#832);
#835=CURVE_STYLE('',#67,POSITIVE_LENGTH_MEASURE(2.E-2),#23);
#836=PRESENTATION_STYLE_ASSIGNMENT((#835));
#837=STYLED_ITEM('',(#836),#834);
#838=DIRECTION('',(0.E0,0.E0,1.E0));
#839=VECTOR('',#838,2.5E-1);
#840=CARTESIAN_POINT('',(2.24E0,-4.25E0,0.E0));
#841=LINE('',#840,#839);
#842=CURVE_STYLE('',#67,POSITIVE_LENGTH_MEASURE(2.E-2),#23);
#843=PRESENTATION_STYLE_ASSIGNMENT((#842));
#844=STYLED_ITEM('',(#843),#841);
#845=DIRECTION('',(0.E0,0.E0,1.E0));
#846=VECTOR('',#845,2.5E-1);
#847=CARTESIAN_POINT('',(3.E-1,-4.25E0,0.E0));
#848=LINE('',#847,#846);
#849=CURVE_STYLE('',#67,POSITIVE_LENGTH_MEASURE(2.E-2),#23);
#850=PRESENTATION_STYLE_ASSIGNMENT((#849));
#851=STYLED_ITEM('',(#850),#848);
#852=DIRECTION('',(-1.E0,0.E0,0.E0));
#853=VECTOR('',#852,6.E-1);
#854=CARTESIAN_POINT('',(3.E-1,-4.25E0,2.5E-1));
#855=LINE('',#854,#853);
#856=CURVE_STYLE('',#67,POSITIVE_LENGTH_MEASURE(2.E-2),#23);
#857=PRESENTATION_STYLE_ASSIGNMENT((#856));
#858=STYLED_ITEM('',(#857),#855);
#859=DIRECTION('',(0.E0,0.E0,1.E0));
#860=VECTOR('',#859,2.5E-1);
#861=CARTESIAN_POINT('',(-3.E-1,-4.25E0,0.E0));
#862=LINE('',#861,#860);
#863=CURVE_STYLE('',#67,POSITIVE_LENGTH_MEASURE(2.E-2),#23);
#864=PRESENTATION_STYLE_ASSIGNMENT((#863));
#865=STYLED_ITEM('',(#864),#862);
#866=DIRECTION('',(0.E0,0.E0,1.E0));
#867=VECTOR('',#866,2.5E-1);
#868=CARTESIAN_POINT('',(-2.24E0,-4.25E0,0.E0));
#869=LINE('',#868,#867);
#870=CURVE_STYLE('',#67,POSITIVE_LENGTH_MEASURE(2.E-2),#23);
#871=PRESENTATION_STYLE_ASSIGNMENT((#870));
#872=STYLED_ITEM('',(#871),#869);
#873=DIRECTION('',(-1.E0,0.E0,0.E0));
#874=VECTOR('',#873,6.E-1);
#875=CARTESIAN_POINT('',(-2.24E0,-4.25E0,2.5E-1));
#876=LINE('',#875,#874);
#877=CURVE_STYLE('',#67,POSITIVE_LENGTH_MEASURE(2.E-2),#23);
#878=PRESENTATION_STYLE_ASSIGNMENT((#877));
#879=STYLED_ITEM('',(#878),#876);
#880=DIRECTION('',(0.E0,0.E0,1.E0));
#881=VECTOR('',#880,2.5E-1);
#882=CARTESIAN_POINT('',(-2.84E0,-4.25E0,0.E0));
#883=LINE('',#882,#881);
#884=CURVE_STYLE('',#67,POSITIVE_LENGTH_MEASURE(2.E-2),#23);
#885=PRESENTATION_STYLE_ASSIGNMENT((#884));
#886=STYLED_ITEM('',(#885),#883);
#887=DIRECTION('',(0.E0,0.E0,1.E0));
#888=VECTOR('',#887,2.5E-1);
#889=CARTESIAN_POINT('',(-4.78E0,-4.25E0,0.E0));
#890=LINE('',#889,#888);
#891=CURVE_STYLE('',#67,POSITIVE_LENGTH_MEASURE(2.E-2),#23);
#892=PRESENTATION_STYLE_ASSIGNMENT((#891));
#893=STYLED_ITEM('',(#892),#890);
#894=DIRECTION('',(-1.E0,0.E0,0.E0));
#895=VECTOR('',#894,6.E-1);
#896=CARTESIAN_POINT('',(-4.78E0,-4.25E0,2.5E-1));
#897=LINE('',#896,#895);
#898=CURVE_STYLE('',#67,POSITIVE_LENGTH_MEASURE(2.E-2),#23);
#899=PRESENTATION_STYLE_ASSIGNMENT((#898));
#900=STYLED_ITEM('',(#899),#897);
#901=DIRECTION('',(0.E0,0.E0,1.E0));
#902=VECTOR('',#901,2.5E-1);
#903=CARTESIAN_POINT('',(-5.38E0,-4.25E0,0.E0));
#904=LINE('',#903,#902);
#905=CURVE_STYLE('',#67,POSITIVE_LENGTH_MEASURE(2.E-2),#23);
#906=PRESENTATION_STYLE_ASSIGNMENT((#905));
#907=STYLED_ITEM('',(#906),#904);
#908=DIRECTION('',(0.E0,0.E0,-1.E0));
#909=VECTOR('',#908,3.E-1);
#910=CARTESIAN_POINT('',(5.38E0,-2.9E0,3.2E0));
#911=LINE('',#910,#909);
#912=CURVE_STYLE('',#67,POSITIVE_LENGTH_MEASURE(2.E-2),#23);
#913=PRESENTATION_STYLE_ASSIGNMENT((#912));
#914=STYLED_ITEM('',(#913),#911);
#915=DIRECTION('',(0.E0,-5.233595624337E-2,-9.986295347546E-1));
#916=VECTOR('',#915,1.636260810131E0);
#917=CARTESIAN_POINT('',(5.38E0,-4.736860793406E0,-2.369160109392E-1));
#918=LINE('',#917,#916);
#919=CURVE_STYLE('',#67,POSITIVE_LENGTH_MEASURE(2.E-2),#23);
#920=PRESENTATION_STYLE_ASSIGNMENT((#919));
#921=STYLED_ITEM('',(#920),#918);
#922=DIRECTION('',(0.E0,-1.E0,0.E0));
#923=VECTOR('',#922,4.780521185304E-1);
#924=CARTESIAN_POINT('',(5.38E0,-5.221947881470E0,-2.25E0));
#925=LINE('',#924,#923);
#926=CURVE_STYLE('',#67,POSITIVE_LENGTH_MEASURE(2.E-2),#23);
#927=PRESENTATION_STYLE_ASSIGNMENT((#926));
#928=STYLED_ITEM('',(#927),#925);
#929=DIRECTION('',(0.E0,0.E0,1.E0));
#930=VECTOR('',#929,2.5E-1);
#931=CARTESIAN_POINT('',(5.38E0,-5.7E0,-2.25E0));
#932=LINE('',#931,#930);
#933=CURVE_STYLE('',#67,POSITIVE_LENGTH_MEASURE(2.E-2),#23);
#934=PRESENTATION_STYLE_ASSIGNMENT((#933));
#935=STYLED_ITEM('',(#934),#932);
#936=DIRECTION('',(0.E0,1.E0,0.E0));
#937=VECTOR('',#936,4.780521185311E-1);
#938=CARTESIAN_POINT('',(5.38E0,-5.7E0,-2.E0));
#939=LINE('',#938,#937);
#940=CURVE_STYLE('',#67,POSITIVE_LENGTH_MEASURE(2.E-2),#23);
#941=PRESENTATION_STYLE_ASSIGNMENT((#940));
#942=STYLED_ITEM('',(#941),#939);
#943=DIRECTION('',(0.E0,1.E0,0.E0));
#944=VECTOR('',#943,2.5E-1);
#945=CARTESIAN_POINT('',(5.38E0,-3.15E0,2.9E0));
#946=LINE('',#945,#944);
#947=CURVE_STYLE('',#67,POSITIVE_LENGTH_MEASURE(2.E-2),#23);
#948=PRESENTATION_STYLE_ASSIGNMENT((#947));
#949=STYLED_ITEM('',(#948),#946);
#950=DIRECTION('',(-1.E0,0.E0,0.E0));
#951=VECTOR('',#950,6.E-1);
#952=CARTESIAN_POINT('',(5.38E0,-2.9E0,2.9E0));
#953=LINE('',#952,#951);
#954=CURVE_STYLE('',#67,POSITIVE_LENGTH_MEASURE(2.E-2),#23);
#955=PRESENTATION_STYLE_ASSIGNMENT((#954));
#956=STYLED_ITEM('',(#955),#953);
#957=DIRECTION('',(0.E0,1.E0,0.E0));
#958=VECTOR('',#957,2.5E-1);
#959=CARTESIAN_POINT('',(4.78E0,-3.15E0,2.9E0));
#960=LINE('',#959,#958);
#961=CURVE_STYLE('',#67,POSITIVE_LENGTH_MEASURE(2.E-2),#23);
#962=PRESENTATION_STYLE_ASSIGNMENT((#961));
#963=STYLED_ITEM('',(#962),#960);
#964=DIRECTION('',(1.E0,0.E0,0.E0));
#965=VECTOR('',#964,6.E-1);
#966=CARTESIAN_POINT('',(4.78E0,-3.15E0,2.9E0));
#967=LINE('',#966,#965);
#968=CURVE_STYLE('',#67,POSITIVE_LENGTH_MEASURE(2.E-2),#23);
#969=PRESENTATION_STYLE_ASSIGNMENT((#968));
#970=STYLED_ITEM('',(#969),#967);
#971=DIRECTION('',(0.E0,1.E0,0.E0));
#972=VECTOR('',#971,2.5E-1);
#973=CARTESIAN_POINT('',(-4.78E0,-3.15E0,2.9E0));
#974=LINE('',#973,#972);
#975=CURVE_STYLE('',#67,POSITIVE_LENGTH_MEASURE(2.E-2),#23);
#976=PRESENTATION_STYLE_ASSIGNMENT((#975));
#977=STYLED_ITEM('',(#976),#974);
#978=DIRECTION('',(-1.E0,0.E0,0.E0));
#979=VECTOR('',#978,6.E-1);
#980=CARTESIAN_POINT('',(-4.78E0,-2.9E0,2.9E0));
#981=LINE('',#980,#979);
#982=CURVE_STYLE('',#67,POSITIVE_LENGTH_MEASURE(2.E-2),#23);
#983=PRESENTATION_STYLE_ASSIGNMENT((#982));
#984=STYLED_ITEM('',(#983),#981);
#985=DIRECTION('',(0.E0,1.E0,0.E0));
#986=VECTOR('',#985,2.5E-1);
#987=CARTESIAN_POINT('',(-5.38E0,-3.15E0,2.9E0));
#988=LINE('',#987,#986);
#989=CURVE_STYLE('',#67,POSITIVE_LENGTH_MEASURE(2.E-2),#23);
#990=PRESENTATION_STYLE_ASSIGNMENT((#989));
#991=STYLED_ITEM('',(#990),#988);
#992=DIRECTION('',(1.E0,0.E0,0.E0));
#993=VECTOR('',#992,6.E-1);
#994=CARTESIAN_POINT('',(-5.38E0,-3.15E0,2.9E0));
#995=LINE('',#994,#993);
#996=CURVE_STYLE('',#67,POSITIVE_LENGTH_MEASURE(2.E-2),#23);
#997=PRESENTATION_STYLE_ASSIGNMENT((#996));
#998=STYLED_ITEM('',(#997),#995);
#999=DIRECTION('',(1.E0,0.E0,0.E0));
#1000=VECTOR('',#999,6.E-1);
#1001=CARTESIAN_POINT('',(-2.84E0,-3.15E0,2.9E0));
#1002=LINE('',#1001,#1000);
#1003=CURVE_STYLE('',#67,POSITIVE_LENGTH_MEASURE(2.E-2),#23);
#1004=PRESENTATION_STYLE_ASSIGNMENT((#1003));
#1005=STYLED_ITEM('',(#1004),#1002);
#1006=DIRECTION('',(0.E0,1.E0,0.E0));
#1007=VECTOR('',#1006,2.5E-1);
#1008=CARTESIAN_POINT('',(-2.24E0,-3.15E0,2.9E0));
#1009=LINE('',#1008,#1007);
#1010=CURVE_STYLE('',#67,POSITIVE_LENGTH_MEASURE(2.E-2),#23);
#1011=PRESENTATION_STYLE_ASSIGNMENT((#1010));
#1012=STYLED_ITEM('',(#1011),#1009);
#1013=DIRECTION('',(-1.E0,0.E0,0.E0));
#1014=VECTOR('',#1013,6.E-1);
#1015=CARTESIAN_POINT('',(-2.24E0,-2.9E0,2.9E0));
#1016=LINE('',#1015,#1014);
#1017=CURVE_STYLE('',#67,POSITIVE_LENGTH_MEASURE(2.E-2),#23);
#1018=PRESENTATION_STYLE_ASSIGNMENT((#1017));
#1019=STYLED_ITEM('',(#1018),#1016);
#1020=DIRECTION('',(0.E0,1.E0,0.E0));
#1021=VECTOR('',#1020,2.5E-1);
#1022=CARTESIAN_POINT('',(-2.84E0,-3.15E0,2.9E0));
#1023=LINE('',#1022,#1021);
#1024=CURVE_STYLE('',#67,POSITIVE_LENGTH_MEASURE(2.E-2),#23);
#1025=PRESENTATION_STYLE_ASSIGNMENT((#1024));
#1026=STYLED_ITEM('',(#1025),#1023);
#1027=DIRECTION('',(-1.E0,0.E0,0.E0));
#1028=VECTOR('',#1027,6.E-1);
#1029=CARTESIAN_POINT('',(2.84E0,-2.9E0,2.9E0));
#1030=LINE('',#1029,#1028);
#1031=CURVE_STYLE('',#67,POSITIVE_LENGTH_MEASURE(2.E-2),#23);
#1032=PRESENTATION_STYLE_ASSIGNMENT((#1031));
#1033=STYLED_ITEM('',(#1032),#1030);
#1034=DIRECTION('',(0.E0,1.E0,0.E0));
#1035=VECTOR('',#1034,2.5E-1);
#1036=CARTESIAN_POINT('',(2.24E0,-3.15E0,2.9E0));
#1037=LINE('',#1036,#1035);
#1038=CURVE_STYLE('',#67,POSITIVE_LENGTH_MEASURE(2.E-2),#23);
#1039=PRESENTATION_STYLE_ASSIGNMENT((#1038));
#1040=STYLED_ITEM('',(#1039),#1037);
#1041=DIRECTION('',(-1.E0,0.E0,0.E0));
#1042=VECTOR('',#1041,6.E-1);
#1043=CARTESIAN_POINT('',(2.84E0,-3.15E0,2.9E0));
#1044=LINE('',#1043,#1042);
#1045=CURVE_STYLE('',#67,POSITIVE_LENGTH_MEASURE(2.E-2),#23);
#1046=PRESENTATION_STYLE_ASSIGNMENT((#1045));
#1047=STYLED_ITEM('',(#1046),#1044);
#1048=DIRECTION('',(0.E0,1.E0,0.E0));
#1049=VECTOR('',#1048,2.5E-1);
#1050=CARTESIAN_POINT('',(2.84E0,-3.15E0,2.9E0));
#1051=LINE('',#1050,#1049);
#1052=CURVE_STYLE('',#67,POSITIVE_LENGTH_MEASURE(2.E-2),#23);
#1053=PRESENTATION_STYLE_ASSIGNMENT((#1052));
#1054=STYLED_ITEM('',(#1053),#1051);
#1055=DIRECTION('',(0.E0,1.E0,0.E0));
#1056=VECTOR('',#1055,2.5E-1);
#1057=CARTESIAN_POINT('',(3.E-1,-3.15E0,2.9E0));
#1058=LINE('',#1057,#1056);
#1059=CURVE_STYLE('',#67,POSITIVE_LENGTH_MEASURE(2.E-2),#23);
#1060=PRESENTATION_STYLE_ASSIGNMENT((#1059));
#1061=STYLED_ITEM('',(#1060),#1058);
#1062=DIRECTION('',(-1.E0,0.E0,0.E0));
#1063=VECTOR('',#1062,6.E-1);
#1064=CARTESIAN_POINT('',(3.E-1,-2.9E0,2.9E0));
#1065=LINE('',#1064,#1063);
#1066=CURVE_STYLE('',#67,POSITIVE_LENGTH_MEASURE(2.E-2),#23);
#1067=PRESENTATION_STYLE_ASSIGNMENT((#1066));
#1068=STYLED_ITEM('',(#1067),#1065);
#1069=DIRECTION('',(0.E0,1.E0,0.E0));
#1070=VECTOR('',#1069,2.5E-1);
#1071=CARTESIAN_POINT('',(-3.E-1,-3.15E0,2.9E0));
#1072=LINE('',#1071,#1070);
#1073=CURVE_STYLE('',#67,POSITIVE_LENGTH_MEASURE(2.E-2),#23);
#1074=PRESENTATION_STYLE_ASSIGNMENT((#1073));
#1075=STYLED_ITEM('',(#1074),#1072);
#1076=DIRECTION('',(-1.E0,0.E0,0.E0));
#1077=VECTOR('',#1076,6.E-1);
#1078=CARTESIAN_POINT('',(3.E-1,-3.15E0,2.9E0));
#1079=LINE('',#1078,#1077);
#1080=CURVE_STYLE('',#67,POSITIVE_LENGTH_MEASURE(2.E-2),#23);
#1081=PRESENTATION_STYLE_ASSIGNMENT((#1080));
#1082=STYLED_ITEM('',(#1081),#1079);
#1083=DIRECTION('',(0.E0,1.E0,0.E0));
#1084=VECTOR('',#1083,4.183016954830E-1);
#1085=CARTESIAN_POINT('',(-6.059047538305E0,-3.318118943589E0,2.9E0));
#1086=LINE('',#1085,#1084);
#1087=CURVE_STYLE('',#67,POSITIVE_LENGTH_MEASURE(2.E-2),#23);
#1088=PRESENTATION_STYLE_ASSIGNMENT((#1087));
#1089=STYLED_ITEM('',(#1088),#1086);
#1090=DIRECTION('',(0.E0,1.E0,0.E0));
#1091=VECTOR('',#1090,4.183016954830E-1);
#1092=CARTESIAN_POINT('',(6.059047538305E0,-3.318118943589E0,2.9E0));
#1093=LINE('',#1092,#1091);
#1094=CURVE_STYLE('',#67,POSITIVE_LENGTH_MEASURE(2.E-2),#23);
#1095=PRESENTATION_STYLE_ASSIGNMENT((#1094));
#1096=STYLED_ITEM('',(#1095),#1093);
#1097=CARTESIAN_POINT('',(5.18E0,-2.9E0,3.2E0));
#1098=DIRECTION('',(0.E0,1.E0,0.E0));
#1099=DIRECTION('',(0.E0,0.E0,1.E0));
#1100=AXIS2_PLACEMENT_3D('',#1097,#1098,#1099);
#1102=CURVE_STYLE('',#67,POSITIVE_LENGTH_MEASURE(2.E-2),#23);
#1103=PRESENTATION_STYLE_ASSIGNMENT((#1102));
#1104=STYLED_ITEM('',(#1103),#1101);
#1105=DIRECTION('',(0.E0,-1.E0,0.E0));
#1106=VECTOR('',#1105,2.5E-1);
#1107=CARTESIAN_POINT('',(5.38E0,-2.9E0,3.2E0));
#1108=LINE('',#1107,#1106);
#1109=CURVE_STYLE('',#67,POSITIVE_LENGTH_MEASURE(2.E-2),#23);
#1110=PRESENTATION_STYLE_ASSIGNMENT((#1109));
#1111=STYLED_ITEM('',(#1110),#1108);
#1112=CARTESIAN_POINT('',(5.18E0,-3.15E0,3.2E0));
#1113=DIRECTION('',(0.E0,-1.E0,0.E0));
#1114=DIRECTION('',(1.E0,0.E0,0.E0));
#1115=AXIS2_PLACEMENT_3D('',#1112,#1113,#1114);
#1117=CURVE_STYLE('',#67,POSITIVE_LENGTH_MEASURE(2.E-2),#23);
#1118=PRESENTATION_STYLE_ASSIGNMENT((#1117));
#1119=STYLED_ITEM('',(#1118),#1116);
#1120=DIRECTION('',(0.E0,-1.E0,0.E0));
#1121=VECTOR('',#1120,2.5E-1);
#1122=CARTESIAN_POINT('',(5.18E0,-2.9E0,3.4E0));
#1123=LINE('',#1122,#1121);
#1124=CURVE_STYLE('',#67,POSITIVE_LENGTH_MEASURE(2.E-2),#23);
#1125=PRESENTATION_STYLE_ASSIGNMENT((#1124));
#1126=STYLED_ITEM('',(#1125),#1123);
#1127=DIRECTION('',(0.E0,0.E0,-1.E0));
#1128=VECTOR('',#1127,3.E-1);
#1129=CARTESIAN_POINT('',(5.38E0,-3.15E0,3.2E0));
#1130=LINE('',#1129,#1128);
#1131=CURVE_STYLE('',#67,POSITIVE_LENGTH_MEASURE(2.E-2),#23);
#1132=PRESENTATION_STYLE_ASSIGNMENT((#1131));
#1133=STYLED_ITEM('',(#1132),#1130);
#1134=DIRECTION('',(0.E0,0.E0,1.E0));
#1135=VECTOR('',#1134,3.E-1);
#1136=CARTESIAN_POINT('',(4.78E0,-2.9E0,2.9E0));
#1137=LINE('',#1136,#1135);
#1138=CURVE_STYLE('',#67,POSITIVE_LENGTH_MEASURE(2.E-2),#23);
#1139=PRESENTATION_STYLE_ASSIGNMENT((#1138));
#1140=STYLED_ITEM('',(#1139),#1137);
#1141=DIRECTION('',(0.E0,0.E0,-1.E0));
#1142=VECTOR('',#1141,3.E-1);
#1143=CARTESIAN_POINT('',(4.78E0,-3.15E0,3.2E0));
#1144=LINE('',#1143,#1142);
#1145=CURVE_STYLE('',#67,POSITIVE_LENGTH_MEASURE(2.E-2),#23);
#1146=PRESENTATION_STYLE_ASSIGNMENT((#1145));
#1147=STYLED_ITEM('',(#1146),#1144);
#1148=DIRECTION('',(0.E0,-5.233595624276E-2,-9.986295347546E-1));
#1149=VECTOR('',#1148,1.636260810131E0);
#1150=CARTESIAN_POINT('',(4.78E0,-4.986518177095E0,-2.238320218786E-1));
#1151=LINE('',#1150,#1149);
#1152=CURVE_STYLE('',#67,POSITIVE_LENGTH_MEASURE(2.E-2),#23);
#1153=PRESENTATION_STYLE_ASSIGNMENT((#1152));
#1154=STYLED_ITEM('',(#1153),#1151);
#1155=DIRECTION('',(0.E0,1.E0,0.E0));
#1156=VECTOR('',#1155,4.780521185311E-1);
#1157=CARTESIAN_POINT('',(4.78E0,-5.7E0,-2.E0));
#1158=LINE('',#1157,#1156);
#1159=CURVE_STYLE('',#67,POSITIVE_LENGTH_MEASURE(2.E-2),#23);
#1160=PRESENTATION_STYLE_ASSIGNMENT((#1159));
#1161=STYLED_ITEM('',(#1160),#1158);
#1162=DIRECTION('',(0.E0,0.E0,1.E0));
#1163=VECTOR('',#1162,2.5E-1);
#1164=CARTESIAN_POINT('',(4.78E0,-5.7E0,-2.25E0));
#1165=LINE('',#1164,#1163);
#1166=CURVE_STYLE('',#67,POSITIVE_LENGTH_MEASURE(2.E-2),#23);
#1167=PRESENTATION_STYLE_ASSIGNMENT((#1166));
#1168=STYLED_ITEM('',(#1167),#1165);
#1169=DIRECTION('',(0.E0,-1.E0,0.E0));
#1170=VECTOR('',#1169,4.780521185304E-1);
#1171=CARTESIAN_POINT('',(4.78E0,-5.221947881470E0,-2.25E0));
#1172=LINE('',#1171,#1170);
#1173=CURVE_STYLE('',#67,POSITIVE_LENGTH_MEASURE(2.E-2),#23);
#1174=PRESENTATION_STYLE_ASSIGNMENT((#1173));
#1175=STYLED_ITEM('',(#1174),#1172);
#1176=DIRECTION('',(0.E0,-5.233595624337E-2,-9.986295347546E-1));
#1177=VECTOR('',#1176,1.636260810131E0);
#1178=CARTESIAN_POINT('',(4.78E0,-4.736860793406E0,-2.369160109392E-1));
#1179=LINE('',#1178,#1177);
#1180=CURVE_STYLE('',#67,POSITIVE_LENGTH_MEASURE(2.E-2),#23);
#1181=PRESENTATION_STYLE_ASSIGNMENT((#1180));
#1182=STYLED_ITEM('',(#1181),#1179);
#1183=DIRECTION('',(0.E0,1.E0,0.E0));
#1184=VECTOR('',#1183,2.5E-1);
#1185=CARTESIAN_POINT('',(4.78E0,-3.15E0,3.2E0));
#1186=LINE('',#1185,#1184);
#1187=CURVE_STYLE('',#67,POSITIVE_LENGTH_MEASURE(2.E-2),#23);
#1188=PRESENTATION_STYLE_ASSIGNMENT((#1187));
#1189=STYLED_ITEM('',(#1188),#1186);
#1190=CARTESIAN_POINT('',(4.98E0,-2.9E0,3.2E0));
#1191=DIRECTION('',(0.E0,-1.E0,0.E0));
#1192=DIRECTION('',(0.E0,0.E0,1.E0));
#1193=AXIS2_PLACEMENT_3D('',#1190,#1191,#1192);
#1195=CURVE_STYLE('',#67,POSITIVE_LENGTH_MEASURE(2.E-2),#23);
#1196=PRESENTATION_STYLE_ASSIGNMENT((#1195));
#1197=STYLED_ITEM('',(#1196),#1194);
#1198=DIRECTION('',(0.E0,1.E0,0.E0));
#1199=VECTOR('',#1198,2.5E-1);
#1200=CARTESIAN_POINT('',(4.98E0,-3.15E0,3.4E0));
#1201=LINE('',#1200,#1199);
#1202=CURVE_STYLE('',#67,POSITIVE_LENGTH_MEASURE(2.E-2),#23);
#1203=PRESENTATION_STYLE_ASSIGNMENT((#1202));
#1204=STYLED_ITEM('',(#1203),#1201);
#1205=CARTESIAN_POINT('',(4.98E0,-3.15E0,3.2E0));
#1206=DIRECTION('',(0.E0,1.E0,0.E0));
#1207=DIRECTION('',(-1.E0,0.E0,0.E0));
#1208=AXIS2_PLACEMENT_3D('',#1205,#1206,#1207);
#1210=CURVE_STYLE('',#67,POSITIVE_LENGTH_MEASURE(2.E-2),#23);
#1211=PRESENTATION_STYLE_ASSIGNMENT((#1210));
#1212=STYLED_ITEM('',(#1211),#1209);
#1213=DIRECTION('',(-1.E0,0.E0,0.E0));
#1214=VECTOR('',#1213,2.E-1);
#1215=CARTESIAN_POINT('',(5.18E0,-3.15E0,3.4E0));
#1216=LINE('',#1215,#1214);
#1217=CURVE_STYLE('',#67,POSITIVE_LENGTH_MEASURE(2.E-2),#23);
#1218=PRESENTATION_STYLE_ASSIGNMENT((#1217));
#1219=STYLED_ITEM('',(#1218),#1216);
#1220=DIRECTION('',(1.E0,0.E0,0.E0));
#1221=VECTOR('',#1220,2.E-1);
#1222=CARTESIAN_POINT('',(4.98E0,-2.9E0,3.4E0));
#1223=LINE('',#1222,#1221);
#1224=CURVE_STYLE('',#67,POSITIVE_LENGTH_MEASURE(2.E-2),#23);
#1225=PRESENTATION_STYLE_ASSIGNMENT((#1224));
#1226=STYLED_ITEM('',(#1225),#1223);
#1227=DIRECTION('',(-1.E0,0.E0,0.E0));
#1228=VECTOR('',#1227,2.E-1);
#1229=CARTESIAN_POINT('',(2.64E0,-3.15E0,3.4E0));
#1230=LINE('',#1229,#1228);
#1231=CURVE_STYLE('',#67,POSITIVE_LENGTH_MEASURE(2.E-2),#23);
#1232=PRESENTATION_STYLE_ASSIGNMENT((#1231));
#1233=STYLED_ITEM('',(#1232),#1230);
#1234=DIRECTION('',(1.E0,0.E0,0.E0));
#1235=VECTOR('',#1234,2.E-1);
#1236=CARTESIAN_POINT('',(2.44E0,-2.9E0,3.4E0));
#1237=LINE('',#1236,#1235);
#1238=CURVE_STYLE('',#67,POSITIVE_LENGTH_MEASURE(2.E-2),#23);
#1239=PRESENTATION_STYLE_ASSIGNMENT((#1238));
#1240=STYLED_ITEM('',(#1239),#1237);
#1241=DIRECTION('',(-1.E0,0.E0,0.E0));
#1242=VECTOR('',#1241,2.E-1);
#1243=CARTESIAN_POINT('',(-2.44E0,-3.15E0,3.4E0));
#1244=LINE('',#1243,#1242);
#1245=CURVE_STYLE('',#67,POSITIVE_LENGTH_MEASURE(2.E-2),#23);
#1246=PRESENTATION_STYLE_ASSIGNMENT((#1245));
#1247=STYLED_ITEM('',(#1246),#1244);
#1248=DIRECTION('',(1.E0,0.E0,0.E0));
#1249=VECTOR('',#1248,2.E-1);
#1250=CARTESIAN_POINT('',(-2.64E0,-2.9E0,3.4E0));
#1251=LINE('',#1250,#1249);
#1252=CURVE_STYLE('',#67,POSITIVE_LENGTH_MEASURE(2.E-2),#23);
#1253=PRESENTATION_STYLE_ASSIGNMENT((#1252));
#1254=STYLED_ITEM('',(#1253),#1251);
#1255=DIRECTION('',(-1.E0,0.E0,0.E0));
#1256=VECTOR('',#1255,2.E-1);
#1257=CARTESIAN_POINT('',(-4.98E0,-3.15E0,3.4E0));
#1258=LINE('',#1257,#1256);
#1259=CURVE_STYLE('',#67,POSITIVE_LENGTH_MEASURE(2.E-2),#23);
#1260=PRESENTATION_STYLE_ASSIGNMENT((#1259));
#1261=STYLED_ITEM('',(#1260),#1258);
#1262=DIRECTION('',(1.E0,0.E0,0.E0));
#1263=VECTOR('',#1262,2.E-1);
#1264=CARTESIAN_POINT('',(-5.18E0,-2.9E0,3.4E0));
#1265=LINE('',#1264,#1263);
#1266=CURVE_STYLE('',#67,POSITIVE_LENGTH_MEASURE(2.E-2),#23);
#1267=PRESENTATION_STYLE_ASSIGNMENT((#1266));
#1268=STYLED_ITEM('',(#1267),#1265);
#1269=DIRECTION('',(-1.E0,0.E0,0.E0));
#1270=VECTOR('',#1269,2.E-1);
#1271=CARTESIAN_POINT('',(1.E-1,-3.15E0,3.4E0));
#1272=LINE('',#1271,#1270);
#1273=CURVE_STYLE('',#67,POSITIVE_LENGTH_MEASURE(2.E-2),#23);
#1274=PRESENTATION_STYLE_ASSIGNMENT((#1273));
#1275=STYLED_ITEM('',(#1274),#1272);
#1276=DIRECTION('',(1.E0,0.E0,0.E0));
#1277=VECTOR('',#1276,2.E-1);
#1278=CARTESIAN_POINT('',(-1.E-1,-2.9E0,3.4E0));
#1279=LINE('',#1278,#1277);
#1280=CURVE_STYLE('',#67,POSITIVE_LENGTH_MEASURE(2.E-2),#23);
#1281=PRESENTATION_STYLE_ASSIGNMENT((#1280));
#1282=STYLED_ITEM('',(#1281),#1279);
#1283=CARTESIAN_POINT('',(2.64E0,-2.9E0,3.2E0));
#1284=DIRECTION('',(0.E0,1.E0,0.E0));
#1285=DIRECTION('',(0.E0,0.E0,1.E0));
#1286=AXIS2_PLACEMENT_3D('',#1283,#1284,#1285);
#1288=CURVE_STYLE('',#67,POSITIVE_LENGTH_MEASURE(2.E-2),#23);
#1289=PRESENTATION_STYLE_ASSIGNMENT((#1288));
#1290=STYLED_ITEM('',(#1289),#1287);
#1291=DIRECTION('',(0.E0,-1.E0,0.E0));
#1292=VECTOR('',#1291,2.5E-1);
#1293=CARTESIAN_POINT('',(2.84E0,-2.9E0,3.2E0));
#1294=LINE('',#1293,#1292);
#1295=CURVE_STYLE('',#67,POSITIVE_LENGTH_MEASURE(2.E-2),#23);
#1296=PRESENTATION_STYLE_ASSIGNMENT((#1295));
#1297=STYLED_ITEM('',(#1296),#1294);
#1298=CARTESIAN_POINT('',(2.64E0,-3.15E0,3.2E0));
#1299=DIRECTION('',(0.E0,-1.E0,0.E0));
#1300=DIRECTION('',(1.E0,0.E0,0.E0));
#1301=AXIS2_PLACEMENT_3D('',#1298,#1299,#1300);
#1303=CURVE_STYLE('',#67,POSITIVE_LENGTH_MEASURE(2.E-2),#23);
#1304=PRESENTATION_STYLE_ASSIGNMENT((#1303));
#1305=STYLED_ITEM('',(#1304),#1302);
#1306=DIRECTION('',(0.E0,-1.E0,0.E0));
#1307=VECTOR('',#1306,2.5E-1);
#1308=CARTESIAN_POINT('',(2.64E0,-2.9E0,3.4E0));
#1309=LINE('',#1308,#1307);
#1310=CURVE_STYLE('',#67,POSITIVE_LENGTH_MEASURE(2.E-2),#23);
#1311=PRESENTATION_STYLE_ASSIGNMENT((#1310));
#1312=STYLED_ITEM('',(#1311),#1309);
#1313=DIRECTION('',(0.E0,-5.233595624337E-2,-9.986295347546E-1));
#1314=VECTOR('',#1313,1.636260810131E0);
#1315=CARTESIAN_POINT('',(2.84E0,-4.736860793406E0,-2.369160109392E-1));
#1316=LINE('',#1315,#1314);
#1317=CURVE_STYLE('',#67,POSITIVE_LENGTH_MEASURE(2.E-2),#23);
#1318=PRESENTATION_STYLE_ASSIGNMENT((#1317));
#1319=STYLED_ITEM('',(#1318),#1316);
#1320=DIRECTION('',(0.E0,-1.E0,0.E0));
#1321=VECTOR('',#1320,4.780521185304E-1);
#1322=CARTESIAN_POINT('',(2.84E0,-5.221947881470E0,-2.25E0));
#1323=LINE('',#1322,#1321);
#1324=CURVE_STYLE('',#67,POSITIVE_LENGTH_MEASURE(2.E-2),#23);
#1325=PRESENTATION_STYLE_ASSIGNMENT((#1324));
#1326=STYLED_ITEM('',(#1325),#1323);
#1327=DIRECTION('',(0.E0,0.E0,1.E0));
#1328=VECTOR('',#1327,2.5E-1);
#1329=CARTESIAN_POINT('',(2.84E0,-5.7E0,-2.25E0));
#1330=LINE('',#1329,#1328);
#1331=CURVE_STYLE('',#67,POSITIVE_LENGTH_MEASURE(2.E-2),#23);
#1332=PRESENTATION_STYLE_ASSIGNMENT((#1331));
#1333=STYLED_ITEM('',(#1332),#1330);
#1334=DIRECTION('',(0.E0,1.E0,0.E0));
#1335=VECTOR('',#1334,4.780521185311E-1);
#1336=CARTESIAN_POINT('',(2.84E0,-5.7E0,-2.E0));
#1337=LINE('',#1336,#1335);
#1338=CURVE_STYLE('',#67,POSITIVE_LENGTH_MEASURE(2.E-2),#23);
#1339=PRESENTATION_STYLE_ASSIGNMENT((#1338));
#1340=STYLED_ITEM('',(#1339),#1337);
#1341=DIRECTION('',(0.E0,0.E0,-1.E0));
#1342=VECTOR('',#1341,3.E-1);
#1343=CARTESIAN_POINT('',(2.84E0,-2.9E0,3.2E0));
#1344=LINE('',#1343,#1342);
#1345=CURVE_STYLE('',#67,POSITIVE_LENGTH_MEASURE(2.E-2),#23);
#1346=PRESENTATION_STYLE_ASSIGNMENT((#1345));
#1347=STYLED_ITEM('',(#1346),#1344);
#1348=DIRECTION('',(0.E0,-1.E0,0.E0));
#1349=VECTOR('',#1348,2.372034097174E-1);
#1350=CARTESIAN_POINT('',(4.78E0,-4.25E0,0.E0));
#1351=LINE('',#1350,#1349);
#1352=CURVE_STYLE('',#67,POSITIVE_LENGTH_MEASURE(2.E-2),#23);
#1353=PRESENTATION_STYLE_ASSIGNMENT((#1352));
#1354=STYLED_ITEM('',(#1353),#1351);
#1355=DIRECTION('',(0.E0,1.E0,0.E0));
#1356=VECTOR('',#1355,2.372034097174E-1);
#1357=CARTESIAN_POINT('',(5.38E0,-4.487203409717E0,0.E0));
#1358=LINE('',#1357,#1356);
#1359=CURVE_STYLE('',#67,POSITIVE_LENGTH_MEASURE(2.E-2),#23);
#1360=PRESENTATION_STYLE_ASSIGNMENT((#1359));
#1361=STYLED_ITEM('',(#1360),#1358);
#1362=DIRECTION('',(0.E0,-1.E0,0.E0));
#1363=VECTOR('',#1362,2.372034097174E-1);
#1364=CARTESIAN_POINT('',(2.24E0,-4.25E0,0.E0));
#1365=LINE('',#1364,#1363);
#1366=CURVE_STYLE('',#67,POSITIVE_LENGTH_MEASURE(2.E-2),#23);
#1367=PRESENTATION_STYLE_ASSIGNMENT((#1366));
#1368=STYLED_ITEM('',(#1367),#1365);
#1369=DIRECTION('',(0.E0,1.E0,0.E0));
#1370=VECTOR('',#1369,2.372034097174E-1);
#1371=CARTESIAN_POINT('',(2.84E0,-4.487203409717E0,0.E0));
#1372=LINE('',#1371,#1370);
#1373=CURVE_STYLE('',#67,POSITIVE_LENGTH_MEASURE(2.E-2),#23);
#1374=PRESENTATION_STYLE_ASSIGNMENT((#1373));
#1375=STYLED_ITEM('',(#1374),#1372);
#1376=DIRECTION('',(0.E0,-1.E0,0.E0));
#1377=VECTOR('',#1376,2.372034097174E-1);
#1378=CARTESIAN_POINT('',(-3.E-1,-4.25E0,0.E0));
#1379=LINE('',#1378,#1377);
#1380=CURVE_STYLE('',#67,POSITIVE_LENGTH_MEASURE(2.E-2),#23);
#1381=PRESENTATION_STYLE_ASSIGNMENT((#1380));
#1382=STYLED_ITEM('',(#1381),#1379);
#1383=DIRECTION('',(0.E0,1.E0,0.E0));
#1384=VECTOR('',#1383,2.372034097174E-1);
#1385=CARTESIAN_POINT('',(3.E-1,-4.487203409717E0,0.E0));
#1386=LINE('',#1385,#1384);
#1387=CURVE_STYLE('',#67,POSITIVE_LENGTH_MEASURE(2.E-2),#23);
#1388=PRESENTATION_STYLE_ASSIGNMENT((#1387));
#1389=STYLED_ITEM('',(#1388),#1386);
#1390=DIRECTION('',(0.E0,1.E0,0.E0));
#1391=VECTOR('',#1390,2.372034097174E-1);
#1392=CARTESIAN_POINT('',(-4.78E0,-4.487203409717E0,0.E0));
#1393=LINE('',#1392,#1391);
#1394=CURVE_STYLE('',#67,POSITIVE_LENGTH_MEASURE(2.E-2),#23);
#1395=PRESENTATION_STYLE_ASSIGNMENT((#1394));
#1396=STYLED_ITEM('',(#1395),#1393);
#1397=DIRECTION('',(0.E0,-1.E0,0.E0));
#1398=VECTOR('',#1397,2.372034097174E-1);
#1399=CARTESIAN_POINT('',(-5.38E0,-4.25E0,0.E0));
#1400=LINE('',#1399,#1398);
#1401=CURVE_STYLE('',#67,POSITIVE_LENGTH_MEASURE(2.E-2),#23);
#1402=PRESENTATION_STYLE_ASSIGNMENT((#1401));
#1403=STYLED_ITEM('',(#1402),#1400);
#1404=DIRECTION('',(0.E0,-1.E0,0.E0));
#1405=VECTOR('',#1404,2.372034097174E-1);
#1406=CARTESIAN_POINT('',(-2.84E0,-4.25E0,0.E0));
#1407=LINE('',#1406,#1405);
#1408=CURVE_STYLE('',#67,POSITIVE_LENGTH_MEASURE(2.E-2),#23);
#1409=PRESENTATION_STYLE_ASSIGNMENT((#1408));
#1410=STYLED_ITEM('',(#1409),#1407);
#1411=DIRECTION('',(0.E0,1.E0,0.E0));
#1412=VECTOR('',#1411,2.372034097174E-1);
#1413=CARTESIAN_POINT('',(-2.24E0,-4.487203409717E0,0.E0));
#1414=LINE('',#1413,#1412);
#1415=CURVE_STYLE('',#67,POSITIVE_LENGTH_MEASURE(2.E-2),#23);
#1416=PRESENTATION_STYLE_ASSIGNMENT((#1415));
#1417=STYLED_ITEM('',(#1416),#1414);
#1418=DIRECTION('',(-1.E0,0.E0,0.E0));
#1419=VECTOR('',#1418,6.E-1);
#1420=CARTESIAN_POINT('',(5.38E0,-4.487203409717E0,0.E0));
#1421=LINE('',#1420,#1419);
#1422=CURVE_STYLE('',#67,POSITIVE_LENGTH_MEASURE(2.E-2),#23);
#1423=PRESENTATION_STYLE_ASSIGNMENT((#1422));
#1424=STYLED_ITEM('',(#1423),#1421);
#1425=CARTESIAN_POINT('',(4.78E0,-4.487203409717E0,-2.5E-1));
#1426=DIRECTION('',(-1.E0,0.E0,0.E0));
#1427=DIRECTION('',(0.E0,-9.986295347546E-1,5.233595624337E-2));
#1428=AXIS2_PLACEMENT_3D('',#1425,#1426,#1427);
#1430=CURVE_STYLE('',#67,POSITIVE_LENGTH_MEASURE(2.E-2),#23);
#1431=PRESENTATION_STYLE_ASSIGNMENT((#1430));
#1432=STYLED_ITEM('',(#1431),#1429);
#1433=DIRECTION('',(-1.E0,0.E0,0.E0));
#1434=VECTOR('',#1433,6.E-1);
#1435=CARTESIAN_POINT('',(5.38E0,-4.736860793406E0,-2.369160109392E-1));
#1436=LINE('',#1435,#1434);
#1437=CURVE_STYLE('',#67,POSITIVE_LENGTH_MEASURE(2.E-2),#23);
#1438=PRESENTATION_STYLE_ASSIGNMENT((#1437));
#1439=STYLED_ITEM('',(#1438),#1436);
#1440=CARTESIAN_POINT('',(5.38E0,-4.487203409717E0,-2.5E-1));
#1441=DIRECTION('',(1.E0,0.E0,0.E0));
#1442=DIRECTION('',(0.E0,0.E0,1.E0));
#1443=AXIS2_PLACEMENT_3D('',#1440,#1441,#1442);
#1445=CURVE_STYLE('',#67,POSITIVE_LENGTH_MEASURE(2.E-2),#23);
#1446=PRESENTATION_STYLE_ASSIGNMENT((#1445));
#1447=STYLED_ITEM('',(#1446),#1444);
#1448=DIRECTION('',(-1.E0,0.E0,0.E0));
#1449=VECTOR('',#1448,6.E-1);
#1450=CARTESIAN_POINT('',(5.38E0,-4.822496067568E0,-1.870934382497E0));
#1451=LINE('',#1450,#1449);
#1452=CURVE_STYLE('',#67,POSITIVE_LENGTH_MEASURE(2.E-2),#23);
#1453=PRESENTATION_STYLE_ASSIGNMENT((#1452));
#1454=STYLED_ITEM('',(#1453),#1451);
#1455=CARTESIAN_POINT('',(4.78E0,-5.221947881470E0,-1.85E0));
#1456=DIRECTION('',(1.E0,0.E0,0.E0));
#1457=DIRECTION('',(0.E0,0.E0,-1.E0));
#1458=AXIS2_PLACEMENT_3D('',#1455,#1456,#1457);
#1460=CURVE_STYLE('',#67,POSITIVE_LENGTH_MEASURE(2.E-2),#23);
#1461=PRESENTATION_STYLE_ASSIGNMENT((#1460));
#1462=STYLED_ITEM('',(#1461),#1459);
#1463=DIRECTION('',(-1.E0,0.E0,0.E0));
#1464=VECTOR('',#1463,6.E-1);
#1465=CARTESIAN_POINT('',(5.38E0,-5.221947881470E0,-2.25E0));
#1466=LINE('',#1465,#1464);
#1467=CURVE_STYLE('',#67,POSITIVE_LENGTH_MEASURE(2.E-2),#23);
#1468=PRESENTATION_STYLE_ASSIGNMENT((#1467));
#1469=STYLED_ITEM('',(#1468),#1466);
#1470=CARTESIAN_POINT('',(5.38E0,-5.221947881470E0,-1.85E0));
#1471=DIRECTION('',(-1.E0,0.E0,0.E0));
#1472=DIRECTION('',(0.E0,9.986295347546E-1,-5.233595624338E-2));
#1473=AXIS2_PLACEMENT_3D('',#1470,#1471,#1472);
#1475=CURVE_STYLE('',#67,POSITIVE_LENGTH_MEASURE(2.E-2),#23);
#1476=PRESENTATION_STYLE_ASSIGNMENT((#1475));
#1477=STYLED_ITEM('',(#1476),#1474);
#1478=DIRECTION('',(-1.E0,0.E0,0.E0));
#1479=VECTOR('',#1478,6.E-1);
#1480=CARTESIAN_POINT('',(5.38E0,-5.7E0,-2.25E0));
#1481=LINE('',#1480,#1479);
#1482=CURVE_STYLE('',#67,POSITIVE_LENGTH_MEASURE(2.E-2),#23);
#1483=PRESENTATION_STYLE_ASSIGNMENT((#1482));
#1484=STYLED_ITEM('',(#1483),#1481);
#1485=DIRECTION('',(-1.E0,0.E0,0.E0));
#1486=VECTOR('',#1485,6.E-1);
#1487=CARTESIAN_POINT('',(5.38E0,-5.7E0,-2.E0));
#1488=LINE('',#1487,#1486);
#1489=CURVE_STYLE('',#67,POSITIVE_LENGTH_MEASURE(2.E-2),#23);
#1490=PRESENTATION_STYLE_ASSIGNMENT((#1489));
#1491=STYLED_ITEM('',(#1490),#1488);
#1492=DIRECTION('',(1.E0,0.E0,0.E0));
#1493=VECTOR('',#1492,6.E-1);
#1494=CARTESIAN_POINT('',(4.78E0,-5.072153451256E0,-1.857850393436E0));
#1495=LINE('',#1494,#1493);
#1496=CURVE_STYLE('',#67,POSITIVE_LENGTH_MEASURE(2.E-2),#23);
#1497=PRESENTATION_STYLE_ASSIGNMENT((#1496));
#1498=STYLED_ITEM('',(#1497),#1495);
#1499=CARTESIAN_POINT('',(5.38E0,-5.221947881469E0,-1.85E0));
#1500=DIRECTION('',(1.E0,0.E0,0.E0));
#1501=DIRECTION('',(0.E0,0.E0,-1.E0));
#1502=AXIS2_PLACEMENT_3D('',#1499,#1500,#1501);
#1504=CURVE_STYLE('',#67,POSITIVE_LENGTH_MEASURE(2.E-2),#23);
#1505=PRESENTATION_STYLE_ASSIGNMENT((#1504));
#1506=STYLED_ITEM('',(#1505),#1503);
#1507=DIRECTION('',(1.E0,0.E0,0.E0));
#1508=VECTOR('',#1507,6.E-1);
#1509=CARTESIAN_POINT('',(4.78E0,-5.221947881469E0,-2.E0));
#1510=LINE('',#1509,#1508);
#1511=CURVE_STYLE('',#67,POSITIVE_LENGTH_MEASURE(2.E-2),#23);
#1512=PRESENTATION_STYLE_ASSIGNMENT((#1511));
#1513=STYLED_ITEM('',(#1512),#1510);
#1514=CARTESIAN_POINT('',(4.78E0,-5.221947881469E0,-1.85E0));
#1515=DIRECTION('',(-1.E0,0.E0,0.E0));
#1516=DIRECTION('',(0.E0,9.986295347546E-1,-5.233595624277E-2));
#1517=AXIS2_PLACEMENT_3D('',#1514,#1515,#1516);
#1519=CURVE_STYLE('',#67,POSITIVE_LENGTH_MEASURE(2.E-2),#23);
#1520=PRESENTATION_STYLE_ASSIGNMENT((#1519));
#1521=STYLED_ITEM('',(#1520),#1518);
#1522=DIRECTION('',(0.E0,-5.233595624277E-2,-9.986295347546E-1));
#1523=VECTOR('',#1522,1.636260810131E0);
#1524=CARTESIAN_POINT('',(-4.78E0,-4.986518177095E0,-2.238320218786E-1));
#1525=LINE('',#1524,#1523);
#1526=CURVE_STYLE('',#67,POSITIVE_LENGTH_MEASURE(2.E-2),#23);
#1527=PRESENTATION_STYLE_ASSIGNMENT((#1526));
#1528=STYLED_ITEM('',(#1527),#1525);
#1529=DIRECTION('',(0.E0,-5.233595624277E-2,-9.986295347546E-1));
#1530=VECTOR('',#1529,1.636260810131E0);
#1531=CARTESIAN_POINT('',(-2.24E0,-4.986518177095E0,-2.238320218786E-1));
#1532=LINE('',#1531,#1530);
#1533=CURVE_STYLE('',#67,POSITIVE_LENGTH_MEASURE(2.E-2),#23);
#1534=PRESENTATION_STYLE_ASSIGNMENT((#1533));
#1535=STYLED_ITEM('',(#1534),#1532);
#1536=DIRECTION('',(0.E0,-5.233595624277E-2,-9.986295347546E-1));
#1537=VECTOR('',#1536,1.636260810131E0);
#1538=CARTESIAN_POINT('',(5.38E0,-4.986518177095E0,-2.238320218786E-1));
#1539=LINE('',#1538,#1537);
#1540=CURVE_STYLE('',#67,POSITIVE_LENGTH_MEASURE(2.E-2),#23);
#1541=PRESENTATION_STYLE_ASSIGNMENT((#1540));
#1542=STYLED_ITEM('',(#1541),#1539);
#1543=DIRECTION('',(0.E0,-5.233595624277E-2,-9.986295347546E-1));
#1544=VECTOR('',#1543,1.636260810131E0);
#1545=CARTESIAN_POINT('',(2.84E0,-4.986518177095E0,-2.238320218786E-1));
#1546=LINE('',#1545,#1544);
#1547=CURVE_STYLE('',#67,POSITIVE_LENGTH_MEASURE(2.E-2),#23);
#1548=PRESENTATION_STYLE_ASSIGNMENT((#1547));
#1549=STYLED_ITEM('',(#1548),#1546);
#1550=DIRECTION('',(0.E0,-5.233595624277E-2,-9.986295347546E-1));
#1551=VECTOR('',#1550,1.636260810131E0);
#1552=CARTESIAN_POINT('',(3.E-1,-4.986518177095E0,-2.238320218786E-1));
#1553=LINE('',#1552,#1551);
#1554=CURVE_STYLE('',#67,POSITIVE_LENGTH_MEASURE(2.E-2),#23);
#1555=PRESENTATION_STYLE_ASSIGNMENT((#1554));
#1556=STYLED_ITEM('',(#1555),#1553);
#1557=DIRECTION('',(1.E0,0.E0,0.E0));
#1558=VECTOR('',#1557,6.E-1);
#1559=CARTESIAN_POINT('',(-5.38E0,-5.072153451256E0,-1.857850393436E0));
#1560=LINE('',#1559,#1558);
#1561=CURVE_STYLE('',#67,POSITIVE_LENGTH_MEASURE(2.E-2),#23);
#1562=PRESENTATION_STYLE_ASSIGNMENT((#1561));
#1563=STYLED_ITEM('',(#1562),#1560);
#1564=CARTESIAN_POINT('',(-4.78E0,-5.221947881469E0,-1.85E0));
#1565=DIRECTION('',(1.E0,0.E0,0.E0));
#1566=DIRECTION('',(0.E0,0.E0,-1.E0));
#1567=AXIS2_PLACEMENT_3D('',#1564,#1565,#1566);
#1569=CURVE_STYLE('',#67,POSITIVE_LENGTH_MEASURE(2.E-2),#23);
#1570=PRESENTATION_STYLE_ASSIGNMENT((#1569));
#1571=STYLED_ITEM('',(#1570),#1568);
#1572=DIRECTION('',(1.E0,0.E0,0.E0));
#1573=VECTOR('',#1572,6.E-1);
#1574=CARTESIAN_POINT('',(-5.38E0,-5.221947881469E0,-2.E0));
#1575=LINE('',#1574,#1573);
#1576=CURVE_STYLE('',#67,POSITIVE_LENGTH_MEASURE(2.E-2),#23);
#1577=PRESENTATION_STYLE_ASSIGNMENT((#1576));
#1578=STYLED_ITEM('',(#1577),#1575);
#1579=CARTESIAN_POINT('',(-5.38E0,-5.221947881469E0,-1.85E0));
#1580=DIRECTION('',(-1.E0,0.E0,0.E0));
#1581=DIRECTION('',(0.E0,9.986295347546E-1,-5.233595624277E-2));
#1582=AXIS2_PLACEMENT_3D('',#1579,#1580,#1581);
#1584=CURVE_STYLE('',#67,POSITIVE_LENGTH_MEASURE(2.E-2),#23);
#1585=PRESENTATION_STYLE_ASSIGNMENT((#1584));
#1586=STYLED_ITEM('',(#1585),#1583);
#1587=DIRECTION('',(0.E0,0.E0,-1.E0));
#1588=VECTOR('',#1587,3.E-1);
#1589=CARTESIAN_POINT('',(-4.78E0,-2.9E0,3.2E0));
#1590=LINE('',#1589,#1588);
#1591=CURVE_STYLE('',#67,POSITIVE_LENGTH_MEASURE(2.E-2),#23);
#1592=PRESENTATION_STYLE_ASSIGNMENT((#1591));
#1593=STYLED_ITEM('',(#1592),#1590);
#1594=DIRECTION('',(0.E0,-5.233595624337E-2,-9.986295347546E-1));
#1595=VECTOR('',#1594,1.636260810131E0);
#1596=CARTESIAN_POINT('',(-4.78E0,-4.736860793406E0,-2.369160109392E-1));
#1597=LINE('',#1596,#1595);
#1598=CURVE_STYLE('',#67,POSITIVE_LENGTH_MEASURE(2.E-2),#23);
#1599=PRESENTATION_STYLE_ASSIGNMENT((#1598));
#1600=STYLED_ITEM('',(#1599),#1597);
#1601=DIRECTION('',(0.E0,-1.E0,0.E0));
#1602=VECTOR('',#1601,4.780521185304E-1);
#1603=CARTESIAN_POINT('',(-4.78E0,-5.221947881470E0,-2.25E0));
#1604=LINE('',#1603,#1602);
#1605=CURVE_STYLE('',#67,POSITIVE_LENGTH_MEASURE(2.E-2),#23);
#1606=PRESENTATION_STYLE_ASSIGNMENT((#1605));
#1607=STYLED_ITEM('',(#1606),#1604);
#1608=DIRECTION('',(0.E0,0.E0,1.E0));
#1609=VECTOR('',#1608,2.5E-1);
#1610=CARTESIAN_POINT('',(-4.78E0,-5.7E0,-2.25E0));
#1611=LINE('',#1610,#1609);
#1612=CURVE_STYLE('',#67,POSITIVE_LENGTH_MEASURE(2.E-2),#23);
#1613=PRESENTATION_STYLE_ASSIGNMENT((#1612));
#1614=STYLED_ITEM('',(#1613),#1611);
#1615=DIRECTION('',(0.E0,1.E0,0.E0));
#1616=VECTOR('',#1615,4.780521185311E-1);
#1617=CARTESIAN_POINT('',(-4.78E0,-5.7E0,-2.E0));
#1618=LINE('',#1617,#1616);
#1619=CURVE_STYLE('',#67,POSITIVE_LENGTH_MEASURE(2.E-2),#23);
#1620=PRESENTATION_STYLE_ASSIGNMENT((#1619));
#1621=STYLED_ITEM('',(#1620),#1618);
#1622=DIRECTION('',(0.E0,0.E0,-1.E0));
#1623=VECTOR('',#1622,3.E-1);
#1624=CARTESIAN_POINT('',(-4.78E0,-3.15E0,3.2E0));
#1625=LINE('',#1624,#1623);
#1626=CURVE_STYLE('',#67,POSITIVE_LENGTH_MEASURE(2.E-2),#23);
#1627=PRESENTATION_STYLE_ASSIGNMENT((#1626));
#1628=STYLED_ITEM('',(#1627),#1625);
#1629=DIRECTION('',(0.E0,0.E0,1.E0));
#1630=VECTOR('',#1629,3.E-1);
#1631=CARTESIAN_POINT('',(-5.38E0,-2.9E0,2.9E0));
#1632=LINE('',#1631,#1630);
#1633=CURVE_STYLE('',#67,POSITIVE_LENGTH_MEASURE(2.E-2),#23);
#1634=PRESENTATION_STYLE_ASSIGNMENT((#1633));
#1635=STYLED_ITEM('',(#1634),#1632);
#1636=DIRECTION('',(0.E0,0.E0,-1.E0));
#1637=VECTOR('',#1636,3.E-1);
#1638=CARTESIAN_POINT('',(-5.38E0,-3.15E0,3.2E0));
#1639=LINE('',#1638,#1637);
#1640=CURVE_STYLE('',#67,POSITIVE_LENGTH_MEASURE(2.E-2),#23);
#1641=PRESENTATION_STYLE_ASSIGNMENT((#1640));
#1642=STYLED_ITEM('',(#1641),#1639);
#1643=DIRECTION('',(0.E0,-5.233595624276E-2,-9.986295347546E-1));
#1644=VECTOR('',#1643,1.636260810131E0);
#1645=CARTESIAN_POINT('',(-5.38E0,-4.986518177095E0,-2.238320218786E-1));
#1646=LINE('',#1645,#1644);
#1647=CURVE_STYLE('',#67,POSITIVE_LENGTH_MEASURE(2.E-2),#23);
#1648=PRESENTATION_STYLE_ASSIGNMENT((#1647));
#1649=STYLED_ITEM('',(#1648),#1646);
#1650=DIRECTION('',(0.E0,1.E0,0.E0));
#1651=VECTOR('',#1650,4.780521185311E-1);
#1652=CARTESIAN_POINT('',(-5.38E0,-5.7E0,-2.E0));
#1653=LINE('',#1652,#1651);
#1654=CURVE_STYLE('',#67,POSITIVE_LENGTH_MEASURE(2.E-2),#23);
#1655=PRESENTATION_STYLE_ASSIGNMENT((#1654));
#1656=STYLED_ITEM('',(#1655),#1653);
#1657=DIRECTION('',(0.E0,0.E0,1.E0));
#1658=VECTOR('',#1657,2.5E-1);
#1659=CARTESIAN_POINT('',(-5.38E0,-5.7E0,-2.25E0));
#1660=LINE('',#1659,#1658);
#1661=CURVE_STYLE('',#67,POSITIVE_LENGTH_MEASURE(2.E-2),#23);
#1662=PRESENTATION_STYLE_ASSIGNMENT((#1661));
#1663=STYLED_ITEM('',(#1662),#1660);
#1664=DIRECTION('',(0.E0,-1.E0,0.E0));
#1665=VECTOR('',#1664,4.780521185304E-1);
#1666=CARTESIAN_POINT('',(-5.38E0,-5.221947881470E0,-2.25E0));
#1667=LINE('',#1666,#1665);
#1668=CURVE_STYLE('',#67,POSITIVE_LENGTH_MEASURE(2.E-2),#23);
#1669=PRESENTATION_STYLE_ASSIGNMENT((#1668));
#1670=STYLED_ITEM('',(#1669),#1667);
#1671=DIRECTION('',(0.E0,-5.233595624337E-2,-9.986295347546E-1));
#1672=VECTOR('',#1671,1.636260810131E0);
#1673=CARTESIAN_POINT('',(-5.38E0,-4.736860793406E0,-2.369160109392E-1));
#1674=LINE('',#1673,#1672);
#1675=CURVE_STYLE('',#67,POSITIVE_LENGTH_MEASURE(2.E-2),#23);
#1676=PRESENTATION_STYLE_ASSIGNMENT((#1675));
#1677=STYLED_ITEM('',(#1676),#1674);
#1678=CARTESIAN_POINT('',(-4.98E0,-2.9E0,3.2E0));
#1679=DIRECTION('',(0.E0,1.E0,0.E0));
#1680=DIRECTION('',(0.E0,0.E0,1.E0));
#1681=AXIS2_PLACEMENT_3D('',#1678,#1679,#1680);
#1683=CURVE_STYLE('',#67,POSITIVE_LENGTH_MEASURE(2.E-2),#23);
#1684=PRESENTATION_STYLE_ASSIGNMENT((#1683));
#1685=STYLED_ITEM('',(#1684),#1682);
#1686=DIRECTION('',(0.E0,-1.E0,0.E0));
#1687=VECTOR('',#1686,2.5E-1);
#1688=CARTESIAN_POINT('',(-4.78E0,-2.9E0,3.2E0));
#1689=LINE('',#1688,#1687);
#1690=CURVE_STYLE('',#67,POSITIVE_LENGTH_MEASURE(2.E-2),#23);
#1691=PRESENTATION_STYLE_ASSIGNMENT((#1690));
#1692=STYLED_ITEM('',(#1691),#1689);
#1693=CARTESIAN_POINT('',(-4.98E0,-3.15E0,3.2E0));
#1694=DIRECTION('',(0.E0,-1.E0,0.E0));
#1695=DIRECTION('',(1.E0,0.E0,0.E0));
#1696=AXIS2_PLACEMENT_3D('',#1693,#1694,#1695);
#1698=CURVE_STYLE('',#67,POSITIVE_LENGTH_MEASURE(2.E-2),#23);
#1699=PRESENTATION_STYLE_ASSIGNMENT((#1698));
#1700=STYLED_ITEM('',(#1699),#1697);
#1701=DIRECTION('',(0.E0,-1.E0,0.E0));
#1702=VECTOR('',#1701,2.5E-1);
#1703=CARTESIAN_POINT('',(-4.98E0,-2.9E0,3.4E0));
#1704=LINE('',#1703,#1702);
#1705=CURVE_STYLE('',#67,POSITIVE_LENGTH_MEASURE(2.E-2),#23);
#1706=PRESENTATION_STYLE_ASSIGNMENT((#1705));
#1707=STYLED_ITEM('',(#1706),#1704);
#1708=DIRECTION('',(0.E0,1.E0,0.E0));
#1709=VECTOR('',#1708,2.5E-1);
#1710=CARTESIAN_POINT('',(-5.38E0,-3.15E0,3.2E0));
#1711=LINE('',#1710,#1709);
#1712=CURVE_STYLE('',#67,POSITIVE_LENGTH_MEASURE(2.E-2),#23);
#1713=PRESENTATION_STYLE_ASSIGNMENT((#1712));
#1714=STYLED_ITEM('',(#1713),#1711);
#1715=CARTESIAN_POINT('',(-5.18E0,-2.9E0,3.2E0));
#1716=DIRECTION('',(0.E0,-1.E0,0.E0));
#1717=DIRECTION('',(0.E0,0.E0,1.E0));
#1718=AXIS2_PLACEMENT_3D('',#1715,#1716,#1717);
#1720=CURVE_STYLE('',#67,POSITIVE_LENGTH_MEASURE(2.E-2),#23);
#1721=PRESENTATION_STYLE_ASSIGNMENT((#1720));
#1722=STYLED_ITEM('',(#1721),#1719);
#1723=DIRECTION('',(0.E0,1.E0,0.E0));
#1724=VECTOR('',#1723,2.5E-1);
#1725=CARTESIAN_POINT('',(-5.18E0,-3.15E0,3.4E0));
#1726=LINE('',#1725,#1724);
#1727=CURVE_STYLE('',#67,POSITIVE_LENGTH_MEASURE(2.E-2),#23);
#1728=PRESENTATION_STYLE_ASSIGNMENT((#1727));
#1729=STYLED_ITEM('',(#1728),#1726);
#1730=CARTESIAN_POINT('',(-5.18E0,-3.15E0,3.2E0));
#1731=DIRECTION('',(0.E0,1.E0,0.E0));
#1732=DIRECTION('',(-1.E0,0.E0,0.E0));
#1733=AXIS2_PLACEMENT_3D('',#1730,#1731,#1732);
#1735=CURVE_STYLE('',#67,POSITIVE_LENGTH_MEASURE(2.E-2),#23);
#1736=PRESENTATION_STYLE_ASSIGNMENT((#1735));
#1737=STYLED_ITEM('',(#1736),#1734);
#1738=DIRECTION('',(0.E0,1.E0,0.E0));
#1739=VECTOR('',#1738,2.372034097177E-1);
#1740=CARTESIAN_POINT('',(5.38E0,-4.487203409718E0,2.5E-1));
#1741=LINE('',#1740,#1739);
#1742=CURVE_STYLE('',#67,POSITIVE_LENGTH_MEASURE(2.E-2),#23);
#1743=PRESENTATION_STYLE_ASSIGNMENT((#1742));
#1744=STYLED_ITEM('',(#1743),#1741);
#1745=DIRECTION('',(0.E0,-1.E0,0.E0));
#1746=VECTOR('',#1745,2.372034097177E-1);
#1747=CARTESIAN_POINT('',(4.78E0,-4.25E0,2.5E-1));
#1748=LINE('',#1747,#1746);
#1749=CURVE_STYLE('',#67,POSITIVE_LENGTH_MEASURE(2.E-2),#23);
#1750=PRESENTATION_STYLE_ASSIGNMENT((#1749));
#1751=STYLED_ITEM('',(#1750),#1748);
#1752=DIRECTION('',(0.E0,1.E0,0.E0));
#1753=VECTOR('',#1752,2.372034097177E-1);
#1754=CARTESIAN_POINT('',(2.84E0,-4.487203409718E0,2.5E-1));
#1755=LINE('',#1754,#1753);
#1756=CURVE_STYLE('',#67,POSITIVE_LENGTH_MEASURE(2.E-2),#23);
#1757=PRESENTATION_STYLE_ASSIGNMENT((#1756));
#1758=STYLED_ITEM('',(#1757),#1755);
#1759=DIRECTION('',(0.E0,-1.E0,0.E0));
#1760=VECTOR('',#1759,2.372034097177E-1);
#1761=CARTESIAN_POINT('',(2.24E0,-4.25E0,2.5E-1));
#1762=LINE('',#1761,#1760);
#1763=CURVE_STYLE('',#67,POSITIVE_LENGTH_MEASURE(2.E-2),#23);
#1764=PRESENTATION_STYLE_ASSIGNMENT((#1763));
#1765=STYLED_ITEM('',(#1764),#1762);
#1766=DIRECTION('',(0.E0,1.E0,0.E0));
#1767=VECTOR('',#1766,2.372034097177E-1);
#1768=CARTESIAN_POINT('',(3.E-1,-4.487203409718E0,2.5E-1));
#1769=LINE('',#1768,#1767);
#1770=CURVE_STYLE('',#67,POSITIVE_LENGTH_MEASURE(2.E-2),#23);
#1771=PRESENTATION_STYLE_ASSIGNMENT((#1770));
#1772=STYLED_ITEM('',(#1771),#1769);
#1773=DIRECTION('',(0.E0,-1.E0,0.E0));
#1774=VECTOR('',#1773,2.372034097177E-1);
#1775=CARTESIAN_POINT('',(-3.E-1,-4.25E0,2.5E-1));
#1776=LINE('',#1775,#1774);
#1777=CURVE_STYLE('',#67,POSITIVE_LENGTH_MEASURE(2.E-2),#23);
#1778=PRESENTATION_STYLE_ASSIGNMENT((#1777));
#1779=STYLED_ITEM('',(#1778),#1776);
#1780=DIRECTION('',(0.E0,1.E0,0.E0));
#1781=VECTOR('',#1780,2.372034097177E-1);
#1782=CARTESIAN_POINT('',(-4.78E0,-4.487203409718E0,2.5E-1));
#1783=LINE('',#1782,#1781);
#1784=CURVE_STYLE('',#67,POSITIVE_LENGTH_MEASURE(2.E-2),#23);
#1785=PRESENTATION_STYLE_ASSIGNMENT((#1784));
#1786=STYLED_ITEM('',(#1785),#1783);
#1787=DIRECTION('',(0.E0,-1.E0,0.E0));
#1788=VECTOR('',#1787,2.372034097177E-1);
#1789=CARTESIAN_POINT('',(-5.38E0,-4.25E0,2.5E-1));
#1790=LINE('',#1789,#1788);
#1791=CURVE_STYLE('',#67,POSITIVE_LENGTH_MEASURE(2.E-2),#23);
#1792=PRESENTATION_STYLE_ASSIGNMENT((#1791));
#1793=STYLED_ITEM('',(#1792),#1790);
#1794=DIRECTION('',(0.E0,-1.E0,0.E0));
#1795=VECTOR('',#1794,2.372034097177E-1);
#1796=CARTESIAN_POINT('',(-2.84E0,-4.25E0,2.5E-1));
#1797=LINE('',#1796,#1795);
#1798=CURVE_STYLE('',#67,POSITIVE_LENGTH_MEASURE(2.E-2),#23);
#1799=PRESENTATION_STYLE_ASSIGNMENT((#1798));
#1800=STYLED_ITEM('',(#1799),#1797);
#1801=DIRECTION('',(0.E0,1.E0,0.E0));
#1802=VECTOR('',#1801,2.372034097177E-1);
#1803=CARTESIAN_POINT('',(-2.24E0,-4.487203409718E0,2.5E-1));
#1804=LINE('',#1803,#1802);
#1805=CURVE_STYLE('',#67,POSITIVE_LENGTH_MEASURE(2.E-2),#23);
#1806=PRESENTATION_STYLE_ASSIGNMENT((#1805));
#1807=STYLED_ITEM('',(#1806),#1804);
#1808=DIRECTION('',(-1.E0,0.E0,0.E0));
#1809=VECTOR('',#1808,6.E-1);
#1810=CARTESIAN_POINT('',(5.38E0,-4.986518177095E0,-2.238320218786E-1));
#1811=LINE('',#1810,#1809);
#1812=CURVE_STYLE('',#67,POSITIVE_LENGTH_MEASURE(2.E-2),#23);
#1813=PRESENTATION_STYLE_ASSIGNMENT((#1812));
#1814=STYLED_ITEM('',(#1813),#1811);
#1815=CARTESIAN_POINT('',(4.78E0,-4.487203409718E0,-2.5E-1));
#1816=DIRECTION('',(1.E0,0.E0,0.E0));
#1817=DIRECTION('',(0.E0,0.E0,1.E0));
#1818=AXIS2_PLACEMENT_3D('',#1815,#1816,#1817);
#1820=CURVE_STYLE('',#67,POSITIVE_LENGTH_MEASURE(2.E-2),#23);
#1821=PRESENTATION_STYLE_ASSIGNMENT((#1820));
#1822=STYLED_ITEM('',(#1821),#1819);
#1823=DIRECTION('',(-1.E0,0.E0,0.E0));
#1824=VECTOR('',#1823,6.E-1);
#1825=CARTESIAN_POINT('',(5.38E0,-4.487203409718E0,2.5E-1));
#1826=LINE('',#1825,#1824);
#1827=CURVE_STYLE('',#67,POSITIVE_LENGTH_MEASURE(2.E-2),#23);
#1828=PRESENTATION_STYLE_ASSIGNMENT((#1827));
#1829=STYLED_ITEM('',(#1828),#1826);
#1830=CARTESIAN_POINT('',(5.38E0,-4.487203409718E0,-2.5E-1));
#1831=DIRECTION('',(-1.E0,0.E0,0.E0));
#1832=DIRECTION('',(0.E0,-9.986295347546E-1,5.233595624277E-2));
#1833=AXIS2_PLACEMENT_3D('',#1830,#1831,#1832);
#1835=CURVE_STYLE('',#67,POSITIVE_LENGTH_MEASURE(2.E-2),#23);
#1836=PRESENTATION_STYLE_ASSIGNMENT((#1835));
#1837=STYLED_ITEM('',(#1836),#1834);
#1838=DIRECTION('',(-1.E0,0.E0,0.E0));
#1839=VECTOR('',#1838,6.E-1);
#1840=CARTESIAN_POINT('',(2.84E0,-4.986518177095E0,-2.238320218786E-1));
#1841=LINE('',#1840,#1839);
#1842=CURVE_STYLE('',#67,POSITIVE_LENGTH_MEASURE(2.E-2),#23);
#1843=PRESENTATION_STYLE_ASSIGNMENT((#1842));
#1844=STYLED_ITEM('',(#1843),#1841);
#1845=CARTESIAN_POINT('',(2.24E0,-4.487203409718E0,-2.5E-1));
#1846=DIRECTION('',(1.E0,0.E0,0.E0));
#1847=DIRECTION('',(0.E0,0.E0,1.E0));
#1848=AXIS2_PLACEMENT_3D('',#1845,#1846,#1847);
#1850=CURVE_STYLE('',#67,POSITIVE_LENGTH_MEASURE(2.E-2),#23);
#1851=PRESENTATION_STYLE_ASSIGNMENT((#1850));
#1852=STYLED_ITEM('',(#1851),#1849);
#1853=DIRECTION('',(-1.E0,0.E0,0.E0));
#1854=VECTOR('',#1853,6.E-1);
#1855=CARTESIAN_POINT('',(2.84E0,-4.487203409718E0,2.5E-1));
#1856=LINE('',#1855,#1854);
#1857=CURVE_STYLE('',#67,POSITIVE_LENGTH_MEASURE(2.E-2),#23);
#1858=PRESENTATION_STYLE_ASSIGNMENT((#1857));
#1859=STYLED_ITEM('',(#1858),#1856);
#1860=CARTESIAN_POINT('',(2.84E0,-4.487203409718E0,-2.5E-1));
#1861=DIRECTION('',(-1.E0,0.E0,0.E0));
#1862=DIRECTION('',(0.E0,-9.986295347546E-1,5.233595624277E-2));
#1863=AXIS2_PLACEMENT_3D('',#1860,#1861,#1862);
#1865=CURVE_STYLE('',#67,POSITIVE_LENGTH_MEASURE(2.E-2),#23);
#1866=PRESENTATION_STYLE_ASSIGNMENT((#1865));
#1867=STYLED_ITEM('',(#1866),#1864);
#1868=DIRECTION('',(0.E0,-5.233595624276E-2,-9.986295347546E-1));
#1869=VECTOR('',#1868,1.636260810131E0);
#1870=CARTESIAN_POINT('',(2.24E0,-4.986518177095E0,-2.238320218786E-1));
#1871=LINE('',#1870,#1869);
#1872=CURVE_STYLE('',#67,POSITIVE_LENGTH_MEASURE(2.E-2),#23);
#1873=PRESENTATION_STYLE_ASSIGNMENT((#1872));
#1874=STYLED_ITEM('',(#1873),#1871);
#1875=DIRECTION('',(0.E0,1.E0,0.E0));
#1876=VECTOR('',#1875,4.780521185311E-1);
#1877=CARTESIAN_POINT('',(2.24E0,-5.7E0,-2.E0));
#1878=LINE('',#1877,#1876);
#1879=CURVE_STYLE('',#67,POSITIVE_LENGTH_MEASURE(2.E-2),#23);
#1880=PRESENTATION_STYLE_ASSIGNMENT((#1879));
#1881=STYLED_ITEM('',(#1880),#1878);
#1882=DIRECTION('',(0.E0,0.E0,1.E0));
#1883=VECTOR('',#1882,2.5E-1);
#1884=CARTESIAN_POINT('',(2.24E0,-5.7E0,-2.25E0));
#1885=LINE('',#1884,#1883);
#1886=CURVE_STYLE('',#67,POSITIVE_LENGTH_MEASURE(2.E-2),#23);
#1887=PRESENTATION_STYLE_ASSIGNMENT((#1886));
#1888=STYLED_ITEM('',(#1887),#1885);
#1889=DIRECTION('',(0.E0,-1.E0,0.E0));
#1890=VECTOR('',#1889,4.780521185304E-1);
#1891=CARTESIAN_POINT('',(2.24E0,-5.221947881470E0,-2.25E0));
#1892=LINE('',#1891,#1890);
#1893=CURVE_STYLE('',#67,POSITIVE_LENGTH_MEASURE(2.E-2),#23);
#1894=PRESENTATION_STYLE_ASSIGNMENT((#1893));
#1895=STYLED_ITEM('',(#1894),#1892);
#1896=DIRECTION('',(0.E0,-5.233595624337E-2,-9.986295347546E-1));
#1897=VECTOR('',#1896,1.636260810131E0);
#1898=CARTESIAN_POINT('',(2.24E0,-4.736860793406E0,-2.369160109392E-1));
#1899=LINE('',#1898,#1897);
#1900=CURVE_STYLE('',#67,POSITIVE_LENGTH_MEASURE(2.E-2),#23);
#1901=PRESENTATION_STYLE_ASSIGNMENT((#1900));
#1902=STYLED_ITEM('',(#1901),#1899);
#1903=DIRECTION('',(0.E0,0.E0,1.E0));
#1904=VECTOR('',#1903,3.E-1);
#1905=CARTESIAN_POINT('',(2.24E0,-2.9E0,2.9E0));
#1906=LINE('',#1905,#1904);
#1907=CURVE_STYLE('',#67,POSITIVE_LENGTH_MEASURE(2.E-2),#23);
#1908=PRESENTATION_STYLE_ASSIGNMENT((#1907));
#1909=STYLED_ITEM('',(#1908),#1906);
#1910=DIRECTION('',(0.E0,0.E0,1.E0));
#1911=VECTOR('',#1910,3.E-1);
#1912=CARTESIAN_POINT('',(2.24E0,-3.15E0,2.9E0));
#1913=LINE('',#1912,#1911);
#1914=CURVE_STYLE('',#67,POSITIVE_LENGTH_MEASURE(2.E-2),#23);
#1915=PRESENTATION_STYLE_ASSIGNMENT((#1914));
#1916=STYLED_ITEM('',(#1915),#1913);
#1917=DIRECTION('',(1.E0,0.E0,0.E0));
#1918=VECTOR('',#1917,6.E-1);
#1919=CARTESIAN_POINT('',(2.24E0,-5.072153451256E0,-1.857850393436E0));
#1920=LINE('',#1919,#1918);
#1921=CURVE_STYLE('',#67,POSITIVE_LENGTH_MEASURE(2.E-2),#23);
#1922=PRESENTATION_STYLE_ASSIGNMENT((#1921));
#1923=STYLED_ITEM('',(#1922),#1920);
#1924=CARTESIAN_POINT('',(2.84E0,-5.221947881469E0,-1.85E0));
#1925=DIRECTION('',(1.E0,0.E0,0.E0));
#1926=DIRECTION('',(0.E0,0.E0,-1.E0));
#1927=AXIS2_PLACEMENT_3D('',#1924,#1925,#1926);
#1929=CURVE_STYLE('',#67,POSITIVE_LENGTH_MEASURE(2.E-2),#23);
#1930=PRESENTATION_STYLE_ASSIGNMENT((#1929));
#1931=STYLED_ITEM('',(#1930),#1928);
#1932=DIRECTION('',(1.E0,0.E0,0.E0));
#1933=VECTOR('',#1932,6.E-1);
#1934=CARTESIAN_POINT('',(2.24E0,-5.221947881469E0,-2.E0));
#1935=LINE('',#1934,#1933);
#1936=CURVE_STYLE('',#67,POSITIVE_LENGTH_MEASURE(2.E-2),#23);
#1937=PRESENTATION_STYLE_ASSIGNMENT((#1936));
#1938=STYLED_ITEM('',(#1937),#1935);
#1939=CARTESIAN_POINT('',(2.24E0,-5.221947881469E0,-1.85E0));
#1940=DIRECTION('',(-1.E0,0.E0,0.E0));
#1941=DIRECTION('',(0.E0,9.986295347546E-1,-5.233595624277E-2));
#1942=AXIS2_PLACEMENT_3D('',#1939,#1940,#1941);
#1944=CURVE_STYLE('',#67,POSITIVE_LENGTH_MEASURE(2.E-2),#23);
#1945=PRESENTATION_STYLE_ASSIGNMENT((#1944));
#1946=STYLED_ITEM('',(#1945),#1943);
#1947=DIRECTION('',(-1.E0,0.E0,0.E0));
#1948=VECTOR('',#1947,6.E-1);
#1949=CARTESIAN_POINT('',(2.84E0,-5.7E0,-2.E0));
#1950=LINE('',#1949,#1948);
#1951=CURVE_STYLE('',#67,POSITIVE_LENGTH_MEASURE(2.E-2),#23);
#1952=PRESENTATION_STYLE_ASSIGNMENT((#1951));
#1953=STYLED_ITEM('',(#1952),#1950);
#1954=DIRECTION('',(-1.E0,0.E0,0.E0));
#1955=VECTOR('',#1954,6.E-1);
#1956=CARTESIAN_POINT('',(2.84E0,-5.7E0,-2.25E0));
#1957=LINE('',#1956,#1955);
#1958=CURVE_STYLE('',#67,POSITIVE_LENGTH_MEASURE(2.E-2),#23);
#1959=PRESENTATION_STYLE_ASSIGNMENT((#1958));
#1960=STYLED_ITEM('',(#1959),#1957);
#1961=DIRECTION('',(-1.E0,0.E0,0.E0));
#1962=VECTOR('',#1961,6.E-1);
#1963=CARTESIAN_POINT('',(2.84E0,-4.822496067568E0,-1.870934382497E0));
#1964=LINE('',#1963,#1962);
#1965=CURVE_STYLE('',#67,POSITIVE_LENGTH_MEASURE(2.E-2),#23);
#1966=PRESENTATION_STYLE_ASSIGNMENT((#1965));
#1967=STYLED_ITEM('',(#1966),#1964);
#1968=CARTESIAN_POINT('',(2.24E0,-5.221947881470E0,-1.85E0));
#1969=DIRECTION('',(1.E0,0.E0,0.E0));
#1970=DIRECTION('',(0.E0,0.E0,-1.E0));
#1971=AXIS2_PLACEMENT_3D('',#1968,#1969,#1970);
#1973=CURVE_STYLE('',#67,POSITIVE_LENGTH_MEASURE(2.E-2),#23);
#1974=PRESENTATION_STYLE_ASSIGNMENT((#1973));
#1975=STYLED_ITEM('',(#1974),#1972);
#1976=DIRECTION('',(-1.E0,0.E0,0.E0));
#1977=VECTOR('',#1976,6.E-1);
#1978=CARTESIAN_POINT('',(2.84E0,-5.221947881470E0,-2.25E0));
#1979=LINE('',#1978,#1977);
#1980=CURVE_STYLE('',#67,POSITIVE_LENGTH_MEASURE(2.E-2),#23);
#1981=PRESENTATION_STYLE_ASSIGNMENT((#1980));
#1982=STYLED_ITEM('',(#1981),#1979);
#1983=CARTESIAN_POINT('',(2.84E0,-5.221947881470E0,-1.85E0));
#1984=DIRECTION('',(-1.E0,0.E0,0.E0));
#1985=DIRECTION('',(0.E0,9.986295347546E-1,-5.233595624338E-2));
#1986=AXIS2_PLACEMENT_3D('',#1983,#1984,#1985);
#1988=CURVE_STYLE('',#67,POSITIVE_LENGTH_MEASURE(2.E-2),#23);
#1989=PRESENTATION_STYLE_ASSIGNMENT((#1988));
#1990=STYLED_ITEM('',(#1989),#1987);
#1991=CARTESIAN_POINT('',(2.84E0,-4.487203409717E0,-2.5E-1));
#1992=DIRECTION('',(1.E0,0.E0,0.E0));
#1993=DIRECTION('',(0.E0,0.E0,1.E0));
#1994=AXIS2_PLACEMENT_3D('',#1991,#1992,#1993);
#1996=CURVE_STYLE('',#67,POSITIVE_LENGTH_MEASURE(2.E-2),#23);
#1997=PRESENTATION_STYLE_ASSIGNMENT((#1996));
#1998=STYLED_ITEM('',(#1997),#1995);
#1999=DIRECTION('',(-1.E0,0.E0,0.E0));
#2000=VECTOR('',#1999,6.E-1);
#2001=CARTESIAN_POINT('',(2.84E0,-4.487203409717E0,0.E0));
#2002=LINE('',#2001,#2000);
#2003=CURVE_STYLE('',#67,POSITIVE_LENGTH_MEASURE(2.E-2),#23);
#2004=PRESENTATION_STYLE_ASSIGNMENT((#2003));
#2005=STYLED_ITEM('',(#2004),#2002);
#2006=CARTESIAN_POINT('',(2.24E0,-4.487203409717E0,-2.5E-1));
#2007=DIRECTION('',(-1.E0,0.E0,0.E0));
#2008=DIRECTION('',(0.E0,-9.986295347546E-1,5.233595624337E-2));
#2009=AXIS2_PLACEMENT_3D('',#2006,#2007,#2008);
#2011=CURVE_STYLE('',#67,POSITIVE_LENGTH_MEASURE(2.E-2),#23);
#2012=PRESENTATION_STYLE_ASSIGNMENT((#2011));
#2013=STYLED_ITEM('',(#2012),#2010);
#2014=DIRECTION('',(-1.E0,0.E0,0.E0));
#2015=VECTOR('',#2014,6.E-1);
#2016=CARTESIAN_POINT('',(2.84E0,-4.736860793406E0,-2.369160109392E-1));
#2017=LINE('',#2016,#2015);
#2018=CURVE_STYLE('',#67,POSITIVE_LENGTH_MEASURE(2.E-2),#23);
#2019=PRESENTATION_STYLE_ASSIGNMENT((#2018));
#2020=STYLED_ITEM('',(#2019),#2017);
#2021=DIRECTION('',(0.E0,1.E0,0.E0));
#2022=VECTOR('',#2021,2.5E-1);
#2023=CARTESIAN_POINT('',(2.24E0,-3.15E0,3.2E0));
#2024=LINE('',#2023,#2022);
#2025=CURVE_STYLE('',#67,POSITIVE_LENGTH_MEASURE(2.E-2),#23);
#2026=PRESENTATION_STYLE_ASSIGNMENT((#2025));
#2027=STYLED_ITEM('',(#2026),#2024);
#2028=CARTESIAN_POINT('',(2.44E0,-2.9E0,3.2E0));
#2029=DIRECTION('',(0.E0,-1.E0,0.E0));
#2030=DIRECTION('',(0.E0,0.E0,1.E0));
#2031=AXIS2_PLACEMENT_3D('',#2028,#2029,#2030);
#2033=CURVE_STYLE('',#67,POSITIVE_LENGTH_MEASURE(2.E-2),#23);
#2034=PRESENTATION_STYLE_ASSIGNMENT((#2033));
#2035=STYLED_ITEM('',(#2034),#2032);
#2036=DIRECTION('',(0.E0,1.E0,0.E0));
#2037=VECTOR('',#2036,2.5E-1);
#2038=CARTESIAN_POINT('',(2.44E0,-3.15E0,3.4E0));
#2039=LINE('',#2038,#2037);
#2040=CURVE_STYLE('',#67,POSITIVE_LENGTH_MEASURE(2.E-2),#23);
#2041=PRESENTATION_STYLE_ASSIGNMENT((#2040));
#2042=STYLED_ITEM('',(#2041),#2039);
#2043=CARTESIAN_POINT('',(2.44E0,-3.15E0,3.2E0));
#2044=DIRECTION('',(0.E0,1.E0,0.E0));
#2045=DIRECTION('',(-1.E0,0.E0,0.E0));
#2046=AXIS2_PLACEMENT_3D('',#2043,#2044,#2045);
#2048=CURVE_STYLE('',#67,POSITIVE_LENGTH_MEASURE(2.E-2),#23);
#2049=PRESENTATION_STYLE_ASSIGNMENT((#2048));
#2050=STYLED_ITEM('',(#2049),#2047);
#2051=DIRECTION('',(0.E0,0.E0,1.E0));
#2052=VECTOR('',#2051,3.E-1);
#2053=CARTESIAN_POINT('',(2.84E0,-3.15E0,2.9E0));
#2054=LINE('',#2053,#2052);
#2055=CURVE_STYLE('',#67,POSITIVE_LENGTH_MEASURE(2.E-2),#23);
#2056=PRESENTATION_STYLE_ASSIGNMENT((#2055));
#2057=STYLED_ITEM('',(#2056),#2054);
#2058=DIRECTION('',(0.E0,-5.233595624337E-2,-9.986295347546E-1));
#2059=VECTOR('',#2058,1.636260810131E0);
#2060=CARTESIAN_POINT('',(3.E-1,-4.736860793406E0,-2.369160109392E-1));
#2061=LINE('',#2060,#2059);
#2062=CURVE_STYLE('',#67,POSITIVE_LENGTH_MEASURE(2.E-2),#23);
#2063=PRESENTATION_STYLE_ASSIGNMENT((#2062));
#2064=STYLED_ITEM('',(#2063),#2061);
#2065=DIRECTION('',(0.E0,-1.E0,0.E0));
#2066=VECTOR('',#2065,4.780521185304E-1);
#2067=CARTESIAN_POINT('',(3.E-1,-5.221947881470E0,-2.25E0));
#2068=LINE('',#2067,#2066);
#2069=CURVE_STYLE('',#67,POSITIVE_LENGTH_MEASURE(2.E-2),#23);
#2070=PRESENTATION_STYLE_ASSIGNMENT((#2069));
#2071=STYLED_ITEM('',(#2070),#2068);
#2072=DIRECTION('',(0.E0,0.E0,1.E0));
#2073=VECTOR('',#2072,2.5E-1);
#2074=CARTESIAN_POINT('',(3.E-1,-5.7E0,-2.25E0));
#2075=LINE('',#2074,#2073);
#2076=CURVE_STYLE('',#67,POSITIVE_LENGTH_MEASURE(2.E-2),#23);
#2077=PRESENTATION_STYLE_ASSIGNMENT((#2076));
#2078=STYLED_ITEM('',(#2077),#2075);
#2079=DIRECTION('',(0.E0,1.E0,0.E0));
#2080=VECTOR('',#2079,4.780521185311E-1);
#2081=CARTESIAN_POINT('',(3.E-1,-5.7E0,-2.E0));
#2082=LINE('',#2081,#2080);
#2083=CURVE_STYLE('',#67,POSITIVE_LENGTH_MEASURE(2.E-2),#23);
#2084=PRESENTATION_STYLE_ASSIGNMENT((#2083));
#2085=STYLED_ITEM('',(#2084),#2082);
#2086=DIRECTION('',(0.E0,0.E0,-1.E0));
#2087=VECTOR('',#2086,3.E-1);
#2088=CARTESIAN_POINT('',(3.E-1,-2.9E0,3.2E0));
#2089=LINE('',#2088,#2087);
#2090=CURVE_STYLE('',#67,POSITIVE_LENGTH_MEASURE(2.E-2),#23);
#2091=PRESENTATION_STYLE_ASSIGNMENT((#2090));
#2092=STYLED_ITEM('',(#2091),#2089);
#2093=CARTESIAN_POINT('',(3.E-1,-4.487203409717E0,-2.5E-1));
#2094=DIRECTION('',(1.E0,0.E0,0.E0));
#2095=DIRECTION('',(0.E0,0.E0,1.E0));
#2096=AXIS2_PLACEMENT_3D('',#2093,#2094,#2095);
#2098=CURVE_STYLE('',#67,POSITIVE_LENGTH_MEASURE(2.E-2),#23);
#2099=PRESENTATION_STYLE_ASSIGNMENT((#2098));
#2100=STYLED_ITEM('',(#2099),#2097);
#2101=DIRECTION('',(-1.E0,0.E0,0.E0));
#2102=VECTOR('',#2101,6.E-1);
#2103=CARTESIAN_POINT('',(3.E-1,-4.487203409717E0,0.E0));
#2104=LINE('',#2103,#2102);
#2105=CURVE_STYLE('',#67,POSITIVE_LENGTH_MEASURE(2.E-2),#23);
#2106=PRESENTATION_STYLE_ASSIGNMENT((#2105));
#2107=STYLED_ITEM('',(#2106),#2104);
#2108=CARTESIAN_POINT('',(-3.E-1,-4.487203409717E0,-2.5E-1));
#2109=DIRECTION('',(-1.E0,0.E0,0.E0));
#2110=DIRECTION('',(0.E0,-9.986295347546E-1,5.233595624337E-2));
#2111=AXIS2_PLACEMENT_3D('',#2108,#2109,#2110);
#2113=CURVE_STYLE('',#67,POSITIVE_LENGTH_MEASURE(2.E-2),#23);
#2114=PRESENTATION_STYLE_ASSIGNMENT((#2113));
#2115=STYLED_ITEM('',(#2114),#2112);
#2116=DIRECTION('',(-1.E0,0.E0,0.E0));
#2117=VECTOR('',#2116,6.E-1);
#2118=CARTESIAN_POINT('',(3.E-1,-4.736860793406E0,-2.369160109392E-1));
#2119=LINE('',#2118,#2117);
#2120=CURVE_STYLE('',#67,POSITIVE_LENGTH_MEASURE(2.E-2),#23);
#2121=PRESENTATION_STYLE_ASSIGNMENT((#2120));
#2122=STYLED_ITEM('',(#2121),#2119);
#2123=DIRECTION('',(0.E0,-5.233595624276E-2,-9.986295347546E-1));
#2124=VECTOR('',#2123,1.636260810131E0);
#2125=CARTESIAN_POINT('',(-3.E-1,-4.986518177095E0,-2.238320218786E-1));
#2126=LINE('',#2125,#2124);
#2127=CURVE_STYLE('',#67,POSITIVE_LENGTH_MEASURE(2.E-2),#23);
#2128=PRESENTATION_STYLE_ASSIGNMENT((#2127));
#2129=STYLED_ITEM('',(#2128),#2126);
#2130=DIRECTION('',(0.E0,1.E0,0.E0));
#2131=VECTOR('',#2130,4.780521185311E-1);
#2132=CARTESIAN_POINT('',(-3.E-1,-5.7E0,-2.E0));
#2133=LINE('',#2132,#2131);
#2134=CURVE_STYLE('',#67,POSITIVE_LENGTH_MEASURE(2.E-2),#23);
#2135=PRESENTATION_STYLE_ASSIGNMENT((#2134));
#2136=STYLED_ITEM('',(#2135),#2133);
#2137=DIRECTION('',(0.E0,0.E0,1.E0));
#2138=VECTOR('',#2137,2.5E-1);
#2139=CARTESIAN_POINT('',(-3.E-1,-5.7E0,-2.25E0));
#2140=LINE('',#2139,#2138);
#2141=CURVE_STYLE('',#67,POSITIVE_LENGTH_MEASURE(2.E-2),#23);
#2142=PRESENTATION_STYLE_ASSIGNMENT((#2141));
#2143=STYLED_ITEM('',(#2142),#2140);
#2144=DIRECTION('',(0.E0,-1.E0,0.E0));
#2145=VECTOR('',#2144,4.780521185304E-1);
#2146=CARTESIAN_POINT('',(-3.E-1,-5.221947881470E0,-2.25E0));
#2147=LINE('',#2146,#2145);
#2148=CURVE_STYLE('',#67,POSITIVE_LENGTH_MEASURE(2.E-2),#23);
#2149=PRESENTATION_STYLE_ASSIGNMENT((#2148));
#2150=STYLED_ITEM('',(#2149),#2147);
#2151=DIRECTION('',(0.E0,-5.233595624337E-2,-9.986295347546E-1));
#2152=VECTOR('',#2151,1.636260810131E0);
#2153=CARTESIAN_POINT('',(-3.E-1,-4.736860793406E0,-2.369160109392E-1));
#2154=LINE('',#2153,#2152);
#2155=CURVE_STYLE('',#67,POSITIVE_LENGTH_MEASURE(2.E-2),#23);
#2156=PRESENTATION_STYLE_ASSIGNMENT((#2155));
#2157=STYLED_ITEM('',(#2156),#2154);
#2158=DIRECTION('',(0.E0,0.E0,1.E0));
#2159=VECTOR('',#2158,3.E-1);
#2160=CARTESIAN_POINT('',(-3.E-1,-2.9E0,2.9E0));
#2161=LINE('',#2160,#2159);
#2162=CURVE_STYLE('',#67,POSITIVE_LENGTH_MEASURE(2.E-2),#23);
#2163=PRESENTATION_STYLE_ASSIGNMENT((#2162));
#2164=STYLED_ITEM('',(#2163),#2161);
#2165=DIRECTION('',(0.E0,0.E0,1.E0));
#2166=VECTOR('',#2165,3.E-1);
#2167=CARTESIAN_POINT('',(-3.E-1,-3.15E0,2.9E0));
#2168=LINE('',#2167,#2166);
#2169=CURVE_STYLE('',#67,POSITIVE_LENGTH_MEASURE(2.E-2),#23);
#2170=PRESENTATION_STYLE_ASSIGNMENT((#2169));
#2171=STYLED_ITEM('',(#2170),#2168);
#2172=DIRECTION('',(-1.E0,0.E0,0.E0));
#2173=VECTOR('',#2172,6.E-1);
#2174=CARTESIAN_POINT('',(3.E-1,-4.986518177095E0,-2.238320218786E-1));
#2175=LINE('',#2174,#2173);
#2176=CURVE_STYLE('',#67,POSITIVE_LENGTH_MEASURE(2.E-2),#23);
#2177=PRESENTATION_STYLE_ASSIGNMENT((#2176));
#2178=STYLED_ITEM('',(#2177),#2175);
#2179=CARTESIAN_POINT('',(-3.E-1,-4.487203409718E0,-2.5E-1));
#2180=DIRECTION('',(1.E0,0.E0,0.E0));
#2181=DIRECTION('',(0.E0,0.E0,1.E0));
#2182=AXIS2_PLACEMENT_3D('',#2179,#2180,#2181);
#2184=CURVE_STYLE('',#67,POSITIVE_LENGTH_MEASURE(2.E-2),#23);
#2185=PRESENTATION_STYLE_ASSIGNMENT((#2184));
#2186=STYLED_ITEM('',(#2185),#2183);
#2187=DIRECTION('',(-1.E0,0.E0,0.E0));
#2188=VECTOR('',#2187,6.E-1);
#2189=CARTESIAN_POINT('',(3.E-1,-4.487203409718E0,2.5E-1));
#2190=LINE('',#2189,#2188);
#2191=CURVE_STYLE('',#67,POSITIVE_LENGTH_MEASURE(2.E-2),#23);
#2192=PRESENTATION_STYLE_ASSIGNMENT((#2191));
#2193=STYLED_ITEM('',(#2192),#2190);
#2194=CARTESIAN_POINT('',(3.E-1,-4.487203409718E0,-2.5E-1));
#2195=DIRECTION('',(-1.E0,0.E0,0.E0));
#2196=DIRECTION('',(0.E0,-9.986295347546E-1,5.233595624277E-2));
#2197=AXIS2_PLACEMENT_3D('',#2194,#2195,#2196);
#2199=CURVE_STYLE('',#67,POSITIVE_LENGTH_MEASURE(2.E-2),#23);
#2200=PRESENTATION_STYLE_ASSIGNMENT((#2199));
#2201=STYLED_ITEM('',(#2200),#2198);
#2202=DIRECTION('',(1.E0,0.E0,0.E0));
#2203=VECTOR('',#2202,6.E-1);
#2204=CARTESIAN_POINT('',(-3.E-1,-5.072153451256E0,-1.857850393436E0));
#2205=LINE('',#2204,#2203);
#2206=CURVE_STYLE('',#67,POSITIVE_LENGTH_MEASURE(2.E-2),#23);
#2207=PRESENTATION_STYLE_ASSIGNMENT((#2206));
#2208=STYLED_ITEM('',(#2207),#2205);
#2209=CARTESIAN_POINT('',(3.E-1,-5.221947881469E0,-1.85E0));
#2210=DIRECTION('',(1.E0,0.E0,0.E0));
#2211=DIRECTION('',(0.E0,0.E0,-1.E0));
#2212=AXIS2_PLACEMENT_3D('',#2209,#2210,#2211);
#2214=CURVE_STYLE('',#67,POSITIVE_LENGTH_MEASURE(2.E-2),#23);
#2215=PRESENTATION_STYLE_ASSIGNMENT((#2214));
#2216=STYLED_ITEM('',(#2215),#2213);
#2217=DIRECTION('',(1.E0,0.E0,0.E0));
#2218=VECTOR('',#2217,6.E-1);
#2219=CARTESIAN_POINT('',(-3.E-1,-5.221947881469E0,-2.E0));
#2220=LINE('',#2219,#2218);
#2221=CURVE_STYLE('',#67,POSITIVE_LENGTH_MEASURE(2.E-2),#23);
#2222=PRESENTATION_STYLE_ASSIGNMENT((#2221));
#2223=STYLED_ITEM('',(#2222),#2220);
#2224=CARTESIAN_POINT('',(-3.E-1,-5.221947881469E0,-1.85E0));
#2225=DIRECTION('',(-1.E0,0.E0,0.E0));
#2226=DIRECTION('',(0.E0,9.986295347546E-1,-5.233595624277E-2));
#2227=AXIS2_PLACEMENT_3D('',#2224,#2225,#2226);
#2229=CURVE_STYLE('',#67,POSITIVE_LENGTH_MEASURE(2.E-2),#23);
#2230=PRESENTATION_STYLE_ASSIGNMENT((#2229));
#2231=STYLED_ITEM('',(#2230),#2228);
#2232=DIRECTION('',(-1.E0,0.E0,0.E0));
#2233=VECTOR('',#2232,6.E-1);
#2234=CARTESIAN_POINT('',(3.E-1,-5.7E0,-2.E0));
#2235=LINE('',#2234,#2233);
#2236=CURVE_STYLE('',#67,POSITIVE_LENGTH_MEASURE(2.E-2),#23);
#2237=PRESENTATION_STYLE_ASSIGNMENT((#2236));
#2238=STYLED_ITEM('',(#2237),#2235);
#2239=DIRECTION('',(-1.E0,0.E0,0.E0));
#2240=VECTOR('',#2239,6.E-1);
#2241=CARTESIAN_POINT('',(3.E-1,-5.7E0,-2.25E0));
#2242=LINE('',#2241,#2240);
#2243=CURVE_STYLE('',#67,POSITIVE_LENGTH_MEASURE(2.E-2),#23);
#2244=PRESENTATION_STYLE_ASSIGNMENT((#2243));
#2245=STYLED_ITEM('',(#2244),#2242);
#2246=DIRECTION('',(-1.E0,0.E0,0.E0));
#2247=VECTOR('',#2246,6.E-1);
#2248=CARTESIAN_POINT('',(3.E-1,-4.822496067568E0,-1.870934382497E0));
#2249=LINE('',#2248,#2247);
#2250=CURVE_STYLE('',#67,POSITIVE_LENGTH_MEASURE(2.E-2),#23);
#2251=PRESENTATION_STYLE_ASSIGNMENT((#2250));
#2252=STYLED_ITEM('',(#2251),#2249);
#2253=CARTESIAN_POINT('',(-3.E-1,-5.221947881470E0,-1.85E0));
#2254=DIRECTION('',(1.E0,0.E0,0.E0));
#2255=DIRECTION('',(0.E0,0.E0,-1.E0));
#2256=AXIS2_PLACEMENT_3D('',#2253,#2254,#2255);
#2258=CURVE_STYLE('',#67,POSITIVE_LENGTH_MEASURE(2.E-2),#23);
#2259=PRESENTATION_STYLE_ASSIGNMENT((#2258));
#2260=STYLED_ITEM('',(#2259),#2257);
#2261=DIRECTION('',(-1.E0,0.E0,0.E0));
#2262=VECTOR('',#2261,6.E-1);
#2263=CARTESIAN_POINT('',(3.E-1,-5.221947881470E0,-2.25E0));
#2264=LINE('',#2263,#2262);
#2265=CURVE_STYLE('',#67,POSITIVE_LENGTH_MEASURE(2.E-2),#23);
#2266=PRESENTATION_STYLE_ASSIGNMENT((#2265));
#2267=STYLED_ITEM('',(#2266),#2264);
#2268=CARTESIAN_POINT('',(3.E-1,-5.221947881470E0,-1.85E0));
#2269=DIRECTION('',(-1.E0,0.E0,0.E0));
#2270=DIRECTION('',(0.E0,9.986295347546E-1,-5.233595624338E-2));
#2271=AXIS2_PLACEMENT_3D('',#2268,#2269,#2270);
#2273=CURVE_STYLE('',#67,POSITIVE_LENGTH_MEASURE(2.E-2),#23);
#2274=PRESENTATION_STYLE_ASSIGNMENT((#2273));
#2275=STYLED_ITEM('',(#2274),#2272);
#2276=CARTESIAN_POINT('',(1.E-1,-2.9E0,3.2E0));
#2277=DIRECTION('',(0.E0,1.E0,0.E0));
#2278=DIRECTION('',(0.E0,0.E0,1.E0));
#2279=AXIS2_PLACEMENT_3D('',#2276,#2277,#2278);
#2281=CURVE_STYLE('',#67,POSITIVE_LENGTH_MEASURE(2.E-2),#23);
#2282=PRESENTATION_STYLE_ASSIGNMENT((#2281));
#2283=STYLED_ITEM('',(#2282),#2280);
#2284=DIRECTION('',(0.E0,-1.E0,0.E0));
#2285=VECTOR('',#2284,2.5E-1);
#2286=CARTESIAN_POINT('',(3.E-1,-2.9E0,3.2E0));
#2287=LINE('',#2286,#2285);
#2288=CURVE_STYLE('',#67,POSITIVE_LENGTH_MEASURE(2.E-2),#23);
#2289=PRESENTATION_STYLE_ASSIGNMENT((#2288));
#2290=STYLED_ITEM('',(#2289),#2287);
#2291=CARTESIAN_POINT('',(1.E-1,-3.15E0,3.2E0));
#2292=DIRECTION('',(0.E0,-1.E0,0.E0));
#2293=DIRECTION('',(1.E0,0.E0,0.E0));
#2294=AXIS2_PLACEMENT_3D('',#2291,#2292,#2293);
#2296=CURVE_STYLE('',#67,POSITIVE_LENGTH_MEASURE(2.E-2),#23);
#2297=PRESENTATION_STYLE_ASSIGNMENT((#2296));
#2298=STYLED_ITEM('',(#2297),#2295);
#2299=DIRECTION('',(0.E0,-1.E0,0.E0));
#2300=VECTOR('',#2299,2.5E-1);
#2301=CARTESIAN_POINT('',(1.E-1,-2.9E0,3.4E0));
#2302=LINE('',#2301,#2300);
#2303=CURVE_STYLE('',#67,POSITIVE_LENGTH_MEASURE(2.E-2),#23);
#2304=PRESENTATION_STYLE_ASSIGNMENT((#2303));
#2305=STYLED_ITEM('',(#2304),#2302);
#2306=DIRECTION('',(0.E0,0.E0,1.E0));
#2307=VECTOR('',#2306,3.E-1);
#2308=CARTESIAN_POINT('',(3.E-1,-3.15E0,2.9E0));
#2309=LINE('',#2308,#2307);
#2310=CURVE_STYLE('',#67,POSITIVE_LENGTH_MEASURE(2.E-2),#23);
#2311=PRESENTATION_STYLE_ASSIGNMENT((#2310));
#2312=STYLED_ITEM('',(#2311),#2309);
#2313=DIRECTION('',(0.E0,1.E0,0.E0));
#2314=VECTOR('',#2313,2.5E-1);
#2315=CARTESIAN_POINT('',(-3.E-1,-3.15E0,3.2E0));
#2316=LINE('',#2315,#2314);
#2317=CURVE_STYLE('',#67,POSITIVE_LENGTH_MEASURE(2.E-2),#23);
#2318=PRESENTATION_STYLE_ASSIGNMENT((#2317));
#2319=STYLED_ITEM('',(#2318),#2316);
#2320=CARTESIAN_POINT('',(-1.E-1,-2.9E0,3.2E0));
#2321=DIRECTION('',(0.E0,-1.E0,0.E0));
#2322=DIRECTION('',(0.E0,0.E0,1.E0));
#2323=AXIS2_PLACEMENT_3D('',#2320,#2321,#2322);
#2325=CURVE_STYLE('',#67,POSITIVE_LENGTH_MEASURE(2.E-2),#23);
#2326=PRESENTATION_STYLE_ASSIGNMENT((#2325));
#2327=STYLED_ITEM('',(#2326),#2324);
#2328=DIRECTION('',(0.E0,1.E0,0.E0));
#2329=VECTOR('',#2328,2.5E-1);
#2330=CARTESIAN_POINT('',(-1.E-1,-3.15E0,3.4E0));
#2331=LINE('',#2330,#2329);
#2332=CURVE_STYLE('',#67,POSITIVE_LENGTH_MEASURE(2.E-2),#23);
#2333=PRESENTATION_STYLE_ASSIGNMENT((#2332));
#2334=STYLED_ITEM('',(#2333),#2331);
#2335=CARTESIAN_POINT('',(-1.E-1,-3.15E0,3.2E0));
#2336=DIRECTION('',(0.E0,1.E0,0.E0));
#2337=DIRECTION('',(-1.E0,0.E0,0.E0));
#2338=AXIS2_PLACEMENT_3D('',#2335,#2336,#2337);
#2340=CURVE_STYLE('',#67,POSITIVE_LENGTH_MEASURE(2.E-2),#23);
#2341=PRESENTATION_STYLE_ASSIGNMENT((#2340));
#2342=STYLED_ITEM('',(#2341),#2339);
#2343=DIRECTION('',(-1.E0,0.E0,0.E0));
#2344=VECTOR('',#2343,6.E-1);
#2345=CARTESIAN_POINT('',(-4.78E0,-4.986518177095E0,-2.238320218786E-1));
#2346=LINE('',#2345,#2344);
#2347=CURVE_STYLE('',#67,POSITIVE_LENGTH_MEASURE(2.E-2),#23);
#2348=PRESENTATION_STYLE_ASSIGNMENT((#2347));
#2349=STYLED_ITEM('',(#2348),#2346);
#2350=CARTESIAN_POINT('',(-5.38E0,-4.487203409718E0,-2.5E-1));
#2351=DIRECTION('',(1.E0,0.E0,0.E0));
#2352=DIRECTION('',(0.E0,0.E0,1.E0));
#2353=AXIS2_PLACEMENT_3D('',#2350,#2351,#2352);
#2355=CURVE_STYLE('',#67,POSITIVE_LENGTH_MEASURE(2.E-2),#23);
#2356=PRESENTATION_STYLE_ASSIGNMENT((#2355));
#2357=STYLED_ITEM('',(#2356),#2354);
#2358=DIRECTION('',(-1.E0,0.E0,0.E0));
#2359=VECTOR('',#2358,6.E-1);
#2360=CARTESIAN_POINT('',(-4.78E0,-4.487203409718E0,2.5E-1));
#2361=LINE('',#2360,#2359);
#2362=CURVE_STYLE('',#67,POSITIVE_LENGTH_MEASURE(2.E-2),#23);
#2363=PRESENTATION_STYLE_ASSIGNMENT((#2362));
#2364=STYLED_ITEM('',(#2363),#2361);
#2365=CARTESIAN_POINT('',(-4.78E0,-4.487203409718E0,-2.5E-1));
#2366=DIRECTION('',(-1.E0,0.E0,0.E0));
#2367=DIRECTION('',(0.E0,-9.986295347546E-1,5.233595624277E-2));
#2368=AXIS2_PLACEMENT_3D('',#2365,#2366,#2367);
#2370=CURVE_STYLE('',#67,POSITIVE_LENGTH_MEASURE(2.E-2),#23);
#2371=PRESENTATION_STYLE_ASSIGNMENT((#2370));
#2372=STYLED_ITEM('',(#2371),#2369);
#2373=DIRECTION('',(0.E0,-5.233595624276E-2,-9.986295347546E-1));
#2374=VECTOR('',#2373,1.636260810131E0);
#2375=CARTESIAN_POINT('',(-2.84E0,-4.986518177095E0,-2.238320218786E-1));
#2376=LINE('',#2375,#2374);
#2377=CURVE_STYLE('',#67,POSITIVE_LENGTH_MEASURE(2.E-2),#23);
#2378=PRESENTATION_STYLE_ASSIGNMENT((#2377));
#2379=STYLED_ITEM('',(#2378),#2376);
#2380=DIRECTION('',(0.E0,1.E0,0.E0));
#2381=VECTOR('',#2380,4.780521185311E-1);
#2382=CARTESIAN_POINT('',(-2.84E0,-5.7E0,-2.E0));
#2383=LINE('',#2382,#2381);
#2384=CURVE_STYLE('',#67,POSITIVE_LENGTH_MEASURE(2.E-2),#23);
#2385=PRESENTATION_STYLE_ASSIGNMENT((#2384));
#2386=STYLED_ITEM('',(#2385),#2383);
#2387=DIRECTION('',(0.E0,0.E0,1.E0));
#2388=VECTOR('',#2387,2.5E-1);
#2389=CARTESIAN_POINT('',(-2.84E0,-5.7E0,-2.25E0));
#2390=LINE('',#2389,#2388);
#2391=CURVE_STYLE('',#67,POSITIVE_LENGTH_MEASURE(2.E-2),#23);
#2392=PRESENTATION_STYLE_ASSIGNMENT((#2391));
#2393=STYLED_ITEM('',(#2392),#2390);
#2394=DIRECTION('',(0.E0,-1.E0,0.E0));
#2395=VECTOR('',#2394,4.780521185304E-1);
#2396=CARTESIAN_POINT('',(-2.84E0,-5.221947881470E0,-2.25E0));
#2397=LINE('',#2396,#2395);
#2398=CURVE_STYLE('',#67,POSITIVE_LENGTH_MEASURE(2.E-2),#23);
#2399=PRESENTATION_STYLE_ASSIGNMENT((#2398));
#2400=STYLED_ITEM('',(#2399),#2397);
#2401=DIRECTION('',(0.E0,-5.233595624337E-2,-9.986295347546E-1));
#2402=VECTOR('',#2401,1.636260810131E0);
#2403=CARTESIAN_POINT('',(-2.84E0,-4.736860793406E0,-2.369160109392E-1));
#2404=LINE('',#2403,#2402);
#2405=CURVE_STYLE('',#67,POSITIVE_LENGTH_MEASURE(2.E-2),#23);
#2406=PRESENTATION_STYLE_ASSIGNMENT((#2405));
#2407=STYLED_ITEM('',(#2406),#2404);
#2408=DIRECTION('',(0.E0,0.E0,1.E0));
#2409=VECTOR('',#2408,3.E-1);
#2410=CARTESIAN_POINT('',(-2.84E0,-2.9E0,2.9E0));
#2411=LINE('',#2410,#2409);
#2412=CURVE_STYLE('',#67,POSITIVE_LENGTH_MEASURE(2.E-2),#23);
#2413=PRESENTATION_STYLE_ASSIGNMENT((#2412));
#2414=STYLED_ITEM('',(#2413),#2411);
#2415=DIRECTION('',(0.E0,0.E0,-1.E0));
#2416=VECTOR('',#2415,3.E-1);
#2417=CARTESIAN_POINT('',(-2.84E0,-3.15E0,3.2E0));
#2418=LINE('',#2417,#2416);
#2419=CURVE_STYLE('',#67,POSITIVE_LENGTH_MEASURE(2.E-2),#23);
#2420=PRESENTATION_STYLE_ASSIGNMENT((#2419));
#2421=STYLED_ITEM('',(#2420),#2418);
#2422=DIRECTION('',(-1.E0,0.E0,0.E0));
#2423=VECTOR('',#2422,6.E-1);
#2424=CARTESIAN_POINT('',(-2.24E0,-4.986518177095E0,-2.238320218786E-1));
#2425=LINE('',#2424,#2423);
#2426=CURVE_STYLE('',#67,POSITIVE_LENGTH_MEASURE(2.E-2),#23);
#2427=PRESENTATION_STYLE_ASSIGNMENT((#2426));
#2428=STYLED_ITEM('',(#2427),#2425);
#2429=CARTESIAN_POINT('',(-2.84E0,-4.487203409718E0,-2.5E-1));
#2430=DIRECTION('',(1.E0,0.E0,0.E0));
#2431=DIRECTION('',(0.E0,0.E0,1.E0));
#2432=AXIS2_PLACEMENT_3D('',#2429,#2430,#2431);
#2434=CURVE_STYLE('',#67,POSITIVE_LENGTH_MEASURE(2.E-2),#23);
#2435=PRESENTATION_STYLE_ASSIGNMENT((#2434));
#2436=STYLED_ITEM('',(#2435),#2433);
#2437=DIRECTION('',(-1.E0,0.E0,0.E0));
#2438=VECTOR('',#2437,6.E-1);
#2439=CARTESIAN_POINT('',(-2.24E0,-4.487203409718E0,2.5E-1));
#2440=LINE('',#2439,#2438);
#2441=CURVE_STYLE('',#67,POSITIVE_LENGTH_MEASURE(2.E-2),#23);
#2442=PRESENTATION_STYLE_ASSIGNMENT((#2441));
#2443=STYLED_ITEM('',(#2442),#2440);
#2444=CARTESIAN_POINT('',(-2.24E0,-4.487203409718E0,-2.5E-1));
#2445=DIRECTION('',(-1.E0,0.E0,0.E0));
#2446=DIRECTION('',(0.E0,-9.986295347546E-1,5.233595624277E-2));
#2447=AXIS2_PLACEMENT_3D('',#2444,#2445,#2446);
#2449=CURVE_STYLE('',#67,POSITIVE_LENGTH_MEASURE(2.E-2),#23);
#2450=PRESENTATION_STYLE_ASSIGNMENT((#2449));
#2451=STYLED_ITEM('',(#2450),#2448);
#2452=DIRECTION('',(0.E0,-5.233595624337E-2,-9.986295347546E-1));
#2453=VECTOR('',#2452,1.636260810131E0);
#2454=CARTESIAN_POINT('',(-2.24E0,-4.736860793406E0,-2.369160109392E-1));
#2455=LINE('',#2454,#2453);
#2456=CURVE_STYLE('',#67,POSITIVE_LENGTH_MEASURE(2.E-2),#23);
#2457=PRESENTATION_STYLE_ASSIGNMENT((#2456));
#2458=STYLED_ITEM('',(#2457),#2455);
#2459=DIRECTION('',(0.E0,-1.E0,0.E0));
#2460=VECTOR('',#2459,4.780521185304E-1);
#2461=CARTESIAN_POINT('',(-2.24E0,-5.221947881470E0,-2.25E0));
#2462=LINE('',#2461,#2460);
#2463=CURVE_STYLE('',#67,POSITIVE_LENGTH_MEASURE(2.E-2),#23);
#2464=PRESENTATION_STYLE_ASSIGNMENT((#2463));
#2465=STYLED_ITEM('',(#2464),#2462);
#2466=DIRECTION('',(0.E0,0.E0,1.E0));
#2467=VECTOR('',#2466,2.5E-1);
#2468=CARTESIAN_POINT('',(-2.24E0,-5.7E0,-2.25E0));
#2469=LINE('',#2468,#2467);
#2470=CURVE_STYLE('',#67,POSITIVE_LENGTH_MEASURE(2.E-2),#23);
#2471=PRESENTATION_STYLE_ASSIGNMENT((#2470));
#2472=STYLED_ITEM('',(#2471),#2469);
#2473=DIRECTION('',(0.E0,1.E0,0.E0));
#2474=VECTOR('',#2473,4.780521185311E-1);
#2475=CARTESIAN_POINT('',(-2.24E0,-5.7E0,-2.E0));
#2476=LINE('',#2475,#2474);
#2477=CURVE_STYLE('',#67,POSITIVE_LENGTH_MEASURE(2.E-2),#23);
#2478=PRESENTATION_STYLE_ASSIGNMENT((#2477));
#2479=STYLED_ITEM('',(#2478),#2476);
#2480=DIRECTION('',(0.E0,0.E0,-1.E0));
#2481=VECTOR('',#2480,3.E-1);
#2482=CARTESIAN_POINT('',(-2.24E0,-2.9E0,3.2E0));
#2483=LINE('',#2482,#2481);
#2484=CURVE_STYLE('',#67,POSITIVE_LENGTH_MEASURE(2.E-2),#23);
#2485=PRESENTATION_STYLE_ASSIGNMENT((#2484));
#2486=STYLED_ITEM('',(#2485),#2483);
#2487=DIRECTION('',(-1.E0,0.E0,0.E0));
#2488=VECTOR('',#2487,6.E-1);
#2489=CARTESIAN_POINT('',(-2.24E0,-4.487203409717E0,0.E0));
#2490=LINE('',#2489,#2488);
#2491=CURVE_STYLE('',#67,POSITIVE_LENGTH_MEASURE(2.E-2),#23);
#2492=PRESENTATION_STYLE_ASSIGNMENT((#2491));
#2493=STYLED_ITEM('',(#2492),#2490);
#2494=CARTESIAN_POINT('',(-2.84E0,-4.487203409717E0,-2.5E-1));
#2495=DIRECTION('',(-1.E0,0.E0,0.E0));
#2496=DIRECTION('',(0.E0,-9.986295347546E-1,5.233595624337E-2));
#2497=AXIS2_PLACEMENT_3D('',#2494,#2495,#2496);
#2499=CURVE_STYLE('',#67,POSITIVE_LENGTH_MEASURE(2.E-2),#23);
#2500=PRESENTATION_STYLE_ASSIGNMENT((#2499));
#2501=STYLED_ITEM('',(#2500),#2498);
#2502=DIRECTION('',(-1.E0,0.E0,0.E0));
#2503=VECTOR('',#2502,6.E-1);
#2504=CARTESIAN_POINT('',(-2.24E0,-4.736860793406E0,-2.369160109392E-1));
#2505=LINE('',#2504,#2503);
#2506=CURVE_STYLE('',#67,POSITIVE_LENGTH_MEASURE(2.E-2),#23);
#2507=PRESENTATION_STYLE_ASSIGNMENT((#2506));
#2508=STYLED_ITEM('',(#2507),#2505);
#2509=CARTESIAN_POINT('',(-2.24E0,-4.487203409717E0,-2.5E-1));
#2510=DIRECTION('',(1.E0,0.E0,0.E0));
#2511=DIRECTION('',(0.E0,0.E0,1.E0));
#2512=AXIS2_PLACEMENT_3D('',#2509,#2510,#2511);
#2514=CURVE_STYLE('',#67,POSITIVE_LENGTH_MEASURE(2.E-2),#23);
#2515=PRESENTATION_STYLE_ASSIGNMENT((#2514));
#2516=STYLED_ITEM('',(#2515),#2513);
#2517=DIRECTION('',(-1.E0,0.E0,0.E0));
#2518=VECTOR('',#2517,6.E-1);
#2519=CARTESIAN_POINT('',(-2.24E0,-4.822496067568E0,-1.870934382497E0));
#2520=LINE('',#2519,#2518);
#2521=CURVE_STYLE('',#67,POSITIVE_LENGTH_MEASURE(2.E-2),#23);
#2522=PRESENTATION_STYLE_ASSIGNMENT((#2521));
#2523=STYLED_ITEM('',(#2522),#2520);
#2524=CARTESIAN_POINT('',(-2.84E0,-5.221947881470E0,-1.85E0));
#2525=DIRECTION('',(1.E0,0.E0,0.E0));
#2526=DIRECTION('',(0.E0,0.E0,-1.E0));
#2527=AXIS2_PLACEMENT_3D('',#2524,#2525,#2526);
#2529=CURVE_STYLE('',#67,POSITIVE_LENGTH_MEASURE(2.E-2),#23);
#2530=PRESENTATION_STYLE_ASSIGNMENT((#2529));
#2531=STYLED_ITEM('',(#2530),#2528);
#2532=DIRECTION('',(-1.E0,0.E0,0.E0));
#2533=VECTOR('',#2532,6.E-1);
#2534=CARTESIAN_POINT('',(-2.24E0,-5.221947881470E0,-2.25E0));
#2535=LINE('',#2534,#2533);
#2536=CURVE_STYLE('',#67,POSITIVE_LENGTH_MEASURE(2.E-2),#23);
#2537=PRESENTATION_STYLE_ASSIGNMENT((#2536));
#2538=STYLED_ITEM('',(#2537),#2535);
#2539=CARTESIAN_POINT('',(-2.24E0,-5.221947881470E0,-1.85E0));
#2540=DIRECTION('',(-1.E0,0.E0,0.E0));
#2541=DIRECTION('',(0.E0,9.986295347546E-1,-5.233595624338E-2));
#2542=AXIS2_PLACEMENT_3D('',#2539,#2540,#2541);
#2544=CURVE_STYLE('',#67,POSITIVE_LENGTH_MEASURE(2.E-2),#23);
#2545=PRESENTATION_STYLE_ASSIGNMENT((#2544));
#2546=STYLED_ITEM('',(#2545),#2543);
#2547=DIRECTION('',(-1.E0,0.E0,0.E0));
#2548=VECTOR('',#2547,6.E-1);
#2549=CARTESIAN_POINT('',(-2.24E0,-5.7E0,-2.25E0));
#2550=LINE('',#2549,#2548);
#2551=CURVE_STYLE('',#67,POSITIVE_LENGTH_MEASURE(2.E-2),#23);
#2552=PRESENTATION_STYLE_ASSIGNMENT((#2551));
#2553=STYLED_ITEM('',(#2552),#2550);
#2554=DIRECTION('',(-1.E0,0.E0,0.E0));
#2555=VECTOR('',#2554,6.E-1);
#2556=CARTESIAN_POINT('',(-2.24E0,-5.7E0,-2.E0));
#2557=LINE('',#2556,#2555);
#2558=CURVE_STYLE('',#67,POSITIVE_LENGTH_MEASURE(2.E-2),#23);
#2559=PRESENTATION_STYLE_ASSIGNMENT((#2558));
#2560=STYLED_ITEM('',(#2559),#2557);
#2561=DIRECTION('',(1.E0,0.E0,0.E0));
#2562=VECTOR('',#2561,6.E-1);
#2563=CARTESIAN_POINT('',(-2.84E0,-5.072153451256E0,-1.857850393436E0));
#2564=LINE('',#2563,#2562);
#2565=CURVE_STYLE('',#67,POSITIVE_LENGTH_MEASURE(2.E-2),#23);
#2566=PRESENTATION_STYLE_ASSIGNMENT((#2565));
#2567=STYLED_ITEM('',(#2566),#2564);
#2568=CARTESIAN_POINT('',(-2.24E0,-5.221947881469E0,-1.85E0));
#2569=DIRECTION('',(1.E0,0.E0,0.E0));
#2570=DIRECTION('',(0.E0,0.E0,-1.E0));
#2571=AXIS2_PLACEMENT_3D('',#2568,#2569,#2570);
#2573=CURVE_STYLE('',#67,POSITIVE_LENGTH_MEASURE(2.E-2),#23);
#2574=PRESENTATION_STYLE_ASSIGNMENT((#2573));
#2575=STYLED_ITEM('',(#2574),#2572);
#2576=DIRECTION('',(1.E0,0.E0,0.E0));
#2577=VECTOR('',#2576,6.E-1);
#2578=CARTESIAN_POINT('',(-2.84E0,-5.221947881469E0,-2.E0));
#2579=LINE('',#2578,#2577);
#2580=CURVE_STYLE('',#67,POSITIVE_LENGTH_MEASURE(2.E-2),#23);
#2581=PRESENTATION_STYLE_ASSIGNMENT((#2580));
#2582=STYLED_ITEM('',(#2581),#2579);
#2583=CARTESIAN_POINT('',(-2.84E0,-5.221947881469E0,-1.85E0));
#2584=DIRECTION('',(-1.E0,0.E0,0.E0));
#2585=DIRECTION('',(0.E0,9.986295347546E-1,-5.233595624277E-2));
#2586=AXIS2_PLACEMENT_3D('',#2583,#2584,#2585);
#2588=CURVE_STYLE('',#67,POSITIVE_LENGTH_MEASURE(2.E-2),#23);
#2589=PRESENTATION_STYLE_ASSIGNMENT((#2588));
#2590=STYLED_ITEM('',(#2589),#2587);
#2591=DIRECTION('',(0.E0,0.E0,-1.E0));
#2592=VECTOR('',#2591,3.E-1);
#2593=CARTESIAN_POINT('',(-2.24E0,-3.15E0,3.2E0));
#2594=LINE('',#2593,#2592);
#2595=CURVE_STYLE('',#67,POSITIVE_LENGTH_MEASURE(2.E-2),#23);
#2596=PRESENTATION_STYLE_ASSIGNMENT((#2595));
#2597=STYLED_ITEM('',(#2596),#2594);
#2598=DIRECTION('',(0.E0,1.E0,0.E0));
#2599=VECTOR('',#2598,2.5E-1);
#2600=CARTESIAN_POINT('',(-2.84E0,-3.15E0,3.2E0));
#2601=LINE('',#2600,#2599);
#2602=CURVE_STYLE('',#67,POSITIVE_LENGTH_MEASURE(2.E-2),#23);
#2603=PRESENTATION_STYLE_ASSIGNMENT((#2602));
#2604=STYLED_ITEM('',(#2603),#2601);
#2605=CARTESIAN_POINT('',(-2.64E0,-2.9E0,3.2E0));
#2606=DIRECTION('',(0.E0,-1.E0,0.E0));
#2607=DIRECTION('',(0.E0,0.E0,1.E0));
#2608=AXIS2_PLACEMENT_3D('',#2605,#2606,#2607);
#2610=CURVE_STYLE('',#67,POSITIVE_LENGTH_MEASURE(2.E-2),#23);
#2611=PRESENTATION_STYLE_ASSIGNMENT((#2610));
#2612=STYLED_ITEM('',(#2611),#2609);
#2613=DIRECTION('',(0.E0,1.E0,0.E0));
#2614=VECTOR('',#2613,2.5E-1);
#2615=CARTESIAN_POINT('',(-2.64E0,-3.15E0,3.4E0));
#2616=LINE('',#2615,#2614);
#2617=CURVE_STYLE('',#67,POSITIVE_LENGTH_MEASURE(2.E-2),#23);
#2618=PRESENTATION_STYLE_ASSIGNMENT((#2617));
#2619=STYLED_ITEM('',(#2618),#2616);
#2620=CARTESIAN_POINT('',(-2.64E0,-3.15E0,3.2E0));
#2621=DIRECTION('',(0.E0,1.E0,0.E0));
#2622=DIRECTION('',(-1.E0,0.E0,0.E0));
#2623=AXIS2_PLACEMENT_3D('',#2620,#2621,#2622);
#2625=CURVE_STYLE('',#67,POSITIVE_LENGTH_MEASURE(2.E-2),#23);
#2626=PRESENTATION_STYLE_ASSIGNMENT((#2625));
#2627=STYLED_ITEM('',(#2626),#2624);
#2628=CARTESIAN_POINT('',(-2.44E0,-2.9E0,3.2E0));
#2629=DIRECTION('',(0.E0,1.E0,0.E0));
#2630=DIRECTION('',(0.E0,0.E0,1.E0));
#2631=AXIS2_PLACEMENT_3D('',#2628,#2629,#2630);
#2633=CURVE_STYLE('',#67,POSITIVE_LENGTH_MEASURE(2.E-2),#23);
#2634=PRESENTATION_STYLE_ASSIGNMENT((#2633));
#2635=STYLED_ITEM('',(#2634),#2632);
#2636=DIRECTION('',(0.E0,-1.E0,0.E0));
#2637=VECTOR('',#2636,2.5E-1);
#2638=CARTESIAN_POINT('',(-2.24E0,-2.9E0,3.2E0));
#2639=LINE('',#2638,#2637);
#2640=CURVE_STYLE('',#67,POSITIVE_LENGTH_MEASURE(2.E-2),#23);
#2641=PRESENTATION_STYLE_ASSIGNMENT((#2640));
#2642=STYLED_ITEM('',(#2641),#2639);
#2643=CARTESIAN_POINT('',(-2.44E0,-3.15E0,3.2E0));
#2644=DIRECTION('',(0.E0,-1.E0,0.E0));
#2645=DIRECTION('',(1.E0,0.E0,0.E0));
#2646=AXIS2_PLACEMENT_3D('',#2643,#2644,#2645);
#2648=CURVE_STYLE('',#67,POSITIVE_LENGTH_MEASURE(2.E-2),#23);
#2649=PRESENTATION_STYLE_ASSIGNMENT((#2648));
#2650=STYLED_ITEM('',(#2649),#2647);
#2651=DIRECTION('',(0.E0,-1.E0,0.E0));
#2652=VECTOR('',#2651,2.5E-1);
#2653=CARTESIAN_POINT('',(-2.44E0,-2.9E0,3.4E0));
#2654=LINE('',#2653,#2652);
#2655=CURVE_STYLE('',#67,POSITIVE_LENGTH_MEASURE(2.E-2),#23);
#2656=PRESENTATION_STYLE_ASSIGNMENT((#2655));
#2657=STYLED_ITEM('',(#2656),#2654);
#2658=DIRECTION('',(-1.E0,0.E0,0.E0));
#2659=VECTOR('',#2658,6.E-1);
#2660=CARTESIAN_POINT('',(-4.78E0,-5.7E0,-2.E0));
#2661=LINE('',#2660,#2659);
#2662=CURVE_STYLE('',#67,POSITIVE_LENGTH_MEASURE(2.E-2),#23);
#2663=PRESENTATION_STYLE_ASSIGNMENT((#2662));
#2664=STYLED_ITEM('',(#2663),#2661);
#2665=DIRECTION('',(-1.E0,0.E0,0.E0));
#2666=VECTOR('',#2665,6.E-1);
#2667=CARTESIAN_POINT('',(-4.78E0,-5.7E0,-2.25E0));
#2668=LINE('',#2667,#2666);
#2669=CURVE_STYLE('',#67,POSITIVE_LENGTH_MEASURE(2.E-2),#23);
#2670=PRESENTATION_STYLE_ASSIGNMENT((#2669));
#2671=STYLED_ITEM('',(#2670),#2668);
#2672=DIRECTION('',(-1.E0,0.E0,0.E0));
#2673=VECTOR('',#2672,6.E-1);
#2674=CARTESIAN_POINT('',(-4.78E0,-4.822496067568E0,-1.870934382497E0));
#2675=LINE('',#2674,#2673);
#2676=CURVE_STYLE('',#67,POSITIVE_LENGTH_MEASURE(2.E-2),#23);
#2677=PRESENTATION_STYLE_ASSIGNMENT((#2676));
#2678=STYLED_ITEM('',(#2677),#2675);
#2679=CARTESIAN_POINT('',(-5.38E0,-5.221947881470E0,-1.85E0));
#2680=DIRECTION('',(1.E0,0.E0,0.E0));
#2681=DIRECTION('',(0.E0,0.E0,-1.E0));
#2682=AXIS2_PLACEMENT_3D('',#2679,#2680,#2681);
#2684=CURVE_STYLE('',#67,POSITIVE_LENGTH_MEASURE(2.E-2),#23);
#2685=PRESENTATION_STYLE_ASSIGNMENT((#2684));
#2686=STYLED_ITEM('',(#2685),#2683);
#2687=DIRECTION('',(-1.E0,0.E0,0.E0));
#2688=VECTOR('',#2687,6.E-1);
#2689=CARTESIAN_POINT('',(-4.78E0,-5.221947881470E0,-2.25E0));
#2690=LINE('',#2689,#2688);
#2691=CURVE_STYLE('',#67,POSITIVE_LENGTH_MEASURE(2.E-2),#23);
#2692=PRESENTATION_STYLE_ASSIGNMENT((#2691));
#2693=STYLED_ITEM('',(#2692),#2690);
#2694=CARTESIAN_POINT('',(-4.78E0,-5.221947881470E0,-1.85E0));
#2695=DIRECTION('',(-1.E0,0.E0,0.E0));
#2696=DIRECTION('',(0.E0,9.986295347546E-1,-5.233595624338E-2));
#2697=AXIS2_PLACEMENT_3D('',#2694,#2695,#2696);
#2699=CURVE_STYLE('',#67,POSITIVE_LENGTH_MEASURE(2.E-2),#23);
#2700=PRESENTATION_STYLE_ASSIGNMENT((#2699));
#2701=STYLED_ITEM('',(#2700),#2698);
#2702=DIRECTION('',(-1.E0,0.E0,0.E0));
#2703=VECTOR('',#2702,6.E-1);
#2704=CARTESIAN_POINT('',(-4.78E0,-4.487203409717E0,0.E0));
#2705=LINE('',#2704,#2703);
#2706=CURVE_STYLE('',#67,POSITIVE_LENGTH_MEASURE(2.E-2),#23);
#2707=PRESENTATION_STYLE_ASSIGNMENT((#2706));
#2708=STYLED_ITEM('',(#2707),#2705);
#2709=CARTESIAN_POINT('',(-5.38E0,-4.487203409717E0,-2.5E-1));
#2710=DIRECTION('',(-1.E0,0.E0,0.E0));
#2711=DIRECTION('',(0.E0,-9.986295347546E-1,5.233595624337E-2));
#2712=AXIS2_PLACEMENT_3D('',#2709,#2710,#2711);
#2714=CURVE_STYLE('',#67,POSITIVE_LENGTH_MEASURE(2.E-2),#23);
#2715=PRESENTATION_STYLE_ASSIGNMENT((#2714));
#2716=STYLED_ITEM('',(#2715),#2713);
#2717=DIRECTION('',(-1.E0,0.E0,0.E0));
#2718=VECTOR('',#2717,6.E-1);
#2719=CARTESIAN_POINT('',(-4.78E0,-4.736860793406E0,-2.369160109392E-1));
#2720=LINE('',#2719,#2718);
#2721=CURVE_STYLE('',#67,POSITIVE_LENGTH_MEASURE(2.E-2),#23);
#2722=PRESENTATION_STYLE_ASSIGNMENT((#2721));
#2723=STYLED_ITEM('',(#2722),#2720);
#2724=CARTESIAN_POINT('',(-4.78E0,-4.487203409717E0,-2.5E-1));
#2725=DIRECTION('',(1.E0,0.E0,0.E0));
#2726=DIRECTION('',(0.E0,0.E0,1.E0));
#2727=AXIS2_PLACEMENT_3D('',#2724,#2725,#2726);
#2729=CURVE_STYLE('',#67,POSITIVE_LENGTH_MEASURE(2.E-2),#23);
#2730=PRESENTATION_STYLE_ASSIGNMENT((#2729));
#2731=STYLED_ITEM('',(#2730),#2728);
#2732=DIRECTION('',(-3.487826274237E-2,3.487826274238E-2,9.987827659587E-1));
#2733=VECTOR('',#2732,6.007312305034E-1);
#2734=CARTESIAN_POINT('',(6.08E0,-3.339071405284E0,2.3E0));
#2735=LINE('',#2734,#2733);
#2736=CURVE_STYLE('',#67,POSITIVE_LENGTH_MEASURE(2.E-2),#23);
#2737=PRESENTATION_STYLE_ASSIGNMENT((#2736));
#2738=STYLED_ITEM('',(#2737),#2735);
#2739=CARTESIAN_POINT('',(6.08E0,-3.339071405284E0,2.3E0));
#2740=CARTESIAN_POINT('',(6.08E0,-3.389040946635E0,2.3E0));
#2741=CARTESIAN_POINT('',(6.058327589183E0,-3.467307618519E0,2.3E0));
#2742=CARTESIAN_POINT('',(5.996624911557E0,-3.555513564946E0,2.3E0));
#2743=CARTESIAN_POINT('',(5.908418965130E0,-3.617216242572E0,2.3E0));
#2744=CARTESIAN_POINT('',(5.830152293245E0,-3.638888653389E0,2.3E0));
#2745=CARTESIAN_POINT('',(5.780182751894E0,-3.638888653389E0,2.3E0));
#2747=CURVE_STYLE('',#67,POSITIVE_LENGTH_MEASURE(2.E-2),#23);
#2748=PRESENTATION_STYLE_ASSIGNMENT((#2747));
#2749=STYLED_ITEM('',(#2748),#2746);
#2750=DIRECTION('',(-3.487826274238E-2,3.487826274237E-2,9.987827659587E-1));
#2751=VECTOR('',#2750,6.007312305034E-1);
#2752=CARTESIAN_POINT('',(5.780182751894E0,-3.638888653389E0,2.3E0));
#2753=LINE('',#2752,#2751);
#2754=CURVE_STYLE('',#67,POSITIVE_LENGTH_MEASURE(2.E-2),#23);
#2755=PRESENTATION_STYLE_ASSIGNMENT((#2754));
#2756=STYLED_ITEM('',(#2755),#2753);
#2757=CARTESIAN_POINT('',(5.759230290199E0,-3.617936191694E0,2.9E0));
#2758=CARTESIAN_POINT('',(5.809199831550E0,-3.617936191694E0,2.9E0));
#2759=CARTESIAN_POINT('',(5.887466503435E0,-3.596263780877E0,2.9E0));
#2760=CARTESIAN_POINT('',(5.975672449862E0,-3.534561103251E0,2.9E0));
#2761=CARTESIAN_POINT('',(6.037375127488E0,-3.446355156824E0,2.9E0));
#2762=CARTESIAN_POINT('',(6.059047538305E0,-3.368088484940E0,2.9E0));
#2763=CARTESIAN_POINT('',(6.059047538305E0,-3.318118943589E0,2.9E0));
#2765=CURVE_STYLE('',#67,POSITIVE_LENGTH_MEASURE(2.E-2),#23);
#2766=PRESENTATION_STYLE_ASSIGNMENT((#2765));
#2767=STYLED_ITEM('',(#2766),#2764);
#2768=DIRECTION('',(3.487826274237E-2,3.487826274237E-2,-9.987827659587E-1));
#2769=VECTOR('',#2768,6.007312305034E-1);
#2770=CARTESIAN_POINT('',(6.059047538305E0,-2.899817248106E0,2.9E0));
#2771=LINE('',#2770,#2769);
#2772=CURVE_STYLE('',#67,POSITIVE_LENGTH_MEASURE(2.E-2),#23);
#2773=PRESENTATION_STYLE_ASSIGNMENT((#2772));
#2774=STYLED_ITEM('',(#2773),#2771);
#2775=CARTESIAN_POINT('',(6.059047538305E0,-2.899817248106E0,2.9E0));
#2776=CARTESIAN_POINT('',(6.059047538305E0,-2.849847706755E0,2.9E0));
#2777=CARTESIAN_POINT('',(6.037375127488E0,-2.771581034870E0,2.9E0));
#2778=CARTESIAN_POINT('',(5.975672449862E0,-2.683375088443E0,2.9E0));
#2779=CARTESIAN_POINT('',(5.887466503435E0,-2.621672410817E0,2.9E0));
#2780=CARTESIAN_POINT('',(5.809199831550E0,-2.6E0,2.9E0));
#2781=CARTESIAN_POINT('',(5.759230290199E0,-2.6E0,2.9E0));
#2783=CURVE_STYLE('',#67,POSITIVE_LENGTH_MEASURE(2.E-2),#23);
#2784=PRESENTATION_STYLE_ASSIGNMENT((#2783));
#2785=STYLED_ITEM('',(#2784),#2782);
#2786=DIRECTION('',(3.487826274237E-2,3.487826274237E-2,-9.987827659587E-1));
#2787=VECTOR('',#2786,6.007312305034E-1);
#2788=CARTESIAN_POINT('',(5.759230290199E0,-2.6E0,2.9E0));
#2789=LINE('',#2788,#2787);
#2790=CURVE_STYLE('',#67,POSITIVE_LENGTH_MEASURE(2.E-2),#23);
#2791=PRESENTATION_STYLE_ASSIGNMENT((#2790));
#2792=STYLED_ITEM('',(#2791),#2789);
#2793=CARTESIAN_POINT('',(5.780182751894E0,-2.579047538305E0,2.3E0));
#2794=CARTESIAN_POINT('',(5.830152293245E0,-2.579047538305E0,2.3E0));
#2795=CARTESIAN_POINT('',(5.908418965130E0,-2.600719949122E0,2.3E0));
#2796=CARTESIAN_POINT('',(5.996624911557E0,-2.662422626748E0,2.3E0));
#2797=CARTESIAN_POINT('',(6.058327589183E0,-2.750628573175E0,2.3E0));
#2798=CARTESIAN_POINT('',(6.08E0,-2.828895245060E0,2.3E0));
#2799=CARTESIAN_POINT('',(6.08E0,-2.878864786411E0,2.3E0));
#2801=CURVE_STYLE('',#67,POSITIVE_LENGTH_MEASURE(2.E-2),#23);
#2802=PRESENTATION_STYLE_ASSIGNMENT((#2801));
#2803=STYLED_ITEM('',(#2802),#2800);
#2804=DIRECTION('',(1.E0,0.E0,0.E0));
#2805=VECTOR('',#2804,1.151846058040E1);
#2806=CARTESIAN_POINT('',(-5.759230290199E0,-2.6E0,2.9E0));
#2807=LINE('',#2806,#2805);
#2808=CURVE_STYLE('',#67,POSITIVE_LENGTH_MEASURE(2.E-2),#23);
#2809=PRESENTATION_STYLE_ASSIGNMENT((#2808));
#2810=STYLED_ITEM('',(#2809),#2807);
#2811=DIRECTION('',(-3.487827523564E-2,-3.486815920414E-2,9.987831182946E-1));
#2812=VECTOR('',#2811,3.704507947925E0);
#2813=CARTESIAN_POINT('',(-6.369840690485E0,-2.25E0,-1.399999999976E0));
#2814=LINE('',#2813,#2812);
#2815=CURVE_STYLE('',#67,POSITIVE_LENGTH_MEASURE(2.E-2),#23);
#2816=PRESENTATION_STYLE_ASSIGNMENT((#2815));
#2817=STYLED_ITEM('',(#2816),#2814);
#2818=CARTESIAN_POINT('',(-6.369840690485E0,-2.25E0,-1.399999999976E0));
#2819=CARTESIAN_POINT('',(-6.369838210205E0,-2.263245304667E0,
-1.399999999976E0));
#2820=CARTESIAN_POINT('',(-6.367260421734E0,-2.289161358245E0,
-1.400000000011E0));
#2821=CARTESIAN_POINT('',(-6.355818658841E0,-2.326989743738E0,
-1.399999999997E0));
#2822=CARTESIAN_POINT('',(-6.337234674964E0,-2.361739459884E0,
-1.400000000001E0));
#2823=CARTESIAN_POINT('',(-6.312224851854E0,-2.392225717973E0,-1.4E0));
#2824=CARTESIAN_POINT('',(-6.281737056390E0,-2.417236424386E0,-1.4E0));
#2825=CARTESIAN_POINT('',(-6.246984877620E0,-2.435821047313E0,-1.4E0));
#2826=CARTESIAN_POINT('',(-6.209146279454E0,-2.447264417420E0,-1.4E0));
#2827=CARTESIAN_POINT('',(-6.183216362186E0,-2.449840691185E0,-1.4E0));
#2828=CARTESIAN_POINT('',(-6.169962525782E0,-2.449840691185E0,-1.4E0));
#2830=CURVE_STYLE('',#67,POSITIVE_LENGTH_MEASURE(2.E-2),#23);
#2831=PRESENTATION_STYLE_ASSIGNMENT((#2830));
#2832=STYLED_ITEM('',(#2831),#2829);
#2833=DIRECTION('',(-3.487826274237E-2,-3.487826274237E-2,9.987827659587E-1));
#2834=VECTOR('',#2833,3.704509254771E0);
#2835=CARTESIAN_POINT('',(-6.169962525782E0,-2.449840691185E0,-1.4E0));
#2836=LINE('',#2835,#2834);
#2837=CURVE_STYLE('',#67,POSITIVE_LENGTH_MEASURE(2.E-2),#23);
#2838=PRESENTATION_STYLE_ASSIGNMENT((#2837));
#2839=STYLED_ITEM('',(#2838),#2836);
#2840=CARTESIAN_POINT('',(-6.299169372901E0,-2.579047538305E0,2.3E0));
#2841=CARTESIAN_POINT('',(-6.365795428036E0,-2.579047538305E0,2.3E0));
#2842=CARTESIAN_POINT('',(-6.448617193560E0,-2.528617193560E0,2.3E0));
#2843=CARTESIAN_POINT('',(-6.499047538305E0,-2.445795428036E0,2.3E0));
#2844=CARTESIAN_POINT('',(-6.499047538305E0,-2.379169372901E0,2.3E0));
#2846=CURVE_STYLE('',#67,POSITIVE_LENGTH_MEASURE(2.E-2),#23);
#2847=PRESENTATION_STYLE_ASSIGNMENT((#2846));
#2848=STYLED_ITEM('',(#2847),#2845);
#2849=DIRECTION('',(4.682014775881E-10,1.E0,-1.087890271694E-11));
#2850=VECTOR('',#2849,4.5E0);
#2851=CARTESIAN_POINT('',(-6.369840690485E0,-2.25E0,-1.399999999976E0));
#2852=LINE('',#2851,#2850);
#2853=CURVE_STYLE('',#67,POSITIVE_LENGTH_MEASURE(2.E-2),#23);
#2854=PRESENTATION_STYLE_ASSIGNMENT((#2853));
#2855=STYLED_ITEM('',(#2854),#2852);
#2856=DIRECTION('',(0.E0,1.E0,0.E0));
#2857=VECTOR('',#2856,4.758338745802E0);
#2858=CARTESIAN_POINT('',(-6.499047538305E0,-2.379169372901E0,2.3E0));
#2859=LINE('',#2858,#2857);
#2860=CURVE_STYLE('',#67,POSITIVE_LENGTH_MEASURE(2.E-2),#23);
#2861=PRESENTATION_STYLE_ASSIGNMENT((#2860));
#2862=STYLED_ITEM('',(#2861),#2859);
#2863=DIRECTION('',(1.E0,0.E0,0.E0));
#2864=VECTOR('',#2863,5.189866210069E-1);
#2865=CARTESIAN_POINT('',(-6.299169372901E0,-2.579047538305E0,2.3E0));
#2866=LINE('',#2865,#2864);
#2867=CURVE_STYLE('',#67,POSITIVE_LENGTH_MEASURE(2.E-2),#23);
#2868=PRESENTATION_STYLE_ASSIGNMENT((#2867));
#2869=STYLED_ITEM('',(#2868),#2866);
#2870=DIRECTION('',(0.E0,1.E0,0.E0));
#2871=VECTOR('',#2870,4.602066188731E-1);
#2872=CARTESIAN_POINT('',(-6.08E0,-3.339071405284E0,2.3E0));
#2873=LINE('',#2872,#2871);
#2874=CURVE_STYLE('',#67,POSITIVE_LENGTH_MEASURE(2.E-2),#23);
#2875=PRESENTATION_STYLE_ASSIGNMENT((#2874));
#2876=STYLED_ITEM('',(#2875),#2873);
#2877=DIRECTION('',(-1.E0,0.E0,0.E0));
#2878=VECTOR('',#2877,2.539557714115E-1);
#2879=CARTESIAN_POINT('',(-5.780182751894E0,-3.638888653389E0,2.3E0));
#2880=LINE('',#2879,#2878);
#2881=CURVE_STYLE('',#67,POSITIVE_LENGTH_MEASURE(2.E-2),#23);
#2882=PRESENTATION_STYLE_ASSIGNMENT((#2881));
#2883=STYLED_ITEM('',(#2882),#2880);
#2884=DIRECTION('',(0.E0,1.E0,0.E0));
#2885=VECTOR('',#2884,6.003209928589E0);
#2886=CARTESIAN_POINT('',(-7.008888653389E0,-2.664138523306E0,2.3E0));
#2887=LINE('',#2886,#2885);
#2888=CURVE_STYLE('',#67,POSITIVE_LENGTH_MEASURE(2.E-2),#23);
#2889=PRESENTATION_STYLE_ASSIGNMENT((#2888));
#2890=STYLED_ITEM('',(#2889),#2887);
#2891=DIRECTION('',(1.E0,0.E0,0.E0));
#2892=VECTOR('',#2891,9.288886533895E-1);
#2893=CARTESIAN_POINT('',(-6.709071405284E0,3.638888653389E0,2.3E0));
#2894=LINE('',#2893,#2892);
#2895=CURVE_STYLE('',#67,POSITIVE_LENGTH_MEASURE(2.E-2),#23);
#2896=PRESENTATION_STYLE_ASSIGNMENT((#2895));
#2897=STYLED_ITEM('',(#2896),#2894);
#2898=DIRECTION('',(0.E0,1.E0,0.E0));
#2899=VECTOR('',#2898,4.602066188730E-1);
#2900=CARTESIAN_POINT('',(-6.08E0,2.878864786411E0,2.3E0));
#2901=LINE('',#2900,#2899);
#2902=CURVE_STYLE('',#67,POSITIVE_LENGTH_MEASURE(2.E-2),#23);
#2903=PRESENTATION_STYLE_ASSIGNMENT((#2902));
#2904=STYLED_ITEM('',(#2903),#2901);
#2905=DIRECTION('',(-1.E0,0.E0,0.E0));
#2906=VECTOR('',#2905,5.189866210069E-1);
#2907=CARTESIAN_POINT('',(-5.780182751894E0,2.579047538305E0,2.3E0));
#2908=LINE('',#2907,#2906);
#2909=CURVE_STYLE('',#67,POSITIVE_LENGTH_MEASURE(2.E-2),#23);
#2910=PRESENTATION_STYLE_ASSIGNMENT((#2909));
#2911=STYLED_ITEM('',(#2910),#2908);
#2912=DIRECTION('',(1.E0,0.E0,0.E0));
#2913=VECTOR('',#2912,5.189866210069E-1);
#2914=CARTESIAN_POINT('',(5.780182751894E0,-2.579047538305E0,2.3E0));
#2915=LINE('',#2914,#2913);
#2916=CURVE_STYLE('',#67,POSITIVE_LENGTH_MEASURE(2.E-2),#23);
#2917=PRESENTATION_STYLE_ASSIGNMENT((#2916));
#2918=STYLED_ITEM('',(#2917),#2915);
#2919=DIRECTION('',(-1.E0,0.E0,0.E0));
#2920=VECTOR('',#2919,5.189866210069E-1);
#2921=CARTESIAN_POINT('',(6.299169372901E0,2.579047538305E0,2.3E0));
#2922=LINE('',#2921,#2920);
#2923=CURVE_STYLE('',#67,POSITIVE_LENGTH_MEASURE(2.E-2),#23);
#2924=PRESENTATION_STYLE_ASSIGNMENT((#2923));
#2925=STYLED_ITEM('',(#2924),#2922);
#2926=DIRECTION('',(0.E0,-1.E0,0.E0));
#2927=VECTOR('',#2926,4.602066188730E-1);
#2928=CARTESIAN_POINT('',(6.08E0,3.339071405284E0,2.3E0));
#2929=LINE('',#2928,#2927);
#2930=CURVE_STYLE('',#67,POSITIVE_LENGTH_MEASURE(2.E-2),#23);
#2931=PRESENTATION_STYLE_ASSIGNMENT((#2930));
#2932=STYLED_ITEM('',(#2931),#2929);
#2933=DIRECTION('',(1.E0,0.E0,0.E0));
#2934=VECTOR('',#2933,9.288886533895E-1);
#2935=CARTESIAN_POINT('',(5.780182751894E0,3.638888653389E0,2.3E0));
#2936=LINE('',#2935,#2934);
#2937=CURVE_STYLE('',#67,POSITIVE_LENGTH_MEASURE(2.E-2),#23);
#2938=PRESENTATION_STYLE_ASSIGNMENT((#2937));
#2939=STYLED_ITEM('',(#2938),#2936);
#2940=DIRECTION('',(0.E0,-1.E0,0.E0));
#2941=VECTOR('',#2940,6.678142810567E0);
#2942=CARTESIAN_POINT('',(7.008888653389E0,3.339071405284E0,2.3E0));
#2943=LINE('',#2942,#2941);
#2944=CURVE_STYLE('',#67,POSITIVE_LENGTH_MEASURE(2.E-2),#23);
#2945=PRESENTATION_STYLE_ASSIGNMENT((#2944));
#2946=STYLED_ITEM('',(#2945),#2943);
#2947=DIRECTION('',(-1.E0,0.E0,0.E0));
#2948=VECTOR('',#2947,9.288886533895E-1);
#2949=CARTESIAN_POINT('',(6.709071405284E0,-3.638888653389E0,2.3E0));
#2950=LINE('',#2949,#2948);
#2951=CURVE_STYLE('',#67,POSITIVE_LENGTH_MEASURE(2.E-2),#23);
#2952=PRESENTATION_STYLE_ASSIGNMENT((#2951));
#2953=STYLED_ITEM('',(#2952),#2950);
#2954=DIRECTION('',(0.E0,-1.E0,0.E0));
#2955=VECTOR('',#2954,4.602066188730E-1);
#2956=CARTESIAN_POINT('',(6.08E0,-2.878864786411E0,2.3E0));
#2957=LINE('',#2956,#2955);
#2958=CURVE_STYLE('',#67,POSITIVE_LENGTH_MEASURE(2.E-2),#23);
#2959=PRESENTATION_STYLE_ASSIGNMENT((#2958));
#2960=STYLED_ITEM('',(#2959),#2957);
#2961=DIRECTION('',(3.487826274237E-2,-3.487826274237E-2,9.987827659587E-1));
#2962=VECTOR('',#2961,6.007312305034E-1);
#2963=CARTESIAN_POINT('',(-6.08E0,-2.878864786411E0,2.3E0));
#2964=LINE('',#2963,#2962);
#2965=CURVE_STYLE('',#67,POSITIVE_LENGTH_MEASURE(2.E-2),#23);
#2966=PRESENTATION_STYLE_ASSIGNMENT((#2965));
#2967=STYLED_ITEM('',(#2966),#2964);
#2968=CARTESIAN_POINT('',(-6.08E0,-2.878864786411E0,2.3E0));
#2969=CARTESIAN_POINT('',(-6.08E0,-2.828895245060E0,2.3E0));
#2970=CARTESIAN_POINT('',(-6.058327589183E0,-2.750628573175E0,2.3E0));
#2971=CARTESIAN_POINT('',(-5.996624911557E0,-2.662422626748E0,2.3E0));
#2972=CARTESIAN_POINT('',(-5.908418965130E0,-2.600719949122E0,2.3E0));
#2973=CARTESIAN_POINT('',(-5.830152293245E0,-2.579047538305E0,2.3E0));
#2974=CARTESIAN_POINT('',(-5.780182751894E0,-2.579047538305E0,2.3E0));
#2976=CURVE_STYLE('',#67,POSITIVE_LENGTH_MEASURE(2.E-2),#23);
#2977=PRESENTATION_STYLE_ASSIGNMENT((#2976));
#2978=STYLED_ITEM('',(#2977),#2975);
#2979=DIRECTION('',(3.487826274238E-2,-3.487826274237E-2,9.987827659587E-1));
#2980=VECTOR('',#2979,6.007312305034E-1);
#2981=CARTESIAN_POINT('',(-5.780182751894E0,-2.579047538305E0,2.3E0));
#2982=LINE('',#2981,#2980);
#2983=CURVE_STYLE('',#67,POSITIVE_LENGTH_MEASURE(2.E-2),#23);
#2984=PRESENTATION_STYLE_ASSIGNMENT((#2983));
#2985=STYLED_ITEM('',(#2984),#2982);
#2986=CARTESIAN_POINT('',(-5.759230290199E0,-2.6E0,2.9E0));
#2987=CARTESIAN_POINT('',(-5.809199831550E0,-2.6E0,2.9E0));
#2988=CARTESIAN_POINT('',(-5.887466503435E0,-2.621672410817E0,2.9E0));
#2989=CARTESIAN_POINT('',(-5.975672449862E0,-2.683375088443E0,2.9E0));
#2990=CARTESIAN_POINT('',(-6.037375127488E0,-2.771581034870E0,2.9E0));
#2991=CARTESIAN_POINT('',(-6.059047538305E0,-2.849847706755E0,2.9E0));
#2992=CARTESIAN_POINT('',(-6.059047538305E0,-2.899817248106E0,2.9E0));
#2994=CURVE_STYLE('',#67,POSITIVE_LENGTH_MEASURE(2.E-2),#23);
#2995=PRESENTATION_STYLE_ASSIGNMENT((#2994));
#2996=STYLED_ITEM('',(#2995),#2993);
#2997=DIRECTION('',(-3.487826274237E-2,-3.487826274237E-2,-9.987827659587E-1));
#2998=VECTOR('',#2997,6.007312305034E-1);
#2999=CARTESIAN_POINT('',(-6.059047538305E0,-3.318118943589E0,2.9E0));
#3000=LINE('',#2999,#2998);
#3001=CURVE_STYLE('',#67,POSITIVE_LENGTH_MEASURE(2.E-2),#23);
#3002=PRESENTATION_STYLE_ASSIGNMENT((#3001));
#3003=STYLED_ITEM('',(#3002),#3000);
#3004=CARTESIAN_POINT('',(-6.059047538305E0,-3.318118943589E0,2.9E0));
#3005=CARTESIAN_POINT('',(-6.059047538305E0,-3.368088484940E0,2.9E0));
#3006=CARTESIAN_POINT('',(-6.037375127488E0,-3.446355156824E0,2.9E0));
#3007=CARTESIAN_POINT('',(-5.975672449862E0,-3.534561103251E0,2.9E0));
#3008=CARTESIAN_POINT('',(-5.887466503435E0,-3.596263780877E0,2.9E0));
#3009=CARTESIAN_POINT('',(-5.809199831550E0,-3.617936191694E0,2.9E0));
#3010=CARTESIAN_POINT('',(-5.759230290199E0,-3.617936191694E0,2.9E0));
#3012=CURVE_STYLE('',#67,POSITIVE_LENGTH_MEASURE(2.E-2),#23);
#3013=PRESENTATION_STYLE_ASSIGNMENT((#3012));
#3014=STYLED_ITEM('',(#3013),#3011);
#3015=DIRECTION('',(-3.487826274238E-2,-3.487826274237E-2,-9.987827659587E-1));
#3016=VECTOR('',#3015,6.007312305034E-1);
#3017=CARTESIAN_POINT('',(-5.759230290199E0,-3.617936191694E0,2.9E0));
#3018=LINE('',#3017,#3016);
#3019=CURVE_STYLE('',#67,POSITIVE_LENGTH_MEASURE(2.E-2),#23);
#3020=PRESENTATION_STYLE_ASSIGNMENT((#3019));
#3021=STYLED_ITEM('',(#3020),#3018);
#3022=CARTESIAN_POINT('',(-5.780182751894E0,-3.638888653389E0,2.3E0));
#3023=CARTESIAN_POINT('',(-5.830152293245E0,-3.638888653389E0,2.3E0));
#3024=CARTESIAN_POINT('',(-5.908418965130E0,-3.617216242572E0,2.3E0));
#3025=CARTESIAN_POINT('',(-5.996624911557E0,-3.555513564946E0,2.3E0));
#3026=CARTESIAN_POINT('',(-6.058327589183E0,-3.467307618519E0,2.3E0));
#3027=CARTESIAN_POINT('',(-6.08E0,-3.389040946635E0,2.3E0));
#3028=CARTESIAN_POINT('',(-6.08E0,-3.339071405284E0,2.3E0));
#3030=CURVE_STYLE('',#67,POSITIVE_LENGTH_MEASURE(2.E-2),#23);
#3031=PRESENTATION_STYLE_ASSIGNMENT((#3030));
#3032=STYLED_ITEM('',(#3031),#3029);
#3033=DIRECTION('',(-1.E0,0.E0,0.E0));
#3034=VECTOR('',#3033,1.151846058040E1);
#3035=CARTESIAN_POINT('',(5.759230290199E0,-3.617936191694E0,2.9E0));
#3036=LINE('',#3035,#3034);
#3037=CURVE_STYLE('',#67,POSITIVE_LENGTH_MEASURE(2.E-2),#23);
#3038=PRESENTATION_STYLE_ASSIGNMENT((#3037));
#3039=STYLED_ITEM('',(#3038),#3036);
#3040=DIRECTION('',(1.E0,0.E0,0.E0));
#3041=VECTOR('',#3040,1.286543262181E1);
#3042=CARTESIAN_POINT('',(-6.095249869916E0,-3.7E0,5.500000000005E-1));
#3043=LINE('',#3042,#3041);
#3044=CURVE_STYLE('',#67,POSITIVE_LENGTH_MEASURE(2.E-2),#23);
#3045=PRESENTATION_STYLE_ASSIGNMENT((#3044));
#3046=STYLED_ITEM('',(#3045),#3043);
#3047=DIRECTION('',(3.487826274237E-2,3.487826274237E-2,9.987827659587E-1));
#3048=VECTOR('',#3047,1.752132755635E0);
#3049=CARTESIAN_POINT('',(-6.095249869916E0,-3.7E0,5.500000000005E-1));
#3050=LINE('',#3049,#3048);
#3051=CURVE_STYLE('',#67,POSITIVE_LENGTH_MEASURE(2.E-2),#23);
#3052=PRESENTATION_STYLE_ASSIGNMENT((#3051));
#3053=STYLED_ITEM('',(#3052),#3050);
#3054=CARTESIAN_POINT('',(-6.095249869916E0,-3.7E0,5.500000000005E-1));
#3055=CARTESIAN_POINT('',(-6.178046439746E0,-3.7E0,5.500000000005E-1));
#3056=CARTESIAN_POINT('',(-6.248728802126E0,-3.670753716076E0,
5.500000000005E-1));
#3057=CARTESIAN_POINT('',(-6.307274818112E0,-3.612207700090E0,
5.500000000005E-1));
#3059=CURVE_STYLE('',#67,POSITIVE_LENGTH_MEASURE(2.E-2),#23);
#3060=PRESENTATION_STYLE_ASSIGNMENT((#3059));
#3061=STYLED_ITEM('',(#3060),#3058);
#3062=DIRECTION('',(3.487826274237E-2,3.487826274237E-2,9.987827659587E-1));
#3063=VECTOR('',#3062,1.752132755635E0);
#3064=CARTESIAN_POINT('',(-6.307274818112E0,-3.612207700090E0,
5.500000000005E-1));
#3065=LINE('',#3064,#3063);
#3066=CURVE_STYLE('',#67,POSITIVE_LENGTH_MEASURE(2.E-2),#23);
#3067=PRESENTATION_STYLE_ASSIGNMENT((#3066));
#3068=STYLED_ITEM('',(#3067),#3065);
#3069=CARTESIAN_POINT('',(-6.246163471502E0,-3.551096353480E0,2.3E0));
#3070=CARTESIAN_POINT('',(-6.187617455516E0,-3.609642369465E0,2.3E0));
#3071=CARTESIAN_POINT('',(-6.116935093136E0,-3.638888653389E0,2.3E0));
#3072=CARTESIAN_POINT('',(-6.034138523306E0,-3.638888653389E0,2.3E0));
#3074=CURVE_STYLE('',#67,POSITIVE_LENGTH_MEASURE(2.E-2),#23);
#3075=PRESENTATION_STYLE_ASSIGNMENT((#3074));
#3076=STYLED_ITEM('',(#3075),#3073);
#3077=DIRECTION('',(0.E0,-1.E0,0.E0));
#3078=VECTOR('',#3077,7.900000024024E0);
#3079=CARTESIAN_POINT('',(7.62E0,3.950000012012E0,5.500000000005E-1));
#3080=LINE('',#3079,#3078);
#3081=CURVE_STYLE('',#67,POSITIVE_LENGTH_MEASURE(2.E-2),#23);
#3082=PRESENTATION_STYLE_ASSIGNMENT((#3081));
#3083=STYLED_ITEM('',(#3082),#3080);
#3084=DIRECTION('',(1.E0,0.E0,0.E0));
#3085=VECTOR('',#3084,1.464000006796E1);
#3086=CARTESIAN_POINT('',(-7.320000033982E0,-4.25E0,5.500000000005E-1));
#3087=LINE('',#3086,#3085);
#3088=CURVE_STYLE('',#67,POSITIVE_LENGTH_MEASURE(2.E-2),#23);
#3089=PRESENTATION_STYLE_ASSIGNMENT((#3088));
#3090=STYLED_ITEM('',(#3089),#3087);
#3091=DIRECTION('',(0.E0,1.E0,0.E0));
#3092=VECTOR('',#3091,7.900000024024E0);
#3093=CARTESIAN_POINT('',(-7.62E0,-3.950000012012E0,5.500000000005E-1));
#3094=LINE('',#3093,#3092);
#3095=CURVE_STYLE('',#67,POSITIVE_LENGTH_MEASURE(2.E-2),#23);
#3096=PRESENTATION_STYLE_ASSIGNMENT((#3095));
#3097=STYLED_ITEM('',(#3096),#3094);
#3098=DIRECTION('',(1.E0,0.E0,0.E0));
#3099=VECTOR('',#3098,1.464000006796E1);
#3100=CARTESIAN_POINT('',(-7.320000033982E0,4.25E0,5.500000000005E-1));
#3101=LINE('',#3100,#3099);
#3102=CURVE_STYLE('',#67,POSITIVE_LENGTH_MEASURE(2.E-2),#23);
#3103=PRESENTATION_STYLE_ASSIGNMENT((#3102));
#3104=STYLED_ITEM('',(#3103),#3101);
#3105=DIRECTION('',(0.E0,-1.E0,0.E0));
#3106=VECTOR('',#3105,6.125432621811E0);
#3107=CARTESIAN_POINT('',(-7.07E0,3.400182751894E0,5.500000000005E-1));
#3108=LINE('',#3107,#3106);
#3109=CURVE_STYLE('',#67,POSITIVE_LENGTH_MEASURE(2.E-2),#23);
#3110=PRESENTATION_STYLE_ASSIGNMENT((#3109));
#3111=STYLED_ITEM('',(#3110),#3108);
#3112=DIRECTION('',(0.E0,-2.183982287945E-8,1.E0));
#3113=VECTOR('',#3112,5.500000000005E-1);
#3114=CARTESIAN_POINT('',(7.62E0,-3.95E0,0.E0));
#3115=LINE('',#3114,#3113);
#3116=CURVE_STYLE('',#67,POSITIVE_LENGTH_MEASURE(2.E-2),#23);
#3117=PRESENTATION_STYLE_ASSIGNMENT((#3116));
#3118=STYLED_ITEM('',(#3117),#3115);
#3119=DIRECTION('',(0.E0,2.183982287945E-8,1.E0));
#3120=VECTOR('',#3119,5.500000000005E-1);
#3121=CARTESIAN_POINT('',(7.62E0,3.95E0,0.E0));
#3122=LINE('',#3121,#3120);
#3123=CURVE_STYLE('',#67,POSITIVE_LENGTH_MEASURE(2.E-2),#23);
#3124=PRESENTATION_STYLE_ASSIGNMENT((#3123));
#3125=STYLED_ITEM('',(#3124),#3122);
#3126=CARTESIAN_POINT('',(7.62E0,-3.950000012012E0,5.500000000005E-1));
#3127=CARTESIAN_POINT('',(7.62E0,-4.002359889572E0,5.500000000005E-1));
#3128=CARTESIAN_POINT('',(7.592584436750E0,-4.107079627074E0,
5.499999999998E-1));
#3129=CARTESIAN_POINT('',(7.477079616821E0,-4.222584433821E0,
5.499999999998E-1));
#3130=CARTESIAN_POINT('',(7.372359911542E0,-4.25E0,5.500000000005E-1));
#3131=CARTESIAN_POINT('',(7.320000033982E0,-4.25E0,5.500000000005E-1));
#3133=CURVE_STYLE('',#67,POSITIVE_LENGTH_MEASURE(2.E-2),#23);
#3134=PRESENTATION_STYLE_ASSIGNMENT((#3133));
#3135=STYLED_ITEM('',(#3134),#3132);
#3136=DIRECTION('',(6.178574742736E-8,0.E0,1.E0));
#3137=VECTOR('',#3136,5.500000000005E-1);
#3138=CARTESIAN_POINT('',(7.32E0,-4.25E0,0.E0));
#3139=LINE('',#3138,#3137);
#3140=CURVE_STYLE('',#67,POSITIVE_LENGTH_MEASURE(2.E-2),#23);
#3141=PRESENTATION_STYLE_ASSIGNMENT((#3140));
#3142=STYLED_ITEM('',(#3141),#3139);
#3143=CARTESIAN_POINT('',(7.62E0,3.950000012012E0,5.500000000005E-1));
#3144=CARTESIAN_POINT('',(7.62E0,4.002359889572E0,5.500000000005E-1));
#3145=CARTESIAN_POINT('',(7.592584436750E0,4.107079627074E0,5.499999999998E-1));
#3146=CARTESIAN_POINT('',(7.477079616821E0,4.222584433821E0,5.499999999998E-1));
#3147=CARTESIAN_POINT('',(7.372359911542E0,4.25E0,5.500000000005E-1));
#3148=CARTESIAN_POINT('',(7.320000033982E0,4.25E0,5.500000000005E-1));
#3150=CURVE_STYLE('',#67,POSITIVE_LENGTH_MEASURE(2.E-2),#23);
#3151=PRESENTATION_STYLE_ASSIGNMENT((#3150));
#3152=STYLED_ITEM('',(#3151),#3149);
#3153=DIRECTION('',(6.178574742736E-8,0.E0,1.E0));
#3154=VECTOR('',#3153,5.500000000005E-1);
#3155=CARTESIAN_POINT('',(7.32E0,4.25E0,0.E0));
#3156=LINE('',#3155,#3154);
#3157=CURVE_STYLE('',#67,POSITIVE_LENGTH_MEASURE(2.E-2),#23);
#3158=PRESENTATION_STYLE_ASSIGNMENT((#3157));
#3159=STYLED_ITEM('',(#3158),#3156);
#3160=DIRECTION('',(1.E0,0.E0,0.E0));
#3161=VECTOR('',#3160,7.02E0);
#3162=CARTESIAN_POINT('',(-4.78E0,4.25E0,0.E0));
#3163=LINE('',#3162,#3161);
#3164=CURVE_STYLE('',#67,POSITIVE_LENGTH_MEASURE(2.E-2),#23);
#3165=PRESENTATION_STYLE_ASSIGNMENT((#3164));
#3166=STYLED_ITEM('',(#3165),#3163);
#3167=DIRECTION('',(0.E0,0.E0,1.E0));
#3168=VECTOR('',#3167,2.5E-1);
#3169=CARTESIAN_POINT('',(2.24E0,4.25E0,0.E0));
#3170=LINE('',#3169,#3168);
#3171=CURVE_STYLE('',#67,POSITIVE_LENGTH_MEASURE(2.E-2),#23);
#3172=PRESENTATION_STYLE_ASSIGNMENT((#3171));
#3173=STYLED_ITEM('',(#3172),#3170);
#3174=DIRECTION('',(-1.E0,0.E0,0.E0));
#3175=VECTOR('',#3174,6.E-1);
#3176=CARTESIAN_POINT('',(2.84E0,4.25E0,2.5E-1));
#3177=LINE('',#3176,#3175);
#3178=CURVE_STYLE('',#67,POSITIVE_LENGTH_MEASURE(2.E-2),#23);
#3179=PRESENTATION_STYLE_ASSIGNMENT((#3178));
#3180=STYLED_ITEM('',(#3179),#3177);
#3181=DIRECTION('',(0.E0,0.E0,1.E0));
#3182=VECTOR('',#3181,2.5E-1);
#3183=CARTESIAN_POINT('',(2.84E0,4.25E0,0.E0));
#3184=LINE('',#3183,#3182);
#3185=CURVE_STYLE('',#67,POSITIVE_LENGTH_MEASURE(2.E-2),#23);
#3186=PRESENTATION_STYLE_ASSIGNMENT((#3185));
#3187=STYLED_ITEM('',(#3186),#3184);
#3188=DIRECTION('',(0.E0,0.E0,1.E0));
#3189=VECTOR('',#3188,2.5E-1);
#3190=CARTESIAN_POINT('',(4.78E0,4.25E0,0.E0));
#3191=LINE('',#3190,#3189);
#3192=CURVE_STYLE('',#67,POSITIVE_LENGTH_MEASURE(2.E-2),#23);
#3193=PRESENTATION_STYLE_ASSIGNMENT((#3192));
#3194=STYLED_ITEM('',(#3193),#3191);
#3195=DIRECTION('',(-1.E0,0.E0,0.E0));
#3196=VECTOR('',#3195,6.E-1);
#3197=CARTESIAN_POINT('',(5.38E0,4.25E0,2.5E-1));
#3198=LINE('',#3197,#3196);
#3199=CURVE_STYLE('',#67,POSITIVE_LENGTH_MEASURE(2.E-2),#23);
#3200=PRESENTATION_STYLE_ASSIGNMENT((#3199));
#3201=STYLED_ITEM('',(#3200),#3198);
#3202=DIRECTION('',(0.E0,0.E0,1.E0));
#3203=VECTOR('',#3202,2.5E-1);
#3204=CARTESIAN_POINT('',(5.38E0,4.25E0,0.E0));
#3205=LINE('',#3204,#3203);
#3206=CURVE_STYLE('',#67,POSITIVE_LENGTH_MEASURE(2.E-2),#23);
#3207=PRESENTATION_STYLE_ASSIGNMENT((#3206));
#3208=STYLED_ITEM('',(#3207),#3205);
#3209=DIRECTION('',(0.E0,0.E0,1.E0));
#3210=VECTOR('',#3209,2.5E-1);
#3211=CARTESIAN_POINT('',(-5.38E0,4.25E0,0.E0));
#3212=LINE('',#3211,#3210);
#3213=CURVE_STYLE('',#67,POSITIVE_LENGTH_MEASURE(2.E-2),#23);
#3214=PRESENTATION_STYLE_ASSIGNMENT((#3213));
#3215=STYLED_ITEM('',(#3214),#3212);
#3216=DIRECTION('',(-1.E0,0.E0,0.E0));
#3217=VECTOR('',#3216,6.E-1);
#3218=CARTESIAN_POINT('',(-4.78E0,4.25E0,2.5E-1));
#3219=LINE('',#3218,#3217);
#3220=CURVE_STYLE('',#67,POSITIVE_LENGTH_MEASURE(2.E-2),#23);
#3221=PRESENTATION_STYLE_ASSIGNMENT((#3220));
#3222=STYLED_ITEM('',(#3221),#3219);
#3223=DIRECTION('',(0.E0,0.E0,1.E0));
#3224=VECTOR('',#3223,2.5E-1);
#3225=CARTESIAN_POINT('',(-4.78E0,4.25E0,0.E0));
#3226=LINE('',#3225,#3224);
#3227=CURVE_STYLE('',#67,POSITIVE_LENGTH_MEASURE(2.E-2),#23);
#3228=PRESENTATION_STYLE_ASSIGNMENT((#3227));
#3229=STYLED_ITEM('',(#3228),#3226);
#3230=DIRECTION('',(-1.E0,0.E0,0.E0));
#3231=VECTOR('',#3230,6.E-1);
#3232=CARTESIAN_POINT('',(-4.78E0,4.25E0,0.E0));
#3233=LINE('',#3232,#3231);
#3234=CURVE_STYLE('',#67,POSITIVE_LENGTH_MEASURE(2.E-2),#23);
#3235=PRESENTATION_STYLE_ASSIGNMENT((#3234));
#3236=STYLED_ITEM('',(#3235),#3233);
#3237=DIRECTION('',(-1.E0,0.E0,0.E0));
#3238=VECTOR('',#3237,1.94E0);
#3239=CARTESIAN_POINT('',(-5.38E0,4.25E0,0.E0));
#3240=LINE('',#3239,#3238);
#3241=CURVE_STYLE('',#67,POSITIVE_LENGTH_MEASURE(2.E-2),#23);
#3242=PRESENTATION_STYLE_ASSIGNMENT((#3241));
#3243=STYLED_ITEM('',(#3242),#3240);
#3244=DIRECTION('',(-1.E0,0.E0,0.E0));
#3245=VECTOR('',#3244,1.94E0);
#3246=CARTESIAN_POINT('',(7.32E0,4.25E0,0.E0));
#3247=LINE('',#3246,#3245);
#3248=CURVE_STYLE('',#67,POSITIVE_LENGTH_MEASURE(2.E-2),#23);
#3249=PRESENTATION_STYLE_ASSIGNMENT((#3248));
#3250=STYLED_ITEM('',(#3249),#3247);
#3251=DIRECTION('',(-1.E0,0.E0,0.E0));
#3252=VECTOR('',#3251,6.E-1);
#3253=CARTESIAN_POINT('',(5.38E0,4.25E0,0.E0));
#3254=LINE('',#3253,#3252);
#3255=CURVE_STYLE('',#67,POSITIVE_LENGTH_MEASURE(2.E-2),#23);
#3256=PRESENTATION_STYLE_ASSIGNMENT((#3255));
#3257=STYLED_ITEM('',(#3256),#3254);
#3258=DIRECTION('',(-1.E0,0.E0,0.E0));
#3259=VECTOR('',#3258,1.94E0);
#3260=CARTESIAN_POINT('',(4.78E0,4.25E0,0.E0));
#3261=LINE('',#3260,#3259);
#3262=CURVE_STYLE('',#67,POSITIVE_LENGTH_MEASURE(2.E-2),#23);
#3263=PRESENTATION_STYLE_ASSIGNMENT((#3262));
#3264=STYLED_ITEM('',(#3263),#3261);
#3265=DIRECTION('',(-1.E0,0.E0,0.E0));
#3266=VECTOR('',#3265,6.E-1);
#3267=CARTESIAN_POINT('',(2.84E0,4.25E0,0.E0));
#3268=LINE('',#3267,#3266);
#3269=CURVE_STYLE('',#67,POSITIVE_LENGTH_MEASURE(2.E-2),#23);
#3270=PRESENTATION_STYLE_ASSIGNMENT((#3269));
#3271=STYLED_ITEM('',(#3270),#3268);
#3272=DIRECTION('',(0.E0,-1.E0,0.E0));
#3273=VECTOR('',#3272,2.372034097174E-1);
#3274=CARTESIAN_POINT('',(5.38E0,4.487203409717E0,0.E0));
#3275=LINE('',#3274,#3273);
#3276=CURVE_STYLE('',#67,POSITIVE_LENGTH_MEASURE(2.E-2),#23);
#3277=PRESENTATION_STYLE_ASSIGNMENT((#3276));
#3278=STYLED_ITEM('',(#3277),#3275);
#3279=DIRECTION('',(0.E0,1.E0,0.E0));
#3280=VECTOR('',#3279,2.372034097174E-1);
#3281=CARTESIAN_POINT('',(4.78E0,4.25E0,0.E0));
#3282=LINE('',#3281,#3280);
#3283=CURVE_STYLE('',#67,POSITIVE_LENGTH_MEASURE(2.E-2),#23);
#3284=PRESENTATION_STYLE_ASSIGNMENT((#3283));
#3285=STYLED_ITEM('',(#3284),#3282);
#3286=DIRECTION('',(0.E0,-1.E0,0.E0));
#3287=VECTOR('',#3286,2.372034097174E-1);
#3288=CARTESIAN_POINT('',(2.84E0,4.487203409717E0,0.E0));
#3289=LINE('',#3288,#3287);
#3290=CURVE_STYLE('',#67,POSITIVE_LENGTH_MEASURE(2.E-2),#23);
#3291=PRESENTATION_STYLE_ASSIGNMENT((#3290));
#3292=STYLED_ITEM('',(#3291),#3289);
#3293=DIRECTION('',(0.E0,1.E0,0.E0));
#3294=VECTOR('',#3293,2.372034097174E-1);
#3295=CARTESIAN_POINT('',(2.24E0,4.25E0,0.E0));
#3296=LINE('',#3295,#3294);
#3297=CURVE_STYLE('',#67,POSITIVE_LENGTH_MEASURE(2.E-2),#23);
#3298=PRESENTATION_STYLE_ASSIGNMENT((#3297));
#3299=STYLED_ITEM('',(#3298),#3296);
#3300=DIRECTION('',(0.E0,-1.E0,0.E0));
#3301=VECTOR('',#3300,2.372034097174E-1);
#3302=CARTESIAN_POINT('',(-4.78E0,4.487203409717E0,0.E0));
#3303=LINE('',#3302,#3301);
#3304=CURVE_STYLE('',#67,POSITIVE_LENGTH_MEASURE(2.E-2),#23);
#3305=PRESENTATION_STYLE_ASSIGNMENT((#3304));
#3306=STYLED_ITEM('',(#3305),#3303);
#3307=DIRECTION('',(0.E0,1.E0,0.E0));
#3308=VECTOR('',#3307,2.372034097174E-1);
#3309=CARTESIAN_POINT('',(-5.38E0,4.25E0,0.E0));
#3310=LINE('',#3309,#3308);
#3311=CURVE_STYLE('',#67,POSITIVE_LENGTH_MEASURE(2.E-2),#23);
#3312=PRESENTATION_STYLE_ASSIGNMENT((#3311));
#3313=STYLED_ITEM('',(#3312),#3310);
#3314=DIRECTION('',(0.E0,0.E0,-1.E0));
#3315=VECTOR('',#3314,3.E-1);
#3316=CARTESIAN_POINT('',(5.38E0,2.9E0,3.2E0));
#3317=LINE('',#3316,#3315);
#3318=CURVE_STYLE('',#67,POSITIVE_LENGTH_MEASURE(2.E-2),#23);
#3319=PRESENTATION_STYLE_ASSIGNMENT((#3318));
#3320=STYLED_ITEM('',(#3319),#3317);
#3321=DIRECTION('',(0.E0,-1.E0,0.E0));
#3322=VECTOR('',#3321,4.780521185311E-1);
#3323=CARTESIAN_POINT('',(5.38E0,5.7E0,-2.E0));
#3324=LINE('',#3323,#3322);
#3325=CURVE_STYLE('',#67,POSITIVE_LENGTH_MEASURE(2.E-2),#23);
#3326=PRESENTATION_STYLE_ASSIGNMENT((#3325));
#3327=STYLED_ITEM('',(#3326),#3324);
#3328=DIRECTION('',(0.E0,0.E0,1.E0));
#3329=VECTOR('',#3328,2.5E-1);
#3330=CARTESIAN_POINT('',(5.38E0,5.7E0,-2.25E0));
#3331=LINE('',#3330,#3329);
#3332=CURVE_STYLE('',#67,POSITIVE_LENGTH_MEASURE(2.E-2),#23);
#3333=PRESENTATION_STYLE_ASSIGNMENT((#3332));
#3334=STYLED_ITEM('',(#3333),#3331);
#3335=DIRECTION('',(0.E0,1.E0,0.E0));
#3336=VECTOR('',#3335,4.780521185304E-1);
#3337=CARTESIAN_POINT('',(5.38E0,5.221947881470E0,-2.25E0));
#3338=LINE('',#3337,#3336);
#3339=CURVE_STYLE('',#67,POSITIVE_LENGTH_MEASURE(2.E-2),#23);
#3340=PRESENTATION_STYLE_ASSIGNMENT((#3339));
#3341=STYLED_ITEM('',(#3340),#3338);
#3342=DIRECTION('',(0.E0,5.233595624337E-2,-9.986295347546E-1));
#3343=VECTOR('',#3342,1.636260810131E0);
#3344=CARTESIAN_POINT('',(5.38E0,4.736860793406E0,-2.369160109392E-1));
#3345=LINE('',#3344,#3343);
#3346=CURVE_STYLE('',#67,POSITIVE_LENGTH_MEASURE(2.E-2),#23);
#3347=PRESENTATION_STYLE_ASSIGNMENT((#3346));
#3348=STYLED_ITEM('',(#3347),#3345);
#3349=DIRECTION('',(0.E0,-1.E0,0.E0));
#3350=VECTOR('',#3349,2.5E-1);
#3351=CARTESIAN_POINT('',(5.38E0,3.15E0,2.9E0));
#3352=LINE('',#3351,#3350);
#3353=CURVE_STYLE('',#67,POSITIVE_LENGTH_MEASURE(2.E-2),#23);
#3354=PRESENTATION_STYLE_ASSIGNMENT((#3353));
#3355=STYLED_ITEM('',(#3354),#3352);
#3356=DIRECTION('',(1.E0,0.E0,0.E0));
#3357=VECTOR('',#3356,6.E-1);
#3358=CARTESIAN_POINT('',(4.78E0,3.15E0,2.9E0));
#3359=LINE('',#3358,#3357);
#3360=CURVE_STYLE('',#67,POSITIVE_LENGTH_MEASURE(2.E-2),#23);
#3361=PRESENTATION_STYLE_ASSIGNMENT((#3360));
#3362=STYLED_ITEM('',(#3361),#3359);
#3363=DIRECTION('',(0.E0,-1.E0,0.E0));
#3364=VECTOR('',#3363,2.5E-1);
#3365=CARTESIAN_POINT('',(4.78E0,3.15E0,2.9E0));
#3366=LINE('',#3365,#3364);
#3367=CURVE_STYLE('',#67,POSITIVE_LENGTH_MEASURE(2.E-2),#23);
#3368=PRESENTATION_STYLE_ASSIGNMENT((#3367));
#3369=STYLED_ITEM('',(#3368),#3366);
#3370=DIRECTION('',(-1.E0,0.E0,0.E0));
#3371=VECTOR('',#3370,6.E-1);
#3372=CARTESIAN_POINT('',(5.38E0,2.9E0,2.9E0));
#3373=LINE('',#3372,#3371);
#3374=CURVE_STYLE('',#67,POSITIVE_LENGTH_MEASURE(2.E-2),#23);
#3375=PRESENTATION_STYLE_ASSIGNMENT((#3374));
#3376=STYLED_ITEM('',(#3375),#3373);
#3377=DIRECTION('',(0.E0,-1.E0,0.E0));
#3378=VECTOR('',#3377,2.5E-1);
#3379=CARTESIAN_POINT('',(-4.78E0,3.15E0,2.9E0));
#3380=LINE('',#3379,#3378);
#3381=CURVE_STYLE('',#67,POSITIVE_LENGTH_MEASURE(2.E-2),#23);
#3382=PRESENTATION_STYLE_ASSIGNMENT((#3381));
#3383=STYLED_ITEM('',(#3382),#3380);
#3384=DIRECTION('',(1.E0,0.E0,0.E0));
#3385=VECTOR('',#3384,6.E-1);
#3386=CARTESIAN_POINT('',(-5.38E0,3.15E0,2.9E0));
#3387=LINE('',#3386,#3385);
#3388=CURVE_STYLE('',#67,POSITIVE_LENGTH_MEASURE(2.E-2),#23);
#3389=PRESENTATION_STYLE_ASSIGNMENT((#3388));
#3390=STYLED_ITEM('',(#3389),#3387);
#3391=DIRECTION('',(0.E0,-1.E0,0.E0));
#3392=VECTOR('',#3391,2.5E-1);
#3393=CARTESIAN_POINT('',(-5.38E0,3.15E0,2.9E0));
#3394=LINE('',#3393,#3392);
#3395=CURVE_STYLE('',#67,POSITIVE_LENGTH_MEASURE(2.E-2),#23);
#3396=PRESENTATION_STYLE_ASSIGNMENT((#3395));
#3397=STYLED_ITEM('',(#3396),#3394);
#3398=DIRECTION('',(-1.E0,0.E0,0.E0));
#3399=VECTOR('',#3398,6.E-1);
#3400=CARTESIAN_POINT('',(-4.78E0,2.9E0,2.9E0));
#3401=LINE('',#3400,#3399);
#3402=CURVE_STYLE('',#67,POSITIVE_LENGTH_MEASURE(2.E-2),#23);
#3403=PRESENTATION_STYLE_ASSIGNMENT((#3402));
#3404=STYLED_ITEM('',(#3403),#3401);
#3405=DIRECTION('',(-1.E0,0.E0,0.E0));
#3406=VECTOR('',#3405,6.E-1);
#3407=CARTESIAN_POINT('',(2.84E0,2.9E0,2.9E0));
#3408=LINE('',#3407,#3406);
#3409=CURVE_STYLE('',#67,POSITIVE_LENGTH_MEASURE(2.E-2),#23);
#3410=PRESENTATION_STYLE_ASSIGNMENT((#3409));
#3411=STYLED_ITEM('',(#3410),#3408);
#3412=DIRECTION('',(0.E0,-1.E0,0.E0));
#3413=VECTOR('',#3412,2.5E-1);
#3414=CARTESIAN_POINT('',(2.84E0,3.15E0,2.9E0));
#3415=LINE('',#3414,#3413);
#3416=CURVE_STYLE('',#67,POSITIVE_LENGTH_MEASURE(2.E-2),#23);
#3417=PRESENTATION_STYLE_ASSIGNMENT((#3416));
#3418=STYLED_ITEM('',(#3417),#3415);
#3419=DIRECTION('',(-1.E0,0.E0,0.E0));
#3420=VECTOR('',#3419,6.E-1);
#3421=CARTESIAN_POINT('',(2.84E0,3.15E0,2.9E0));
#3422=LINE('',#3421,#3420);
#3423=CURVE_STYLE('',#67,POSITIVE_LENGTH_MEASURE(2.E-2),#23);
#3424=PRESENTATION_STYLE_ASSIGNMENT((#3423));
#3425=STYLED_ITEM('',(#3424),#3422);
#3426=DIRECTION('',(0.E0,-1.E0,0.E0));
#3427=VECTOR('',#3426,2.5E-1);
#3428=CARTESIAN_POINT('',(2.24E0,3.15E0,2.9E0));
#3429=LINE('',#3428,#3427);
#3430=CURVE_STYLE('',#67,POSITIVE_LENGTH_MEASURE(2.E-2),#23);
#3431=PRESENTATION_STYLE_ASSIGNMENT((#3430));
#3432=STYLED_ITEM('',(#3431),#3429);
#3433=DIRECTION('',(-4.226182617407E-1,9.063077870367E-1,0.E0));
#3434=VECTOR('',#3433,7.171956473256E-1);
#3435=CARTESIAN_POINT('',(1.833099977801E0,2.6E0,2.9E0));
#3436=LINE('',#3435,#3434);
#3437=CURVE_STYLE('',#67,POSITIVE_LENGTH_MEASURE(2.E-2),#23);
#3438=PRESENTATION_STYLE_ASSIGNMENT((#3437));
#3439=STYLED_ITEM('',(#3438),#3436);
#3440=DIRECTION('',(-1.E0,0.E0,0.E0));
#3441=VECTOR('',#3440,5.6E0);
#3442=CARTESIAN_POINT('',(1.53E0,3.25E0,2.9E0));
#3443=LINE('',#3442,#3441);
#3444=CURVE_STYLE('',#67,POSITIVE_LENGTH_MEASURE(2.E-2),#23);
#3445=PRESENTATION_STYLE_ASSIGNMENT((#3444));
#3446=STYLED_ITEM('',(#3445),#3443);
#3447=DIRECTION('',(4.226182617407E-1,9.063077870367E-1,0.E0));
#3448=VECTOR('',#3447,7.171956473256E-1);
#3449=CARTESIAN_POINT('',(-4.373099977801E0,2.6E0,2.9E0));
#3450=LINE('',#3449,#3448);
#3451=CURVE_STYLE('',#67,POSITIVE_LENGTH_MEASURE(2.E-2),#23);
#3452=PRESENTATION_STYLE_ASSIGNMENT((#3451));
#3453=STYLED_ITEM('',(#3452),#3450);
#3454=DIRECTION('',(0.E0,-1.E0,0.E0));
#3455=VECTOR('',#3454,4.183016954830E-1);
#3456=CARTESIAN_POINT('',(-6.059047538305E0,3.318118943589E0,2.9E0));
#3457=LINE('',#3456,#3455);
#3458=CURVE_STYLE('',#67,POSITIVE_LENGTH_MEASURE(2.E-2),#23);
#3459=PRESENTATION_STYLE_ASSIGNMENT((#3458));
#3460=STYLED_ITEM('',(#3459),#3457);
#3461=DIRECTION('',(0.E0,-1.E0,0.E0));
#3462=VECTOR('',#3461,4.183016954830E-1);
#3463=CARTESIAN_POINT('',(6.059047538305E0,3.318118943589E0,2.9E0));
#3464=LINE('',#3463,#3462);
#3465=CURVE_STYLE('',#67,POSITIVE_LENGTH_MEASURE(2.E-2),#23);
#3466=PRESENTATION_STYLE_ASSIGNMENT((#3465));
#3467=STYLED_ITEM('',(#3466),#3464);
#3468=DIRECTION('',(0.E0,0.E0,-1.E0));
#3469=VECTOR('',#3468,3.E-1);
#3470=CARTESIAN_POINT('',(5.38E0,3.15E0,3.2E0));
#3471=LINE('',#3470,#3469);
#3472=CURVE_STYLE('',#67,POSITIVE_LENGTH_MEASURE(2.E-2),#23);
#3473=PRESENTATION_STYLE_ASSIGNMENT((#3472));
#3474=STYLED_ITEM('',(#3473),#3471);
#3475=CARTESIAN_POINT('',(5.18E0,2.9E0,3.2E0));
#3476=DIRECTION('',(0.E0,1.E0,0.E0));
#3477=DIRECTION('',(0.E0,0.E0,1.E0));
#3478=AXIS2_PLACEMENT_3D('',#3475,#3476,#3477);
#3480=CURVE_STYLE('',#67,POSITIVE_LENGTH_MEASURE(2.E-2),#23);
#3481=PRESENTATION_STYLE_ASSIGNMENT((#3480));
#3482=STYLED_ITEM('',(#3481),#3479);
#3483=DIRECTION('',(0.E0,1.E0,0.E0));
#3484=VECTOR('',#3483,2.5E-1);
#3485=CARTESIAN_POINT('',(5.18E0,2.9E0,3.4E0));
#3486=LINE('',#3485,#3484);
#3487=CURVE_STYLE('',#67,POSITIVE_LENGTH_MEASURE(2.E-2),#23);
#3488=PRESENTATION_STYLE_ASSIGNMENT((#3487));
#3489=STYLED_ITEM('',(#3488),#3486);
#3490=CARTESIAN_POINT('',(5.18E0,3.15E0,3.2E0));
#3491=DIRECTION('',(0.E0,-1.E0,0.E0));
#3492=DIRECTION('',(1.E0,0.E0,0.E0));
#3493=AXIS2_PLACEMENT_3D('',#3490,#3491,#3492);
#3495=CURVE_STYLE('',#67,POSITIVE_LENGTH_MEASURE(2.E-2),#23);
#3496=PRESENTATION_STYLE_ASSIGNMENT((#3495));
#3497=STYLED_ITEM('',(#3496),#3494);
#3498=DIRECTION('',(0.E0,1.E0,0.E0));
#3499=VECTOR('',#3498,2.5E-1);
#3500=CARTESIAN_POINT('',(5.38E0,2.9E0,3.2E0));
#3501=LINE('',#3500,#3499);
#3502=CURVE_STYLE('',#67,POSITIVE_LENGTH_MEASURE(2.E-2),#23);
#3503=PRESENTATION_STYLE_ASSIGNMENT((#3502));
#3504=STYLED_ITEM('',(#3503),#3501);
#3505=DIRECTION('',(0.E0,0.E0,-1.E0));
#3506=VECTOR('',#3505,3.E-1);
#3507=CARTESIAN_POINT('',(4.78E0,3.15E0,3.2E0));
#3508=LINE('',#3507,#3506);
#3509=CURVE_STYLE('',#67,POSITIVE_LENGTH_MEASURE(2.E-2),#23);
#3510=PRESENTATION_STYLE_ASSIGNMENT((#3509));
#3511=STYLED_ITEM('',(#3510),#3508);
#3512=DIRECTION('',(0.E0,0.E0,1.E0));
#3513=VECTOR('',#3512,3.E-1);
#3514=CARTESIAN_POINT('',(4.78E0,2.9E0,2.9E0));
#3515=LINE('',#3514,#3513);
#3516=CURVE_STYLE('',#67,POSITIVE_LENGTH_MEASURE(2.E-2),#23);
#3517=PRESENTATION_STYLE_ASSIGNMENT((#3516));
#3518=STYLED_ITEM('',(#3517),#3515);
#3519=DIRECTION('',(0.E0,5.233595624337E-2,-9.986295347546E-1));
#3520=VECTOR('',#3519,1.636260810131E0);
#3521=CARTESIAN_POINT('',(4.78E0,4.736860793406E0,-2.369160109392E-1));
#3522=LINE('',#3521,#3520);
#3523=CURVE_STYLE('',#67,POSITIVE_LENGTH_MEASURE(2.E-2),#23);
#3524=PRESENTATION_STYLE_ASSIGNMENT((#3523));
#3525=STYLED_ITEM('',(#3524),#3522);
#3526=DIRECTION('',(0.E0,1.E0,0.E0));
#3527=VECTOR('',#3526,4.780521185304E-1);
#3528=CARTESIAN_POINT('',(4.78E0,5.221947881470E0,-2.25E0));
#3529=LINE('',#3528,#3527);
#3530=CURVE_STYLE('',#67,POSITIVE_LENGTH_MEASURE(2.E-2),#23);
#3531=PRESENTATION_STYLE_ASSIGNMENT((#3530));
#3532=STYLED_ITEM('',(#3531),#3529);
#3533=DIRECTION('',(0.E0,0.E0,1.E0));
#3534=VECTOR('',#3533,2.5E-1);
#3535=CARTESIAN_POINT('',(4.78E0,5.7E0,-2.25E0));
#3536=LINE('',#3535,#3534);
#3537=CURVE_STYLE('',#67,POSITIVE_LENGTH_MEASURE(2.E-2),#23);
#3538=PRESENTATION_STYLE_ASSIGNMENT((#3537));
#3539=STYLED_ITEM('',(#3538),#3536);
#3540=DIRECTION('',(0.E0,-1.E0,0.E0));
#3541=VECTOR('',#3540,4.780521185311E-1);
#3542=CARTESIAN_POINT('',(4.78E0,5.7E0,-2.E0));
#3543=LINE('',#3542,#3541);
#3544=CURVE_STYLE('',#67,POSITIVE_LENGTH_MEASURE(2.E-2),#23);
#3545=PRESENTATION_STYLE_ASSIGNMENT((#3544));
#3546=STYLED_ITEM('',(#3545),#3543);
#3547=DIRECTION('',(0.E0,5.233595624276E-2,-9.986295347546E-1));
#3548=VECTOR('',#3547,1.636260810131E0);
#3549=CARTESIAN_POINT('',(4.78E0,4.986518177095E0,-2.238320218786E-1));
#3550=LINE('',#3549,#3548);
#3551=CURVE_STYLE('',#67,POSITIVE_LENGTH_MEASURE(2.E-2),#23);
#3552=PRESENTATION_STYLE_ASSIGNMENT((#3551));
#3553=STYLED_ITEM('',(#3552),#3550);
#3554=DIRECTION('',(0.E0,-1.E0,0.E0));
#3555=VECTOR('',#3554,2.5E-1);
#3556=CARTESIAN_POINT('',(4.78E0,3.15E0,3.2E0));
#3557=LINE('',#3556,#3555);
#3558=CURVE_STYLE('',#67,POSITIVE_LENGTH_MEASURE(2.E-2),#23);
#3559=PRESENTATION_STYLE_ASSIGNMENT((#3558));
#3560=STYLED_ITEM('',(#3559),#3557);
#3561=CARTESIAN_POINT('',(4.98E0,3.15E0,3.2E0));
#3562=DIRECTION('',(0.E0,1.E0,0.E0));
#3563=DIRECTION('',(-1.E0,0.E0,0.E0));
#3564=AXIS2_PLACEMENT_3D('',#3561,#3562,#3563);
#3566=CURVE_STYLE('',#67,POSITIVE_LENGTH_MEASURE(2.E-2),#23);
#3567=PRESENTATION_STYLE_ASSIGNMENT((#3566));
#3568=STYLED_ITEM('',(#3567),#3565);
#3569=DIRECTION('',(0.E0,-1.E0,0.E0));
#3570=VECTOR('',#3569,2.5E-1);
#3571=CARTESIAN_POINT('',(4.98E0,3.15E0,3.4E0));
#3572=LINE('',#3571,#3570);
#3573=CURVE_STYLE('',#67,POSITIVE_LENGTH_MEASURE(2.E-2),#23);
#3574=PRESENTATION_STYLE_ASSIGNMENT((#3573));
#3575=STYLED_ITEM('',(#3574),#3572);
#3576=CARTESIAN_POINT('',(4.98E0,2.9E0,3.2E0));
#3577=DIRECTION('',(0.E0,-1.E0,0.E0));
#3578=DIRECTION('',(0.E0,0.E0,1.E0));
#3579=AXIS2_PLACEMENT_3D('',#3576,#3577,#3578);
#3581=CURVE_STYLE('',#67,POSITIVE_LENGTH_MEASURE(2.E-2),#23);
#3582=PRESENTATION_STYLE_ASSIGNMENT((#3581));
#3583=STYLED_ITEM('',(#3582),#3580);
#3584=DIRECTION('',(1.E0,0.E0,0.E0));
#3585=VECTOR('',#3584,2.E-1);
#3586=CARTESIAN_POINT('',(4.98E0,2.9E0,3.4E0));
#3587=LINE('',#3586,#3585);
#3588=CURVE_STYLE('',#67,POSITIVE_LENGTH_MEASURE(2.E-2),#23);
#3589=PRESENTATION_STYLE_ASSIGNMENT((#3588));
#3590=STYLED_ITEM('',(#3589),#3587);
#3591=DIRECTION('',(-1.E0,0.E0,0.E0));
#3592=VECTOR('',#3591,2.E-1);
#3593=CARTESIAN_POINT('',(5.18E0,3.15E0,3.4E0));
#3594=LINE('',#3593,#3592);
#3595=CURVE_STYLE('',#67,POSITIVE_LENGTH_MEASURE(2.E-2),#23);
#3596=PRESENTATION_STYLE_ASSIGNMENT((#3595));
#3597=STYLED_ITEM('',(#3596),#3594);
#3598=DIRECTION('',(1.E0,0.E0,0.E0));
#3599=VECTOR('',#3598,2.E-1);
#3600=CARTESIAN_POINT('',(2.44E0,2.9E0,3.4E0));
#3601=LINE('',#3600,#3599);
#3602=CURVE_STYLE('',#67,POSITIVE_LENGTH_MEASURE(2.E-2),#23);
#3603=PRESENTATION_STYLE_ASSIGNMENT((#3602));
#3604=STYLED_ITEM('',(#3603),#3601);
#3605=DIRECTION('',(-1.E0,0.E0,0.E0));
#3606=VECTOR('',#3605,2.E-1);
#3607=CARTESIAN_POINT('',(2.64E0,3.15E0,3.4E0));
#3608=LINE('',#3607,#3606);
#3609=CURVE_STYLE('',#67,POSITIVE_LENGTH_MEASURE(2.E-2),#23);
#3610=PRESENTATION_STYLE_ASSIGNMENT((#3609));
#3611=STYLED_ITEM('',(#3610),#3608);
#3612=DIRECTION('',(1.E0,0.E0,0.E0));
#3613=VECTOR('',#3612,2.E-1);
#3614=CARTESIAN_POINT('',(-5.18E0,2.9E0,3.4E0));
#3615=LINE('',#3614,#3613);
#3616=CURVE_STYLE('',#67,POSITIVE_LENGTH_MEASURE(2.E-2),#23);
#3617=PRESENTATION_STYLE_ASSIGNMENT((#3616));
#3618=STYLED_ITEM('',(#3617),#3615);
#3619=DIRECTION('',(-1.E0,0.E0,0.E0));
#3620=VECTOR('',#3619,2.E-1);
#3621=CARTESIAN_POINT('',(-4.98E0,3.15E0,3.4E0));
#3622=LINE('',#3621,#3620);
#3623=CURVE_STYLE('',#67,POSITIVE_LENGTH_MEASURE(2.E-2),#23);
#3624=PRESENTATION_STYLE_ASSIGNMENT((#3623));
#3625=STYLED_ITEM('',(#3624),#3622);
#3626=CARTESIAN_POINT('',(2.64E0,2.9E0,3.2E0));
#3627=DIRECTION('',(0.E0,1.E0,0.E0));
#3628=DIRECTION('',(0.E0,0.E0,1.E0));
#3629=AXIS2_PLACEMENT_3D('',#3626,#3627,#3628);
#3631=CURVE_STYLE('',#67,POSITIVE_LENGTH_MEASURE(2.E-2),#23);
#3632=PRESENTATION_STYLE_ASSIGNMENT((#3631));
#3633=STYLED_ITEM('',(#3632),#3630);
#3634=DIRECTION('',(0.E0,1.E0,0.E0));
#3635=VECTOR('',#3634,2.5E-1);
#3636=CARTESIAN_POINT('',(2.64E0,2.9E0,3.4E0));
#3637=LINE('',#3636,#3635);
#3638=CURVE_STYLE('',#67,POSITIVE_LENGTH_MEASURE(2.E-2),#23);
#3639=PRESENTATION_STYLE_ASSIGNMENT((#3638));
#3640=STYLED_ITEM('',(#3639),#3637);
#3641=CARTESIAN_POINT('',(2.64E0,3.15E0,3.2E0));
#3642=DIRECTION('',(0.E0,-1.E0,0.E0));
#3643=DIRECTION('',(1.E0,0.E0,0.E0));
#3644=AXIS2_PLACEMENT_3D('',#3641,#3642,#3643);
#3646=CURVE_STYLE('',#67,POSITIVE_LENGTH_MEASURE(2.E-2),#23);
#3647=PRESENTATION_STYLE_ASSIGNMENT((#3646));
#3648=STYLED_ITEM('',(#3647),#3645);
#3649=DIRECTION('',(0.E0,1.E0,0.E0));
#3650=VECTOR('',#3649,2.5E-1);
#3651=CARTESIAN_POINT('',(2.84E0,2.9E0,3.2E0));
#3652=LINE('',#3651,#3650);
#3653=CURVE_STYLE('',#67,POSITIVE_LENGTH_MEASURE(2.E-2),#23);
#3654=PRESENTATION_STYLE_ASSIGNMENT((#3653));
#3655=STYLED_ITEM('',(#3654),#3652);
#3656=DIRECTION('',(0.E0,5.233595624337E-2,-9.986295347546E-1));
#3657=VECTOR('',#3656,1.636260810131E0);
#3658=CARTESIAN_POINT('',(2.24E0,4.736860793406E0,-2.369160109392E-1));
#3659=LINE('',#3658,#3657);
#3660=CURVE_STYLE('',#67,POSITIVE_LENGTH_MEASURE(2.E-2),#23);
#3661=PRESENTATION_STYLE_ASSIGNMENT((#3660));
#3662=STYLED_ITEM('',(#3661),#3659);
#3663=DIRECTION('',(0.E0,1.E0,0.E0));
#3664=VECTOR('',#3663,4.780521185304E-1);
#3665=CARTESIAN_POINT('',(2.24E0,5.221947881470E0,-2.25E0));
#3666=LINE('',#3665,#3664);
#3667=CURVE_STYLE('',#67,POSITIVE_LENGTH_MEASURE(2.E-2),#23);
#3668=PRESENTATION_STYLE_ASSIGNMENT((#3667));
#3669=STYLED_ITEM('',(#3668),#3666);
#3670=DIRECTION('',(0.E0,0.E0,1.E0));
#3671=VECTOR('',#3670,2.5E-1);
#3672=CARTESIAN_POINT('',(2.24E0,5.7E0,-2.25E0));
#3673=LINE('',#3672,#3671);
#3674=CURVE_STYLE('',#67,POSITIVE_LENGTH_MEASURE(2.E-2),#23);
#3675=PRESENTATION_STYLE_ASSIGNMENT((#3674));
#3676=STYLED_ITEM('',(#3675),#3673);
#3677=DIRECTION('',(0.E0,-1.E0,0.E0));
#3678=VECTOR('',#3677,4.780521185311E-1);
#3679=CARTESIAN_POINT('',(2.24E0,5.7E0,-2.E0));
#3680=LINE('',#3679,#3678);
#3681=CURVE_STYLE('',#67,POSITIVE_LENGTH_MEASURE(2.E-2),#23);
#3682=PRESENTATION_STYLE_ASSIGNMENT((#3681));
#3683=STYLED_ITEM('',(#3682),#3680);
#3684=DIRECTION('',(0.E0,5.233595624276E-2,-9.986295347546E-1));
#3685=VECTOR('',#3684,1.636260810131E0);
#3686=CARTESIAN_POINT('',(2.24E0,4.986518177095E0,-2.238320218786E-1));
#3687=LINE('',#3686,#3685);
#3688=CURVE_STYLE('',#67,POSITIVE_LENGTH_MEASURE(2.E-2),#23);
#3689=PRESENTATION_STYLE_ASSIGNMENT((#3688));
#3690=STYLED_ITEM('',(#3689),#3687);
#3691=DIRECTION('',(0.E0,0.E0,1.E0));
#3692=VECTOR('',#3691,3.E-1);
#3693=CARTESIAN_POINT('',(2.24E0,3.15E0,2.9E0));
#3694=LINE('',#3693,#3692);
#3695=CURVE_STYLE('',#67,POSITIVE_LENGTH_MEASURE(2.E-2),#23);
#3696=PRESENTATION_STYLE_ASSIGNMENT((#3695));
#3697=STYLED_ITEM('',(#3696),#3694);
#3698=DIRECTION('',(0.E0,0.E0,1.E0));
#3699=VECTOR('',#3698,3.E-1);
#3700=CARTESIAN_POINT('',(2.24E0,2.9E0,2.9E0));
#3701=LINE('',#3700,#3699);
#3702=CURVE_STYLE('',#67,POSITIVE_LENGTH_MEASURE(2.E-2),#23);
#3703=PRESENTATION_STYLE_ASSIGNMENT((#3702));
#3704=STYLED_ITEM('',(#3703),#3701);
#3705=CARTESIAN_POINT('',(2.84E0,4.487203409717E0,-2.5E-1));
#3706=DIRECTION('',(-1.E0,0.E0,0.E0));
#3707=DIRECTION('',(0.E0,0.E0,1.E0));
#3708=AXIS2_PLACEMENT_3D('',#3705,#3706,#3707);
#3710=CURVE_STYLE('',#67,POSITIVE_LENGTH_MEASURE(2.E-2),#23);
#3711=PRESENTATION_STYLE_ASSIGNMENT((#3710));
#3712=STYLED_ITEM('',(#3711),#3709);
#3713=DIRECTION('',(-1.E0,0.E0,0.E0));
#3714=VECTOR('',#3713,6.E-1);
#3715=CARTESIAN_POINT('',(2.84E0,4.736860793406E0,-2.369160109392E-1));
#3716=LINE('',#3715,#3714);
#3717=CURVE_STYLE('',#67,POSITIVE_LENGTH_MEASURE(2.E-2),#23);
#3718=PRESENTATION_STYLE_ASSIGNMENT((#3717));
#3719=STYLED_ITEM('',(#3718),#3716);
#3720=CARTESIAN_POINT('',(2.24E0,4.487203409717E0,-2.5E-1));
#3721=DIRECTION('',(1.E0,0.E0,0.E0));
#3722=DIRECTION('',(0.E0,9.986295347546E-1,5.233595624337E-2));
#3723=AXIS2_PLACEMENT_3D('',#3720,#3721,#3722);
#3725=CURVE_STYLE('',#67,POSITIVE_LENGTH_MEASURE(2.E-2),#23);
#3726=PRESENTATION_STYLE_ASSIGNMENT((#3725));
#3727=STYLED_ITEM('',(#3726),#3724);
#3728=DIRECTION('',(-1.E0,0.E0,0.E0));
#3729=VECTOR('',#3728,6.E-1);
#3730=CARTESIAN_POINT('',(2.84E0,4.487203409717E0,0.E0));
#3731=LINE('',#3730,#3729);
#3732=CURVE_STYLE('',#67,POSITIVE_LENGTH_MEASURE(2.E-2),#23);
#3733=PRESENTATION_STYLE_ASSIGNMENT((#3732));
#3734=STYLED_ITEM('',(#3733),#3731);
#3735=DIRECTION('',(0.E0,-1.E0,0.E0));
#3736=VECTOR('',#3735,4.780521185311E-1);
#3737=CARTESIAN_POINT('',(2.84E0,5.7E0,-2.E0));
#3738=LINE('',#3737,#3736);
#3739=CURVE_STYLE('',#67,POSITIVE_LENGTH_MEASURE(2.E-2),#23);
#3740=PRESENTATION_STYLE_ASSIGNMENT((#3739));
#3741=STYLED_ITEM('',(#3740),#3738);
#3742=DIRECTION('',(0.E0,0.E0,1.E0));
#3743=VECTOR('',#3742,2.5E-1);
#3744=CARTESIAN_POINT('',(2.84E0,5.7E0,-2.25E0));
#3745=LINE('',#3744,#3743);
#3746=CURVE_STYLE('',#67,POSITIVE_LENGTH_MEASURE(2.E-2),#23);
#3747=PRESENTATION_STYLE_ASSIGNMENT((#3746));
#3748=STYLED_ITEM('',(#3747),#3745);
#3749=DIRECTION('',(0.E0,1.E0,0.E0));
#3750=VECTOR('',#3749,4.780521185304E-1);
#3751=CARTESIAN_POINT('',(2.84E0,5.221947881470E0,-2.25E0));
#3752=LINE('',#3751,#3750);
#3753=CURVE_STYLE('',#67,POSITIVE_LENGTH_MEASURE(2.E-2),#23);
#3754=PRESENTATION_STYLE_ASSIGNMENT((#3753));
#3755=STYLED_ITEM('',(#3754),#3752);
#3756=DIRECTION('',(0.E0,5.233595624337E-2,-9.986295347546E-1));
#3757=VECTOR('',#3756,1.636260810131E0);
#3758=CARTESIAN_POINT('',(2.84E0,4.736860793406E0,-2.369160109392E-1));
#3759=LINE('',#3758,#3757);
#3760=CURVE_STYLE('',#67,POSITIVE_LENGTH_MEASURE(2.E-2),#23);
#3761=PRESENTATION_STYLE_ASSIGNMENT((#3760));
#3762=STYLED_ITEM('',(#3761),#3759);
#3763=DIRECTION('',(0.E0,0.E0,-1.E0));
#3764=VECTOR('',#3763,3.E-1);
#3765=CARTESIAN_POINT('',(2.84E0,2.9E0,3.2E0));
#3766=LINE('',#3765,#3764);
#3767=CURVE_STYLE('',#67,POSITIVE_LENGTH_MEASURE(2.E-2),#23);
#3768=PRESENTATION_STYLE_ASSIGNMENT((#3767));
#3769=STYLED_ITEM('',(#3768),#3766);
#3770=DIRECTION('',(0.E0,1.E0,0.E0));
#3771=VECTOR('',#3770,2.372034097177E-1);
#3772=CARTESIAN_POINT('',(4.78E0,4.25E0,2.5E-1));
#3773=LINE('',#3772,#3771);
#3774=CURVE_STYLE('',#67,POSITIVE_LENGTH_MEASURE(2.E-2),#23);
#3775=PRESENTATION_STYLE_ASSIGNMENT((#3774));
#3776=STYLED_ITEM('',(#3775),#3773);
#3777=DIRECTION('',(0.E0,-1.E0,0.E0));
#3778=VECTOR('',#3777,2.372034097177E-1);
#3779=CARTESIAN_POINT('',(5.38E0,4.487203409718E0,2.5E-1));
#3780=LINE('',#3779,#3778);
#3781=CURVE_STYLE('',#67,POSITIVE_LENGTH_MEASURE(2.E-2),#23);
#3782=PRESENTATION_STYLE_ASSIGNMENT((#3781));
#3783=STYLED_ITEM('',(#3782),#3780);
#3784=DIRECTION('',(0.E0,1.E0,0.E0));
#3785=VECTOR('',#3784,2.372034097177E-1);
#3786=CARTESIAN_POINT('',(2.24E0,4.25E0,2.5E-1));
#3787=LINE('',#3786,#3785);
#3788=CURVE_STYLE('',#67,POSITIVE_LENGTH_MEASURE(2.E-2),#23);
#3789=PRESENTATION_STYLE_ASSIGNMENT((#3788));
#3790=STYLED_ITEM('',(#3789),#3787);
#3791=DIRECTION('',(0.E0,-1.E0,0.E0));
#3792=VECTOR('',#3791,2.372034097177E-1);
#3793=CARTESIAN_POINT('',(2.84E0,4.487203409718E0,2.5E-1));
#3794=LINE('',#3793,#3792);
#3795=CURVE_STYLE('',#67,POSITIVE_LENGTH_MEASURE(2.E-2),#23);
#3796=PRESENTATION_STYLE_ASSIGNMENT((#3795));
#3797=STYLED_ITEM('',(#3796),#3794);
#3798=DIRECTION('',(0.E0,-1.E0,0.E0));
#3799=VECTOR('',#3798,2.372034097177E-1);
#3800=CARTESIAN_POINT('',(-4.78E0,4.487203409718E0,2.5E-1));
#3801=LINE('',#3800,#3799);
#3802=CURVE_STYLE('',#67,POSITIVE_LENGTH_MEASURE(2.E-2),#23);
#3803=PRESENTATION_STYLE_ASSIGNMENT((#3802));
#3804=STYLED_ITEM('',(#3803),#3801);
#3805=DIRECTION('',(0.E0,1.E0,0.E0));
#3806=VECTOR('',#3805,2.372034097177E-1);
#3807=CARTESIAN_POINT('',(-5.38E0,4.25E0,2.5E-1));
#3808=LINE('',#3807,#3806);
#3809=CURVE_STYLE('',#67,POSITIVE_LENGTH_MEASURE(2.E-2),#23);
#3810=PRESENTATION_STYLE_ASSIGNMENT((#3809));
#3811=STYLED_ITEM('',(#3810),#3808);
#3812=DIRECTION('',(-1.E0,0.E0,0.E0));
#3813=VECTOR('',#3812,6.E-1);
#3814=CARTESIAN_POINT('',(5.38E0,4.986518177095E0,-2.238320218786E-1));
#3815=LINE('',#3814,#3813);
#3816=CURVE_STYLE('',#67,POSITIVE_LENGTH_MEASURE(2.E-2),#23);
#3817=PRESENTATION_STYLE_ASSIGNMENT((#3816));
#3818=STYLED_ITEM('',(#3817),#3815);
#3819=CARTESIAN_POINT('',(5.38E0,4.487203409718E0,-2.5E-1));
#3820=DIRECTION('',(1.E0,0.E0,0.E0));
#3821=DIRECTION('',(0.E0,9.986295347546E-1,5.233595624277E-2));
#3822=AXIS2_PLACEMENT_3D('',#3819,#3820,#3821);
#3824=CURVE_STYLE('',#67,POSITIVE_LENGTH_MEASURE(2.E-2),#23);
#3825=PRESENTATION_STYLE_ASSIGNMENT((#3824));
#3826=STYLED_ITEM('',(#3825),#3823);
#3827=DIRECTION('',(-1.E0,0.E0,0.E0));
#3828=VECTOR('',#3827,6.E-1);
#3829=CARTESIAN_POINT('',(5.38E0,4.487203409718E0,2.5E-1));
#3830=LINE('',#3829,#3828);
#3831=CURVE_STYLE('',#67,POSITIVE_LENGTH_MEASURE(2.E-2),#23);
#3832=PRESENTATION_STYLE_ASSIGNMENT((#3831));
#3833=STYLED_ITEM('',(#3832),#3830);
#3834=CARTESIAN_POINT('',(4.78E0,4.487203409718E0,-2.5E-1));
#3835=DIRECTION('',(-1.E0,0.E0,0.E0));
#3836=DIRECTION('',(0.E0,0.E0,1.E0));
#3837=AXIS2_PLACEMENT_3D('',#3834,#3835,#3836);
#3839=CURVE_STYLE('',#67,POSITIVE_LENGTH_MEASURE(2.E-2),#23);
#3840=PRESENTATION_STYLE_ASSIGNMENT((#3839));
#3841=STYLED_ITEM('',(#3840),#3838);
#3842=DIRECTION('',(0.E0,5.233595624277E-2,-9.986295347546E-1));
#3843=VECTOR('',#3842,1.636260810131E0);
#3844=CARTESIAN_POINT('',(-4.78E0,4.986518177095E0,-2.238320218786E-1));
#3845=LINE('',#3844,#3843);
#3846=CURVE_STYLE('',#67,POSITIVE_LENGTH_MEASURE(2.E-2),#23);
#3847=PRESENTATION_STYLE_ASSIGNMENT((#3846));
#3848=STYLED_ITEM('',(#3847),#3845);
#3849=DIRECTION('',(0.E0,5.233595624277E-2,-9.986295347546E-1));
#3850=VECTOR('',#3849,1.636260810131E0);
#3851=CARTESIAN_POINT('',(5.38E0,4.986518177095E0,-2.238320218786E-1));
#3852=LINE('',#3851,#3850);
#3853=CURVE_STYLE('',#67,POSITIVE_LENGTH_MEASURE(2.E-2),#23);
#3854=PRESENTATION_STYLE_ASSIGNMENT((#3853));
#3855=STYLED_ITEM('',(#3854),#3852);
#3856=DIRECTION('',(0.E0,5.233595624277E-2,-9.986295347546E-1));
#3857=VECTOR('',#3856,1.636260810131E0);
#3858=CARTESIAN_POINT('',(2.84E0,4.986518177095E0,-2.238320218786E-1));
#3859=LINE('',#3858,#3857);
#3860=CURVE_STYLE('',#67,POSITIVE_LENGTH_MEASURE(2.E-2),#23);
#3861=PRESENTATION_STYLE_ASSIGNMENT((#3860));
#3862=STYLED_ITEM('',(#3861),#3859);
#3863=DIRECTION('',(1.E0,0.E0,0.E0));
#3864=VECTOR('',#3863,6.E-1);
#3865=CARTESIAN_POINT('',(-5.38E0,5.072153451256E0,-1.857850393436E0));
#3866=LINE('',#3865,#3864);
#3867=CURVE_STYLE('',#67,POSITIVE_LENGTH_MEASURE(2.E-2),#23);
#3868=PRESENTATION_STYLE_ASSIGNMENT((#3867));
#3869=STYLED_ITEM('',(#3868),#3866);
#3870=CARTESIAN_POINT('',(-5.38E0,5.221947881469E0,-1.85E0));
#3871=DIRECTION('',(1.E0,0.E0,0.E0));
#3872=DIRECTION('',(0.E0,-9.986295347546E-1,-5.233595624277E-2));
#3873=AXIS2_PLACEMENT_3D('',#3870,#3871,#3872);
#3875=CURVE_STYLE('',#67,POSITIVE_LENGTH_MEASURE(2.E-2),#23);
#3876=PRESENTATION_STYLE_ASSIGNMENT((#3875));
#3877=STYLED_ITEM('',(#3876),#3874);
#3878=DIRECTION('',(1.E0,0.E0,0.E0));
#3879=VECTOR('',#3878,6.E-1);
#3880=CARTESIAN_POINT('',(-5.38E0,5.221947881469E0,-2.E0));
#3881=LINE('',#3880,#3879);
#3882=CURVE_STYLE('',#67,POSITIVE_LENGTH_MEASURE(2.E-2),#23);
#3883=PRESENTATION_STYLE_ASSIGNMENT((#3882));
#3884=STYLED_ITEM('',(#3883),#3881);
#3885=CARTESIAN_POINT('',(-4.78E0,5.221947881469E0,-1.85E0));
#3886=DIRECTION('',(-1.E0,0.E0,0.E0));
#3887=DIRECTION('',(0.E0,0.E0,-1.E0));
#3888=AXIS2_PLACEMENT_3D('',#3885,#3886,#3887);
#3890=CURVE_STYLE('',#67,POSITIVE_LENGTH_MEASURE(2.E-2),#23);
#3891=PRESENTATION_STYLE_ASSIGNMENT((#3890));
#3892=STYLED_ITEM('',(#3891),#3889);
#3893=DIRECTION('',(0.E0,0.E0,-1.E0));
#3894=VECTOR('',#3893,3.E-1);
#3895=CARTESIAN_POINT('',(-5.38E0,3.15E0,3.2E0));
#3896=LINE('',#3895,#3894);
#3897=CURVE_STYLE('',#67,POSITIVE_LENGTH_MEASURE(2.E-2),#23);
#3898=PRESENTATION_STYLE_ASSIGNMENT((#3897));
#3899=STYLED_ITEM('',(#3898),#3896);
#3900=DIRECTION('',(0.E0,0.E0,1.E0));
#3901=VECTOR('',#3900,3.E-1);
#3902=CARTESIAN_POINT('',(-5.38E0,2.9E0,2.9E0));
#3903=LINE('',#3902,#3901);
#3904=CURVE_STYLE('',#67,POSITIVE_LENGTH_MEASURE(2.E-2),#23);
#3905=PRESENTATION_STYLE_ASSIGNMENT((#3904));
#3906=STYLED_ITEM('',(#3905),#3903);
#3907=DIRECTION('',(0.E0,5.233595624337E-2,-9.986295347546E-1));
#3908=VECTOR('',#3907,1.636260810131E0);
#3909=CARTESIAN_POINT('',(-5.38E0,4.736860793406E0,-2.369160109392E-1));
#3910=LINE('',#3909,#3908);
#3911=CURVE_STYLE('',#67,POSITIVE_LENGTH_MEASURE(2.E-2),#23);
#3912=PRESENTATION_STYLE_ASSIGNMENT((#3911));
#3913=STYLED_ITEM('',(#3912),#3910);
#3914=DIRECTION('',(0.E0,1.E0,0.E0));
#3915=VECTOR('',#3914,4.780521185304E-1);
#3916=CARTESIAN_POINT('',(-5.38E0,5.221947881470E0,-2.25E0));
#3917=LINE('',#3916,#3915);
#3918=CURVE_STYLE('',#67,POSITIVE_LENGTH_MEASURE(2.E-2),#23);
#3919=PRESENTATION_STYLE_ASSIGNMENT((#3918));
#3920=STYLED_ITEM('',(#3919),#3917);
#3921=DIRECTION('',(0.E0,0.E0,1.E0));
#3922=VECTOR('',#3921,2.5E-1);
#3923=CARTESIAN_POINT('',(-5.38E0,5.7E0,-2.25E0));
#3924=LINE('',#3923,#3922);
#3925=CURVE_STYLE('',#67,POSITIVE_LENGTH_MEASURE(2.E-2),#23);
#3926=PRESENTATION_STYLE_ASSIGNMENT((#3925));
#3927=STYLED_ITEM('',(#3926),#3924);
#3928=DIRECTION('',(0.E0,-1.E0,0.E0));
#3929=VECTOR('',#3928,4.780521185311E-1);
#3930=CARTESIAN_POINT('',(-5.38E0,5.7E0,-2.E0));
#3931=LINE('',#3930,#3929);
#3932=CURVE_STYLE('',#67,POSITIVE_LENGTH_MEASURE(2.E-2),#23);
#3933=PRESENTATION_STYLE_ASSIGNMENT((#3932));
#3934=STYLED_ITEM('',(#3933),#3931);
#3935=DIRECTION('',(0.E0,5.233595624276E-2,-9.986295347546E-1));
#3936=VECTOR('',#3935,1.636260810131E0);
#3937=CARTESIAN_POINT('',(-5.38E0,4.986518177095E0,-2.238320218786E-1));
#3938=LINE('',#3937,#3936);
#3939=CURVE_STYLE('',#67,POSITIVE_LENGTH_MEASURE(2.E-2),#23);
#3940=PRESENTATION_STYLE_ASSIGNMENT((#3939));
#3941=STYLED_ITEM('',(#3940),#3938);
#3942=DIRECTION('',(0.E0,0.E0,-1.E0));
#3943=VECTOR('',#3942,3.E-1);
#3944=CARTESIAN_POINT('',(-4.78E0,3.15E0,3.2E0));
#3945=LINE('',#3944,#3943);
#3946=CURVE_STYLE('',#67,POSITIVE_LENGTH_MEASURE(2.E-2),#23);
#3947=PRESENTATION_STYLE_ASSIGNMENT((#3946));
#3948=STYLED_ITEM('',(#3947),#3945);
#3949=DIRECTION('',(0.E0,0.E0,-1.E0));
#3950=VECTOR('',#3949,3.E-1);
#3951=CARTESIAN_POINT('',(-4.78E0,2.9E0,3.2E0));
#3952=LINE('',#3951,#3950);
#3953=CURVE_STYLE('',#67,POSITIVE_LENGTH_MEASURE(2.E-2),#23);
#3954=PRESENTATION_STYLE_ASSIGNMENT((#3953));
#3955=STYLED_ITEM('',(#3954),#3952);
#3956=DIRECTION('',(0.E0,-1.E0,0.E0));
#3957=VECTOR('',#3956,4.780521185311E-1);
#3958=CARTESIAN_POINT('',(-4.78E0,5.7E0,-2.E0));
#3959=LINE('',#3958,#3957);
#3960=CURVE_STYLE('',#67,POSITIVE_LENGTH_MEASURE(2.E-2),#23);
#3961=PRESENTATION_STYLE_ASSIGNMENT((#3960));
#3962=STYLED_ITEM('',(#3961),#3959);
#3963=DIRECTION('',(0.E0,0.E0,1.E0));
#3964=VECTOR('',#3963,2.5E-1);
#3965=CARTESIAN_POINT('',(-4.78E0,5.7E0,-2.25E0));
#3966=LINE('',#3965,#3964);
#3967=CURVE_STYLE('',#67,POSITIVE_LENGTH_MEASURE(2.E-2),#23);
#3968=PRESENTATION_STYLE_ASSIGNMENT((#3967));
#3969=STYLED_ITEM('',(#3968),#3966);
#3970=DIRECTION('',(0.E0,1.E0,0.E0));
#3971=VECTOR('',#3970,4.780521185304E-1);
#3972=CARTESIAN_POINT('',(-4.78E0,5.221947881470E0,-2.25E0));
#3973=LINE('',#3972,#3971);
#3974=CURVE_STYLE('',#67,POSITIVE_LENGTH_MEASURE(2.E-2),#23);
#3975=PRESENTATION_STYLE_ASSIGNMENT((#3974));
#3976=STYLED_ITEM('',(#3975),#3973);
#3977=DIRECTION('',(0.E0,5.233595624337E-2,-9.986295347546E-1));
#3978=VECTOR('',#3977,1.636260810131E0);
#3979=CARTESIAN_POINT('',(-4.78E0,4.736860793406E0,-2.369160109392E-1));
#3980=LINE('',#3979,#3978);
#3981=CURVE_STYLE('',#67,POSITIVE_LENGTH_MEASURE(2.E-2),#23);
#3982=PRESENTATION_STYLE_ASSIGNMENT((#3981));
#3983=STYLED_ITEM('',(#3982),#3980);
#3984=DIRECTION('',(0.E0,-1.E0,0.E0));
#3985=VECTOR('',#3984,2.5E-1);
#3986=CARTESIAN_POINT('',(-5.38E0,3.15E0,3.2E0));
#3987=LINE('',#3986,#3985);
#3988=CURVE_STYLE('',#67,POSITIVE_LENGTH_MEASURE(2.E-2),#23);
#3989=PRESENTATION_STYLE_ASSIGNMENT((#3988));
#3990=STYLED_ITEM('',(#3989),#3987);
#3991=CARTESIAN_POINT('',(-5.18E0,3.15E0,3.2E0));
#3992=DIRECTION('',(0.E0,1.E0,0.E0));
#3993=DIRECTION('',(-1.E0,0.E0,0.E0));
#3994=AXIS2_PLACEMENT_3D('',#3991,#3992,#3993);
#3996=CURVE_STYLE('',#67,POSITIVE_LENGTH_MEASURE(2.E-2),#23);
#3997=PRESENTATION_STYLE_ASSIGNMENT((#3996));
#3998=STYLED_ITEM('',(#3997),#3995);
#3999=DIRECTION('',(0.E0,-1.E0,0.E0));
#4000=VECTOR('',#3999,2.5E-1);
#4001=CARTESIAN_POINT('',(-5.18E0,3.15E0,3.4E0));
#4002=LINE('',#4001,#4000);
#4003=CURVE_STYLE('',#67,POSITIVE_LENGTH_MEASURE(2.E-2),#23);
#4004=PRESENTATION_STYLE_ASSIGNMENT((#4003));
#4005=STYLED_ITEM('',(#4004),#4002);
#4006=CARTESIAN_POINT('',(-5.18E0,2.9E0,3.2E0));
#4007=DIRECTION('',(0.E0,-1.E0,0.E0));
#4008=DIRECTION('',(0.E0,0.E0,1.E0));
#4009=AXIS2_PLACEMENT_3D('',#4006,#4007,#4008);
#4011=CURVE_STYLE('',#67,POSITIVE_LENGTH_MEASURE(2.E-2),#23);
#4012=PRESENTATION_STYLE_ASSIGNMENT((#4011));
#4013=STYLED_ITEM('',(#4012),#4010);
#4014=CARTESIAN_POINT('',(-4.98E0,2.9E0,3.2E0));
#4015=DIRECTION('',(0.E0,1.E0,0.E0));
#4016=DIRECTION('',(0.E0,0.E0,1.E0));
#4017=AXIS2_PLACEMENT_3D('',#4014,#4015,#4016);
#4019=CURVE_STYLE('',#67,POSITIVE_LENGTH_MEASURE(2.E-2),#23);
#4020=PRESENTATION_STYLE_ASSIGNMENT((#4019));
#4021=STYLED_ITEM('',(#4020),#4018);
#4022=DIRECTION('',(0.E0,1.E0,0.E0));
#4023=VECTOR('',#4022,2.5E-1);
#4024=CARTESIAN_POINT('',(-4.98E0,2.9E0,3.4E0));
#4025=LINE('',#4024,#4023);
#4026=CURVE_STYLE('',#67,POSITIVE_LENGTH_MEASURE(2.E-2),#23);
#4027=PRESENTATION_STYLE_ASSIGNMENT((#4026));
#4028=STYLED_ITEM('',(#4027),#4025);
#4029=CARTESIAN_POINT('',(-4.98E0,3.15E0,3.2E0));
#4030=DIRECTION('',(0.E0,-1.E0,0.E0));
#4031=DIRECTION('',(1.E0,0.E0,0.E0));
#4032=AXIS2_PLACEMENT_3D('',#4029,#4030,#4031);
#4034=CURVE_STYLE('',#67,POSITIVE_LENGTH_MEASURE(2.E-2),#23);
#4035=PRESENTATION_STYLE_ASSIGNMENT((#4034));
#4036=STYLED_ITEM('',(#4035),#4033);
#4037=DIRECTION('',(0.E0,1.E0,0.E0));
#4038=VECTOR('',#4037,2.5E-1);
#4039=CARTESIAN_POINT('',(-4.78E0,2.9E0,3.2E0));
#4040=LINE('',#4039,#4038);
#4041=CURVE_STYLE('',#67,POSITIVE_LENGTH_MEASURE(2.E-2),#23);
#4042=PRESENTATION_STYLE_ASSIGNMENT((#4041));
#4043=STYLED_ITEM('',(#4042),#4040);
#4044=DIRECTION('',(-1.E0,0.E0,0.E0));
#4045=VECTOR('',#4044,6.E-1);
#4046=CARTESIAN_POINT('',(-4.78E0,4.986518177095E0,-2.238320218786E-1));
#4047=LINE('',#4046,#4045);
#4048=CURVE_STYLE('',#67,POSITIVE_LENGTH_MEASURE(2.E-2),#23);
#4049=PRESENTATION_STYLE_ASSIGNMENT((#4048));
#4050=STYLED_ITEM('',(#4049),#4047);
#4051=CARTESIAN_POINT('',(-4.78E0,4.487203409718E0,-2.5E-1));
#4052=DIRECTION('',(1.E0,0.E0,0.E0));
#4053=DIRECTION('',(0.E0,9.986295347546E-1,5.233595624277E-2));
#4054=AXIS2_PLACEMENT_3D('',#4051,#4052,#4053);
#4056=CURVE_STYLE('',#67,POSITIVE_LENGTH_MEASURE(2.E-2),#23);
#4057=PRESENTATION_STYLE_ASSIGNMENT((#4056));
#4058=STYLED_ITEM('',(#4057),#4055);
#4059=DIRECTION('',(-1.E0,0.E0,0.E0));
#4060=VECTOR('',#4059,6.E-1);
#4061=CARTESIAN_POINT('',(-4.78E0,4.487203409718E0,2.5E-1));
#4062=LINE('',#4061,#4060);
#4063=CURVE_STYLE('',#67,POSITIVE_LENGTH_MEASURE(2.E-2),#23);
#4064=PRESENTATION_STYLE_ASSIGNMENT((#4063));
#4065=STYLED_ITEM('',(#4064),#4062);
#4066=CARTESIAN_POINT('',(-5.38E0,4.487203409718E0,-2.5E-1));
#4067=DIRECTION('',(-1.E0,0.E0,0.E0));
#4068=DIRECTION('',(0.E0,0.E0,1.E0));
#4069=AXIS2_PLACEMENT_3D('',#4066,#4067,#4068);
#4071=CURVE_STYLE('',#67,POSITIVE_LENGTH_MEASURE(2.E-2),#23);
#4072=PRESENTATION_STYLE_ASSIGNMENT((#4071));
#4073=STYLED_ITEM('',(#4072),#4070);
#4074=DIRECTION('',(-1.E0,0.E0,0.E0));
#4075=VECTOR('',#4074,6.E-1);
#4076=CARTESIAN_POINT('',(-4.78E0,5.7E0,-2.E0));
#4077=LINE('',#4076,#4075);
#4078=CURVE_STYLE('',#67,POSITIVE_LENGTH_MEASURE(2.E-2),#23);
#4079=PRESENTATION_STYLE_ASSIGNMENT((#4078));
#4080=STYLED_ITEM('',(#4079),#4077);
#4081=DIRECTION('',(-1.E0,0.E0,0.E0));
#4082=VECTOR('',#4081,6.E-1);
#4083=CARTESIAN_POINT('',(-4.78E0,5.7E0,-2.25E0));
#4084=LINE('',#4083,#4082);
#4085=CURVE_STYLE('',#67,POSITIVE_LENGTH_MEASURE(2.E-2),#23);
#4086=PRESENTATION_STYLE_ASSIGNMENT((#4085));
#4087=STYLED_ITEM('',(#4086),#4084);
#4088=DIRECTION('',(-1.E0,0.E0,0.E0));
#4089=VECTOR('',#4088,6.E-1);
#4090=CARTESIAN_POINT('',(-4.78E0,4.822496067568E0,-1.870934382497E0));
#4091=LINE('',#4090,#4089);
#4092=CURVE_STYLE('',#67,POSITIVE_LENGTH_MEASURE(2.E-2),#23);
#4093=PRESENTATION_STYLE_ASSIGNMENT((#4092));
#4094=STYLED_ITEM('',(#4093),#4091);
#4095=CARTESIAN_POINT('',(-4.78E0,5.221947881470E0,-1.85E0));
#4096=DIRECTION('',(1.E0,0.E0,0.E0));
#4097=DIRECTION('',(0.E0,-9.986295347546E-1,-5.233595624338E-2));
#4098=AXIS2_PLACEMENT_3D('',#4095,#4096,#4097);
#4100=CURVE_STYLE('',#67,POSITIVE_LENGTH_MEASURE(2.E-2),#23);
#4101=PRESENTATION_STYLE_ASSIGNMENT((#4100));
#4102=STYLED_ITEM('',(#4101),#4099);
#4103=DIRECTION('',(-1.E0,0.E0,0.E0));
#4104=VECTOR('',#4103,6.E-1);
#4105=CARTESIAN_POINT('',(-4.78E0,5.221947881470E0,-2.25E0));
#4106=LINE('',#4105,#4104);
#4107=CURVE_STYLE('',#67,POSITIVE_LENGTH_MEASURE(2.E-2),#23);
#4108=PRESENTATION_STYLE_ASSIGNMENT((#4107));
#4109=STYLED_ITEM('',(#4108),#4106);
#4110=CARTESIAN_POINT('',(-5.38E0,5.221947881470E0,-1.85E0));
#4111=DIRECTION('',(-1.E0,0.E0,0.E0));
#4112=DIRECTION('',(0.E0,0.E0,-1.E0));
#4113=AXIS2_PLACEMENT_3D('',#4110,#4111,#4112);
#4115=CURVE_STYLE('',#67,POSITIVE_LENGTH_MEASURE(2.E-2),#23);
#4116=PRESENTATION_STYLE_ASSIGNMENT((#4115));
#4117=STYLED_ITEM('',(#4116),#4114);
#4118=DIRECTION('',(-1.E0,0.E0,0.E0));
#4119=VECTOR('',#4118,6.E-1);
#4120=CARTESIAN_POINT('',(-4.78E0,4.487203409717E0,0.E0));
#4121=LINE('',#4120,#4119);
#4122=CURVE_STYLE('',#67,POSITIVE_LENGTH_MEASURE(2.E-2),#23);
#4123=PRESENTATION_STYLE_ASSIGNMENT((#4122));
#4124=STYLED_ITEM('',(#4123),#4121);
#4125=CARTESIAN_POINT('',(-4.78E0,4.487203409717E0,-2.5E-1));
#4126=DIRECTION('',(-1.E0,0.E0,0.E0));
#4127=DIRECTION('',(0.E0,0.E0,1.E0));
#4128=AXIS2_PLACEMENT_3D('',#4125,#4126,#4127);
#4130=CURVE_STYLE('',#67,POSITIVE_LENGTH_MEASURE(2.E-2),#23);
#4131=PRESENTATION_STYLE_ASSIGNMENT((#4130));
#4132=STYLED_ITEM('',(#4131),#4129);
#4133=DIRECTION('',(-1.E0,0.E0,0.E0));
#4134=VECTOR('',#4133,6.E-1);
#4135=CARTESIAN_POINT('',(-4.78E0,4.736860793406E0,-2.369160109392E-1));
#4136=LINE('',#4135,#4134);
#4137=CURVE_STYLE('',#67,POSITIVE_LENGTH_MEASURE(2.E-2),#23);
#4138=PRESENTATION_STYLE_ASSIGNMENT((#4137));
#4139=STYLED_ITEM('',(#4138),#4136);
#4140=CARTESIAN_POINT('',(-5.38E0,4.487203409717E0,-2.5E-1));
#4141=DIRECTION('',(1.E0,0.E0,0.E0));
#4142=DIRECTION('',(0.E0,9.986295347546E-1,5.233595624337E-2));
#4143=AXIS2_PLACEMENT_3D('',#4140,#4141,#4142);
#4145=CURVE_STYLE('',#67,POSITIVE_LENGTH_MEASURE(2.E-2),#23);
#4146=PRESENTATION_STYLE_ASSIGNMENT((#4145));
#4147=STYLED_ITEM('',(#4146),#4144);
#4148=DIRECTION('',(1.E0,0.E0,0.E0));
#4149=VECTOR('',#4148,6.E-1);
#4150=CARTESIAN_POINT('',(4.78E0,5.072153451256E0,-1.857850393436E0));
#4151=LINE('',#4150,#4149);
#4152=CURVE_STYLE('',#67,POSITIVE_LENGTH_MEASURE(2.E-2),#23);
#4153=PRESENTATION_STYLE_ASSIGNMENT((#4152));
#4154=STYLED_ITEM('',(#4153),#4151);
#4155=CARTESIAN_POINT('',(4.78E0,5.221947881469E0,-1.85E0));
#4156=DIRECTION('',(1.E0,0.E0,0.E0));
#4157=DIRECTION('',(0.E0,-9.986295347546E-1,-5.233595624277E-2));
#4158=AXIS2_PLACEMENT_3D('',#4155,#4156,#4157);
#4160=CURVE_STYLE('',#67,POSITIVE_LENGTH_MEASURE(2.E-2),#23);
#4161=PRESENTATION_STYLE_ASSIGNMENT((#4160));
#4162=STYLED_ITEM('',(#4161),#4159);
#4163=DIRECTION('',(1.E0,0.E0,0.E0));
#4164=VECTOR('',#4163,6.E-1);
#4165=CARTESIAN_POINT('',(4.78E0,5.221947881469E0,-2.E0));
#4166=LINE('',#4165,#4164);
#4167=CURVE_STYLE('',#67,POSITIVE_LENGTH_MEASURE(2.E-2),#23);
#4168=PRESENTATION_STYLE_ASSIGNMENT((#4167));
#4169=STYLED_ITEM('',(#4168),#4166);
#4170=CARTESIAN_POINT('',(5.38E0,5.221947881469E0,-1.85E0));
#4171=DIRECTION('',(-1.E0,0.E0,0.E0));
#4172=DIRECTION('',(0.E0,0.E0,-1.E0));
#4173=AXIS2_PLACEMENT_3D('',#4170,#4171,#4172);
#4175=CURVE_STYLE('',#67,POSITIVE_LENGTH_MEASURE(2.E-2),#23);
#4176=PRESENTATION_STYLE_ASSIGNMENT((#4175));
#4177=STYLED_ITEM('',(#4176),#4174);
#4178=DIRECTION('',(-1.E0,0.E0,0.E0));
#4179=VECTOR('',#4178,6.E-1);
#4180=CARTESIAN_POINT('',(5.38E0,5.7E0,-2.E0));
#4181=LINE('',#4180,#4179);
#4182=CURVE_STYLE('',#67,POSITIVE_LENGTH_MEASURE(2.E-2),#23);
#4183=PRESENTATION_STYLE_ASSIGNMENT((#4182));
#4184=STYLED_ITEM('',(#4183),#4181);
#4185=DIRECTION('',(-1.E0,0.E0,0.E0));
#4186=VECTOR('',#4185,6.E-1);
#4187=CARTESIAN_POINT('',(5.38E0,5.7E0,-2.25E0));
#4188=LINE('',#4187,#4186);
#4189=CURVE_STYLE('',#67,POSITIVE_LENGTH_MEASURE(2.E-2),#23);
#4190=PRESENTATION_STYLE_ASSIGNMENT((#4189));
#4191=STYLED_ITEM('',(#4190),#4188);
#4192=DIRECTION('',(-1.E0,0.E0,0.E0));
#4193=VECTOR('',#4192,6.E-1);
#4194=CARTESIAN_POINT('',(5.38E0,4.822496067568E0,-1.870934382497E0));
#4195=LINE('',#4194,#4193);
#4196=CURVE_STYLE('',#67,POSITIVE_LENGTH_MEASURE(2.E-2),#23);
#4197=PRESENTATION_STYLE_ASSIGNMENT((#4196));
#4198=STYLED_ITEM('',(#4197),#4195);
#4199=CARTESIAN_POINT('',(5.38E0,5.221947881470E0,-1.85E0));
#4200=DIRECTION('',(1.E0,0.E0,0.E0));
#4201=DIRECTION('',(0.E0,-9.986295347546E-1,-5.233595624338E-2));
#4202=AXIS2_PLACEMENT_3D('',#4199,#4200,#4201);
#4204=CURVE_STYLE('',#67,POSITIVE_LENGTH_MEASURE(2.E-2),#23);
#4205=PRESENTATION_STYLE_ASSIGNMENT((#4204));
#4206=STYLED_ITEM('',(#4205),#4203);
#4207=DIRECTION('',(-1.E0,0.E0,0.E0));
#4208=VECTOR('',#4207,6.E-1);
#4209=CARTESIAN_POINT('',(5.38E0,5.221947881470E0,-2.25E0));
#4210=LINE('',#4209,#4208);
#4211=CURVE_STYLE('',#67,POSITIVE_LENGTH_MEASURE(2.E-2),#23);
#4212=PRESENTATION_STYLE_ASSIGNMENT((#4211));
#4213=STYLED_ITEM('',(#4212),#4210);
#4214=CARTESIAN_POINT('',(4.78E0,5.221947881470E0,-1.85E0));
#4215=DIRECTION('',(-1.E0,0.E0,0.E0));
#4216=DIRECTION('',(0.E0,0.E0,-1.E0));
#4217=AXIS2_PLACEMENT_3D('',#4214,#4215,#4216);
#4219=CURVE_STYLE('',#67,POSITIVE_LENGTH_MEASURE(2.E-2),#23);
#4220=PRESENTATION_STYLE_ASSIGNMENT((#4219));
#4221=STYLED_ITEM('',(#4220),#4218);
#4222=DIRECTION('',(-1.E0,0.E0,0.E0));
#4223=VECTOR('',#4222,6.E-1);
#4224=CARTESIAN_POINT('',(5.38E0,4.487203409717E0,0.E0));
#4225=LINE('',#4224,#4223);
#4226=CURVE_STYLE('',#67,POSITIVE_LENGTH_MEASURE(2.E-2),#23);
#4227=PRESENTATION_STYLE_ASSIGNMENT((#4226));
#4228=STYLED_ITEM('',(#4227),#4225);
#4229=CARTESIAN_POINT('',(5.38E0,4.487203409717E0,-2.5E-1));
#4230=DIRECTION('',(-1.E0,0.E0,0.E0));
#4231=DIRECTION('',(0.E0,0.E0,1.E0));
#4232=AXIS2_PLACEMENT_3D('',#4229,#4230,#4231);
#4234=CURVE_STYLE('',#67,POSITIVE_LENGTH_MEASURE(2.E-2),#23);
#4235=PRESENTATION_STYLE_ASSIGNMENT((#4234));
#4236=STYLED_ITEM('',(#4235),#4233);
#4237=DIRECTION('',(-1.E0,0.E0,0.E0));
#4238=VECTOR('',#4237,6.E-1);
#4239=CARTESIAN_POINT('',(5.38E0,4.736860793406E0,-2.369160109392E-1));
#4240=LINE('',#4239,#4238);
#4241=CURVE_STYLE('',#67,POSITIVE_LENGTH_MEASURE(2.E-2),#23);
#4242=PRESENTATION_STYLE_ASSIGNMENT((#4241));
#4243=STYLED_ITEM('',(#4242),#4240);
#4244=CARTESIAN_POINT('',(4.78E0,4.487203409717E0,-2.5E-1));
#4245=DIRECTION('',(1.E0,0.E0,0.E0));
#4246=DIRECTION('',(0.E0,9.986295347546E-1,5.233595624337E-2));
#4247=AXIS2_PLACEMENT_3D('',#4244,#4245,#4246);
#4249=CURVE_STYLE('',#67,POSITIVE_LENGTH_MEASURE(2.E-2),#23);
#4250=PRESENTATION_STYLE_ASSIGNMENT((#4249));
#4251=STYLED_ITEM('',(#4250),#4248);
#4252=DIRECTION('',(1.E0,0.E0,0.E0));
#4253=VECTOR('',#4252,6.E-1);
#4254=CARTESIAN_POINT('',(2.24E0,5.072153451256E0,-1.857850393436E0));
#4255=LINE('',#4254,#4253);
#4256=CURVE_STYLE('',#67,POSITIVE_LENGTH_MEASURE(2.E-2),#23);
#4257=PRESENTATION_STYLE_ASSIGNMENT((#4256));
#4258=STYLED_ITEM('',(#4257),#4255);
#4259=CARTESIAN_POINT('',(2.24E0,5.221947881469E0,-1.85E0));
#4260=DIRECTION('',(1.E0,0.E0,0.E0));
#4261=DIRECTION('',(0.E0,-9.986295347546E-1,-5.233595624277E-2));
#4262=AXIS2_PLACEMENT_3D('',#4259,#4260,#4261);
#4264=CURVE_STYLE('',#67,POSITIVE_LENGTH_MEASURE(2.E-2),#23);
#4265=PRESENTATION_STYLE_ASSIGNMENT((#4264));
#4266=STYLED_ITEM('',(#4265),#4263);
#4267=DIRECTION('',(1.E0,0.E0,0.E0));
#4268=VECTOR('',#4267,6.E-1);
#4269=CARTESIAN_POINT('',(2.24E0,5.221947881469E0,-2.E0));
#4270=LINE('',#4269,#4268);
#4271=CURVE_STYLE('',#67,POSITIVE_LENGTH_MEASURE(2.E-2),#23);
#4272=PRESENTATION_STYLE_ASSIGNMENT((#4271));
#4273=STYLED_ITEM('',(#4272),#4270);
#4274=CARTESIAN_POINT('',(2.84E0,5.221947881469E0,-1.85E0));
#4275=DIRECTION('',(-1.E0,0.E0,0.E0));
#4276=DIRECTION('',(0.E0,0.E0,-1.E0));
#4277=AXIS2_PLACEMENT_3D('',#4274,#4275,#4276);
#4279=CURVE_STYLE('',#67,POSITIVE_LENGTH_MEASURE(2.E-2),#23);
#4280=PRESENTATION_STYLE_ASSIGNMENT((#4279));
#4281=STYLED_ITEM('',(#4280),#4278);
#4282=DIRECTION('',(-1.E0,0.E0,0.E0));
#4283=VECTOR('',#4282,6.E-1);
#4284=CARTESIAN_POINT('',(2.84E0,5.7E0,-2.E0));
#4285=LINE('',#4284,#4283);
#4286=CURVE_STYLE('',#67,POSITIVE_LENGTH_MEASURE(2.E-2),#23);
#4287=PRESENTATION_STYLE_ASSIGNMENT((#4286));
#4288=STYLED_ITEM('',(#4287),#4285);
#4289=DIRECTION('',(-1.E0,0.E0,0.E0));
#4290=VECTOR('',#4289,6.E-1);
#4291=CARTESIAN_POINT('',(2.84E0,5.7E0,-2.25E0));
#4292=LINE('',#4291,#4290);
#4293=CURVE_STYLE('',#67,POSITIVE_LENGTH_MEASURE(2.E-2),#23);
#4294=PRESENTATION_STYLE_ASSIGNMENT((#4293));
#4295=STYLED_ITEM('',(#4294),#4292);
#4296=DIRECTION('',(-1.E0,0.E0,0.E0));
#4297=VECTOR('',#4296,6.E-1);
#4298=CARTESIAN_POINT('',(2.84E0,4.822496067568E0,-1.870934382497E0));
#4299=LINE('',#4298,#4297);
#4300=CURVE_STYLE('',#67,POSITIVE_LENGTH_MEASURE(2.E-2),#23);
#4301=PRESENTATION_STYLE_ASSIGNMENT((#4300));
#4302=STYLED_ITEM('',(#4301),#4299);
#4303=CARTESIAN_POINT('',(2.84E0,5.221947881470E0,-1.85E0));
#4304=DIRECTION('',(1.E0,0.E0,0.E0));
#4305=DIRECTION('',(0.E0,-9.986295347546E-1,-5.233595624338E-2));
#4306=AXIS2_PLACEMENT_3D('',#4303,#4304,#4305);
#4308=CURVE_STYLE('',#67,POSITIVE_LENGTH_MEASURE(2.E-2),#23);
#4309=PRESENTATION_STYLE_ASSIGNMENT((#4308));
#4310=STYLED_ITEM('',(#4309),#4307);
#4311=DIRECTION('',(-1.E0,0.E0,0.E0));
#4312=VECTOR('',#4311,6.E-1);
#4313=CARTESIAN_POINT('',(2.84E0,5.221947881470E0,-2.25E0));
#4314=LINE('',#4313,#4312);
#4315=CURVE_STYLE('',#67,POSITIVE_LENGTH_MEASURE(2.E-2),#23);
#4316=PRESENTATION_STYLE_ASSIGNMENT((#4315));
#4317=STYLED_ITEM('',(#4316),#4314);
#4318=CARTESIAN_POINT('',(2.24E0,5.221947881470E0,-1.85E0));
#4319=DIRECTION('',(-1.E0,0.E0,0.E0));
#4320=DIRECTION('',(0.E0,0.E0,-1.E0));
#4321=AXIS2_PLACEMENT_3D('',#4318,#4319,#4320);
#4323=CURVE_STYLE('',#67,POSITIVE_LENGTH_MEASURE(2.E-2),#23);
#4324=PRESENTATION_STYLE_ASSIGNMENT((#4323));
#4325=STYLED_ITEM('',(#4324),#4322);
#4326=DIRECTION('',(-1.E0,0.E0,0.E0));
#4327=VECTOR('',#4326,6.E-1);
#4328=CARTESIAN_POINT('',(2.84E0,4.986518177095E0,-2.238320218786E-1));
#4329=LINE('',#4328,#4327);
#4330=CURVE_STYLE('',#67,POSITIVE_LENGTH_MEASURE(2.E-2),#23);
#4331=PRESENTATION_STYLE_ASSIGNMENT((#4330));
#4332=STYLED_ITEM('',(#4331),#4329);
#4333=CARTESIAN_POINT('',(2.84E0,4.487203409718E0,-2.5E-1));
#4334=DIRECTION('',(1.E0,0.E0,0.E0));
#4335=DIRECTION('',(0.E0,9.986295347546E-1,5.233595624277E-2));
#4336=AXIS2_PLACEMENT_3D('',#4333,#4334,#4335);
#4338=CURVE_STYLE('',#67,POSITIVE_LENGTH_MEASURE(2.E-2),#23);
#4339=PRESENTATION_STYLE_ASSIGNMENT((#4338));
#4340=STYLED_ITEM('',(#4339),#4337);
#4341=DIRECTION('',(-1.E0,0.E0,0.E0));
#4342=VECTOR('',#4341,6.E-1);
#4343=CARTESIAN_POINT('',(2.84E0,4.487203409718E0,2.5E-1));
#4344=LINE('',#4343,#4342);
#4345=CURVE_STYLE('',#67,POSITIVE_LENGTH_MEASURE(2.E-2),#23);
#4346=PRESENTATION_STYLE_ASSIGNMENT((#4345));
#4347=STYLED_ITEM('',(#4346),#4344);
#4348=CARTESIAN_POINT('',(2.24E0,4.487203409718E0,-2.5E-1));
#4349=DIRECTION('',(-1.E0,0.E0,0.E0));
#4350=DIRECTION('',(0.E0,0.E0,1.E0));
#4351=AXIS2_PLACEMENT_3D('',#4348,#4349,#4350);
#4353=CURVE_STYLE('',#67,POSITIVE_LENGTH_MEASURE(2.E-2),#23);
#4354=PRESENTATION_STYLE_ASSIGNMENT((#4353));
#4355=STYLED_ITEM('',(#4354),#4352);
#4356=DIRECTION('',(0.E0,0.E0,1.E0));
#4357=VECTOR('',#4356,3.E-1);
#4358=CARTESIAN_POINT('',(2.84E0,3.15E0,2.9E0));
#4359=LINE('',#4358,#4357);
#4360=CURVE_STYLE('',#67,POSITIVE_LENGTH_MEASURE(2.E-2),#23);
#4361=PRESENTATION_STYLE_ASSIGNMENT((#4360));
#4362=STYLED_ITEM('',(#4361),#4359);
#4363=DIRECTION('',(0.E0,-1.E0,0.E0));
#4364=VECTOR('',#4363,2.5E-1);
#4365=CARTESIAN_POINT('',(2.24E0,3.15E0,3.2E0));
#4366=LINE('',#4365,#4364);
#4367=CURVE_STYLE('',#67,POSITIVE_LENGTH_MEASURE(2.E-2),#23);
#4368=PRESENTATION_STYLE_ASSIGNMENT((#4367));
#4369=STYLED_ITEM('',(#4368),#4366);
#4370=CARTESIAN_POINT('',(2.44E0,3.15E0,3.2E0));
#4371=DIRECTION('',(0.E0,1.E0,0.E0));
#4372=DIRECTION('',(-1.E0,0.E0,0.E0));
#4373=AXIS2_PLACEMENT_3D('',#4370,#4371,#4372);
#4375=CURVE_STYLE('',#67,POSITIVE_LENGTH_MEASURE(2.E-2),#23);
#4376=PRESENTATION_STYLE_ASSIGNMENT((#4375));
#4377=STYLED_ITEM('',(#4376),#4374);
#4378=DIRECTION('',(0.E0,-1.E0,0.E0));
#4379=VECTOR('',#4378,2.5E-1);
#4380=CARTESIAN_POINT('',(2.44E0,3.15E0,3.4E0));
#4381=LINE('',#4380,#4379);
#4382=CURVE_STYLE('',#67,POSITIVE_LENGTH_MEASURE(2.E-2),#23);
#4383=PRESENTATION_STYLE_ASSIGNMENT((#4382));
#4384=STYLED_ITEM('',(#4383),#4381);
#4385=CARTESIAN_POINT('',(2.44E0,2.9E0,3.2E0));
#4386=DIRECTION('',(0.E0,-1.E0,0.E0));
#4387=DIRECTION('',(0.E0,0.E0,1.E0));
#4388=AXIS2_PLACEMENT_3D('',#4385,#4386,#4387);
#4390=CURVE_STYLE('',#67,POSITIVE_LENGTH_MEASURE(2.E-2),#23);
#4391=PRESENTATION_STYLE_ASSIGNMENT((#4390));
#4392=STYLED_ITEM('',(#4391),#4389);
#4393=DIRECTION('',(-3.487826274237E-2,3.487826274237E-2,9.987827659587E-1));
#4394=VECTOR('',#4393,6.007312305034E-1);
#4395=CARTESIAN_POINT('',(6.08E0,2.878864786411E0,2.3E0));
#4396=LINE('',#4395,#4394);
#4397=CURVE_STYLE('',#67,POSITIVE_LENGTH_MEASURE(2.E-2),#23);
#4398=PRESENTATION_STYLE_ASSIGNMENT((#4397));
#4399=STYLED_ITEM('',(#4398),#4396);
#4400=CARTESIAN_POINT('',(6.08E0,2.878864786411E0,2.3E0));
#4401=CARTESIAN_POINT('',(6.08E0,2.828895245060E0,2.3E0));
#4402=CARTESIAN_POINT('',(6.058327589183E0,2.750628573175E0,2.3E0));
#4403=CARTESIAN_POINT('',(5.996624911557E0,2.662422626748E0,2.3E0));
#4404=CARTESIAN_POINT('',(5.908418965130E0,2.600719949122E0,2.3E0));
#4405=CARTESIAN_POINT('',(5.830152293245E0,2.579047538305E0,2.3E0));
#4406=CARTESIAN_POINT('',(5.780182751894E0,2.579047538305E0,2.3E0));
#4408=CURVE_STYLE('',#67,POSITIVE_LENGTH_MEASURE(2.E-2),#23);
#4409=PRESENTATION_STYLE_ASSIGNMENT((#4408));
#4410=STYLED_ITEM('',(#4409),#4407);
#4411=DIRECTION('',(-3.487826274237E-2,3.487826274237E-2,9.987827659587E-1));
#4412=VECTOR('',#4411,6.007312305034E-1);
#4413=CARTESIAN_POINT('',(5.780182751894E0,2.579047538305E0,2.3E0));
#4414=LINE('',#4413,#4412);
#4415=CURVE_STYLE('',#67,POSITIVE_LENGTH_MEASURE(2.E-2),#23);
#4416=PRESENTATION_STYLE_ASSIGNMENT((#4415));
#4417=STYLED_ITEM('',(#4416),#4414);
#4418=CARTESIAN_POINT('',(5.759230290199E0,2.6E0,2.9E0));
#4419=CARTESIAN_POINT('',(5.809199831550E0,2.6E0,2.9E0));
#4420=CARTESIAN_POINT('',(5.887466503435E0,2.621672410817E0,2.9E0));
#4421=CARTESIAN_POINT('',(5.975672449862E0,2.683375088443E0,2.9E0));
#4422=CARTESIAN_POINT('',(6.037375127488E0,2.771581034870E0,2.9E0));
#4423=CARTESIAN_POINT('',(6.059047538305E0,2.849847706755E0,2.9E0));
#4424=CARTESIAN_POINT('',(6.059047538305E0,2.899817248106E0,2.9E0));
#4426=CURVE_STYLE('',#67,POSITIVE_LENGTH_MEASURE(2.E-2),#23);
#4427=PRESENTATION_STYLE_ASSIGNMENT((#4426));
#4428=STYLED_ITEM('',(#4427),#4425);
#4429=DIRECTION('',(3.487826274237E-2,3.487826274237E-2,-9.987827659587E-1));
#4430=VECTOR('',#4429,6.007312305034E-1);
#4431=CARTESIAN_POINT('',(6.059047538305E0,3.318118943589E0,2.9E0));
#4432=LINE('',#4431,#4430);
#4433=CURVE_STYLE('',#67,POSITIVE_LENGTH_MEASURE(2.E-2),#23);
#4434=PRESENTATION_STYLE_ASSIGNMENT((#4433));
#4435=STYLED_ITEM('',(#4434),#4432);
#4436=CARTESIAN_POINT('',(6.059047538305E0,3.318118943589E0,2.9E0));
#4437=CARTESIAN_POINT('',(6.059047538305E0,3.368088484940E0,2.9E0));
#4438=CARTESIAN_POINT('',(6.037375127488E0,3.446355156824E0,2.9E0));
#4439=CARTESIAN_POINT('',(5.975672449862E0,3.534561103251E0,2.9E0));
#4440=CARTESIAN_POINT('',(5.887466503435E0,3.596263780877E0,2.9E0));
#4441=CARTESIAN_POINT('',(5.809199831550E0,3.617936191694E0,2.9E0));
#4442=CARTESIAN_POINT('',(5.759230290199E0,3.617936191694E0,2.9E0));
#4444=CURVE_STYLE('',#67,POSITIVE_LENGTH_MEASURE(2.E-2),#23);
#4445=PRESENTATION_STYLE_ASSIGNMENT((#4444));
#4446=STYLED_ITEM('',(#4445),#4443);
#4447=DIRECTION('',(3.487826274237E-2,3.487826274237E-2,-9.987827659587E-1));
#4448=VECTOR('',#4447,6.007312305034E-1);
#4449=CARTESIAN_POINT('',(5.759230290199E0,3.617936191694E0,2.9E0));
#4450=LINE('',#4449,#4448);
#4451=CURVE_STYLE('',#67,POSITIVE_LENGTH_MEASURE(2.E-2),#23);
#4452=PRESENTATION_STYLE_ASSIGNMENT((#4451));
#4453=STYLED_ITEM('',(#4452),#4450);
#4454=CARTESIAN_POINT('',(5.780182751894E0,3.638888653389E0,2.3E0));
#4455=CARTESIAN_POINT('',(5.830152293245E0,3.638888653389E0,2.3E0));
#4456=CARTESIAN_POINT('',(5.908418965130E0,3.617216242572E0,2.3E0));
#4457=CARTESIAN_POINT('',(5.996624911557E0,3.555513564946E0,2.3E0));
#4458=CARTESIAN_POINT('',(6.058327589183E0,3.467307618519E0,2.3E0));
#4459=CARTESIAN_POINT('',(6.08E0,3.389040946635E0,2.3E0));
#4460=CARTESIAN_POINT('',(6.08E0,3.339071405284E0,2.3E0));
#4462=CURVE_STYLE('',#67,POSITIVE_LENGTH_MEASURE(2.E-2),#23);
#4463=PRESENTATION_STYLE_ASSIGNMENT((#4462));
#4464=STYLED_ITEM('',(#4463),#4461);
#4465=DIRECTION('',(1.E0,0.E0,0.E0));
#4466=VECTOR('',#4465,1.354036550379E1);
#4467=CARTESIAN_POINT('',(-6.770182751894E0,3.7E0,5.500000000005E-1));
#4468=LINE('',#4467,#4466);
#4469=CURVE_STYLE('',#67,POSITIVE_LENGTH_MEASURE(2.E-2),#23);
#4470=PRESENTATION_STYLE_ASSIGNMENT((#4469));
#4471=STYLED_ITEM('',(#4470),#4468);
#4472=DIRECTION('',(-1.E0,0.E0,0.E0));
#4473=VECTOR('',#4472,1.151846058040E1);
#4474=CARTESIAN_POINT('',(5.759230290199E0,3.617936191694E0,2.9E0));
#4475=LINE('',#4474,#4473);
#4476=CURVE_STYLE('',#67,POSITIVE_LENGTH_MEASURE(2.E-2),#23);
#4477=PRESENTATION_STYLE_ASSIGNMENT((#4476));
#4478=STYLED_ITEM('',(#4477),#4475);
#4479=DIRECTION('',(-3.487826274238E-2,3.487826274237E-2,-9.987827659587E-1));
#4480=VECTOR('',#4479,1.752132755635E0);
#4481=CARTESIAN_POINT('',(-6.709071405284E0,3.638888653389E0,2.3E0));
#4482=LINE('',#4481,#4480);
#4483=CURVE_STYLE('',#67,POSITIVE_LENGTH_MEASURE(2.E-2),#23);
#4484=PRESENTATION_STYLE_ASSIGNMENT((#4483));
#4485=STYLED_ITEM('',(#4484),#4482);
#4486=CARTESIAN_POINT('',(-6.709071405284E0,3.638888653389E0,2.3E0));
#4487=CARTESIAN_POINT('',(-6.759040946635E0,3.638888653389E0,2.3E0));
#4488=CARTESIAN_POINT('',(-6.837307618519E0,3.617216242572E0,2.3E0));
#4489=CARTESIAN_POINT('',(-6.925513564946E0,3.555513564946E0,2.3E0));
#4490=CARTESIAN_POINT('',(-6.987216242572E0,3.467307618519E0,2.3E0));
#4491=CARTESIAN_POINT('',(-7.008888653389E0,3.389040946635E0,2.3E0));
#4492=CARTESIAN_POINT('',(-7.008888653389E0,3.339071405284E0,2.3E0));
#4494=CURVE_STYLE('',#67,POSITIVE_LENGTH_MEASURE(2.E-2),#23);
#4495=PRESENTATION_STYLE_ASSIGNMENT((#4494));
#4496=STYLED_ITEM('',(#4495),#4493);
#4497=DIRECTION('',(-3.487826274237E-2,3.487826274237E-2,-9.987827659587E-1));
#4498=VECTOR('',#4497,1.752132755635E0);
#4499=CARTESIAN_POINT('',(-7.008888653389E0,3.339071405284E0,2.3E0));
#4500=LINE('',#4499,#4498);
#4501=CURVE_STYLE('',#67,POSITIVE_LENGTH_MEASURE(2.E-2),#23);
#4502=PRESENTATION_STYLE_ASSIGNMENT((#4501));
#4503=STYLED_ITEM('',(#4502),#4500);
#4504=CARTESIAN_POINT('',(-7.07E0,3.400182751894E0,5.500000000005E-1));
#4505=CARTESIAN_POINT('',(-7.07E0,3.450152293245E0,5.500000000005E-1));
#4506=CARTESIAN_POINT('',(-7.048327589183E0,3.528418965130E0,
5.500000000005E-1));
#4507=CARTESIAN_POINT('',(-6.986624911557E0,3.616624911557E0,
5.500000000005E-1));
#4508=CARTESIAN_POINT('',(-6.898418965130E0,3.678327589183E0,
5.500000000005E-1));
#4509=CARTESIAN_POINT('',(-6.820152293245E0,3.7E0,5.500000000005E-1));
#4510=CARTESIAN_POINT('',(-6.770182751894E0,3.7E0,5.500000000005E-1));
#4512=CURVE_STYLE('',#67,POSITIVE_LENGTH_MEASURE(2.E-2),#23);
#4513=PRESENTATION_STYLE_ASSIGNMENT((#4512));
#4514=STYLED_ITEM('',(#4513),#4511);
#4515=DIRECTION('',(-3.487826274237E-2,-3.487826274237E-2,-9.987827659587E-1));
#4516=VECTOR('',#4515,1.752132755635E0);
#4517=CARTESIAN_POINT('',(-7.008888653389E0,-2.664138523306E0,2.3E0));
#4518=LINE('',#4517,#4516);
#4519=CURVE_STYLE('',#67,POSITIVE_LENGTH_MEASURE(2.E-2),#23);
#4520=PRESENTATION_STYLE_ASSIGNMENT((#4519));
#4521=STYLED_ITEM('',(#4520),#4518);
#4522=CARTESIAN_POINT('',(-7.008888653389E0,-2.664138523306E0,2.3E0));
#4523=CARTESIAN_POINT('',(-7.008888653389E0,-2.746935093136E0,2.3E0));
#4524=CARTESIAN_POINT('',(-6.979642369465E0,-2.817617455516E0,2.3E0));
#4525=CARTESIAN_POINT('',(-6.921096353480E0,-2.876163471502E0,2.3E0));
#4527=CURVE_STYLE('',#67,POSITIVE_LENGTH_MEASURE(2.E-2),#23);
#4528=PRESENTATION_STYLE_ASSIGNMENT((#4527));
#4529=STYLED_ITEM('',(#4528),#4526);
#4530=DIRECTION('',(-3.487826274238E-2,-3.487826274237E-2,-9.987827659587E-1));
#4531=VECTOR('',#4530,1.752132755635E0);
#4532=CARTESIAN_POINT('',(-6.921096353480E0,-2.876163471502E0,2.3E0));
#4533=LINE('',#4532,#4531);
#4534=CURVE_STYLE('',#67,POSITIVE_LENGTH_MEASURE(2.E-2),#23);
#4535=PRESENTATION_STYLE_ASSIGNMENT((#4534));
#4536=STYLED_ITEM('',(#4535),#4533);
#4537=CARTESIAN_POINT('',(-6.982207700090E0,-2.937274818112E0,
5.500000000005E-1));
#4538=CARTESIAN_POINT('',(-7.040753716076E0,-2.878728802126E0,
5.500000000005E-1));
#4539=CARTESIAN_POINT('',(-7.07E0,-2.808046439746E0,5.500000000005E-1));
#4540=CARTESIAN_POINT('',(-7.07E0,-2.725249869916E0,5.500000000005E-1));
#4542=CURVE_STYLE('',#67,POSITIVE_LENGTH_MEASURE(2.E-2),#23);
#4543=PRESENTATION_STYLE_ASSIGNMENT((#4542));
#4544=STYLED_ITEM('',(#4543),#4541);
#4545=DIRECTION('',(7.071067811865E-1,-7.071067811865E-1,0.E0));
#4546=VECTOR('',#4545,9.544992353849E-1);
#4547=CARTESIAN_POINT('',(-6.982207700090E0,-2.937274818112E0,
5.500000000005E-1));
#4548=LINE('',#4547,#4546);
#4549=CURVE_STYLE('',#67,POSITIVE_LENGTH_MEASURE(2.E-2),#23);
#4550=PRESENTATION_STYLE_ASSIGNMENT((#4549));
#4551=STYLED_ITEM('',(#4550),#4548);
#4552=DIRECTION('',(7.071067811865E-1,-7.071067811865E-1,0.E0));
#4553=VECTOR('',#4552,9.544992353848E-1);
#4554=CARTESIAN_POINT('',(-6.921096353480E0,-2.876163471502E0,2.3E0));
#4555=LINE('',#4554,#4553);
#4556=CURVE_STYLE('',#67,POSITIVE_LENGTH_MEASURE(2.E-2),#23);
#4557=PRESENTATION_STYLE_ASSIGNMENT((#4556));
#4558=STYLED_ITEM('',(#4557),#4555);
#4559=DIRECTION('',(-3.487826274238E-2,-3.487826274237E-2,9.987827659587E-1));
#4560=VECTOR('',#4559,1.752132755635E0);
#4561=CARTESIAN_POINT('',(6.770182751894E0,3.7E0,5.500000000005E-1));
#4562=LINE('',#4561,#4560);
#4563=CURVE_STYLE('',#67,POSITIVE_LENGTH_MEASURE(2.E-2),#23);
#4564=PRESENTATION_STYLE_ASSIGNMENT((#4563));
#4565=STYLED_ITEM('',(#4564),#4562);
#4566=CARTESIAN_POINT('',(6.770182751894E0,3.7E0,5.500000000005E-1));
#4567=CARTESIAN_POINT('',(6.820152293245E0,3.7E0,5.500000000005E-1));
#4568=CARTESIAN_POINT('',(6.898418965130E0,3.678327589183E0,5.500000000005E-1));
#4569=CARTESIAN_POINT('',(6.986624911557E0,3.616624911557E0,5.500000000005E-1));
#4570=CARTESIAN_POINT('',(7.048327589183E0,3.528418965130E0,5.500000000005E-1));
#4571=CARTESIAN_POINT('',(7.07E0,3.450152293245E0,5.500000000005E-1));
#4572=CARTESIAN_POINT('',(7.07E0,3.400182751894E0,5.500000000005E-1));
#4574=CURVE_STYLE('',#67,POSITIVE_LENGTH_MEASURE(2.E-2),#23);
#4575=PRESENTATION_STYLE_ASSIGNMENT((#4574));
#4576=STYLED_ITEM('',(#4575),#4573);
#4577=DIRECTION('',(-3.487826274237E-2,-3.487826274237E-2,9.987827659587E-1));
#4578=VECTOR('',#4577,1.752132755635E0);
#4579=CARTESIAN_POINT('',(7.07E0,3.400182751894E0,5.500000000005E-1));
#4580=LINE('',#4579,#4578);
#4581=CURVE_STYLE('',#67,POSITIVE_LENGTH_MEASURE(2.E-2),#23);
#4582=PRESENTATION_STYLE_ASSIGNMENT((#4581));
#4583=STYLED_ITEM('',(#4582),#4580);
#4584=CARTESIAN_POINT('',(7.008888653389E0,3.339071405284E0,2.3E0));
#4585=CARTESIAN_POINT('',(7.008888653389E0,3.389040946635E0,2.3E0));
#4586=CARTESIAN_POINT('',(6.987216242572E0,3.467307618519E0,2.3E0));
#4587=CARTESIAN_POINT('',(6.925513564946E0,3.555513564946E0,2.3E0));
#4588=CARTESIAN_POINT('',(6.837307618519E0,3.617216242572E0,2.3E0));
#4589=CARTESIAN_POINT('',(6.759040946635E0,3.638888653389E0,2.3E0));
#4590=CARTESIAN_POINT('',(6.709071405284E0,3.638888653389E0,2.3E0));
#4592=CURVE_STYLE('',#67,POSITIVE_LENGTH_MEASURE(2.E-2),#23);
#4593=PRESENTATION_STYLE_ASSIGNMENT((#4592));
#4594=STYLED_ITEM('',(#4593),#4591);
#4595=DIRECTION('',(0.E0,-1.E0,0.E0));
#4596=VECTOR('',#4595,6.800365503789E0);
#4597=CARTESIAN_POINT('',(7.07E0,3.400182751894E0,5.500000000005E-1));
#4598=LINE('',#4597,#4596);
#4599=CURVE_STYLE('',#67,POSITIVE_LENGTH_MEASURE(2.E-2),#23);
#4600=PRESENTATION_STYLE_ASSIGNMENT((#4599));
#4601=STYLED_ITEM('',(#4600),#4598);
#4602=DIRECTION('',(3.487826274238E-2,-3.487826274237E-2,-9.987827659587E-1));
#4603=VECTOR('',#4602,1.752132755635E0);
#4604=CARTESIAN_POINT('',(6.709071405284E0,-3.638888653389E0,2.3E0));
#4605=LINE('',#4604,#4603);
#4606=CURVE_STYLE('',#67,POSITIVE_LENGTH_MEASURE(2.E-2),#23);
#4607=PRESENTATION_STYLE_ASSIGNMENT((#4606));
#4608=STYLED_ITEM('',(#4607),#4605);
#4609=CARTESIAN_POINT('',(6.709071405284E0,-3.638888653389E0,2.3E0));
#4610=CARTESIAN_POINT('',(6.759040946635E0,-3.638888653389E0,2.3E0));
#4611=CARTESIAN_POINT('',(6.837307618519E0,-3.617216242572E0,2.3E0));
#4612=CARTESIAN_POINT('',(6.925513564946E0,-3.555513564946E0,2.3E0));
#4613=CARTESIAN_POINT('',(6.987216242572E0,-3.467307618519E0,2.3E0));
#4614=CARTESIAN_POINT('',(7.008888653389E0,-3.389040946635E0,2.3E0));
#4615=CARTESIAN_POINT('',(7.008888653389E0,-3.339071405284E0,2.3E0));
#4617=CURVE_STYLE('',#67,POSITIVE_LENGTH_MEASURE(2.E-2),#23);
#4618=PRESENTATION_STYLE_ASSIGNMENT((#4617));
#4619=STYLED_ITEM('',(#4618),#4616);
#4620=DIRECTION('',(3.487826274237E-2,-3.487826274237E-2,-9.987827659587E-1));
#4621=VECTOR('',#4620,1.752132755635E0);
#4622=CARTESIAN_POINT('',(7.008888653389E0,-3.339071405284E0,2.3E0));
#4623=LINE('',#4622,#4621);
#4624=CURVE_STYLE('',#67,POSITIVE_LENGTH_MEASURE(2.E-2),#23);
#4625=PRESENTATION_STYLE_ASSIGNMENT((#4624));
#4626=STYLED_ITEM('',(#4625),#4623);
#4627=CARTESIAN_POINT('',(7.07E0,-3.400182751894E0,5.500000000005E-1));
#4628=CARTESIAN_POINT('',(7.07E0,-3.450152293245E0,5.500000000005E-1));
#4629=CARTESIAN_POINT('',(7.048327589183E0,-3.528418965130E0,
5.500000000005E-1));
#4630=CARTESIAN_POINT('',(6.986624911557E0,-3.616624911557E0,
5.500000000005E-1));
#4631=CARTESIAN_POINT('',(6.898418965130E0,-3.678327589183E0,
5.500000000005E-1));
#4632=CARTESIAN_POINT('',(6.820152293245E0,-3.7E0,5.500000000005E-1));
#4633=CARTESIAN_POINT('',(6.770182751894E0,-3.7E0,5.500000000005E-1));
#4635=CURVE_STYLE('',#67,POSITIVE_LENGTH_MEASURE(2.E-2),#23);
#4636=PRESENTATION_STYLE_ASSIGNMENT((#4635));
#4637=STYLED_ITEM('',(#4636),#4634);
#4638=DIRECTION('',(3.487826274237E-2,-3.487826274238E-2,9.987827659587E-1));
#4639=VECTOR('',#4638,6.007312305034E-1);
#4640=CARTESIAN_POINT('',(-6.08E0,3.339071405284E0,2.3E0));
#4641=LINE('',#4640,#4639);
#4642=CURVE_STYLE('',#67,POSITIVE_LENGTH_MEASURE(2.E-2),#23);
#4643=PRESENTATION_STYLE_ASSIGNMENT((#4642));
#4644=STYLED_ITEM('',(#4643),#4641);
#4645=CARTESIAN_POINT('',(-6.08E0,3.339071405284E0,2.3E0));
#4646=CARTESIAN_POINT('',(-6.08E0,3.389040946635E0,2.3E0));
#4647=CARTESIAN_POINT('',(-6.058327589183E0,3.467307618519E0,2.3E0));
#4648=CARTESIAN_POINT('',(-5.996624911557E0,3.555513564946E0,2.3E0));
#4649=CARTESIAN_POINT('',(-5.908418965130E0,3.617216242572E0,2.3E0));
#4650=CARTESIAN_POINT('',(-5.830152293245E0,3.638888653389E0,2.3E0));
#4651=CARTESIAN_POINT('',(-5.780182751894E0,3.638888653389E0,2.3E0));
#4653=CURVE_STYLE('',#67,POSITIVE_LENGTH_MEASURE(2.E-2),#23);
#4654=PRESENTATION_STYLE_ASSIGNMENT((#4653));
#4655=STYLED_ITEM('',(#4654),#4652);
#4656=DIRECTION('',(3.487826274237E-2,-3.487826274237E-2,9.987827659587E-1));
#4657=VECTOR('',#4656,6.007312305034E-1);
#4658=CARTESIAN_POINT('',(-5.780182751894E0,3.638888653389E0,2.3E0));
#4659=LINE('',#4658,#4657);
#4660=CURVE_STYLE('',#67,POSITIVE_LENGTH_MEASURE(2.E-2),#23);
#4661=PRESENTATION_STYLE_ASSIGNMENT((#4660));
#4662=STYLED_ITEM('',(#4661),#4659);
#4663=CARTESIAN_POINT('',(-5.759230290199E0,3.617936191694E0,2.9E0));
#4664=CARTESIAN_POINT('',(-5.809199831550E0,3.617936191694E0,2.9E0));
#4665=CARTESIAN_POINT('',(-5.887466503435E0,3.596263780877E0,2.9E0));
#4666=CARTESIAN_POINT('',(-5.975672449862E0,3.534561103251E0,2.9E0));
#4667=CARTESIAN_POINT('',(-6.037375127488E0,3.446355156824E0,2.9E0));
#4668=CARTESIAN_POINT('',(-6.059047538305E0,3.368088484940E0,2.9E0));
#4669=CARTESIAN_POINT('',(-6.059047538305E0,3.318118943589E0,2.9E0));
#4671=CURVE_STYLE('',#67,POSITIVE_LENGTH_MEASURE(2.E-2),#23);
#4672=PRESENTATION_STYLE_ASSIGNMENT((#4671));
#4673=STYLED_ITEM('',(#4672),#4670);
#4674=DIRECTION('',(-3.487826274237E-2,-3.487826274237E-2,-9.987827659587E-1));
#4675=VECTOR('',#4674,6.007312305034E-1);
#4676=CARTESIAN_POINT('',(-6.059047538305E0,2.899817248106E0,2.9E0));
#4677=LINE('',#4676,#4675);
#4678=CURVE_STYLE('',#67,POSITIVE_LENGTH_MEASURE(2.E-2),#23);
#4679=PRESENTATION_STYLE_ASSIGNMENT((#4678));
#4680=STYLED_ITEM('',(#4679),#4677);
#4681=CARTESIAN_POINT('',(-6.059047538305E0,2.899817248106E0,2.9E0));
#4682=CARTESIAN_POINT('',(-6.059047538305E0,2.849847706755E0,2.9E0));
#4683=CARTESIAN_POINT('',(-6.037375127488E0,2.771581034870E0,2.9E0));
#4684=CARTESIAN_POINT('',(-5.975672449862E0,2.683375088443E0,2.9E0));
#4685=CARTESIAN_POINT('',(-5.887466503435E0,2.621672410817E0,2.9E0));
#4686=CARTESIAN_POINT('',(-5.809199831550E0,2.6E0,2.9E0));
#4687=CARTESIAN_POINT('',(-5.759230290199E0,2.6E0,2.9E0));
#4689=CURVE_STYLE('',#67,POSITIVE_LENGTH_MEASURE(2.E-2),#23);
#4690=PRESENTATION_STYLE_ASSIGNMENT((#4689));
#4691=STYLED_ITEM('',(#4690),#4688);
#4692=DIRECTION('',(-3.487826274238E-2,-3.487826274237E-2,-9.987827659587E-1));
#4693=VECTOR('',#4692,6.007312305034E-1);
#4694=CARTESIAN_POINT('',(-5.759230290199E0,2.6E0,2.9E0));
#4695=LINE('',#4694,#4693);
#4696=CURVE_STYLE('',#67,POSITIVE_LENGTH_MEASURE(2.E-2),#23);
#4697=PRESENTATION_STYLE_ASSIGNMENT((#4696));
#4698=STYLED_ITEM('',(#4697),#4695);
#4699=CARTESIAN_POINT('',(-5.780182751894E0,2.579047538305E0,2.3E0));
#4700=CARTESIAN_POINT('',(-5.830152293245E0,2.579047538305E0,2.3E0));
#4701=CARTESIAN_POINT('',(-5.908418965130E0,2.600719949122E0,2.3E0));
#4702=CARTESIAN_POINT('',(-5.996624911557E0,2.662422626748E0,2.3E0));
#4703=CARTESIAN_POINT('',(-6.058327589183E0,2.750628573175E0,2.3E0));
#4704=CARTESIAN_POINT('',(-6.08E0,2.828895245060E0,2.3E0));
#4705=CARTESIAN_POINT('',(-6.08E0,2.878864786411E0,2.3E0));
#4707=CURVE_STYLE('',#67,POSITIVE_LENGTH_MEASURE(2.E-2),#23);
#4708=PRESENTATION_STYLE_ASSIGNMENT((#4707));
#4709=STYLED_ITEM('',(#4708),#4706);
#4710=DIRECTION('',(1.E0,0.E0,0.E0));
#4711=VECTOR('',#4710,1.386130312398E0);
#4712=CARTESIAN_POINT('',(-5.759230290199E0,2.6E0,2.9E0));
#4713=LINE('',#4712,#4711);
#4714=CURVE_STYLE('',#67,POSITIVE_LENGTH_MEASURE(2.E-2),#23);
#4715=PRESENTATION_STYLE_ASSIGNMENT((#4714));
#4716=STYLED_ITEM('',(#4715),#4713);
#4717=DIRECTION('',(-2.973885099864E-3,3.489934237671E-2,9.993864077068E-1));
#4718=VECTOR('',#4717,4.302640066785E0);
#4719=CARTESIAN_POINT('',(-4.360304420616E0,2.449840691185E0,-1.4E0));
#4720=LINE('',#4719,#4718);
#4721=CURVE_STYLE('',#67,POSITIVE_LENGTH_MEASURE(2.E-2),#23);
#4722=PRESENTATION_STYLE_ASSIGNMENT((#4721));
#4723=STYLED_ITEM('',(#4722),#4720);
#4724=DIRECTION('',(2.973885099865E-3,3.489934237671E-2,9.993864077068E-1));
#4725=VECTOR('',#4724,4.302640066785E0);
#4726=CARTESIAN_POINT('',(1.820304420616E0,2.449840691185E0,-1.4E0));
#4727=LINE('',#4726,#4725);
#4728=CURVE_STYLE('',#67,POSITIVE_LENGTH_MEASURE(2.E-2),#23);
#4729=PRESENTATION_STYLE_ASSIGNMENT((#4728));
#4730=STYLED_ITEM('',(#4729),#4727);
#4731=DIRECTION('',(1.E0,0.E0,0.E0));
#4732=VECTOR('',#4731,3.926130312398E0);
#4733=CARTESIAN_POINT('',(1.833099977801E0,2.6E0,2.9E0));
#4734=LINE('',#4733,#4732);
#4735=CURVE_STYLE('',#67,POSITIVE_LENGTH_MEASURE(2.E-2),#23);
#4736=PRESENTATION_STYLE_ASSIGNMENT((#4735));
#4737=STYLED_ITEM('',(#4736),#4734);
#4738=DIRECTION('',(3.487827580323E-2,-3.486815920296E-2,-9.987831182748E-1));
#4739=VECTOR('',#4738,3.704507948047E0);
#4740=CARTESIAN_POINT('',(-6.499047538305E0,2.379169372901E0,2.3E0));
#4741=LINE('',#4740,#4739);
#4742=CURVE_STYLE('',#67,POSITIVE_LENGTH_MEASURE(2.E-2),#23);
#4743=PRESENTATION_STYLE_ASSIGNMENT((#4742));
#4744=STYLED_ITEM('',(#4743),#4741);
#4745=CARTESIAN_POINT('',(-6.499047538305E0,2.379169372901E0,2.3E0));
#4746=CARTESIAN_POINT('',(-6.499047538305E0,2.445795428036E0,2.3E0));
#4747=CARTESIAN_POINT('',(-6.448617193560E0,2.528617193560E0,2.3E0));
#4748=CARTESIAN_POINT('',(-6.365795428036E0,2.579047538305E0,2.3E0));
#4749=CARTESIAN_POINT('',(-6.299169372901E0,2.579047538305E0,2.3E0));
#4751=CURVE_STYLE('',#67,POSITIVE_LENGTH_MEASURE(2.E-2),#23);
#4752=PRESENTATION_STYLE_ASSIGNMENT((#4751));
#4753=STYLED_ITEM('',(#4752),#4750);
#4754=DIRECTION('',(3.487826274237E-2,-3.487826274237E-2,-9.987827659587E-1));
#4755=VECTOR('',#4754,3.704509254771E0);
#4756=CARTESIAN_POINT('',(-6.299169372901E0,2.579047538305E0,2.3E0));
#4757=LINE('',#4756,#4755);
#4758=CURVE_STYLE('',#67,POSITIVE_LENGTH_MEASURE(2.E-2),#23);
#4759=PRESENTATION_STYLE_ASSIGNMENT((#4758));
#4760=STYLED_ITEM('',(#4759),#4757);
#4761=CARTESIAN_POINT('',(-6.169962525782E0,2.449840691185E0,-1.4E0));
#4762=CARTESIAN_POINT('',(-6.236576098275E0,2.449840691185E0,-1.4E0));
#4763=CARTESIAN_POINT('',(-6.319396333613E0,2.399424341593E0,-1.4E0));
#4764=CARTESIAN_POINT('',(-6.369828213800E0,2.316613571325E0,-1.4E0));
#4765=CARTESIAN_POINT('',(-6.369840687677E0,2.25E0,-1.4E0));
#4767=CURVE_STYLE('',#67,POSITIVE_LENGTH_MEASURE(2.E-2),#23);
#4768=PRESENTATION_STYLE_ASSIGNMENT((#4767));
#4769=STYLED_ITEM('',(#4768),#4766);
#4770=DIRECTION('',(1.111772196100E-2,-1.745132781258E-2,-9.997859007888E-1));
#4771=VECTOR('',#4770,4.300920823756E0);
#4772=CARTESIAN_POINT('',(-4.07E0,3.25E0,2.9E0));
#4773=LINE('',#4772,#4771);
#4774=CURVE_STYLE('',#67,POSITIVE_LENGTH_MEASURE(2.E-2),#23);
#4775=PRESENTATION_STYLE_ASSIGNMENT((#4774));
#4776=STYLED_ITEM('',(#4775),#4773);
#4777=DIRECTION('',(-1.111772196100E-2,-1.745132781258E-2,-9.997859007888E-1));
#4778=VECTOR('',#4777,4.300920823756E0);
#4779=CARTESIAN_POINT('',(1.53E0,3.25E0,2.9E0));
#4780=LINE('',#4779,#4778);
#4781=CURVE_STYLE('',#67,POSITIVE_LENGTH_MEASURE(2.E-2),#23);
#4782=PRESENTATION_STYLE_ASSIGNMENT((#4781));
#4783=STYLED_ITEM('',(#4782),#4780);
#4784=DIRECTION('',(3.487827523564E-2,3.486815920414E-2,9.987831182946E-1));
#4785=VECTOR('',#4784,3.704507947925E0);
#4786=CARTESIAN_POINT('',(6.369840690485E0,2.25E0,-1.399999999976E0));
#4787=LINE('',#4786,#4785);
#4788=CURVE_STYLE('',#67,POSITIVE_LENGTH_MEASURE(2.E-2),#23);
#4789=PRESENTATION_STYLE_ASSIGNMENT((#4788));
#4790=STYLED_ITEM('',(#4789),#4787);
#4791=CARTESIAN_POINT('',(6.369840690485E0,2.25E0,-1.399999999976E0));
#4792=CARTESIAN_POINT('',(6.369838210205E0,2.263245304667E0,-1.399999999976E0));
#4793=CARTESIAN_POINT('',(6.367260421734E0,2.289161358245E0,-1.400000000011E0));
#4794=CARTESIAN_POINT('',(6.355818658841E0,2.326989743738E0,-1.399999999997E0));
#4795=CARTESIAN_POINT('',(6.337234674964E0,2.361739459884E0,-1.400000000001E0));
#4796=CARTESIAN_POINT('',(6.312224851854E0,2.392225717973E0,-1.4E0));
#4797=CARTESIAN_POINT('',(6.281737056390E0,2.417236424386E0,-1.4E0));
#4798=CARTESIAN_POINT('',(6.246984877620E0,2.435821047313E0,-1.4E0));
#4799=CARTESIAN_POINT('',(6.209146279454E0,2.447264417420E0,-1.4E0));
#4800=CARTESIAN_POINT('',(6.183216362186E0,2.449840691185E0,-1.4E0));
#4801=CARTESIAN_POINT('',(6.169962525782E0,2.449840691185E0,-1.4E0));
#4803=CURVE_STYLE('',#67,POSITIVE_LENGTH_MEASURE(2.E-2),#23);
#4804=PRESENTATION_STYLE_ASSIGNMENT((#4803));
#4805=STYLED_ITEM('',(#4804),#4802);
#4806=DIRECTION('',(3.487826274237E-2,3.487826274237E-2,9.987827659587E-1));
#4807=VECTOR('',#4806,3.704509254771E0);
#4808=CARTESIAN_POINT('',(6.169962525782E0,2.449840691185E0,-1.4E0));
#4809=LINE('',#4808,#4807);
#4810=CURVE_STYLE('',#67,POSITIVE_LENGTH_MEASURE(2.E-2),#23);
#4811=PRESENTATION_STYLE_ASSIGNMENT((#4810));
#4812=STYLED_ITEM('',(#4811),#4809);
#4813=CARTESIAN_POINT('',(6.299169372901E0,2.579047538305E0,2.3E0));
#4814=CARTESIAN_POINT('',(6.365795428036E0,2.579047538305E0,2.3E0));
#4815=CARTESIAN_POINT('',(6.448617193560E0,2.528617193560E0,2.3E0));
#4816=CARTESIAN_POINT('',(6.499047538305E0,2.445795428036E0,2.3E0));
#4817=CARTESIAN_POINT('',(6.499047538305E0,2.379169372901E0,2.3E0));
#4819=CURVE_STYLE('',#67,POSITIVE_LENGTH_MEASURE(2.E-2),#23);
#4820=PRESENTATION_STYLE_ASSIGNMENT((#4819));
#4821=STYLED_ITEM('',(#4820),#4818);
#4822=DIRECTION('',(4.682014775881E-10,1.E0,1.087890271694E-11));
#4823=VECTOR('',#4822,4.5E0);
#4824=CARTESIAN_POINT('',(6.369840688378E0,-2.25E0,-1.400000000024E0));
#4825=LINE('',#4824,#4823);
#4826=CURVE_STYLE('',#67,POSITIVE_LENGTH_MEASURE(2.E-2),#23);
#4827=PRESENTATION_STYLE_ASSIGNMENT((#4826));
#4828=STYLED_ITEM('',(#4827),#4825);
#4829=DIRECTION('',(0.E0,-1.E0,0.E0));
#4830=VECTOR('',#4829,4.758338745802E0);
#4831=CARTESIAN_POINT('',(6.499047538305E0,2.379169372901E0,2.3E0));
#4832=LINE('',#4831,#4830);
#4833=CURVE_STYLE('',#67,POSITIVE_LENGTH_MEASURE(2.E-2),#23);
#4834=PRESENTATION_STYLE_ASSIGNMENT((#4833));
#4835=STYLED_ITEM('',(#4834),#4832);
#4836=DIRECTION('',(-3.487827580323E-2,3.486815920296E-2,-9.987831182748E-1));
#4837=VECTOR('',#4836,3.704507948047E0);
#4838=CARTESIAN_POINT('',(6.499047538305E0,-2.379169372901E0,2.3E0));
#4839=LINE('',#4838,#4837);
#4840=CURVE_STYLE('',#67,POSITIVE_LENGTH_MEASURE(2.E-2),#23);
#4841=PRESENTATION_STYLE_ASSIGNMENT((#4840));
#4842=STYLED_ITEM('',(#4841),#4839);
#4843=CARTESIAN_POINT('',(6.499047538305E0,-2.379169372901E0,2.3E0));
#4844=CARTESIAN_POINT('',(6.499047538305E0,-2.445795428036E0,2.3E0));
#4845=CARTESIAN_POINT('',(6.448617193560E0,-2.528617193560E0,2.3E0));
#4846=CARTESIAN_POINT('',(6.365795428036E0,-2.579047538305E0,2.3E0));
#4847=CARTESIAN_POINT('',(6.299169372901E0,-2.579047538305E0,2.3E0));
#4849=CURVE_STYLE('',#67,POSITIVE_LENGTH_MEASURE(2.E-2),#23);
#4850=PRESENTATION_STYLE_ASSIGNMENT((#4849));
#4851=STYLED_ITEM('',(#4850),#4848);
#4852=DIRECTION('',(-3.487826274237E-2,3.487826274237E-2,-9.987827659587E-1));
#4853=VECTOR('',#4852,3.704509254771E0);
#4854=CARTESIAN_POINT('',(6.299169372901E0,-2.579047538305E0,2.3E0));
#4855=LINE('',#4854,#4853);
#4856=CURVE_STYLE('',#67,POSITIVE_LENGTH_MEASURE(2.E-2),#23);
#4857=PRESENTATION_STYLE_ASSIGNMENT((#4856));
#4858=STYLED_ITEM('',(#4857),#4855);
#4859=CARTESIAN_POINT('',(6.169962525782E0,-2.449840691185E0,-1.4E0));
#4860=CARTESIAN_POINT('',(6.236576098275E0,-2.449840691185E0,-1.4E0));
#4861=CARTESIAN_POINT('',(6.319396333613E0,-2.399424341593E0,-1.4E0));
#4862=CARTESIAN_POINT('',(6.369828213800E0,-2.316613571325E0,-1.4E0));
#4863=CARTESIAN_POINT('',(6.369840687677E0,-2.25E0,-1.4E0));
#4865=CURVE_STYLE('',#67,POSITIVE_LENGTH_MEASURE(2.E-2),#23);
#4866=PRESENTATION_STYLE_ASSIGNMENT((#4865));
#4867=STYLED_ITEM('',(#4866),#4864);
#4868=DIRECTION('',(-8.682659386421E-2,8.682659216540E-2,9.924325092876E-1));
#4869=VECTOR('',#4868,1.831289414457E0);
#4870=CARTESIAN_POINT('',(-7.160995377763E0,4.090995380874E0,
-1.817431148822E0));
#4871=LINE('',#4870,#4869);
#4872=CURVE_STYLE('',#67,POSITIVE_LENGTH_MEASURE(2.E-2),#23);
#4873=PRESENTATION_STYLE_ASSIGNMENT((#4872));
#4874=STYLED_ITEM('',(#4873),#4871);
#4875=CARTESIAN_POINT('',(-7.62E0,3.95E0,0.E0));
#4876=CARTESIAN_POINT('',(-7.62E0,4.002359877560E0,0.E0));
#4877=CARTESIAN_POINT('',(-7.592584432219E0,4.107079632679E0,0.E0));
#4878=CARTESIAN_POINT('',(-7.477079632679E0,4.222584432219E0,0.E0));
#4879=CARTESIAN_POINT('',(-7.372359877560E0,4.25E0,0.E0));
#4880=CARTESIAN_POINT('',(-7.32E0,4.25E0,0.E0));
#4882=CURVE_STYLE('',#67,POSITIVE_LENGTH_MEASURE(2.E-2),#23);
#4883=PRESENTATION_STYLE_ASSIGNMENT((#4882));
#4884=STYLED_ITEM('',(#4883),#4881);
#4885=CARTESIAN_POINT('',(-7.160995377763E0,4.090995380874E0,
-1.817431148822E0));
#4886=CARTESIAN_POINT('',(-7.178608844210E0,4.090905844515E0,
-1.818452070581E0));
#4887=CARTESIAN_POINT('',(-7.211799786400E0,4.087641722455E0,
-1.820160936240E0));
#4888=CARTESIAN_POINT('',(-7.254678250725E0,4.076657019772E0,
-1.821974173652E0));
#4889=CARTESIAN_POINT('',(-7.291560161775E0,4.061623168360E0,
-1.823237665023E0));
#4890=CARTESIAN_POINT('',(-7.323092198592E0,4.043782488007E0,
-1.824060849496E0));
#4891=CARTESIAN_POINT('',(-7.350055931461E0,4.024089844881E0,
-1.824474701014E0));
#4892=CARTESIAN_POINT('',(-7.373583214299E0,4.002747359633E0,
-1.824602851292E0));
#4893=CARTESIAN_POINT('',(-7.394815474015E0,3.979159370382E0,
-1.824465091421E0));
#4894=CARTESIAN_POINT('',(-7.414342472487E0,3.952207283663E0,
-1.824041509985E0));
#4895=CARTESIAN_POINT('',(-7.431998428704E0,3.920761485673E0,
-1.823212382665E0));
#4896=CARTESIAN_POINT('',(-7.446826003210E0,3.884113252690E0,
-1.821952015418E0));
#4897=CARTESIAN_POINT('',(-7.457681790842E0,3.841489130774E0,
-1.820145814176E0));
#4898=CARTESIAN_POINT('',(-7.460906360781E0,3.808505597206E0,
-1.818445778595E0));
#4899=CARTESIAN_POINT('',(-7.460995311378E0,3.790995377762E0,
-1.817431142742E0));
#4901=CURVE_STYLE('',#67,POSITIVE_LENGTH_MEASURE(2.E-2),#23);
#4902=PRESENTATION_STYLE_ASSIGNMENT((#4901));
#4903=STYLED_ITEM('',(#4902),#4900);
#4904=CARTESIAN_POINT('',(-7.160995377763E0,3.891756438145E0,
-1.999999999997E0));
#4905=CARTESIAN_POINT('',(-7.166932917158E0,3.891756980248E0,
-1.999999999997E0));
#4906=CARTESIAN_POINT('',(-7.178122296985E0,3.890727252164E0,
-2.000000000001E0));
#4907=CARTESIAN_POINT('',(-7.193206061811E0,3.886951666114E0,-2.E0));
#4908=CARTESIAN_POINT('',(-7.205548955942E0,3.881950065029E0,-2.E0));
#4909=CARTESIAN_POINT('',(-7.215642839168E0,3.876287039991E0,-2.E0));
#4910=CARTESIAN_POINT('',(-7.224557285847E0,3.869792268864E0,-2.E0));
#4911=CARTESIAN_POINT('',(-7.232720217813E0,3.862433141495E0,-2.E0));
#4912=CARTESIAN_POINT('',(-7.240031210613E0,3.854259888723E0,-2.E0));
#4913=CARTESIAN_POINT('',(-7.246471410437E0,3.845352248716E0,-2.E0));
#4914=CARTESIAN_POINT('',(-7.252060637654E0,3.835304501210E0,-2.E0));
#4915=CARTESIAN_POINT('',(-7.257011308804E0,3.823013461218E0,-2.E0));
#4916=CARTESIAN_POINT('',(-7.260735487094E0,3.808033266480E0,
-2.000000000001E0));
#4917=CARTESIAN_POINT('',(-7.261757523635E0,3.796902490937E0,
-1.999999999997E0));
#4918=CARTESIAN_POINT('',(-7.261756438145E0,3.790995377763E0,
-1.999999999997E0));
#4920=CURVE_STYLE('',#67,POSITIVE_LENGTH_MEASURE(2.E-2),#23);
#4921=PRESENTATION_STYLE_ASSIGNMENT((#4920));
#4922=STYLED_ITEM('',(#4921),#4919);
#4923=CARTESIAN_POINT('',(-7.160996319169E0,3.891754527581E0,-1.8E0));
#4924=DIRECTION('',(-9.999999998215E-1,1.889358211019E-5,0.E0));
#4925=DIRECTION('',(1.882168769729E-5,9.961947704766E-1,-8.715491334850E-2));
#4926=AXIS2_PLACEMENT_3D('',#4923,#4924,#4925);
#4928=CURVE_STYLE('',#67,POSITIVE_LENGTH_MEASURE(2.E-2),#23);
#4929=PRESENTATION_STYLE_ASSIGNMENT((#4928));
#4930=STYLED_ITEM('',(#4929),#4927);
#4931=DIRECTION('',(0.E0,1.E0,1.669192009594E-9));
#4932=VECTOR('',#4931,1.414654253522E0);
#4933=CARTESIAN_POINT('',(-7.261756438145E0,2.376341124241E0,
-2.000000002359E0));
#4934=LINE('',#4933,#4932);
#4935=CURVE_STYLE('',#67,POSITIVE_LENGTH_MEASURE(2.E-2),#23);
#4936=PRESENTATION_STYLE_ASSIGNMENT((#4935));
#4937=STYLED_ITEM('',(#4936),#4934);
#4938=CARTESIAN_POINT('',(-7.261756438145E0,3.790995377764E0,-1.8E0));
#4939=DIRECTION('',(0.E0,-1.E0,0.E0));
#4940=DIRECTION('',(-9.961946980917E-1,0.E0,-8.715574274766E-2));
#4941=AXIS2_PLACEMENT_3D('',#4938,#4939,#4940);
#4943=CURVE_STYLE('',#67,POSITIVE_LENGTH_MEASURE(2.E-2),#23);
#4944=PRESENTATION_STYLE_ASSIGNMENT((#4943));
#4945=STYLED_ITEM('',(#4944),#4942);
#4946=DIRECTION('',(-4.665867535185E-8,-1.E0,-4.082129633559E-9));
#4947=VECTOR('',#4946,1.419438267556E0);
#4948=CARTESIAN_POINT('',(-7.460995311378E0,3.790995377762E0,
-1.817431142742E0));
#4949=LINE('',#4948,#4947);
#4950=CURVE_STYLE('',#67,POSITIVE_LENGTH_MEASURE(2.E-2),#23);
#4951=PRESENTATION_STYLE_ASSIGNMENT((#4950));
#4952=STYLED_ITEM('',(#4951),#4949);
#4953=DIRECTION('',(4.429594041622E-8,-1.E0,3.875384523090E-9));
#4954=VECTOR('',#4953,1.419438267556E0);
#4955=CARTESIAN_POINT('',(-7.460995374254E0,-2.371557110206E0,
-1.817431148242E0));
#4956=LINE('',#4955,#4954);
#4957=CURVE_STYLE('',#67,POSITIVE_LENGTH_MEASURE(2.E-2),#23);
#4958=PRESENTATION_STYLE_ASSIGNMENT((#4957));
#4959=STYLED_ITEM('',(#4958),#4956);
#4960=CARTESIAN_POINT('',(-7.261756438145E0,-3.790995377764E0,-1.8E0));
#4961=DIRECTION('',(0.E0,-1.E0,0.E0));
#4962=DIRECTION('',(-9.961946980917E-1,0.E0,-8.715574274766E-2));
#4963=AXIS2_PLACEMENT_3D('',#4960,#4961,#4962);
#4965=CURVE_STYLE('',#67,POSITIVE_LENGTH_MEASURE(2.E-2),#23);
#4966=PRESENTATION_STYLE_ASSIGNMENT((#4965));
#4967=STYLED_ITEM('',(#4966),#4964);
#4968=DIRECTION('',(0.E0,1.E0,-2.926640018988E-10));
#4969=VECTOR('',#4968,1.414654253522E0);
#4970=CARTESIAN_POINT('',(-7.261756438145E0,-3.790995377763E0,
-1.999999999997E0));
#4971=LINE('',#4970,#4969);
#4972=CURVE_STYLE('',#67,POSITIVE_LENGTH_MEASURE(2.E-2),#23);
#4973=PRESENTATION_STYLE_ASSIGNMENT((#4972));
#4974=STYLED_ITEM('',(#4973),#4971);
#4975=CARTESIAN_POINT('',(-7.261756438145E0,2.376341124241E0,
-2.000000002359E0));
#4976=CARTESIAN_POINT('',(-7.270100049096E0,2.376341125103E0,
-2.000000008316E0));
#4977=CARTESIAN_POINT('',(-7.287418437180E0,2.376313334517E0,
-1.998940542582E0));
#4978=CARTESIAN_POINT('',(-7.314430179042E0,2.376174840729E0,
-1.993654764706E0));
#4979=CARTESIAN_POINT('',(-7.342962860512E0,2.375912832384E0,
-1.983658397292E0));
#4980=CARTESIAN_POINT('',(-7.370996470075E0,2.375517324986E0,
-1.968563822056E0));
#4981=CARTESIAN_POINT('',(-7.396814756334E0,2.374997184572E0,
-1.948712993777E0));
#4982=CARTESIAN_POINT('',(-7.419125456325E0,2.374371787664E0,
-1.924843999308E0));
#4983=CARTESIAN_POINT('',(-7.436928038954E0,2.373673747260E0,
-1.898203611877E0));
#4984=CARTESIAN_POINT('',(-7.449783822811E0,2.372942898666E0,
-1.870313289590E0));
#4985=CARTESIAN_POINT('',(-7.457808540500E0,2.372216435754E0,
-1.842588757880E0));
#4986=CARTESIAN_POINT('',(-7.460284859024E0,2.371769761869E0,
-1.825552186005E0));
#4987=CARTESIAN_POINT('',(-7.460995377607E0,2.371557110206E0,
-1.817431148536E0));
#4989=CURVE_STYLE('',#67,POSITIVE_LENGTH_MEASURE(2.E-2),#23);
#4990=PRESENTATION_STYLE_ASSIGNMENT((#4989));
#4991=STYLED_ITEM('',(#4990),#4988);
#4992=CARTESIAN_POINT('',(-7.261756438145E0,2.276478170766E0,
-1.905233595624E0));
#4993=CARTESIAN_POINT('',(-7.265958858129E0,2.276478170999E0,
-1.905233600072E0));
#4994=CARTESIAN_POINT('',(-7.274577677181E0,2.276450385340E0,
-1.904703418110E0));
#4995=CARTESIAN_POINT('',(-7.288103065391E0,2.276311819924E0,
-1.902059432470E0));
#4996=CARTESIAN_POINT('',(-7.302365391891E0,2.276049781143E0,
-1.897059434676E0));
#4997=CARTESIAN_POINT('',(-7.316378359153E0,2.275654329915E0,
-1.889513775741E0));
#4998=CARTESIAN_POINT('',(-7.329282275461E0,2.275134357253E0,
-1.879592106302E0));
#4999=CARTESIAN_POINT('',(-7.340434604322E0,2.274509185508E0,
-1.867663118784E0));
#5000=CARTESIAN_POINT('',(-7.349336434619E0,2.273811188399E0,
-1.854344540535E0));
#5001=CARTESIAN_POINT('',(-7.355766403902E0,2.273080579441E0,
-1.840403691146E0));
#5002=CARTESIAN_POINT('',(-7.359783078992E0,2.272352838808E0,
-1.826517572660E0));
#5003=CARTESIAN_POINT('',(-7.361017686674E0,2.271908726679E0,
-1.818043408413E0));
#5004=CARTESIAN_POINT('',(-7.361375907954E0,2.271694156730E0,
-1.813949169899E0));
#5006=CURVE_STYLE('',#67,POSITIVE_LENGTH_MEASURE(2.E-2),#23);
#5007=PRESENTATION_STYLE_ASSIGNMENT((#5006));
#5008=STYLED_ITEM('',(#5007),#5005);
#5009=CARTESIAN_POINT('',(-7.261756438083E0,2.376341124503E0,
-1.900000004997E0));
#5010=DIRECTION('',(-1.E0,-9.667565335712E-11,1.844680707972E-9));
#5011=DIRECTION('',(-1.844684405228E-9,-2.618816274946E-9,-1.E0));
#5012=AXIS2_PLACEMENT_3D('',#5009,#5010,#5011);
#5014=CURVE_STYLE('',#67,POSITIVE_LENGTH_MEASURE(2.E-2),#23);
#5015=PRESENTATION_STYLE_ASSIGNMENT((#5014));
#5016=STYLED_ITEM('',(#5015),#5013);
#5017=DIRECTION('',(-1.E0,0.E0,-8.174528613117E-9));
#5018=VECTOR('',#5017,1.219079150348E0);
#5019=CARTESIAN_POINT('',(-6.042677287797E0,2.376341124241E0,
-1.999999992393E0));
#5020=LINE('',#5019,#5018);
#5021=CURVE_STYLE('',#67,POSITIVE_LENGTH_MEASURE(2.E-2),#23);
#5022=PRESENTATION_STYLE_ASSIGNMENT((#5021));
#5023=STYLED_ITEM('',(#5022),#5020);
#5024=DIRECTION('',(-1.E0,1.123117541337E-8,5.886011186930E-10));
#5025=VECTOR('',#5024,1.219079150348E0);
#5026=CARTESIAN_POINT('',(-6.042677287797E0,2.276478157074E0,
-1.905233596342E0));
#5027=LINE('',#5026,#5025);
#5028=CURVE_STYLE('',#67,POSITIVE_LENGTH_MEASURE(2.E-2),#23);
#5029=PRESENTATION_STYLE_ASSIGNMENT((#5028));
#5030=STYLED_ITEM('',(#5029),#5027);
#5031=CARTESIAN_POINT('',(-6.042677287797E0,2.376341124241E0,-1.9E0));
#5032=DIRECTION('',(-1.E0,0.E0,0.E0));
#5033=DIRECTION('',(0.E0,0.E0,-1.E0));
#5034=AXIS2_PLACEMENT_3D('',#5031,#5032,#5033);
#5036=CURVE_STYLE('',#67,POSITIVE_LENGTH_MEASURE(2.E-2),#23);
#5037=PRESENTATION_STYLE_ASSIGNMENT((#5036));
#5038=STYLED_ITEM('',(#5037),#5035);
#5039=CARTESIAN_POINT('',(-5.443499566944E0,1.777163403389E0,
-1.999999991860E0));
#5040=CARTESIAN_POINT('',(-5.443499490057E0,1.794609197518E0,
-2.000000004992E0));
#5041=CARTESIAN_POINT('',(-5.444987848211E0,1.831947203070E0,
-1.999999997683E0));
#5042=CARTESIAN_POINT('',(-5.454078457801E0,1.896209415975E0,
-2.000000000621E0));
#5043=CARTESIAN_POINT('',(-5.472342648262E0,1.966050766784E0,
-1.999999999834E0));
#5044=CARTESIAN_POINT('',(-5.501221163042E0,2.038062552473E0,
-2.000000000045E0));
#5045=CARTESIAN_POINT('',(-5.541338125363E0,2.108986685E0,-1.999999999987E0));
#5046=CARTESIAN_POINT('',(-5.592227046972E0,2.175465081393E0,
-2.000000000007E0));
#5047=CARTESIAN_POINT('',(-5.652454998530E0,2.234626000923E0,
-1.999999999984E0));
#5048=CARTESIAN_POINT('',(-5.719725845094E0,2.284247344302E0,
-2.000000000056E0));
#5049=CARTESIAN_POINT('',(-5.790916926718E0,2.322881128968E0,
-1.999999999792E0));
#5050=CARTESIAN_POINT('',(-5.862267204126E0,2.350179191287E0,
-2.000000000777E0));
#5051=CARTESIAN_POINT('',(-5.930759871728E0,2.367047425483E0,
-1.999999997101E0));
#5052=CARTESIAN_POINT('',(-5.991251744558E0,2.375022679372E0,
-2.000000010820E0));
#5053=CARTESIAN_POINT('',(-6.026404239549E0,2.376341032051E0,
-1.999999976687E0));
#5054=CARTESIAN_POINT('',(-6.042677287797E0,2.376341124241E0,
-1.999999992393E0));
#5056=CURVE_STYLE('',#67,POSITIVE_LENGTH_MEASURE(2.E-2),#23);
#5057=PRESENTATION_STYLE_ASSIGNMENT((#5056));
#5058=STYLED_ITEM('',(#5057),#5055);
#5059=CARTESIAN_POINT('',(-5.543362535455E0,1.777163403389E0,
-1.905233596412E0));
#5060=CARTESIAN_POINT('',(-5.543354598520E0,1.791639618159E0,
-1.905384427219E0));
#5061=CARTESIAN_POINT('',(-5.544578064702E0,1.822869622281E0,
-1.905696865598E0));
#5062=CARTESIAN_POINT('',(-5.552127937224E0,1.876406955464E0,
-1.906175717247E0));
#5063=CARTESIAN_POINT('',(-5.567326594025E0,1.934650733503E0,
-1.906623924086E0));
#5064=CARTESIAN_POINT('',(-5.591378290433E0,1.994688284674E0,
-1.906998627098E0));
#5065=CARTESIAN_POINT('',(-5.624804323788E0,2.053815817260E0,
-1.907266255922E0));
#5066=CARTESIAN_POINT('',(-5.667213401023E0,2.109224092852E0,
-1.907401630897E0));
#5067=CARTESIAN_POINT('',(-5.717407275998E0,2.158519431235E0,
-1.907392296927E0));
#5068=CARTESIAN_POINT('',(-5.773468428260E0,2.199852021380E0,
-1.907238946446E0));
#5069=CARTESIAN_POINT('',(-5.832794688579E0,2.232020903102E0,
-1.906956158398E0));
#5070=CARTESIAN_POINT('',(-5.892255433738E0,2.254743952053E0,
-1.906573599580E0));
#5071=CARTESIAN_POINT('',(-5.949364700445E0,2.268778778103E0,
-1.906125058436E0));
#5072=CARTESIAN_POINT('',(-5.999768658811E0,2.275402145491E0,
-1.905669177626E0));
#5073=CARTESIAN_POINT('',(-6.029165631194E0,2.276485496044E0,
-1.905374369316E0));
#5074=CARTESIAN_POINT('',(-6.042677287797E0,2.276478157074E0,
-1.905233596342E0));
#5076=CURVE_STYLE('',#67,POSITIVE_LENGTH_MEASURE(2.E-2),#23);
#5077=PRESENTATION_STYLE_ASSIGNMENT((#5076));
#5078=STYLED_ITEM('',(#5077),#5075);
#5079=CARTESIAN_POINT('',(-5.443499639314E0,1.777163403388E0,-1.9E0));
#5080=DIRECTION('',(-8.363928798283E-9,1.E0,0.E0));
#5081=DIRECTION('',(7.236983085201E-7,0.E0,-9.999999999997E-1));
#5082=AXIS2_PLACEMENT_3D('',#5079,#5080,#5081);
#5084=CURVE_STYLE('',#67,POSITIVE_LENGTH_MEASURE(2.E-2),#23);
#5085=PRESENTATION_STYLE_ASSIGNMENT((#5084));
#5086=STYLED_ITEM('',(#5085),#5083);
#5087=DIRECTION('',(5.226442768856E-2,5.226440066311E-2,-9.972646900506E-1));
#5088=VECTOR('',#5087,5.066193573105E-1);
#5089=CARTESIAN_POINT('',(-6.069155458563E0,2.25E0,-1.4E0));
#5090=LINE('',#5089,#5088);
#5091=CURVE_STYLE('',#67,POSITIVE_LENGTH_MEASURE(2.E-2),#23);
#5092=PRESENTATION_STYLE_ASSIGNMENT((#5091));
#5093=STYLED_ITEM('',(#5092),#5090);
#5094=CARTESIAN_POINT('',(-6.069155458563E0,2.25E0,-1.4E0));
#5095=CARTESIAN_POINT('',(-5.985936330667E0,2.25E0,-1.4E0));
#5096=CARTESIAN_POINT('',(-5.855554514629E0,2.213943560245E0,-1.4E0));
#5097=CARTESIAN_POINT('',(-5.708642702308E0,2.111197988878E0,-1.4E0));
#5098=CARTESIAN_POINT('',(-5.605897130941E0,1.964286176556E0,-1.4E0));
#5099=CARTESIAN_POINT('',(-5.569840691185E0,1.833904360519E0,-1.4E0));
#5100=CARTESIAN_POINT('',(-5.569840691185E0,1.750685232623E0,-1.4E0));
#5102=CURVE_STYLE('',#67,POSITIVE_LENGTH_MEASURE(2.E-2),#23);
#5103=PRESENTATION_STYLE_ASSIGNMENT((#5102));
#5104=STYLED_ITEM('',(#5103),#5101);
#5105=DIRECTION('',(5.226439801012E-2,5.226442768898E-2,-9.972646901896E-1));
#5106=VECTOR('',#5105,5.066193573105E-1);
#5107=CARTESIAN_POINT('',(-5.569840691185E0,1.750685232623E0,-1.4E0));
#5108=LINE('',#5107,#5106);
#5109=CURVE_STYLE('',#67,POSITIVE_LENGTH_MEASURE(2.E-2),#23);
#5110=PRESENTATION_STYLE_ASSIGNMENT((#5109));
#5111=STYLED_ITEM('',(#5110),#5108);
#5112=DIRECTION('',(0.E0,1.E0,1.500200076415E-10));
#5113=VECTOR('',#5112,3.554326806777E0);
#5114=CARTESIAN_POINT('',(-5.443499566944E0,-1.777163403389E0,
-1.999999992393E0));
#5115=LINE('',#5114,#5113);
#5116=CURVE_STYLE('',#67,POSITIVE_LENGTH_MEASURE(2.E-2),#23);
#5117=PRESENTATION_STYLE_ASSIGNMENT((#5116));
#5118=STYLED_ITEM('',(#5117),#5115);
#5119=DIRECTION('',(-3.781475501537E-10,1.E0,-1.981793906251E-11));
#5120=VECTOR('',#5119,3.554326806777E0);
#5121=CARTESIAN_POINT('',(-5.543362534111E0,-1.777163403388E0,
-1.905233596342E0));
#5122=LINE('',#5121,#5120);
#5123=CURVE_STYLE('',#67,POSITIVE_LENGTH_MEASURE(2.E-2),#23);
#5124=PRESENTATION_STYLE_ASSIGNMENT((#5123));
#5125=STYLED_ITEM('',(#5124),#5122);
#5126=CARTESIAN_POINT('',(-5.443499566944E0,-1.777163403389E0,-1.9E0));
#5127=DIRECTION('',(0.E0,1.E0,0.E0));
#5128=DIRECTION('',(0.E0,0.E0,-1.E0));
#5129=AXIS2_PLACEMENT_3D('',#5126,#5127,#5128);
#5131=CURVE_STYLE('',#67,POSITIVE_LENGTH_MEASURE(2.E-2),#23);
#5132=PRESENTATION_STYLE_ASSIGNMENT((#5131));
#5133=STYLED_ITEM('',(#5132),#5130);
#5134=CARTESIAN_POINT('',(-6.042677287797E0,-2.376341124241E0,
-1.999999991860E0));
#5135=CARTESIAN_POINT('',(-6.025231493668E0,-2.376341201128E0,
-2.000000004992E0));
#5136=CARTESIAN_POINT('',(-5.987893488116E0,-2.374852842975E0,
-1.999999997683E0));
#5137=CARTESIAN_POINT('',(-5.923631275210E0,-2.365762233385E0,
-2.000000000621E0));
#5138=CARTESIAN_POINT('',(-5.853789924401E0,-2.347498042923E0,
-1.999999999834E0));
#5139=CARTESIAN_POINT('',(-5.781778138712E0,-2.318619528144E0,
-2.000000000045E0));
#5140=CARTESIAN_POINT('',(-5.710854006185E0,-2.278502565822E0,
-1.999999999987E0));
#5141=CARTESIAN_POINT('',(-5.644375609793E0,-2.227613644214E0,
-2.000000000007E0));
#5142=CARTESIAN_POINT('',(-5.585214690263E0,-2.167385692656E0,
-1.999999999984E0));
#5143=CARTESIAN_POINT('',(-5.535593346883E0,-2.100114846091E0,
-2.000000000056E0));
#5144=CARTESIAN_POINT('',(-5.496959562218E0,-2.028923764467E0,
-1.999999999792E0));
#5145=CARTESIAN_POINT('',(-5.469661499898E0,-1.957573487059E0,
-2.000000000777E0));
#5146=CARTESIAN_POINT('',(-5.452793265702E0,-1.889080819457E0,
-1.999999997101E0));
#5147=CARTESIAN_POINT('',(-5.444818011813E0,-1.828588946628E0,
-2.000000010820E0));
#5148=CARTESIAN_POINT('',(-5.443499659135E0,-1.793436451637E0,
-1.999999976687E0));
#5149=CARTESIAN_POINT('',(-5.443499566944E0,-1.777163403389E0,
-1.999999992393E0));
#5151=CURVE_STYLE('',#67,POSITIVE_LENGTH_MEASURE(2.E-2),#23);
#5152=PRESENTATION_STYLE_ASSIGNMENT((#5151));
#5153=STYLED_ITEM('',(#5152),#5150);
#5154=CARTESIAN_POINT('',(-6.042677287797E0,-2.276478155730E0,
-1.905233596412E0));
#5155=CARTESIAN_POINT('',(-6.028201073026E0,-2.276486092665E0,
-1.905384427219E0));
#5156=CARTESIAN_POINT('',(-5.996971068904E0,-2.275262626483E0,
-1.905696865598E0));
#5157=CARTESIAN_POINT('',(-5.943433735722E0,-2.267712753961E0,
-1.906175717247E0));
#5158=CARTESIAN_POINT('',(-5.885189957683E0,-2.252514097160E0,
-1.906623924086E0));
#5159=CARTESIAN_POINT('',(-5.825152406512E0,-2.228462400753E0,
-1.906998627098E0));
#5160=CARTESIAN_POINT('',(-5.766024873925E0,-2.195036367398E0,
-1.907266255922E0));
#5161=CARTESIAN_POINT('',(-5.710616598333E0,-2.152627290162E0,
-1.907401630897E0));
#5162=CARTESIAN_POINT('',(-5.661321259950E0,-2.102433415188E0,
-1.907392296927E0));
#5163=CARTESIAN_POINT('',(-5.619988669806E0,-2.046372262925E0,
-1.907238946446E0));
#5164=CARTESIAN_POINT('',(-5.587819788083E0,-1.987046002606E0,
-1.906956158398E0));
#5165=CARTESIAN_POINT('',(-5.565096739133E0,-1.927585257447E0,
-1.906573599580E0));
#5166=CARTESIAN_POINT('',(-5.551061913083E0,-1.870475990740E0,
-1.906125058436E0));
#5167=CARTESIAN_POINT('',(-5.544438545695E0,-1.820072032374E0,
-1.905669177626E0));
#5168=CARTESIAN_POINT('',(-5.543355195141E0,-1.790675059992E0,
-1.905374369316E0));
#5169=CARTESIAN_POINT('',(-5.543362534111E0,-1.777163403388E0,
-1.905233596342E0));
#5171=CURVE_STYLE('',#67,POSITIVE_LENGTH_MEASURE(2.E-2),#23);
#5172=PRESENTATION_STYLE_ASSIGNMENT((#5171));
#5173=STYLED_ITEM('',(#5172),#5170);
#5174=CARTESIAN_POINT('',(-6.042677287798E0,-2.376341051871E0,-1.9E0));
#5175=DIRECTION('',(1.E0,8.363929778402E-9,0.E0));
#5176=DIRECTION('',(0.E0,-7.236983129610E-7,-9.999999999997E-1));
#5177=AXIS2_PLACEMENT_3D('',#5174,#5175,#5176);
#5179=CURVE_STYLE('',#67,POSITIVE_LENGTH_MEASURE(2.E-2),#23);
#5180=PRESENTATION_STYLE_ASSIGNMENT((#5179));
#5181=STYLED_ITEM('',(#5180),#5178);
#5182=DIRECTION('',(5.226440066311E-2,-5.226442768856E-2,-9.972646900506E-1));
#5183=VECTOR('',#5182,5.066193573105E-1);
#5184=CARTESIAN_POINT('',(-5.569840691185E0,-1.750685232623E0,-1.4E0));
#5185=LINE('',#5184,#5183);
#5186=CURVE_STYLE('',#67,POSITIVE_LENGTH_MEASURE(2.E-2),#23);
#5187=PRESENTATION_STYLE_ASSIGNMENT((#5186));
#5188=STYLED_ITEM('',(#5187),#5185);
#5189=CARTESIAN_POINT('',(-5.569840691185E0,-1.750685232623E0,-1.4E0));
#5190=CARTESIAN_POINT('',(-5.569840691185E0,-1.833904360519E0,-1.4E0));
#5191=CARTESIAN_POINT('',(-5.605897130941E0,-1.964286176556E0,-1.4E0));
#5192=CARTESIAN_POINT('',(-5.708642702308E0,-2.111197988878E0,-1.4E0));
#5193=CARTESIAN_POINT('',(-5.855554514629E0,-2.213943560245E0,-1.4E0));
#5194=CARTESIAN_POINT('',(-5.985936330667E0,-2.25E0,-1.4E0));
#5195=CARTESIAN_POINT('',(-6.069155458563E0,-2.25E0,-1.4E0));
#5197=CURVE_STYLE('',#67,POSITIVE_LENGTH_MEASURE(2.E-2),#23);
#5198=PRESENTATION_STYLE_ASSIGNMENT((#5197));
#5199=STYLED_ITEM('',(#5198),#5196);
#5200=DIRECTION('',(5.226442768898E-2,-5.226439801012E-2,-9.972646901896E-1));
#5201=VECTOR('',#5200,5.066193573105E-1);
#5202=CARTESIAN_POINT('',(-6.069155458563E0,-2.25E0,-1.4E0));
#5203=LINE('',#5202,#5201);
#5204=CURVE_STYLE('',#67,POSITIVE_LENGTH_MEASURE(2.E-2),#23);
#5205=PRESENTATION_STYLE_ASSIGNMENT((#5204));
#5206=STYLED_ITEM('',(#5205),#5203);
#5207=DIRECTION('',(1.E0,0.E0,7.014561674013E-9));
#5208=VECTOR('',#5207,1.219079150348E0);
#5209=CARTESIAN_POINT('',(-7.261756438145E0,-2.376341124241E0,
-2.000000000411E0));
#5210=LINE('',#5209,#5208);
#5211=CURVE_STYLE('',#67,POSITIVE_LENGTH_MEASURE(2.E-2),#23);
#5212=PRESENTATION_STYLE_ASSIGNMENT((#5211));
#5213=STYLED_ITEM('',(#5212),#5210);
#5214=DIRECTION('',(1.E0,1.233369536531E-8,-6.463821529182E-10));
#5215=VECTOR('',#5214,1.219079150348E0);
#5216=CARTESIAN_POINT('',(-7.261756438145E0,-2.276478170766E0,
-1.905233595624E0));
#5217=LINE('',#5216,#5215);
#5218=CURVE_STYLE('',#67,POSITIVE_LENGTH_MEASURE(2.E-2),#23);
#5219=PRESENTATION_STYLE_ASSIGNMENT((#5218));
#5220=STYLED_ITEM('',(#5219),#5217);
#5221=CARTESIAN_POINT('',(-7.261756438145E0,-2.376341124241E0,-1.9E0));
#5222=DIRECTION('',(1.E0,0.E0,0.E0));
#5223=DIRECTION('',(0.E0,0.E0,-1.E0));
#5224=AXIS2_PLACEMENT_3D('',#5221,#5222,#5223);
#5226=CURVE_STYLE('',#67,POSITIVE_LENGTH_MEASURE(2.E-2),#23);
#5227=PRESENTATION_STYLE_ASSIGNMENT((#5226));
#5228=STYLED_ITEM('',(#5227),#5225);
#5229=CARTESIAN_POINT('',(-7.460995374254E0,-2.371557110206E0,
-1.817431148242E0));
#5230=CARTESIAN_POINT('',(-7.460293809771E0,-2.371767123237E0,
-1.825449453891E0));
#5231=CARTESIAN_POINT('',(-7.457859362091E0,-2.372208864259E0,
-1.842302329946E0));
#5232=CARTESIAN_POINT('',(-7.449949500464E0,-2.372930518619E0,
-1.869840986064E0));
#5233=CARTESIAN_POINT('',(-7.437251421217E0,-2.373658170778E0,
-1.897608995323E0));
#5234=CARTESIAN_POINT('',(-7.419605751261E0,-2.374355740030E0,
-1.924230725077E0));
#5235=CARTESIAN_POINT('',(-7.397416302309E0,-2.374982795080E0,
-1.948162886463E0));
#5236=CARTESIAN_POINT('',(-7.371666416918E0,-2.375506079562E0,
-1.968134038725E0));
#5237=CARTESIAN_POINT('',(-7.343571720866E0,-2.375905868194E0,
-1.983392485997E0));
#5238=CARTESIAN_POINT('',(-7.315015194476E0,-2.376170864558E0,
-1.993503096585E0));
#5239=CARTESIAN_POINT('',(-7.287718802754E0,-2.376312696113E0,
-1.998916548836E0));
#5240=CARTESIAN_POINT('',(-7.270207913923E0,-2.376341128839E0,
-2.000000034520E0));
#5241=CARTESIAN_POINT('',(-7.261756438145E0,-2.376341124241E0,
-2.000000000411E0));
#5243=CURVE_STYLE('',#67,POSITIVE_LENGTH_MEASURE(2.E-2),#23);
#5244=PRESENTATION_STYLE_ASSIGNMENT((#5243));
#5245=STYLED_ITEM('',(#5244),#5242);
#5246=CARTESIAN_POINT('',(-7.361375907954E0,-2.271694156730E0,
-1.813949169899E0));
#5247=CARTESIAN_POINT('',(-7.361022254148E0,-2.271905970420E0,
-1.817990815863E0));
#5248=CARTESIAN_POINT('',(-7.359808706305E0,-2.272345296524E0,
-1.826373657296E0));
#5249=CARTESIAN_POINT('',(-7.355849359221E0,-2.273068204032E0,
-1.840167554282E0));
#5250=CARTESIAN_POINT('',(-7.349497347484E0,-2.273795701195E0,
-1.854049027074E0));
#5251=CARTESIAN_POINT('',(-7.340672540212E0,-2.274493276107E0,
-1.867359549334E0));
#5252=CARTESIAN_POINT('',(-7.329579474413E0,-2.275120118187E0,
-1.879320408734E0));
#5253=CARTESIAN_POINT('',(-7.316709245161E0,-2.275643204576E0,
-1.889301491618E0));
#5254=CARTESIAN_POINT('',(-7.302666494800E0,-2.276042881778E0,
-1.896927786946E0));
#5255=CARTESIAN_POINT('',(-7.288393708807E0,-2.276307868797E0,
-1.901984040485E0));
#5256=CARTESIAN_POINT('',(-7.274726655694E0,-2.276449756910E0,
-1.904691426949E0));
#5257=CARTESIAN_POINT('',(-7.266013369729E0,-2.276478172438E0,
-1.905233627531E0));
#5258=CARTESIAN_POINT('',(-7.261756438145E0,-2.276478170766E0,
-1.905233595624E0));
#5260=CURVE_STYLE('',#67,POSITIVE_LENGTH_MEASURE(2.E-2),#23);
#5261=PRESENTATION_STYLE_ASSIGNMENT((#5260));
#5262=STYLED_ITEM('',(#5261),#5259);
#5263=CARTESIAN_POINT('',(-7.361375900675E0,-2.371557110172E0,
-1.808715573626E0));
#5264=DIRECTION('',(8.703720469053E-2,-5.213734451926E-2,-9.948397973072E-1));
#5265=DIRECTION('',(-9.961946980584E-1,-3.537392601061E-10,-8.715574312848E-2));
#5266=AXIS2_PLACEMENT_3D('',#5263,#5264,#5265);
#5268=CURVE_STYLE('',#67,POSITIVE_LENGTH_MEASURE(2.E-2),#23);
#5269=PRESENTATION_STYLE_ASSIGNMENT((#5268));
#5270=STYLED_ITEM('',(#5269),#5267);
#5271=DIRECTION('',(8.703721265570E-2,-5.213734452108E-2,-9.948397966102E-1));
#5272=VECTOR('',#5271,4.195963507540E-1);
#5273=CARTESIAN_POINT('',(-7.497515871064E0,-2.349680470707E0,-1.4E0));
#5274=LINE('',#5273,#5272);
#5275=CURVE_STYLE('',#67,POSITIVE_LENGTH_MEASURE(2.E-2),#23);
#5276=PRESENTATION_STYLE_ASSIGNMENT((#5275));
#5277=STYLED_ITEM('',(#5276),#5274);
#5278=DIRECTION('',(8.703720429185E-2,-5.213734452108E-2,-9.948397973419E-1));
#5279=VECTOR('',#5278,4.160963111901E-1);
#5280=CARTESIAN_POINT('',(-7.397591767596E0,-2.25E0,-1.4E0));
#5281=LINE('',#5280,#5279);
#5282=CURVE_STYLE('',#67,POSITIVE_LENGTH_MEASURE(2.E-2),#23);
#5283=PRESENTATION_STYLE_ASSIGNMENT((#5282));
#5284=STYLED_ITEM('',(#5283),#5281);
#5285=CARTESIAN_POINT('',(-7.397591767596E0,-2.25E0,-1.4E0));
#5286=CARTESIAN_POINT('',(-7.430859196625E0,-2.25E0,-1.4E0));
#5287=CARTESIAN_POINT('',(-7.472314609501E0,-2.275079445182E0,-1.4E0));
#5288=CARTESIAN_POINT('',(-7.497515871064E0,-2.316413041678E0,-1.4E0));
#5289=CARTESIAN_POINT('',(-7.497515871064E0,-2.349680470707E0,-1.4E0));
#5291=CURVE_STYLE('',#67,POSITIVE_LENGTH_MEASURE(2.E-2),#23);
#5292=PRESENTATION_STYLE_ASSIGNMENT((#5291));
#5293=STYLED_ITEM('',(#5292),#5290);
#5294=CARTESIAN_POINT('',(-7.160995377763E0,-4.090995380874E0,
-1.817431148822E0));
#5295=CARTESIAN_POINT('',(-7.178608844210E0,-4.090905844515E0,
-1.818452070581E0));
#5296=CARTESIAN_POINT('',(-7.211799786400E0,-4.087641722455E0,
-1.820160936240E0));
#5297=CARTESIAN_POINT('',(-7.254678250725E0,-4.076657019772E0,
-1.821974173652E0));
#5298=CARTESIAN_POINT('',(-7.291560161775E0,-4.061623168360E0,
-1.823237665023E0));
#5299=CARTESIAN_POINT('',(-7.323092198592E0,-4.043782488007E0,
-1.824060849496E0));
#5300=CARTESIAN_POINT('',(-7.350055931461E0,-4.024089844881E0,
-1.824474701014E0));
#5301=CARTESIAN_POINT('',(-7.373583214299E0,-4.002747359633E0,
-1.824602851292E0));
#5302=CARTESIAN_POINT('',(-7.394815474015E0,-3.979159370382E0,
-1.824465091421E0));
#5303=CARTESIAN_POINT('',(-7.414342472487E0,-3.952207283663E0,
-1.824041509985E0));
#5304=CARTESIAN_POINT('',(-7.431998428704E0,-3.920761485673E0,
-1.823212382665E0));
#5305=CARTESIAN_POINT('',(-7.446826003210E0,-3.884113252690E0,
-1.821952015418E0));
#5306=CARTESIAN_POINT('',(-7.457681790842E0,-3.841489130774E0,
-1.820145814176E0));
#5307=CARTESIAN_POINT('',(-7.460906360781E0,-3.808505597206E0,
-1.818445778595E0));
#5308=CARTESIAN_POINT('',(-7.460995311378E0,-3.790995377762E0,
-1.817431142742E0));
#5310=CURVE_STYLE('',#67,POSITIVE_LENGTH_MEASURE(2.E-2),#23);
#5311=PRESENTATION_STYLE_ASSIGNMENT((#5310));
#5312=STYLED_ITEM('',(#5311),#5309);
#5313=CARTESIAN_POINT('',(-7.160996319169E0,-3.891754527581E0,-1.8E0));
#5314=DIRECTION('',(9.999999998215E-1,1.889358211019E-5,0.E0));
#5315=DIRECTION('',(1.882168769729E-5,-9.961947704766E-1,-8.715491334850E-2));
#5316=AXIS2_PLACEMENT_3D('',#5313,#5314,#5315);
#5318=CURVE_STYLE('',#67,POSITIVE_LENGTH_MEASURE(2.E-2),#23);
#5319=PRESENTATION_STYLE_ASSIGNMENT((#5318));
#5320=STYLED_ITEM('',(#5319),#5317);
#5321=CARTESIAN_POINT('',(-7.160995377763E0,-3.891756438145E0,
-1.999999999997E0));
#5322=CARTESIAN_POINT('',(-7.166932917158E0,-3.891756980248E0,
-1.999999999997E0));
#5323=CARTESIAN_POINT('',(-7.178122296985E0,-3.890727252164E0,
-2.000000000001E0));
#5324=CARTESIAN_POINT('',(-7.193206061811E0,-3.886951666114E0,-2.E0));
#5325=CARTESIAN_POINT('',(-7.205548955942E0,-3.881950065029E0,-2.E0));
#5326=CARTESIAN_POINT('',(-7.215642839168E0,-3.876287039991E0,-2.E0));
#5327=CARTESIAN_POINT('',(-7.224557285847E0,-3.869792268864E0,-2.E0));
#5328=CARTESIAN_POINT('',(-7.232720217813E0,-3.862433141495E0,-2.E0));
#5329=CARTESIAN_POINT('',(-7.240031210613E0,-3.854259888723E0,-2.E0));
#5330=CARTESIAN_POINT('',(-7.246471410437E0,-3.845352248716E0,-2.E0));
#5331=CARTESIAN_POINT('',(-7.252060637654E0,-3.835304501210E0,-2.E0));
#5332=CARTESIAN_POINT('',(-7.257011308804E0,-3.823013461218E0,-2.E0));
#5333=CARTESIAN_POINT('',(-7.260735487094E0,-3.808033266480E0,
-2.000000000001E0));
#5334=CARTESIAN_POINT('',(-7.261757523635E0,-3.796902490937E0,
-1.999999999997E0));
#5335=CARTESIAN_POINT('',(-7.261756438145E0,-3.790995377763E0,
-1.999999999997E0));
#5337=CURVE_STYLE('',#67,POSITIVE_LENGTH_MEASURE(2.E-2),#23);
#5338=PRESENTATION_STYLE_ASSIGNMENT((#5337));
#5339=STYLED_ITEM('',(#5338),#5336);
#5340=CARTESIAN_POINT('',(-7.62E0,-3.95E0,0.E0));
#5341=CARTESIAN_POINT('',(-7.62E0,-4.002359877560E0,0.E0));
#5342=CARTESIAN_POINT('',(-7.592584432219E0,-4.107079632679E0,0.E0));
#5343=CARTESIAN_POINT('',(-7.477079632679E0,-4.222584432219E0,0.E0));
#5344=CARTESIAN_POINT('',(-7.372359877560E0,-4.25E0,0.E0));
#5345=CARTESIAN_POINT('',(-7.32E0,-4.25E0,0.E0));
#5347=CURVE_STYLE('',#67,POSITIVE_LENGTH_MEASURE(2.E-2),#23);
#5348=PRESENTATION_STYLE_ASSIGNMENT((#5347));
#5349=STYLED_ITEM('',(#5348),#5346);
#5350=DIRECTION('',(-8.682659386421E-2,-8.682659216540E-2,9.924325092876E-1));
#5351=VECTOR('',#5350,1.831289414457E0);
#5352=CARTESIAN_POINT('',(-7.160995377763E0,-4.090995380874E0,
-1.817431148822E0));
#5353=LINE('',#5352,#5351);
#5354=CURVE_STYLE('',#67,POSITIVE_LENGTH_MEASURE(2.E-2),#23);
#5355=PRESENTATION_STYLE_ASSIGNMENT((#5354));
#5356=STYLED_ITEM('',(#5355),#5353);
#5357=CARTESIAN_POINT('',(-7.62E0,-3.950000012012E0,5.500000000005E-1));
#5358=CARTESIAN_POINT('',(-7.62E0,-4.002359889572E0,5.500000000005E-1));
#5359=CARTESIAN_POINT('',(-7.592584436750E0,-4.107079627074E0,
5.499999999998E-1));
#5360=CARTESIAN_POINT('',(-7.477079616821E0,-4.222584433821E0,
5.499999999998E-1));
#5361=CARTESIAN_POINT('',(-7.372359911542E0,-4.25E0,5.500000000005E-1));
#5362=CARTESIAN_POINT('',(-7.320000033982E0,-4.25E0,5.500000000005E-1));
#5364=CURVE_STYLE('',#67,POSITIVE_LENGTH_MEASURE(2.E-2),#23);
#5365=PRESENTATION_STYLE_ASSIGNMENT((#5364));
#5366=STYLED_ITEM('',(#5365),#5363);
#5367=DIRECTION('',(-6.178574742736E-8,0.E0,1.E0));
#5368=VECTOR('',#5367,5.500000000005E-1);
#5369=CARTESIAN_POINT('',(-7.32E0,-4.25E0,0.E0));
#5370=LINE('',#5369,#5368);
#5371=CURVE_STYLE('',#67,POSITIVE_LENGTH_MEASURE(2.E-2),#23);
#5372=PRESENTATION_STYLE_ASSIGNMENT((#5371));
#5373=STYLED_ITEM('',(#5372),#5370);
#5374=DIRECTION('',(0.E0,-2.183982368689E-8,1.E0));
#5375=VECTOR('',#5374,5.500000000005E-1);
#5376=CARTESIAN_POINT('',(-7.62E0,-3.95E0,0.E0));
#5377=LINE('',#5376,#5375);
#5378=CURVE_STYLE('',#67,POSITIVE_LENGTH_MEASURE(2.E-2),#23);
#5379=PRESENTATION_STYLE_ASSIGNMENT((#5378));
#5380=STYLED_ITEM('',(#5379),#5377);
#5381=DIRECTION('',(0.E0,2.183982287945E-8,1.E0));
#5382=VECTOR('',#5381,5.500000000005E-1);
#5383=CARTESIAN_POINT('',(-7.62E0,3.95E0,0.E0));
#5384=LINE('',#5383,#5382);
#5385=CURVE_STYLE('',#67,POSITIVE_LENGTH_MEASURE(2.E-2),#23);
#5386=PRESENTATION_STYLE_ASSIGNMENT((#5385));
#5387=STYLED_ITEM('',(#5386),#5384);
#5388=CARTESIAN_POINT('',(-7.62E0,3.950000012012E0,5.500000000005E-1));
#5389=CARTESIAN_POINT('',(-7.62E0,4.002359889572E0,5.500000000005E-1));
#5390=CARTESIAN_POINT('',(-7.592584436750E0,4.107079627074E0,
5.499999999998E-1));
#5391=CARTESIAN_POINT('',(-7.477079616821E0,4.222584433821E0,
5.499999999998E-1));
#5392=CARTESIAN_POINT('',(-7.372359911542E0,4.25E0,5.500000000005E-1));
#5393=CARTESIAN_POINT('',(-7.320000033982E0,4.25E0,5.500000000005E-1));
#5395=CURVE_STYLE('',#67,POSITIVE_LENGTH_MEASURE(2.E-2),#23);
#5396=PRESENTATION_STYLE_ASSIGNMENT((#5395));
#5397=STYLED_ITEM('',(#5396),#5394);
#5398=DIRECTION('',(-6.178574742736E-8,0.E0,1.E0));
#5399=VECTOR('',#5398,5.500000000005E-1);
#5400=CARTESIAN_POINT('',(-7.32E0,4.25E0,0.E0));
#5401=LINE('',#5400,#5399);
#5402=CURVE_STYLE('',#67,POSITIVE_LENGTH_MEASURE(2.E-2),#23);
#5403=PRESENTATION_STYLE_ASSIGNMENT((#5402));
#5404=STYLED_ITEM('',(#5403),#5401);
#5405=DIRECTION('',(-1.E0,7.329860549257E-10,-6.412859149496E-11));
#5406=VECTOR('',#5405,1.432199075553E1);
#5407=CARTESIAN_POINT('',(7.160995377763E0,4.090995370376E0,-1.817431147903E0));
#5408=LINE('',#5407,#5406);
#5409=CURVE_STYLE('',#67,POSITIVE_LENGTH_MEASURE(2.E-2),#23);
#5410=PRESENTATION_STYLE_ASSIGNMENT((#5409));
#5411=STYLED_ITEM('',(#5410),#5408);
#5412=DIRECTION('',(-1.E0,0.E0,0.E0));
#5413=VECTOR('',#5412,1.432199075553E1);
#5414=CARTESIAN_POINT('',(7.160995377763E0,3.891756438145E0,-1.999999999997E0));
#5415=LINE('',#5414,#5413);
#5416=CURVE_STYLE('',#67,POSITIVE_LENGTH_MEASURE(2.E-2),#23);
#5417=PRESENTATION_STYLE_ASSIGNMENT((#5416));
#5418=STYLED_ITEM('',(#5417),#5415);
#5419=CARTESIAN_POINT('',(7.160995377763E0,3.891756438145E0,-1.8E0));
#5420=DIRECTION('',(-1.E0,0.E0,0.E0));
#5421=DIRECTION('',(0.E0,9.961946980917E-1,-8.715574274766E-2));
#5422=AXIS2_PLACEMENT_3D('',#5419,#5420,#5421);
#5424=CURVE_STYLE('',#67,POSITIVE_LENGTH_MEASURE(2.E-2),#23);
#5425=PRESENTATION_STYLE_ASSIGNMENT((#5424));
#5426=STYLED_ITEM('',(#5425),#5423);
#5427=CARTESIAN_POINT('',(7.460995321129E0,3.790995377762E0,-1.817431143595E0));
#5428=CARTESIAN_POINT('',(7.460906358930E0,3.808505374769E0,-1.818445798921E0));
#5429=CARTESIAN_POINT('',(7.457681823373E0,3.841488771851E0,-1.820145770291E0));
#5430=CARTESIAN_POINT('',(7.446826074540E0,3.884113113870E0,-1.821952020462E0));
#5431=CARTESIAN_POINT('',(7.431998509021E0,3.920761292636E0,-1.823212373306E0));
#5432=CARTESIAN_POINT('',(7.414342569190E0,3.952207141862E0,-1.824041508081E0));
#5433=CARTESIAN_POINT('',(7.394815578731E0,3.979159238940E0,-1.824465089710E0));
#5434=CARTESIAN_POINT('',(7.373583329869E0,4.002747243385E0,-1.824602851278E0));
#5435=CARTESIAN_POINT('',(7.350056065885E0,4.024089737165E0,-1.824474702632E0));
#5436=CARTESIAN_POINT('',(7.323092345537E0,4.043782385958E0,-1.824060851653E0));
#5437=CARTESIAN_POINT('',(7.291560371648E0,4.061623081592E0,-1.823237674255E0));
#5438=CARTESIAN_POINT('',(7.254678393573E0,4.076656940528E0,-1.821974170144E0));
#5439=CARTESIAN_POINT('',(7.211800217229E0,4.087641686824E0,-1.820160981069E0));
#5440=CARTESIAN_POINT('',(7.178609039210E0,4.090905841982E0,-1.818452046981E0));
#5441=CARTESIAN_POINT('',(7.160995377763E0,4.090995370376E0,-1.817431147903E0));
#5443=CURVE_STYLE('',#67,POSITIVE_LENGTH_MEASURE(2.E-2),#23);
#5444=PRESENTATION_STYLE_ASSIGNMENT((#5443));
#5445=STYLED_ITEM('',(#5444),#5442);
#5446=CARTESIAN_POINT('',(7.261756438145E0,3.790995377763E0,-1.999999999997E0));
#5447=CARTESIAN_POINT('',(7.261757514116E0,3.796902490343E0,-1.999999999997E0));
#5448=CARTESIAN_POINT('',(7.260735481102E0,3.808033264879E0,-2.000000000001E0));
#5449=CARTESIAN_POINT('',(7.257011313061E0,3.823013462530E0,-2.E0));
#5450=CARTESIAN_POINT('',(7.252060635804E0,3.835304500516E0,-2.E0));
#5451=CARTESIAN_POINT('',(7.246471411111E0,3.845352249014E0,-2.E0));
#5452=CARTESIAN_POINT('',(7.240031210400E0,3.854259888627E0,-2.E0));
#5453=CARTESIAN_POINT('',(7.232720217839E0,3.862433141458E0,-2.E0));
#5454=CARTESIAN_POINT('',(7.224557285957E0,3.869792269107E0,-2.E0));
#5455=CARTESIAN_POINT('',(7.215642838826E0,3.876287039211E0,-2.E0));
#5456=CARTESIAN_POINT('',(7.205548956768E0,3.881950067228E0,-2.E0));
#5457=CARTESIAN_POINT('',(7.193206060177E0,3.886951660874E0,-2.E0));
#5458=CARTESIAN_POINT('',(7.178122299107E0,3.890727259821E0,-2.000000000001E0));
#5459=CARTESIAN_POINT('',(7.166932917950E0,3.891756993544E0,-1.999999999997E0));
#5460=CARTESIAN_POINT('',(7.160995377763E0,3.891756438145E0,-1.999999999997E0));
#5462=CURVE_STYLE('',#67,POSITIVE_LENGTH_MEASURE(2.E-2),#23);
#5463=PRESENTATION_STYLE_ASSIGNMENT((#5462));
#5464=STYLED_ITEM('',(#5463),#5461);
#5465=CARTESIAN_POINT('',(7.261754693235E0,3.790996304756E0,-1.8E0));
#5466=DIRECTION('',(1.860593688531E-5,9.999999998269E-1,0.E0));
#5467=DIRECTION('',(9.961947641906E-1,-1.853513691197E-5,-8.715498526058E-2));
#5468=AXIS2_PLACEMENT_3D('',#5465,#5466,#5467);
#5470=CURVE_STYLE('',#67,POSITIVE_LENGTH_MEASURE(2.E-2),#23);
#5471=PRESENTATION_STYLE_ASSIGNMENT((#5470));
#5472=STYLED_ITEM('',(#5471),#5469);
#5473=CARTESIAN_POINT('',(7.62E0,3.95E0,0.E0));
#5474=CARTESIAN_POINT('',(7.62E0,4.002359877560E0,0.E0));
#5475=CARTESIAN_POINT('',(7.592584432219E0,4.107079632679E0,0.E0));
#5476=CARTESIAN_POINT('',(7.477079632679E0,4.222584432219E0,0.E0));
#5477=CARTESIAN_POINT('',(7.372359877560E0,4.25E0,0.E0));
#5478=CARTESIAN_POINT('',(7.32E0,4.25E0,0.E0));
#5480=CURVE_STYLE('',#67,POSITIVE_LENGTH_MEASURE(2.E-2),#23);
#5481=PRESENTATION_STYLE_ASSIGNMENT((#5480));
#5482=STYLED_ITEM('',(#5481),#5479);
#5483=DIRECTION('',(8.682659386434E-2,8.682659789787E-2,9.924325087861E-1));
#5484=VECTOR('',#5483,1.831289414457E0);
#5485=CARTESIAN_POINT('',(7.160995377763E0,4.090995370376E0,-1.817431147903E0));
#5486=LINE('',#5485,#5484);
#5487=CURVE_STYLE('',#67,POSITIVE_LENGTH_MEASURE(2.E-2),#23);
#5488=PRESENTATION_STYLE_ASSIGNMENT((#5487));
#5489=STYLED_ITEM('',(#5488),#5486);
#5490=CARTESIAN_POINT('',(-7.62E0,3.95E0,0.E0));
#5491=CARTESIAN_POINT('',(-7.62E0,-3.95E0,0.E0));
#5492=VERTEX_POINT('',#5490);
#5493=VERTEX_POINT('',#5491);
#5494=CARTESIAN_POINT('',(7.62E0,-3.95E0,0.E0));
#5495=CARTESIAN_POINT('',(7.62E0,3.95E0,0.E0));
#5496=VERTEX_POINT('',#5494);
#5497=VERTEX_POINT('',#5495);
#5498=CARTESIAN_POINT('',(5.38E0,5.7E0,-2.25E0));
#5499=CARTESIAN_POINT('',(5.38E0,5.7E0,-2.E0));
#5500=VERTEX_POINT('',#5498);
#5501=VERTEX_POINT('',#5499);
#5502=CARTESIAN_POINT('',(4.78E0,5.7E0,-2.25E0));
#5503=CARTESIAN_POINT('',(4.78E0,5.7E0,-2.E0));
#5504=VERTEX_POINT('',#5502);
#5505=VERTEX_POINT('',#5503);
#5506=CARTESIAN_POINT('',(-4.78E0,5.7E0,-2.25E0));
#5507=CARTESIAN_POINT('',(-4.78E0,5.7E0,-2.E0));
#5508=VERTEX_POINT('',#5506);
#5509=VERTEX_POINT('',#5507);
#5510=CARTESIAN_POINT('',(-5.38E0,5.7E0,-2.25E0));
#5511=CARTESIAN_POINT('',(-5.38E0,5.7E0,-2.E0));
#5512=VERTEX_POINT('',#5510);
#5513=VERTEX_POINT('',#5511);
#5514=CARTESIAN_POINT('',(5.38E0,4.487203409717E0,0.E0));
#5515=CARTESIAN_POINT('',(4.78E0,4.487203409717E0,0.E0));
#5516=VERTEX_POINT('',#5514);
#5517=VERTEX_POINT('',#5515);
#5518=CARTESIAN_POINT('',(5.38E0,4.736860793406E0,-2.369160109392E-1));
#5519=CARTESIAN_POINT('',(4.78E0,4.736860793406E0,-2.369160109392E-1));
#5520=VERTEX_POINT('',#5518);
#5521=VERTEX_POINT('',#5519);
#5522=CARTESIAN_POINT('',(-4.78E0,4.487203409717E0,0.E0));
#5523=CARTESIAN_POINT('',(-5.38E0,4.487203409717E0,0.E0));
#5524=VERTEX_POINT('',#5522);
#5525=VERTEX_POINT('',#5523);
#5526=CARTESIAN_POINT('',(-4.78E0,4.736860793406E0,-2.369160109392E-1));
#5527=CARTESIAN_POINT('',(-5.38E0,4.736860793406E0,-2.369160109392E-1));
#5528=VERTEX_POINT('',#5526);
#5529=VERTEX_POINT('',#5527);
#5530=CARTESIAN_POINT('',(5.38E0,4.986518177095E0,-2.238320218786E-1));
#5531=CARTESIAN_POINT('',(4.78E0,4.986518177095E0,-2.238320218786E-1));
#5532=VERTEX_POINT('',#5530);
#5533=VERTEX_POINT('',#5531);
#5534=CARTESIAN_POINT('',(5.38E0,4.487203409718E0,2.5E-1));
#5535=CARTESIAN_POINT('',(4.78E0,4.487203409718E0,2.5E-1));
#5536=VERTEX_POINT('',#5534);
#5537=VERTEX_POINT('',#5535);
#5538=CARTESIAN_POINT('',(2.84E0,4.986518177095E0,-2.238320218786E-1));
#5539=CARTESIAN_POINT('',(2.24E0,4.986518177095E0,-2.238320218786E-1));
#5540=VERTEX_POINT('',#5538);
#5541=VERTEX_POINT('',#5539);
#5542=CARTESIAN_POINT('',(2.84E0,4.487203409718E0,2.5E-1));
#5543=CARTESIAN_POINT('',(2.24E0,4.487203409718E0,2.5E-1));
#5544=VERTEX_POINT('',#5542);
#5545=VERTEX_POINT('',#5543);
#5546=CARTESIAN_POINT('',(2.84E0,4.487203409717E0,0.E0));
#5547=CARTESIAN_POINT('',(2.84E0,4.736860793406E0,-2.369160109392E-1));
#5548=VERTEX_POINT('',#5546);
#5549=VERTEX_POINT('',#5547);
#5550=CARTESIAN_POINT('',(2.24E0,4.736860793406E0,-2.369160109392E-1));
#5551=CARTESIAN_POINT('',(2.24E0,4.487203409717E0,0.E0));
#5552=VERTEX_POINT('',#5550);
#5553=VERTEX_POINT('',#5551);
#5554=CARTESIAN_POINT('',(5.38E0,-5.7E0,-2.25E0));
#5555=CARTESIAN_POINT('',(5.38E0,-5.7E0,-2.E0));
#5556=VERTEX_POINT('',#5554);
#5557=VERTEX_POINT('',#5555);
#5558=CARTESIAN_POINT('',(4.78E0,-5.7E0,-2.25E0));
#5559=CARTESIAN_POINT('',(4.78E0,-5.7E0,-2.E0));
#5560=VERTEX_POINT('',#5558);
#5561=VERTEX_POINT('',#5559);
#5562=CARTESIAN_POINT('',(-2.24E0,-5.7E0,-2.25E0));
#5563=CARTESIAN_POINT('',(-2.24E0,-5.7E0,-2.E0));
#5564=VERTEX_POINT('',#5562);
#5565=VERTEX_POINT('',#5563);
#5566=CARTESIAN_POINT('',(-2.84E0,-5.7E0,-2.25E0));
#5567=CARTESIAN_POINT('',(-2.84E0,-5.7E0,-2.E0));
#5568=VERTEX_POINT('',#5566);
#5569=VERTEX_POINT('',#5567);
#5570=CARTESIAN_POINT('',(-4.78E0,-5.7E0,-2.25E0));
#5571=CARTESIAN_POINT('',(-4.78E0,-5.7E0,-2.E0));
#5572=VERTEX_POINT('',#5570);
#5573=VERTEX_POINT('',#5571);
#5574=CARTESIAN_POINT('',(-5.38E0,-5.7E0,-2.25E0));
#5575=CARTESIAN_POINT('',(-5.38E0,-5.7E0,-2.E0));
#5576=VERTEX_POINT('',#5574);
#5577=VERTEX_POINT('',#5575);
#5578=CARTESIAN_POINT('',(5.38E0,-4.487203409717E0,0.E0));
#5579=CARTESIAN_POINT('',(5.38E0,-4.736860793406E0,-2.369160109392E-1));
#5580=VERTEX_POINT('',#5578);
#5581=VERTEX_POINT('',#5579);
#5582=CARTESIAN_POINT('',(4.78E0,-4.736860793406E0,-2.369160109392E-1));
#5583=CARTESIAN_POINT('',(4.78E0,-4.487203409717E0,0.E0));
#5584=VERTEX_POINT('',#5582);
#5585=VERTEX_POINT('',#5583);
#5586=CARTESIAN_POINT('',(-2.24E0,-4.487203409717E0,0.E0));
#5587=CARTESIAN_POINT('',(-2.24E0,-4.736860793406E0,-2.369160109392E-1));
#5588=VERTEX_POINT('',#5586);
#5589=VERTEX_POINT('',#5587);
#5590=CARTESIAN_POINT('',(-2.84E0,-4.736860793406E0,-2.369160109392E-1));
#5591=CARTESIAN_POINT('',(-2.84E0,-4.487203409717E0,0.E0));
#5592=VERTEX_POINT('',#5590);
#5593=VERTEX_POINT('',#5591);
#5594=CARTESIAN_POINT('',(-4.78E0,-4.487203409717E0,0.E0));
#5595=CARTESIAN_POINT('',(-4.78E0,-4.736860793406E0,-2.369160109392E-1));
#5596=VERTEX_POINT('',#5594);
#5597=VERTEX_POINT('',#5595);
#5598=CARTESIAN_POINT('',(-5.38E0,-4.736860793406E0,-2.369160109392E-1));
#5599=CARTESIAN_POINT('',(-5.38E0,-4.487203409717E0,0.E0));
#5600=VERTEX_POINT('',#5598);
#5601=VERTEX_POINT('',#5599);
#5602=CARTESIAN_POINT('',(2.84E0,-4.487203409717E0,0.E0));
#5603=CARTESIAN_POINT('',(2.84E0,-4.736860793406E0,-2.369160109392E-1));
#5604=VERTEX_POINT('',#5602);
#5605=VERTEX_POINT('',#5603);
#5606=CARTESIAN_POINT('',(2.24E0,-4.736860793406E0,-2.369160109392E-1));
#5607=CARTESIAN_POINT('',(2.24E0,-4.487203409717E0,0.E0));
#5608=VERTEX_POINT('',#5606);
#5609=VERTEX_POINT('',#5607);
#5610=CARTESIAN_POINT('',(3.E-1,-4.487203409717E0,0.E0));
#5611=CARTESIAN_POINT('',(3.E-1,-4.736860793406E0,-2.369160109392E-1));
#5612=VERTEX_POINT('',#5610);
#5613=VERTEX_POINT('',#5611);
#5614=CARTESIAN_POINT('',(-3.E-1,-4.736860793406E0,-2.369160109392E-1));
#5615=CARTESIAN_POINT('',(-3.E-1,-4.487203409717E0,0.E0));
#5616=VERTEX_POINT('',#5614);
#5617=VERTEX_POINT('',#5615);
#5618=CARTESIAN_POINT('',(5.38E0,3.15E0,2.9E0));
#5619=CARTESIAN_POINT('',(5.38E0,2.9E0,2.9E0));
#5620=VERTEX_POINT('',#5618);
#5621=VERTEX_POINT('',#5619);
#5622=CARTESIAN_POINT('',(4.78E0,3.15E0,2.9E0));
#5623=CARTESIAN_POINT('',(4.78E0,2.9E0,2.9E0));
#5624=VERTEX_POINT('',#5622);
#5625=VERTEX_POINT('',#5623);
#5626=CARTESIAN_POINT('',(-4.78E0,3.15E0,2.9E0));
#5627=CARTESIAN_POINT('',(-4.78E0,2.9E0,2.9E0));
#5628=VERTEX_POINT('',#5626);
#5629=VERTEX_POINT('',#5627);
#5630=CARTESIAN_POINT('',(-5.38E0,3.15E0,2.9E0));
#5631=CARTESIAN_POINT('',(-5.38E0,2.9E0,2.9E0));
#5632=VERTEX_POINT('',#5630);
#5633=VERTEX_POINT('',#5631);
#5634=CARTESIAN_POINT('',(5.38E0,-3.15E0,2.9E0));
#5635=CARTESIAN_POINT('',(5.38E0,-2.9E0,2.9E0));
#5636=VERTEX_POINT('',#5634);
#5637=VERTEX_POINT('',#5635);
#5638=CARTESIAN_POINT('',(4.78E0,-3.15E0,2.9E0));
#5639=CARTESIAN_POINT('',(4.78E0,-2.9E0,2.9E0));
#5640=VERTEX_POINT('',#5638);
#5641=VERTEX_POINT('',#5639);
#5642=CARTESIAN_POINT('',(-4.78E0,-3.15E0,2.9E0));
#5643=CARTESIAN_POINT('',(-4.78E0,-2.9E0,2.9E0));
#5644=VERTEX_POINT('',#5642);
#5645=VERTEX_POINT('',#5643);
#5646=CARTESIAN_POINT('',(-5.38E0,-3.15E0,2.9E0));
#5647=CARTESIAN_POINT('',(-5.38E0,-2.9E0,2.9E0));
#5648=VERTEX_POINT('',#5646);
#5649=VERTEX_POINT('',#5647);
#5650=CARTESIAN_POINT('',(-2.84E0,-3.15E0,2.9E0));
#5651=CARTESIAN_POINT('',(-2.24E0,-3.15E0,2.9E0));
#5652=VERTEX_POINT('',#5650);
#5653=VERTEX_POINT('',#5651);
#5654=VERTEX_POINT('',#4885);
#5655=VERTEX_POINT('',#4899);
#5656=VERTEX_POINT('',#4904);
#5657=VERTEX_POINT('',#4918);
#5658=CARTESIAN_POINT('',(7.160995377763E0,4.090995370376E0,-1.817431147903E0));
#5659=VERTEX_POINT('',#5658);
#5660=CARTESIAN_POINT('',(7.160995377763E0,3.891756438145E0,-1.999999999997E0));
#5661=VERTEX_POINT('',#5660);
#5662=VERTEX_POINT('',#5427);
#5663=VERTEX_POINT('',#5446);
#5664=VERTEX_POINT('',#5294);
#5665=VERTEX_POINT('',#5308);
#5666=VERTEX_POINT('',#5321);
#5667=VERTEX_POINT('',#5335);
#5668=CARTESIAN_POINT('',(7.160995377763E0,-4.090995370376E0,
-1.817431147903E0));
#5669=VERTEX_POINT('',#5668);
#5670=CARTESIAN_POINT('',(7.160995377763E0,-3.891756438145E0,
-1.999999999997E0));
#5671=VERTEX_POINT('',#5670);
#5672=VERTEX_POINT('',#658);
#5673=VERTEX_POINT('',#685);
#5674=CARTESIAN_POINT('',(-7.32E0,4.25E0,0.E0));
#5675=VERTEX_POINT('',#5674);
#5676=CARTESIAN_POINT('',(7.32E0,4.25E0,0.E0));
#5677=VERTEX_POINT('',#5676);
#5678=CARTESIAN_POINT('',(-7.32E0,-4.25E0,0.E0));
#5679=VERTEX_POINT('',#5678);
#5680=CARTESIAN_POINT('',(7.32E0,-4.25E0,0.E0));
#5681=VERTEX_POINT('',#5680);
#5682=CARTESIAN_POINT('',(5.38E0,4.25E0,0.E0));
#5683=VERTEX_POINT('',#5682);
#5684=CARTESIAN_POINT('',(4.78E0,4.25E0,0.E0));
#5685=CARTESIAN_POINT('',(2.84E0,4.25E0,0.E0));
#5686=VERTEX_POINT('',#5684);
#5687=VERTEX_POINT('',#5685);
#5688=CARTESIAN_POINT('',(5.38E0,-4.25E0,0.E0));
#5689=VERTEX_POINT('',#5688);
#5690=CARTESIAN_POINT('',(4.78E0,-4.25E0,0.E0));
#5691=CARTESIAN_POINT('',(2.84E0,-4.25E0,0.E0));
#5692=VERTEX_POINT('',#5690);
#5693=VERTEX_POINT('',#5691);
#5694=CARTESIAN_POINT('',(2.24E0,-4.25E0,0.E0));
#5695=CARTESIAN_POINT('',(3.E-1,-4.25E0,0.E0));
#5696=VERTEX_POINT('',#5694);
#5697=VERTEX_POINT('',#5695);
#5698=CARTESIAN_POINT('',(-3.E-1,-4.25E0,0.E0));
#5699=CARTESIAN_POINT('',(-2.24E0,-4.25E0,0.E0));
#5700=VERTEX_POINT('',#5698);
#5701=VERTEX_POINT('',#5699);
#5702=CARTESIAN_POINT('',(5.38E0,-4.986518177095E0,-2.238320218786E-1));
#5703=CARTESIAN_POINT('',(4.78E0,-4.986518177095E0,-2.238320218786E-1));
#5704=VERTEX_POINT('',#5702);
#5705=VERTEX_POINT('',#5703);
#5706=CARTESIAN_POINT('',(5.38E0,-4.487203409718E0,2.5E-1));
#5707=CARTESIAN_POINT('',(4.78E0,-4.487203409718E0,2.5E-1));
#5708=VERTEX_POINT('',#5706);
#5709=VERTEX_POINT('',#5707);
#5710=CARTESIAN_POINT('',(2.84E0,-4.986518177095E0,-2.238320218786E-1));
#5711=CARTESIAN_POINT('',(2.24E0,-4.986518177095E0,-2.238320218786E-1));
#5712=VERTEX_POINT('',#5710);
#5713=VERTEX_POINT('',#5711);
#5714=CARTESIAN_POINT('',(2.84E0,-4.487203409718E0,2.5E-1));
#5715=CARTESIAN_POINT('',(2.24E0,-4.487203409718E0,2.5E-1));
#5716=VERTEX_POINT('',#5714);
#5717=VERTEX_POINT('',#5715);
#5718=CARTESIAN_POINT('',(3.E-1,-4.986518177095E0,-2.238320218786E-1));
#5719=CARTESIAN_POINT('',(-3.E-1,-4.986518177095E0,-2.238320218786E-1));
#5720=VERTEX_POINT('',#5718);
#5721=VERTEX_POINT('',#5719);
#5722=CARTESIAN_POINT('',(3.E-1,-4.487203409718E0,2.5E-1));
#5723=CARTESIAN_POINT('',(-3.E-1,-4.487203409718E0,2.5E-1));
#5724=VERTEX_POINT('',#5722);
#5725=VERTEX_POINT('',#5723);
#5726=CARTESIAN_POINT('',(5.38E0,4.25E0,2.5E-1));
#5727=VERTEX_POINT('',#5726);
#5728=CARTESIAN_POINT('',(4.78E0,4.25E0,2.5E-1));
#5729=VERTEX_POINT('',#5728);
#5730=CARTESIAN_POINT('',(-4.78E0,4.25E0,0.E0));
#5731=CARTESIAN_POINT('',(-4.78E0,4.25E0,2.5E-1));
#5732=VERTEX_POINT('',#5730);
#5733=VERTEX_POINT('',#5731);
#5734=CARTESIAN_POINT('',(-5.38E0,4.25E0,0.E0));
#5735=CARTESIAN_POINT('',(-5.38E0,4.25E0,2.5E-1));
#5736=VERTEX_POINT('',#5734);
#5737=VERTEX_POINT('',#5735);
#5738=CARTESIAN_POINT('',(2.24E0,4.25E0,0.E0));
#5739=VERTEX_POINT('',#5738);
#5740=CARTESIAN_POINT('',(2.84E0,4.25E0,2.5E-1));
#5741=CARTESIAN_POINT('',(2.24E0,4.25E0,2.5E-1));
#5742=VERTEX_POINT('',#5740);
#5743=VERTEX_POINT('',#5741);
#5744=CARTESIAN_POINT('',(-4.78E0,4.487203409718E0,2.5E-1));
#5745=VERTEX_POINT('',#5744);
#5746=CARTESIAN_POINT('',(-5.38E0,4.487203409718E0,2.5E-1));
#5747=VERTEX_POINT('',#5746);
#5748=CARTESIAN_POINT('',(5.38E0,-4.25E0,2.5E-1));
#5749=VERTEX_POINT('',#5748);
#5750=CARTESIAN_POINT('',(4.78E0,-4.25E0,2.5E-1));
#5751=VERTEX_POINT('',#5750);
#5752=CARTESIAN_POINT('',(-4.78E0,-4.25E0,0.E0));
#5753=CARTESIAN_POINT('',(-4.78E0,-4.25E0,2.5E-1));
#5754=VERTEX_POINT('',#5752);
#5755=VERTEX_POINT('',#5753);
#5756=CARTESIAN_POINT('',(-5.38E0,-4.25E0,0.E0));
#5757=CARTESIAN_POINT('',(-5.38E0,-4.25E0,2.5E-1));
#5758=VERTEX_POINT('',#5756);
#5759=VERTEX_POINT('',#5757);
#5760=CARTESIAN_POINT('',(-2.84E0,-4.25E0,0.E0));
#5761=CARTESIAN_POINT('',(-2.84E0,-4.25E0,2.5E-1));
#5762=VERTEX_POINT('',#5760);
#5763=VERTEX_POINT('',#5761);
#5764=CARTESIAN_POINT('',(-2.24E0,-4.25E0,2.5E-1));
#5765=VERTEX_POINT('',#5764);
#5766=CARTESIAN_POINT('',(2.84E0,-4.25E0,2.5E-1));
#5767=CARTESIAN_POINT('',(2.24E0,-4.25E0,2.5E-1));
#5768=VERTEX_POINT('',#5766);
#5769=VERTEX_POINT('',#5767);
#5770=CARTESIAN_POINT('',(3.E-1,-4.25E0,2.5E-1));
#5771=CARTESIAN_POINT('',(-3.E-1,-4.25E0,2.5E-1));
#5772=VERTEX_POINT('',#5770);
#5773=VERTEX_POINT('',#5771);
#5774=CARTESIAN_POINT('',(-4.78E0,-4.487203409718E0,2.5E-1));
#5775=VERTEX_POINT('',#5774);
#5776=CARTESIAN_POINT('',(-5.38E0,-4.487203409718E0,2.5E-1));
#5777=VERTEX_POINT('',#5776);
#5778=CARTESIAN_POINT('',(-5.38E0,5.072153451256E0,-1.857850393436E0));
#5779=CARTESIAN_POINT('',(-4.78E0,5.072153451256E0,-1.857850393436E0));
#5780=VERTEX_POINT('',#5778);
#5781=VERTEX_POINT('',#5779);
#5782=CARTESIAN_POINT('',(-5.38E0,5.221947881469E0,-2.E0));
#5783=CARTESIAN_POINT('',(-4.78E0,5.221947881469E0,-2.E0));
#5784=VERTEX_POINT('',#5782);
#5785=VERTEX_POINT('',#5783);
#5786=CARTESIAN_POINT('',(4.78E0,5.072153451256E0,-1.857850393436E0));
#5787=CARTESIAN_POINT('',(5.38E0,5.072153451256E0,-1.857850393436E0));
#5788=VERTEX_POINT('',#5786);
#5789=VERTEX_POINT('',#5787);
#5790=CARTESIAN_POINT('',(4.78E0,5.221947881469E0,-2.E0));
#5791=CARTESIAN_POINT('',(5.38E0,5.221947881469E0,-2.E0));
#5792=VERTEX_POINT('',#5790);
#5793=VERTEX_POINT('',#5791);
#5794=CARTESIAN_POINT('',(-4.78E0,4.986518177095E0,-2.238320218786E-1));
#5795=VERTEX_POINT('',#5794);
#5796=CARTESIAN_POINT('',(-5.38E0,4.986518177095E0,-2.238320218786E-1));
#5797=VERTEX_POINT('',#5796);
#5798=CARTESIAN_POINT('',(5.38E0,4.822496067568E0,-1.870934382497E0));
#5799=CARTESIAN_POINT('',(4.78E0,4.822496067568E0,-1.870934382497E0));
#5800=VERTEX_POINT('',#5798);
#5801=VERTEX_POINT('',#5799);
#5802=CARTESIAN_POINT('',(5.38E0,5.221947881470E0,-2.25E0));
#5803=VERTEX_POINT('',#5802);
#5804=CARTESIAN_POINT('',(4.78E0,5.221947881470E0,-2.25E0));
#5805=VERTEX_POINT('',#5804);
#5806=CARTESIAN_POINT('',(-4.78E0,4.822496067568E0,-1.870934382497E0));
#5807=CARTESIAN_POINT('',(-5.38E0,4.822496067568E0,-1.870934382497E0));
#5808=VERTEX_POINT('',#5806);
#5809=VERTEX_POINT('',#5807);
#5810=CARTESIAN_POINT('',(-4.78E0,5.221947881470E0,-2.25E0));
#5811=VERTEX_POINT('',#5810);
#5812=CARTESIAN_POINT('',(-5.38E0,5.221947881470E0,-2.25E0));
#5813=VERTEX_POINT('',#5812);
#5814=CARTESIAN_POINT('',(-5.38E0,-5.072153451256E0,-1.857850393436E0));
#5815=CARTESIAN_POINT('',(-4.78E0,-5.072153451256E0,-1.857850393436E0));
#5816=VERTEX_POINT('',#5814);
#5817=VERTEX_POINT('',#5815);
#5818=CARTESIAN_POINT('',(-5.38E0,-5.221947881469E0,-2.E0));
#5819=CARTESIAN_POINT('',(-4.78E0,-5.221947881469E0,-2.E0));
#5820=VERTEX_POINT('',#5818);
#5821=VERTEX_POINT('',#5819);
#5822=CARTESIAN_POINT('',(-2.84E0,-5.072153451256E0,-1.857850393436E0));
#5823=CARTESIAN_POINT('',(-2.24E0,-5.072153451256E0,-1.857850393436E0));
#5824=VERTEX_POINT('',#5822);
#5825=VERTEX_POINT('',#5823);
#5826=CARTESIAN_POINT('',(-2.84E0,-5.221947881469E0,-2.E0));
#5827=CARTESIAN_POINT('',(-2.24E0,-5.221947881469E0,-2.E0));
#5828=VERTEX_POINT('',#5826);
#5829=VERTEX_POINT('',#5827);
#5830=CARTESIAN_POINT('',(4.78E0,-5.072153451256E0,-1.857850393436E0));
#5831=CARTESIAN_POINT('',(5.38E0,-5.072153451256E0,-1.857850393436E0));
#5832=VERTEX_POINT('',#5830);
#5833=VERTEX_POINT('',#5831);
#5834=CARTESIAN_POINT('',(4.78E0,-5.221947881469E0,-2.E0));
#5835=CARTESIAN_POINT('',(5.38E0,-5.221947881469E0,-2.E0));
#5836=VERTEX_POINT('',#5834);
#5837=VERTEX_POINT('',#5835);
#5838=CARTESIAN_POINT('',(-2.24E0,-4.986518177095E0,-2.238320218786E-1));
#5839=VERTEX_POINT('',#5838);
#5840=CARTESIAN_POINT('',(-2.84E0,-4.986518177095E0,-2.238320218786E-1));
#5841=VERTEX_POINT('',#5840);
#5842=CARTESIAN_POINT('',(-4.78E0,-4.986518177095E0,-2.238320218786E-1));
#5843=VERTEX_POINT('',#5842);
#5844=CARTESIAN_POINT('',(-5.38E0,-4.986518177095E0,-2.238320218786E-1));
#5845=VERTEX_POINT('',#5844);
#5846=CARTESIAN_POINT('',(5.38E0,-4.822496067568E0,-1.870934382497E0));
#5847=CARTESIAN_POINT('',(4.78E0,-4.822496067568E0,-1.870934382497E0));
#5848=VERTEX_POINT('',#5846);
#5849=VERTEX_POINT('',#5847);
#5850=CARTESIAN_POINT('',(5.38E0,-5.221947881470E0,-2.25E0));
#5851=VERTEX_POINT('',#5850);
#5852=CARTESIAN_POINT('',(4.78E0,-5.221947881470E0,-2.25E0));
#5853=VERTEX_POINT('',#5852);
#5854=CARTESIAN_POINT('',(-2.24E0,-4.822496067568E0,-1.870934382497E0));
#5855=CARTESIAN_POINT('',(-2.84E0,-4.822496067568E0,-1.870934382497E0));
#5856=VERTEX_POINT('',#5854);
#5857=VERTEX_POINT('',#5855);
#5858=CARTESIAN_POINT('',(-2.24E0,-5.221947881470E0,-2.25E0));
#5859=VERTEX_POINT('',#5858);
#5860=CARTESIAN_POINT('',(-2.84E0,-5.221947881470E0,-2.25E0));
#5861=VERTEX_POINT('',#5860);
#5862=CARTESIAN_POINT('',(-4.78E0,-4.822496067568E0,-1.870934382497E0));
#5863=CARTESIAN_POINT('',(-5.38E0,-4.822496067568E0,-1.870934382497E0));
#5864=VERTEX_POINT('',#5862);
#5865=VERTEX_POINT('',#5863);
#5866=CARTESIAN_POINT('',(-4.78E0,-5.221947881470E0,-2.25E0));
#5867=VERTEX_POINT('',#5866);
#5868=CARTESIAN_POINT('',(-5.38E0,-5.221947881470E0,-2.25E0));
#5869=VERTEX_POINT('',#5868);
#5870=CARTESIAN_POINT('',(-2.84E0,-2.9E0,2.9E0));
#5871=VERTEX_POINT('',#5870);
#5872=CARTESIAN_POINT('',(-2.24E0,-2.9E0,2.9E0));
#5873=VERTEX_POINT('',#5872);
#5874=CARTESIAN_POINT('',(-2.84E0,-4.487203409718E0,2.5E-1));
#5875=VERTEX_POINT('',#5874);
#5876=CARTESIAN_POINT('',(-2.24E0,-4.487203409718E0,2.5E-1));
#5877=VERTEX_POINT('',#5876);
#5878=CARTESIAN_POINT('',(2.84E0,5.7E0,-2.25E0));
#5879=CARTESIAN_POINT('',(2.84E0,5.7E0,-2.E0));
#5880=VERTEX_POINT('',#5878);
#5881=VERTEX_POINT('',#5879);
#5882=CARTESIAN_POINT('',(2.24E0,5.7E0,-2.25E0));
#5883=CARTESIAN_POINT('',(2.24E0,5.7E0,-2.E0));
#5884=VERTEX_POINT('',#5882);
#5885=VERTEX_POINT('',#5883);
#5886=CARTESIAN_POINT('',(2.84E0,4.822496067568E0,-1.870934382497E0));
#5887=CARTESIAN_POINT('',(2.24E0,4.822496067568E0,-1.870934382497E0));
#5888=VERTEX_POINT('',#5886);
#5889=VERTEX_POINT('',#5887);
#5890=CARTESIAN_POINT('',(2.84E0,5.221947881470E0,-2.25E0));
#5891=VERTEX_POINT('',#5890);
#5892=CARTESIAN_POINT('',(2.24E0,5.221947881470E0,-2.25E0));
#5893=VERTEX_POINT('',#5892);
#5894=CARTESIAN_POINT('',(2.24E0,5.072153451256E0,-1.857850393436E0));
#5895=CARTESIAN_POINT('',(2.84E0,5.072153451256E0,-1.857850393436E0));
#5896=VERTEX_POINT('',#5894);
#5897=VERTEX_POINT('',#5895);
#5898=CARTESIAN_POINT('',(2.24E0,5.221947881469E0,-2.E0));
#5899=CARTESIAN_POINT('',(2.84E0,5.221947881469E0,-2.E0));
#5900=VERTEX_POINT('',#5898);
#5901=VERTEX_POINT('',#5899);
#5902=CARTESIAN_POINT('',(2.84E0,-5.7E0,-2.25E0));
#5903=CARTESIAN_POINT('',(2.84E0,-5.7E0,-2.E0));
#5904=VERTEX_POINT('',#5902);
#5905=VERTEX_POINT('',#5903);
#5906=CARTESIAN_POINT('',(2.24E0,-5.7E0,-2.25E0));
#5907=CARTESIAN_POINT('',(2.24E0,-5.7E0,-2.E0));
#5908=VERTEX_POINT('',#5906);
#5909=VERTEX_POINT('',#5907);
#5910=CARTESIAN_POINT('',(2.84E0,-4.822496067568E0,-1.870934382497E0));
#5911=CARTESIAN_POINT('',(2.24E0,-4.822496067568E0,-1.870934382497E0));
#5912=VERTEX_POINT('',#5910);
#5913=VERTEX_POINT('',#5911);
#5914=CARTESIAN_POINT('',(2.84E0,-5.221947881470E0,-2.25E0));
#5915=VERTEX_POINT('',#5914);
#5916=CARTESIAN_POINT('',(2.24E0,-5.221947881470E0,-2.25E0));
#5917=VERTEX_POINT('',#5916);
#5918=CARTESIAN_POINT('',(2.24E0,-5.072153451256E0,-1.857850393436E0));
#5919=CARTESIAN_POINT('',(2.84E0,-5.072153451256E0,-1.857850393436E0));
#5920=VERTEX_POINT('',#5918);
#5921=VERTEX_POINT('',#5919);
#5922=CARTESIAN_POINT('',(2.24E0,-5.221947881469E0,-2.E0));
#5923=CARTESIAN_POINT('',(2.84E0,-5.221947881469E0,-2.E0));
#5924=VERTEX_POINT('',#5922);
#5925=VERTEX_POINT('',#5923);
#5926=CARTESIAN_POINT('',(2.84E0,2.9E0,2.9E0));
#5927=CARTESIAN_POINT('',(2.24E0,2.9E0,2.9E0));
#5928=VERTEX_POINT('',#5926);
#5929=VERTEX_POINT('',#5927);
#5930=CARTESIAN_POINT('',(2.24E0,3.15E0,2.9E0));
#5931=VERTEX_POINT('',#5930);
#5932=CARTESIAN_POINT('',(2.84E0,3.15E0,2.9E0));
#5933=VERTEX_POINT('',#5932);
#5934=CARTESIAN_POINT('',(2.84E0,-2.9E0,2.9E0));
#5935=CARTESIAN_POINT('',(2.24E0,-2.9E0,2.9E0));
#5936=VERTEX_POINT('',#5934);
#5937=VERTEX_POINT('',#5935);
#5938=CARTESIAN_POINT('',(2.24E0,-3.15E0,2.9E0));
#5939=VERTEX_POINT('',#5938);
#5940=CARTESIAN_POINT('',(2.84E0,-3.15E0,2.9E0));
#5941=VERTEX_POINT('',#5940);
#5942=CARTESIAN_POINT('',(5.18E0,2.9E0,3.4E0));
#5943=CARTESIAN_POINT('',(5.38E0,2.9E0,3.2E0));
#5944=VERTEX_POINT('',#5942);
#5945=VERTEX_POINT('',#5943);
#5946=CARTESIAN_POINT('',(5.38E0,3.15E0,3.2E0));
#5947=CARTESIAN_POINT('',(5.18E0,3.15E0,3.4E0));
#5948=VERTEX_POINT('',#5946);
#5949=VERTEX_POINT('',#5947);
#5950=CARTESIAN_POINT('',(2.64E0,2.9E0,3.4E0));
#5951=CARTESIAN_POINT('',(2.84E0,2.9E0,3.2E0));
#5952=VERTEX_POINT('',#5950);
#5953=VERTEX_POINT('',#5951);
#5954=CARTESIAN_POINT('',(2.84E0,3.15E0,3.2E0));
#5955=CARTESIAN_POINT('',(2.64E0,3.15E0,3.4E0));
#5956=VERTEX_POINT('',#5954);
#5957=VERTEX_POINT('',#5955);
#5958=CARTESIAN_POINT('',(-4.98E0,2.9E0,3.4E0));
#5959=CARTESIAN_POINT('',(-4.78E0,2.9E0,3.2E0));
#5960=VERTEX_POINT('',#5958);
#5961=VERTEX_POINT('',#5959);
#5962=CARTESIAN_POINT('',(-4.78E0,3.15E0,3.2E0));
#5963=CARTESIAN_POINT('',(-4.98E0,3.15E0,3.4E0));
#5964=VERTEX_POINT('',#5962);
#5965=VERTEX_POINT('',#5963);
#5966=CARTESIAN_POINT('',(5.18E0,-2.9E0,3.4E0));
#5967=CARTESIAN_POINT('',(5.38E0,-2.9E0,3.2E0));
#5968=VERTEX_POINT('',#5966);
#5969=VERTEX_POINT('',#5967);
#5970=CARTESIAN_POINT('',(5.38E0,-3.15E0,3.2E0));
#5971=CARTESIAN_POINT('',(5.18E0,-3.15E0,3.4E0));
#5972=VERTEX_POINT('',#5970);
#5973=VERTEX_POINT('',#5971);
#5974=CARTESIAN_POINT('',(2.64E0,-2.9E0,3.4E0));
#5975=CARTESIAN_POINT('',(2.84E0,-2.9E0,3.2E0));
#5976=VERTEX_POINT('',#5974);
#5977=VERTEX_POINT('',#5975);
#5978=CARTESIAN_POINT('',(2.84E0,-3.15E0,3.2E0));
#5979=CARTESIAN_POINT('',(2.64E0,-3.15E0,3.4E0));
#5980=VERTEX_POINT('',#5978);
#5981=VERTEX_POINT('',#5979);
#5982=CARTESIAN_POINT('',(-2.44E0,-2.9E0,3.4E0));
#5983=CARTESIAN_POINT('',(-2.24E0,-2.9E0,3.2E0));
#5984=VERTEX_POINT('',#5982);
#5985=VERTEX_POINT('',#5983);
#5986=CARTESIAN_POINT('',(-2.24E0,-3.15E0,3.2E0));
#5987=CARTESIAN_POINT('',(-2.44E0,-3.15E0,3.4E0));
#5988=VERTEX_POINT('',#5986);
#5989=VERTEX_POINT('',#5987);
#5990=CARTESIAN_POINT('',(-4.98E0,-2.9E0,3.4E0));
#5991=CARTESIAN_POINT('',(-4.78E0,-2.9E0,3.2E0));
#5992=VERTEX_POINT('',#5990);
#5993=VERTEX_POINT('',#5991);
#5994=CARTESIAN_POINT('',(-4.78E0,-3.15E0,3.2E0));
#5995=CARTESIAN_POINT('',(-4.98E0,-3.15E0,3.4E0));
#5996=VERTEX_POINT('',#5994);
#5997=VERTEX_POINT('',#5995);
#5998=CARTESIAN_POINT('',(4.78E0,3.15E0,3.2E0));
#5999=VERTEX_POINT('',#5998);
#6000=CARTESIAN_POINT('',(-5.38E0,3.15E0,3.2E0));
#6001=VERTEX_POINT('',#6000);
#6002=CARTESIAN_POINT('',(4.78E0,2.9E0,3.2E0));
#6003=VERTEX_POINT('',#6002);
#6004=CARTESIAN_POINT('',(-5.38E0,2.9E0,3.2E0));
#6005=VERTEX_POINT('',#6004);
#6006=CARTESIAN_POINT('',(2.24E0,3.15E0,3.2E0));
#6007=VERTEX_POINT('',#6006);
#6008=CARTESIAN_POINT('',(2.24E0,2.9E0,3.2E0));
#6009=VERTEX_POINT('',#6008);
#6010=CARTESIAN_POINT('',(4.78E0,-3.15E0,3.2E0));
#6011=VERTEX_POINT('',#6010);
#6012=CARTESIAN_POINT('',(-2.84E0,-3.15E0,3.2E0));
#6013=VERTEX_POINT('',#6012);
#6014=CARTESIAN_POINT('',(-5.38E0,-3.15E0,3.2E0));
#6015=VERTEX_POINT('',#6014);
#6016=CARTESIAN_POINT('',(4.78E0,-2.9E0,3.2E0));
#6017=VERTEX_POINT('',#6016);
#6018=CARTESIAN_POINT('',(-5.38E0,-2.9E0,3.2E0));
#6019=VERTEX_POINT('',#6018);
#6020=CARTESIAN_POINT('',(-2.84E0,-2.9E0,3.2E0));
#6021=VERTEX_POINT('',#6020);
#6022=CARTESIAN_POINT('',(2.24E0,-3.15E0,3.2E0));
#6023=VERTEX_POINT('',#6022);
#6024=CARTESIAN_POINT('',(2.24E0,-2.9E0,3.2E0));
#6025=VERTEX_POINT('',#6024);
#6026=CARTESIAN_POINT('',(3.E-1,-5.7E0,-2.25E0));
#6027=CARTESIAN_POINT('',(3.E-1,-5.7E0,-2.E0));
#6028=VERTEX_POINT('',#6026);
#6029=VERTEX_POINT('',#6027);
#6030=CARTESIAN_POINT('',(-3.E-1,-5.7E0,-2.25E0));
#6031=CARTESIAN_POINT('',(-3.E-1,-5.7E0,-2.E0));
#6032=VERTEX_POINT('',#6030);
#6033=VERTEX_POINT('',#6031);
#6034=CARTESIAN_POINT('',(-3.E-1,-5.072153451256E0,-1.857850393436E0));
#6035=CARTESIAN_POINT('',(3.E-1,-5.072153451256E0,-1.857850393436E0));
#6036=VERTEX_POINT('',#6034);
#6037=VERTEX_POINT('',#6035);
#6038=CARTESIAN_POINT('',(-3.E-1,-5.221947881469E0,-2.E0));
#6039=CARTESIAN_POINT('',(3.E-1,-5.221947881469E0,-2.E0));
#6040=VERTEX_POINT('',#6038);
#6041=VERTEX_POINT('',#6039);
#6042=CARTESIAN_POINT('',(3.E-1,-4.822496067568E0,-1.870934382497E0));
#6043=CARTESIAN_POINT('',(-3.E-1,-4.822496067568E0,-1.870934382497E0));
#6044=VERTEX_POINT('',#6042);
#6045=VERTEX_POINT('',#6043);
#6046=CARTESIAN_POINT('',(3.E-1,-5.221947881470E0,-2.25E0));
#6047=VERTEX_POINT('',#6046);
#6048=CARTESIAN_POINT('',(-3.E-1,-5.221947881470E0,-2.25E0));
#6049=VERTEX_POINT('',#6048);
#6050=CARTESIAN_POINT('',(1.E-1,-2.9E0,3.4E0));
#6051=CARTESIAN_POINT('',(3.E-1,-2.9E0,3.2E0));
#6052=VERTEX_POINT('',#6050);
#6053=VERTEX_POINT('',#6051);
#6054=CARTESIAN_POINT('',(3.E-1,-3.15E0,3.2E0));
#6055=CARTESIAN_POINT('',(1.E-1,-3.15E0,3.4E0));
#6056=VERTEX_POINT('',#6054);
#6057=VERTEX_POINT('',#6055);
#6058=CARTESIAN_POINT('',(3.E-1,-3.15E0,2.9E0));
#6059=CARTESIAN_POINT('',(3.E-1,-2.9E0,2.9E0));
#6060=VERTEX_POINT('',#6058);
#6061=VERTEX_POINT('',#6059);
#6062=CARTESIAN_POINT('',(-3.E-1,-2.9E0,2.9E0));
#6063=VERTEX_POINT('',#6062);
#6064=CARTESIAN_POINT('',(-3.E-1,-3.15E0,2.9E0));
#6065=VERTEX_POINT('',#6064);
#6066=CARTESIAN_POINT('',(-3.E-1,-3.15E0,3.2E0));
#6067=VERTEX_POINT('',#6066);
#6068=CARTESIAN_POINT('',(-3.E-1,-2.9E0,3.2E0));
#6069=VERTEX_POINT('',#6068);
#6070=CARTESIAN_POINT('',(1.482183558105E0,3.174943220809E0,-1.4E0));
#6071=CARTESIAN_POINT('',(-4.022183558105E0,3.174943220809E0,-1.4E0));
#6072=VERTEX_POINT('',#6070);
#6073=VERTEX_POINT('',#6071);
#6074=CARTESIAN_POINT('',(1.833099977801E0,2.6E0,2.9E0));
#6075=CARTESIAN_POINT('',(1.53E0,3.25E0,2.9E0));
#6076=VERTEX_POINT('',#6074);
#6077=VERTEX_POINT('',#6075);
#6078=CARTESIAN_POINT('',(-4.07E0,3.25E0,2.9E0));
#6079=VERTEX_POINT('',#6078);
#6080=CARTESIAN_POINT('',(-4.373099977801E0,2.6E0,2.9E0));
#6081=VERTEX_POINT('',#6080);
#6082=CARTESIAN_POINT('',(1.820304420616E0,2.449840691185E0,-1.4E0));
#6083=VERTEX_POINT('',#6082);
#6084=CARTESIAN_POINT('',(-4.360304420616E0,2.449840691185E0,-1.4E0));
#6085=VERTEX_POINT('',#6084);
#6086=VERTEX_POINT('',#5388);
#6087=VERTEX_POINT('',#5393);
#6088=VERTEX_POINT('',#3143);
#6089=VERTEX_POINT('',#3148);
#6090=CARTESIAN_POINT('',(4.98E0,3.15E0,3.4E0));
#6091=VERTEX_POINT('',#6090);
#6092=CARTESIAN_POINT('',(4.98E0,2.9E0,3.4E0));
#6093=VERTEX_POINT('',#6092);
#6094=CARTESIAN_POINT('',(2.44E0,3.15E0,3.4E0));
#6095=VERTEX_POINT('',#6094);
#6096=CARTESIAN_POINT('',(2.44E0,2.9E0,3.4E0));
#6097=VERTEX_POINT('',#6096);
#6098=CARTESIAN_POINT('',(-5.18E0,3.15E0,3.4E0));
#6099=VERTEX_POINT('',#6098);
#6100=CARTESIAN_POINT('',(-5.18E0,2.9E0,3.4E0));
#6101=VERTEX_POINT('',#6100);
#6102=VERTEX_POINT('',#5357);
#6103=VERTEX_POINT('',#5362);
#6104=VERTEX_POINT('',#3126);
#6105=VERTEX_POINT('',#3131);
#6106=CARTESIAN_POINT('',(4.98E0,-3.15E0,3.4E0));
#6107=VERTEX_POINT('',#6106);
#6108=CARTESIAN_POINT('',(4.98E0,-2.9E0,3.4E0));
#6109=VERTEX_POINT('',#6108);
#6110=CARTESIAN_POINT('',(2.44E0,-3.15E0,3.4E0));
#6111=VERTEX_POINT('',#6110);
#6112=CARTESIAN_POINT('',(2.44E0,-2.9E0,3.4E0));
#6113=VERTEX_POINT('',#6112);
#6114=CARTESIAN_POINT('',(-2.64E0,-3.15E0,3.4E0));
#6115=VERTEX_POINT('',#6114);
#6116=CARTESIAN_POINT('',(-2.64E0,-2.9E0,3.4E0));
#6117=VERTEX_POINT('',#6116);
#6118=CARTESIAN_POINT('',(-5.18E0,-3.15E0,3.4E0));
#6119=VERTEX_POINT('',#6118);
#6120=CARTESIAN_POINT('',(-5.18E0,-2.9E0,3.4E0));
#6121=VERTEX_POINT('',#6120);
#6122=CARTESIAN_POINT('',(-1.E-1,-3.15E0,3.4E0));
#6123=VERTEX_POINT('',#6122);
#6124=CARTESIAN_POINT('',(-1.E-1,-2.9E0,3.4E0));
#6125=VERTEX_POINT('',#6124);
#6126=CARTESIAN_POINT('',(6.08E0,-3.339071405284E0,2.3E0));
#6127=CARTESIAN_POINT('',(6.059047538305E0,-3.318118943589E0,2.9E0));
#6128=VERTEX_POINT('',#6126);
#6129=VERTEX_POINT('',#6127);
#6130=CARTESIAN_POINT('',(5.780182751894E0,-3.638888653389E0,2.3E0));
#6131=CARTESIAN_POINT('',(5.759230290199E0,-3.617936191694E0,2.9E0));
#6132=VERTEX_POINT('',#6130);
#6133=VERTEX_POINT('',#6131);
#6134=CARTESIAN_POINT('',(6.059047538305E0,-2.899817248106E0,2.9E0));
#6135=CARTESIAN_POINT('',(6.08E0,-2.878864786411E0,2.3E0));
#6136=VERTEX_POINT('',#6134);
#6137=VERTEX_POINT('',#6135);
#6138=VERTEX_POINT('',#2781);
#6139=CARTESIAN_POINT('',(5.780182751894E0,-2.579047538305E0,2.3E0));
#6140=VERTEX_POINT('',#6139);
#6141=CARTESIAN_POINT('',(6.08E0,2.878864786411E0,2.3E0));
#6142=CARTESIAN_POINT('',(6.059047538305E0,2.899817248106E0,2.9E0));
#6143=VERTEX_POINT('',#6141);
#6144=VERTEX_POINT('',#6142);
#6145=CARTESIAN_POINT('',(5.780182751894E0,2.579047538305E0,2.3E0));
#6146=CARTESIAN_POINT('',(5.759230290199E0,2.6E0,2.9E0));
#6147=VERTEX_POINT('',#6145);
#6148=VERTEX_POINT('',#6146);
#6149=CARTESIAN_POINT('',(6.059047538305E0,3.318118943589E0,2.9E0));
#6150=CARTESIAN_POINT('',(6.08E0,3.339071405284E0,2.3E0));
#6151=VERTEX_POINT('',#6149);
#6152=VERTEX_POINT('',#6150);
#6153=VERTEX_POINT('',#4442);
#6154=CARTESIAN_POINT('',(5.780182751894E0,3.638888653389E0,2.3E0));
#6155=VERTEX_POINT('',#6154);
#6156=CARTESIAN_POINT('',(-6.059047538305E0,-3.318118943589E0,2.9E0));
#6157=CARTESIAN_POINT('',(-6.08E0,-3.339071405284E0,2.3E0));
#6158=VERTEX_POINT('',#6156);
#6159=VERTEX_POINT('',#6157);
#6160=VERTEX_POINT('',#3010);
#6161=CARTESIAN_POINT('',(-5.780182751894E0,-3.638888653389E0,2.3E0));
#6162=VERTEX_POINT('',#6161);
#6163=CARTESIAN_POINT('',(-6.08E0,-2.878864786411E0,2.3E0));
#6164=CARTESIAN_POINT('',(-6.059047538305E0,-2.899817248106E0,2.9E0));
#6165=VERTEX_POINT('',#6163);
#6166=VERTEX_POINT('',#6164);
#6167=CARTESIAN_POINT('',(-5.780182751894E0,-2.579047538305E0,2.3E0));
#6168=CARTESIAN_POINT('',(-5.759230290199E0,-2.6E0,2.9E0));
#6169=VERTEX_POINT('',#6167);
#6170=VERTEX_POINT('',#6168);
#6171=CARTESIAN_POINT('',(-6.059047538305E0,2.899817248106E0,2.9E0));
#6172=CARTESIAN_POINT('',(-6.08E0,2.878864786411E0,2.3E0));
#6173=VERTEX_POINT('',#6171);
#6174=VERTEX_POINT('',#6172);
#6175=VERTEX_POINT('',#4687);
#6176=CARTESIAN_POINT('',(-5.780182751894E0,2.579047538305E0,2.3E0));
#6177=VERTEX_POINT('',#6176);
#6178=CARTESIAN_POINT('',(-6.08E0,3.339071405284E0,2.3E0));
#6179=CARTESIAN_POINT('',(-6.059047538305E0,3.318118943589E0,2.9E0));
#6180=VERTEX_POINT('',#6178);
#6181=VERTEX_POINT('',#6179);
#6182=CARTESIAN_POINT('',(-5.780182751894E0,3.638888653389E0,2.3E0));
#6183=CARTESIAN_POINT('',(-5.759230290199E0,3.617936191694E0,2.9E0));
#6184=VERTEX_POINT('',#6182);
#6185=VERTEX_POINT('',#6183);
#6186=CARTESIAN_POINT('',(-6.095249869916E0,-3.7E0,5.500000000005E-1));
#6187=CARTESIAN_POINT('',(-6.034138523306E0,-3.638888653389E0,2.3E0));
#6188=VERTEX_POINT('',#6186);
#6189=VERTEX_POINT('',#6187);
#6190=CARTESIAN_POINT('',(-6.307274818112E0,-3.612207700090E0,
5.500000000005E-1));
#6191=CARTESIAN_POINT('',(-6.246163471502E0,-3.551096353480E0,2.3E0));
#6192=VERTEX_POINT('',#6190);
#6193=VERTEX_POINT('',#6191);
#6194=CARTESIAN_POINT('',(-7.008888653389E0,-2.664138523306E0,2.3E0));
#6195=CARTESIAN_POINT('',(-7.07E0,-2.725249869916E0,5.500000000005E-1));
#6196=VERTEX_POINT('',#6194);
#6197=VERTEX_POINT('',#6195);
#6198=VERTEX_POINT('',#4525);
#6199=CARTESIAN_POINT('',(-6.982207700090E0,-2.937274818112E0,
5.500000000005E-1));
#6200=VERTEX_POINT('',#6199);
#6201=CARTESIAN_POINT('',(-6.709071405284E0,3.638888653389E0,2.3E0));
#6202=CARTESIAN_POINT('',(-6.770182751894E0,3.7E0,5.500000000005E-1));
#6203=VERTEX_POINT('',#6201);
#6204=VERTEX_POINT('',#6202);
#6205=VERTEX_POINT('',#4492);
#6206=CARTESIAN_POINT('',(-7.07E0,3.400182751894E0,5.500000000005E-1));
#6207=VERTEX_POINT('',#6206);
#6208=CARTESIAN_POINT('',(6.770182751894E0,3.7E0,5.500000000005E-1));
#6209=CARTESIAN_POINT('',(6.709071405284E0,3.638888653389E0,2.3E0));
#6210=VERTEX_POINT('',#6208);
#6211=VERTEX_POINT('',#6209);
#6212=CARTESIAN_POINT('',(7.07E0,3.400182751894E0,5.500000000005E-1));
#6213=CARTESIAN_POINT('',(7.008888653389E0,3.339071405284E0,2.3E0));
#6214=VERTEX_POINT('',#6212);
#6215=VERTEX_POINT('',#6213);
#6216=CARTESIAN_POINT('',(6.709071405284E0,-3.638888653389E0,2.3E0));
#6217=CARTESIAN_POINT('',(6.770182751894E0,-3.7E0,5.500000000005E-1));
#6218=VERTEX_POINT('',#6216);
#6219=VERTEX_POINT('',#6217);
#6220=VERTEX_POINT('',#4615);
#6221=CARTESIAN_POINT('',(7.07E0,-3.400182751894E0,5.500000000005E-1));
#6222=VERTEX_POINT('',#6221);
#6223=CARTESIAN_POINT('',(-6.299169372901E0,2.579047538305E0,2.3E0));
#6224=CARTESIAN_POINT('',(-6.169962525782E0,2.449840691185E0,-1.4E0));
#6225=VERTEX_POINT('',#6223);
#6226=VERTEX_POINT('',#6224);
#6227=CARTESIAN_POINT('',(-6.169962525782E0,-2.449840691185E0,-1.4E0));
#6228=CARTESIAN_POINT('',(-6.299169372901E0,-2.579047538305E0,2.3E0));
#6229=VERTEX_POINT('',#6227);
#6230=VERTEX_POINT('',#6228);
#6231=CARTESIAN_POINT('',(6.299169372901E0,-2.579047538305E0,2.3E0));
#6232=CARTESIAN_POINT('',(6.169962525782E0,-2.449840691185E0,-1.4E0));
#6233=VERTEX_POINT('',#6231);
#6234=VERTEX_POINT('',#6232);
#6235=CARTESIAN_POINT('',(6.169962525782E0,2.449840691185E0,-1.4E0));
#6236=CARTESIAN_POINT('',(6.299169372901E0,2.579047538305E0,2.3E0));
#6237=VERTEX_POINT('',#6235);
#6238=VERTEX_POINT('',#6236);
#6239=CARTESIAN_POINT('',(-6.499047538305E0,-2.379169372901E0,2.3E0));
#6240=CARTESIAN_POINT('',(-6.499047538305E0,2.379169372901E0,2.3E0));
#6241=VERTEX_POINT('',#6239);
#6242=VERTEX_POINT('',#6240);
#6243=CARTESIAN_POINT('',(6.499047538305E0,2.379169372901E0,2.3E0));
#6244=CARTESIAN_POINT('',(6.499047538305E0,-2.379169372901E0,2.3E0));
#6245=VERTEX_POINT('',#6243);
#6246=VERTEX_POINT('',#6244);
#6247=CARTESIAN_POINT('',(-6.369840690485E0,-2.25E0,-1.399999999976E0));
#6248=CARTESIAN_POINT('',(-6.369840688378E0,2.25E0,-1.400000000024E0));
#6249=VERTEX_POINT('',#6247);
#6250=VERTEX_POINT('',#6248);
#6251=CARTESIAN_POINT('',(6.369840688378E0,-2.25E0,-1.400000000024E0));
#6252=CARTESIAN_POINT('',(6.369840690485E0,2.25E0,-1.399999999976E0));
#6253=VERTEX_POINT('',#6251);
#6254=VERTEX_POINT('',#6252);
#6255=CARTESIAN_POINT('',(5.569840691185E0,1.750685232623E0,-1.4E0));
#6256=CARTESIAN_POINT('',(5.569840691185E0,-1.750685232623E0,-1.4E0));
#6257=VERTEX_POINT('',#6255);
#6258=VERTEX_POINT('',#6256);
#6259=CARTESIAN_POINT('',(6.069155458563E0,-2.25E0,-1.4E0));
#6260=VERTEX_POINT('',#6259);
#6261=CARTESIAN_POINT('',(6.069155458563E0,2.25E0,-1.4E0));
#6262=VERTEX_POINT('',#6261);
#6263=CARTESIAN_POINT('',(-6.069155458563E0,2.25E0,-1.4E0));
#6264=VERTEX_POINT('',#6263);
#6265=CARTESIAN_POINT('',(-6.069155458563E0,-2.25E0,-1.4E0));
#6266=VERTEX_POINT('',#6265);
#6267=CARTESIAN_POINT('',(-5.569840691185E0,-1.750685232623E0,-1.4E0));
#6268=CARTESIAN_POINT('',(-5.569840691185E0,1.750685232623E0,-1.4E0));
#6269=VERTEX_POINT('',#6267);
#6270=VERTEX_POINT('',#6268);
#6271=CARTESIAN_POINT('',(7.361375907954E0,-2.271694156730E0,
-1.813949169899E0));
#6272=CARTESIAN_POINT('',(7.397591767596E0,-2.25E0,-1.4E0));
#6273=VERTEX_POINT('',#6271);
#6274=VERTEX_POINT('',#6272);
#6275=CARTESIAN_POINT('',(7.460995377607E0,-2.371557110206E0,
-1.817431148536E0));
#6276=CARTESIAN_POINT('',(7.497515871064E0,-2.349680470707E0,-1.4E0));
#6277=VERTEX_POINT('',#6275);
#6278=VERTEX_POINT('',#6276);
#6279=VERTEX_POINT('',#189);
#6280=VERTEX_POINT('',#206);
#6281=CARTESIAN_POINT('',(6.042677287797E0,-2.376341124241E0,
-1.999999992393E0));
#6282=VERTEX_POINT('',#6281);
#6283=CARTESIAN_POINT('',(6.042677287797E0,-2.276478157074E0,
-1.905233596342E0));
#6284=VERTEX_POINT('',#6283);
#6285=VERTEX_POINT('',#281);
#6286=VERTEX_POINT('',#301);
#6287=CARTESIAN_POINT('',(5.443499566944E0,1.777163403389E0,-1.999999992393E0));
#6288=VERTEX_POINT('',#6287);
#6289=CARTESIAN_POINT('',(5.543362534111E0,1.777163403388E0,-1.905233596342E0));
#6290=VERTEX_POINT('',#6289);
#6291=VERTEX_POINT('',#460);
#6292=VERTEX_POINT('',#480);
#6293=CARTESIAN_POINT('',(7.261756438145E0,2.376341124241E0,-2.000000000411E0));
#6294=VERTEX_POINT('',#6293);
#6295=CARTESIAN_POINT('',(7.261756438145E0,2.276478170766E0,-1.905233595624E0));
#6296=VERTEX_POINT('',#6295);
#6297=VERTEX_POINT('',#555);
#6298=VERTEX_POINT('',#572);
#6299=CARTESIAN_POINT('',(7.497515871064E0,2.349680470707E0,-1.4E0));
#6300=VERTEX_POINT('',#6299);
#6301=CARTESIAN_POINT('',(7.397591767596E0,2.25E0,-1.4E0));
#6302=VERTEX_POINT('',#6301);
#6303=CARTESIAN_POINT('',(-7.361375907954E0,2.271694156730E0,
-1.813949169899E0));
#6304=CARTESIAN_POINT('',(-7.397591767596E0,2.25E0,-1.4E0));
#6305=VERTEX_POINT('',#6303);
#6306=VERTEX_POINT('',#6304);
#6307=CARTESIAN_POINT('',(-7.460995377607E0,2.371557110206E0,
-1.817431148536E0));
#6308=CARTESIAN_POINT('',(-7.497515871064E0,2.349680470707E0,-1.4E0));
#6309=VERTEX_POINT('',#6307);
#6310=VERTEX_POINT('',#6308);
#6311=VERTEX_POINT('',#4975);
#6312=VERTEX_POINT('',#4992);
#6313=CARTESIAN_POINT('',(-6.042677287797E0,2.376341124241E0,
-1.999999992393E0));
#6314=VERTEX_POINT('',#6313);
#6315=CARTESIAN_POINT('',(-6.042677287797E0,2.276478157074E0,
-1.905233596342E0));
#6316=VERTEX_POINT('',#6315);
#6317=VERTEX_POINT('',#5039);
#6318=VERTEX_POINT('',#5059);
#6319=CARTESIAN_POINT('',(-5.443499566944E0,-1.777163403389E0,
-1.999999992393E0));
#6320=VERTEX_POINT('',#6319);
#6321=CARTESIAN_POINT('',(-5.543362534111E0,-1.777163403388E0,
-1.905233596342E0));
#6322=VERTEX_POINT('',#6321);
#6323=VERTEX_POINT('',#5134);
#6324=VERTEX_POINT('',#5154);
#6325=CARTESIAN_POINT('',(-7.261756438145E0,-2.376341124241E0,
-2.000000000411E0));
#6326=VERTEX_POINT('',#6325);
#6327=CARTESIAN_POINT('',(-7.261756438145E0,-2.276478170766E0,
-1.905233595624E0));
#6328=VERTEX_POINT('',#6327);
#6329=VERTEX_POINT('',#5229);
#6330=VERTEX_POINT('',#5246);
#6331=CARTESIAN_POINT('',(-7.497515871064E0,-2.349680470707E0,-1.4E0));
#6332=VERTEX_POINT('',#6331);
#6333=CARTESIAN_POINT('',(-7.397591767596E0,-2.25E0,-1.4E0));
#6334=VERTEX_POINT('',#6333);
#6335=CARTESIAN_POINT('',(-7.62E0,4.25E0,0.E0));
#6336=DIRECTION('',(-9.961946980917E-1,0.E0,-8.715574274766E-2));
#6337=DIRECTION('',(0.E0,-1.E0,0.E0));
#6338=AXIS2_PLACEMENT_3D('',#6335,#6336,#6337);
#6339=PLANE('',#6338);
#6341=ORIENTED_EDGE('',*,*,#6340,.F.);
#6343=ORIENTED_EDGE('',*,*,#6342,.F.);
#6345=ORIENTED_EDGE('',*,*,#6344,.T.);
#6347=ORIENTED_EDGE('',*,*,#6346,.T.);
#6349=ORIENTED_EDGE('',*,*,#6348,.F.);
#6351=ORIENTED_EDGE('',*,*,#6350,.F.);
#6353=ORIENTED_EDGE('',*,*,#6352,.F.);
#6355=ORIENTED_EDGE('',*,*,#6354,.F.);
#6356=EDGE_LOOP('',(#6341,#6343,#6345,#6347,#6349,#6351,#6353,#6355));
#6357=FACE_OUTER_BOUND('',#6356,.F.);
#6359=CARTESIAN_POINT('',(-7.357437645282E0,2.373916222719E0,
-1.853730122599E0));
#6360=DIRECTION('',(-8.703720429185E-2,-5.213734452108E-2,9.948397973419E-1));
#6361=DIRECTION('',(-9.961946980917E-1,0.E0,-8.715574274766E-2));
#6362=AXIS2_PLACEMENT_3D('',#6359,#6360,#6361);
#6363=CYLINDRICAL_SURFACE('',#6362,1.E-1);
#6365=ORIENTED_EDGE('',*,*,#6364,.F.);
#6367=ORIENTED_EDGE('',*,*,#6366,.F.);
#6368=ORIENTED_EDGE('',*,*,#6340,.T.);
#6370=ORIENTED_EDGE('',*,*,#6369,.T.);
#6371=EDGE_LOOP('',(#6365,#6367,#6368,#6370));
#6372=FACE_OUTER_BOUND('',#6371,.F.);
#6374=CARTESIAN_POINT('',(-4.227045125393E0,2.25E0,-1.4E0));
#6375=DIRECTION('',(0.E0,9.986295347546E-1,5.233595624294E-2));
#6376=DIRECTION('',(-1.E0,0.E0,0.E0));
#6377=AXIS2_PLACEMENT_3D('',#6374,#6375,#6376);
#6378=PLANE('',#6377);
#6379=ORIENTED_EDGE('',*,*,#6364,.T.);
#6381=ORIENTED_EDGE('',*,*,#6380,.F.);
#6383=ORIENTED_EDGE('',*,*,#6382,.T.);
#6385=ORIENTED_EDGE('',*,*,#6384,.T.);
#6387=ORIENTED_EDGE('',*,*,#6386,.T.);
#6389=ORIENTED_EDGE('',*,*,#6388,.T.);
#6390=EDGE_LOOP('',(#6379,#6381,#6383,#6385,#6387,#6389));
#6391=FACE_OUTER_BOUND('',#6390,.F.);
#6393=CARTESIAN_POINT('',(0.E0,0.E0,-1.4E0));
#6394=DIRECTION('',(0.E0,0.E0,1.E0));
#6395=DIRECTION('',(1.E0,0.E0,0.E0));
#6396=AXIS2_PLACEMENT_3D('',#6393,#6394,#6395);
#6397=PLANE('',#6396);
#6399=ORIENTED_EDGE('',*,*,#6398,.T.);
#6401=ORIENTED_EDGE('',*,*,#6400,.F.);
#6403=ORIENTED_EDGE('',*,*,#6402,.T.);
#6405=ORIENTED_EDGE('',*,*,#6404,.F.);
#6407=ORIENTED_EDGE('',*,*,#6406,.T.);
#6409=ORIENTED_EDGE('',*,*,#6408,.F.);
#6410=EDGE_LOOP('',(#6399,#6401,#6403,#6405,#6407,#6409));
#6411=FACE_OUTER_BOUND('',#6410,.F.);
#6413=CARTESIAN_POINT('',(0.E0,0.E0,-1.4E0));
#6414=DIRECTION('',(0.E0,0.E0,1.E0));
#6415=DIRECTION('',(1.E0,0.E0,0.E0));
#6416=AXIS2_PLACEMENT_3D('',#6413,#6414,#6415);
#6417=PLANE('',#6416);
#6418=ORIENTED_EDGE('',*,*,#6354,.T.);
#6420=ORIENTED_EDGE('',*,*,#6419,.F.);
#6422=ORIENTED_EDGE('',*,*,#6421,.T.);
#6424=ORIENTED_EDGE('',*,*,#6423,.T.);
#6425=ORIENTED_EDGE('',*,*,#6380,.T.);
#6426=ORIENTED_EDGE('',*,*,#6369,.F.);
#6427=EDGE_LOOP('',(#6418,#6420,#6422,#6424,#6425,#6426));
#6428=FACE_OUTER_BOUND('',#6427,.F.);
#6430=CARTESIAN_POINT('',(4.227045125393E0,-2.25E0,-1.4E0));
#6431=DIRECTION('',(0.E0,-9.986295347546E-1,5.233595624294E-2));
#6432=DIRECTION('',(1.E0,0.E0,0.E0));
#6433=AXIS2_PLACEMENT_3D('',#6430,#6431,#6432);
#6434=PLANE('',#6433);
#6436=ORIENTED_EDGE('',*,*,#6435,.T.);
#6437=ORIENTED_EDGE('',*,*,#6398,.F.);
#6439=ORIENTED_EDGE('',*,*,#6438,.T.);
#6441=ORIENTED_EDGE('',*,*,#6440,.T.);
#6443=ORIENTED_EDGE('',*,*,#6442,.T.);
#6445=ORIENTED_EDGE('',*,*,#6444,.T.);
#6446=EDGE_LOOP('',(#6436,#6437,#6439,#6441,#6443,#6445));
#6447=FACE_OUTER_BOUND('',#6446,.F.);
#6449=CARTESIAN_POINT('',(7.357437645282E0,-2.373916222719E0,
-1.853730122599E0));
#6450=DIRECTION('',(8.703720429185E-2,5.213734452108E-2,9.948397973419E-1));
#6451=DIRECTION('',(9.961946980917E-1,0.E0,-8.715574274766E-2));
#6452=AXIS2_PLACEMENT_3D('',#6449,#6450,#6451);
#6453=CYLINDRICAL_SURFACE('',#6452,1.E-1);
#6454=ORIENTED_EDGE('',*,*,#6435,.F.);
#6456=ORIENTED_EDGE('',*,*,#6455,.F.);
#6458=ORIENTED_EDGE('',*,*,#6457,.T.);
#6459=ORIENTED_EDGE('',*,*,#6400,.T.);
#6460=EDGE_LOOP('',(#6454,#6456,#6458,#6459));
#6461=FACE_OUTER_BOUND('',#6460,.F.);
#6463=CARTESIAN_POINT('',(7.228525304206E0,-2.414264990891E0,
-1.989607807186E0));
#6464=CARTESIAN_POINT('',(7.232231950540E0,-2.414298682054E0,
-1.990250672861E0));
#6465=CARTESIAN_POINT('',(7.243904062577E0,-2.414386592629E0,
-1.991928106558E0));
#6466=CARTESIAN_POINT('',(7.265079138403E0,-2.414444133509E0,
-1.993026051968E0));
#6467=CARTESIAN_POINT('',(7.292499193732E0,-2.414325402870E0,
-1.990760536400E0));
#6468=CARTESIAN_POINT('',(7.322145423291E0,-2.413958021386E0,
-1.983750480105E0));
#6469=CARTESIAN_POINT('',(7.352194765934E0,-2.413302979975E0,
-1.971251545405E0));
#6470=CARTESIAN_POINT('',(7.380979310583E0,-2.412342478511E0,
-1.952924085674E0));
#6471=CARTESIAN_POINT('',(7.406442510089E0,-2.411112299403E0,
-1.929450869959E0));
#6472=CARTESIAN_POINT('',(7.427097913185E0,-2.409682235085E0,
-1.902163617246E0));
#6473=CARTESIAN_POINT('',(7.442132389722E0,-2.408147180144E0,
-1.872873024080E0));
#6474=CARTESIAN_POINT('',(7.451476239220E0,-2.406614819402E0,
-1.843633839315E0));
#6475=CARTESIAN_POINT('',(7.455865893088E0,-2.405171456273E0,
-1.816092830156E0));
#6476=CARTESIAN_POINT('',(7.456329058522E0,-2.404106556033E0,
-1.795773323112E0));
#6477=CARTESIAN_POINT('',(7.455640514031E0,-2.403529579079E0,
-1.784763947004E0));
#6478=CARTESIAN_POINT('',(7.455407256792E0,-2.403384297404E0,
-1.781991807502E0));
#6479=CARTESIAN_POINT('',(7.223016270950E0,-2.324524120088E0,
-2.026074129096E0));
#6480=CARTESIAN_POINT('',(7.227337377082E0,-2.324563396313E0,
-2.026823564110E0));
#6481=CARTESIAN_POINT('',(7.240944443690E0,-2.324665880249E0,
-2.028779074104E0));
#6482=CARTESIAN_POINT('',(7.265629988608E0,-2.324732960729E0,
-2.030059045918E0));
#6483=CARTESIAN_POINT('',(7.297595798738E0,-2.324594546214E0,
-2.027417939624E0));
#6484=CARTESIAN_POINT('',(7.332156358728E0,-2.324166263923E0,
-2.019245826694E0));
#6485=CARTESIAN_POINT('',(7.367185837642E0,-2.323402657909E0,
-2.004675355975E0));
#6486=CARTESIAN_POINT('',(7.400739434316E0,-2.322283014290E0,
-1.983311283033E0));
#6487=CARTESIAN_POINT('',(7.430419824636E0,-2.320849087067E0,
-1.955950321694E0));
#6488=CARTESIAN_POINT('',(7.454494839102E0,-2.319182260060E0,
-1.924145367733E0));
#6489=CARTESIAN_POINT('',(7.472017513153E0,-2.317393146507E0,
-1.890007047478E0));
#6490=CARTESIAN_POINT('',(7.482907381934E0,-2.315607236783E0,
-1.855929859917E0));
#6491=CARTESIAN_POINT('',(7.488023241718E0,-2.313925085087E0,
-1.823832493486E0));
#6492=CARTESIAN_POINT('',(7.488563024502E0,-2.312684017661E0,
-1.800151516283E0));
#6493=CARTESIAN_POINT('',(7.487760576648E0,-2.312011589544E0,
-1.787320823477E0));
#6494=CARTESIAN_POINT('',(7.487488731255E0,-2.311842273273E0,
-1.784090076572E0));
#6495=CARTESIAN_POINT('',(7.234782673199E0,-2.252622916387E0,
-1.962001259190E0));
#6496=CARTESIAN_POINT('',(7.237791392782E0,-2.252650263823E0,
-1.962523079367E0));
#6497=CARTESIAN_POINT('',(7.247265710002E0,-2.252721621422E0,
-1.963884663455E0));
#6498=CARTESIAN_POINT('',(7.264453461840E0,-2.252768326863E0,
-1.964775856371E0));
#6499=CARTESIAN_POINT('',(7.286710276394E0,-2.252671953916E0,
-1.962936950999E0));
#6500=CARTESIAN_POINT('',(7.310774622992E0,-2.252373745881E0,
-1.957246802720E0));
#6501=CARTESIAN_POINT('',(7.335167337904E0,-2.251842016265E0,
-1.947100797228E0));
#6502=CARTESIAN_POINT('',(7.358535012317E0,-2.251062274498E0,
-1.932222437996E0));
#6503=CARTESIAN_POINT('',(7.379208166490E0,-2.250063520229E0,
-1.913165071267E0));
#6504=CARTESIAN_POINT('',(7.395979445248E0,-2.248902379958E0,
-1.891009195041E0));
#6505=CARTESIAN_POINT('',(7.408187732641E0,-2.247655894426E0,
-1.867224834232E0));
#6506=CARTESIAN_POINT('',(7.415775554780E0,-2.246411524239E0,
-1.843480836604E0));
#6507=CARTESIAN_POINT('',(7.419340356414E0,-2.245239386224E0,
-1.821115110910E0));
#6508=CARTESIAN_POINT('',(7.419716496955E0,-2.244374583357E0,
-1.804613689212E0));
#6509=CARTESIAN_POINT('',(7.419157328227E0,-2.243906023457E0,
-1.795673033714E0));
#6510=CARTESIAN_POINT('',(7.418967900878E0,-2.243788041188E0,
-1.793421797899E0));
#6511=CARTESIAN_POINT('',(7.250419108052E0,-2.280478059530E0,
-1.870387095890E0));
#6512=CARTESIAN_POINT('',(7.251683790133E0,-2.280489554736E0,
-1.870606437494E0));
#6513=CARTESIAN_POINT('',(7.255666074597E0,-2.280519548378E0,
-1.871178750269E0));
#6514=CARTESIAN_POINT('',(7.262889969129E0,-2.280539177322E0,
-1.871553292830E0));
#6515=CARTESIAN_POINT('',(7.272244447556E0,-2.280498673640E0,
-1.870780436552E0));
#6516=CARTESIAN_POINT('',(7.282360320066E0,-2.280373321979E0,
-1.868388584365E0));
#6517=CARTESIAN_POINT('',(7.292617782430E0,-2.280149734146E0,
-1.864122274368E0));
#6518=CARTESIAN_POINT('',(7.302449330297E0,-2.279821689769E0,
-1.857862814758E0));
#6519=CARTESIAN_POINT('',(7.311152720204E0,-2.279401239164E0,
-1.849840139297E0));
#6520=CARTESIAN_POINT('',(7.318218025532E0,-2.278912108700E0,
-1.840506974055E0));
#6521=CARTESIAN_POINT('',(7.323363996085E0,-2.278386724447E0,
-1.830482045308E0));
#6522=CARTESIAN_POINT('',(7.326563710788E0,-2.277862009046E0,
-1.820469879023E0));
#6523=CARTESIAN_POINT('',(7.328067302956E0,-2.277367630936E0,
-1.811036582729E0));
#6524=CARTESIAN_POINT('',(7.328225978445E0,-2.277002848055E0,
-1.804076110725E0));
#6525=CARTESIAN_POINT('',(7.327990104646E0,-2.276805209718E0,
-1.800304946600E0));
#6526=CARTESIAN_POINT('',(7.327910203078E0,-2.276755445477E0,
-1.799355388309E0));
#6527=(BOUNDED_SURFACE()B_SPLINE_SURFACE(3,3,((#6463,#6464,#6465,#6466,#6467,
#6468,#6469,#6470,#6471,#6472,#6473,#6474,#6475,#6476,#6477,#6478),(#6479,#6480,
#6481,#6482,#6483,#6484,#6485,#6486,#6487,#6488,#6489,#6490,#6491,#6492,#6493,
#6494),(#6495,#6496,#6497,#6498,#6499,#6500,#6501,#6502,#6503,#6504,#6505,#6506,
#6507,#6508,#6509,#6510),(#6511,#6512,#6513,#6514,#6515,#6516,#6517,#6518,#6519,
#6520,#6521,#6522,#6523,#6524,#6525,#6526)),.UNSPECIFIED.,.F.,.F.,.F.)B_SPLINE_SURFACE_WITH_KNOTS((4,4),(4,1,1,1,1,1,1,1,1,1,1,1,1,4),(0.E0,1.E0),(
2.049739970340E-2,5.065852240868E-2,1.149814436385E-1,1.901157328730E-1,
2.705325356435E-1,3.583583382827E-1,4.499702395007E-1,5.429901298103E-1,
6.349539928128E-1,7.234688218015E-1,8.063170473475E-1,8.806844670099E-1,
9.469562064973E-1,9.693152159503E-1),.UNSPECIFIED.)GEOMETRIC_REPRESENTATION_ITEM()RATIONAL_B_SPLINE_SURFACE(((1.398256708963E0,1.398256708963E0,1.398256708963E0,
1.398256708963E0,1.398256708963E0,1.398256708963E0,1.398256708963E0,
1.398256708963E0,1.398256708963E0,1.398256708963E0,1.398256708963E0,
1.398256708963E0,1.398256708963E0,1.398256708963E0,1.398256708963E0,
1.398256708963E0),(8.672477636790E-1,8.672477636790E-1,8.672477636790E-1,
8.672477636790E-1,8.672477636790E-1,8.672477636790E-1,8.672477636790E-1,
8.672477636790E-1,8.672477636790E-1,8.672477636790E-1,8.672477636790E-1,
8.672477636790E-1,8.672477636790E-1,8.672477636790E-1,8.672477636790E-1,
8.672477636790E-1),(8.672477636790E-1,8.672477636790E-1,8.672477636790E-1,
8.672477636790E-1,8.672477636790E-1,8.672477636790E-1,8.672477636790E-1,
8.672477636790E-1,8.672477636790E-1,8.672477636790E-1,8.672477636790E-1,
8.672477636790E-1,8.672477636790E-1,8.672477636790E-1,8.672477636790E-1,
8.672477636790E-1),(1.398256708963E0,1.398256708963E0,1.398256708963E0,
1.398256708963E0,1.398256708963E0,1.398256708963E0,1.398256708963E0,
1.398256708963E0,1.398256708963E0,1.398256708963E0,1.398256708963E0,
1.398256708963E0,1.398256708963E0,1.398256708963E0,1.398256708963E0,
1.398256708963E0)))REPRESENTATION_ITEM('')SURFACE());
#6529=ORIENTED_EDGE('',*,*,#6528,.T.);
#6530=ORIENTED_EDGE('',*,*,#6455,.T.);
#6531=ORIENTED_EDGE('',*,*,#6444,.F.);
#6533=ORIENTED_EDGE('',*,*,#6532,.F.);
#6534=EDGE_LOOP('',(#6529,#6530,#6531,#6533));
#6535=FACE_OUTER_BOUND('',#6534,.F.);
#6537=CARTESIAN_POINT('',(7.261756438145E0,3.299767439261E-2,-1.8E0));
#6538=DIRECTION('',(0.E0,1.E0,0.E0));
#6539=DIRECTION('',(9.961946980917E-1,0.E0,-8.715574274766E-2));
#6540=AXIS2_PLACEMENT_3D('',#6537,#6538,#6539);
#6541=CYLINDRICAL_SURFACE('',#6540,2.E-1);
#6542=ORIENTED_EDGE('',*,*,#6528,.F.);
#6544=ORIENTED_EDGE('',*,*,#6543,.T.);
#6546=ORIENTED_EDGE('',*,*,#6545,.F.);
#6548=ORIENTED_EDGE('',*,*,#6547,.T.);
#6549=EDGE_LOOP('',(#6542,#6544,#6546,#6548));
#6550=FACE_OUTER_BOUND('',#6549,.F.);
#6552=CARTESIAN_POINT('',(7.261756438145E0,3.299767439261E-2,-1.8E0));
#6553=DIRECTION('',(0.E0,1.E0,0.E0));
#6554=DIRECTION('',(9.961946980917E-1,0.E0,-8.715574274766E-2));
#6555=AXIS2_PLACEMENT_3D('',#6552,#6553,#6554);
#6556=CYLINDRICAL_SURFACE('',#6555,2.E-1);
#6558=ORIENTED_EDGE('',*,*,#6557,.F.);
#6560=ORIENTED_EDGE('',*,*,#6559,.T.);
#6562=ORIENTED_EDGE('',*,*,#6561,.T.);
#6564=ORIENTED_EDGE('',*,*,#6563,.T.);
#6565=EDGE_LOOP('',(#6558,#6560,#6562,#6564));
#6566=FACE_OUTER_BOUND('',#6565,.F.);
#6568=CARTESIAN_POINT('',(0.E0,4.25E0,-2.E0));
#6569=DIRECTION('',(0.E0,0.E0,-1.E0));
#6570=DIRECTION('',(0.E0,-1.E0,0.E0));
#6571=AXIS2_PLACEMENT_3D('',#6568,#6569,#6570);
#6572=PLANE('',#6571);
#6574=ORIENTED_EDGE('',*,*,#6573,.F.);
#6576=ORIENTED_EDGE('',*,*,#6575,.F.);
#6578=ORIENTED_EDGE('',*,*,#6577,.F.);
#6580=ORIENTED_EDGE('',*,*,#6579,.F.);
#6582=ORIENTED_EDGE('',*,*,#6581,.F.);
#6583=ORIENTED_EDGE('',*,*,#6563,.F.);
#6585=ORIENTED_EDGE('',*,*,#6584,.T.);
#6587=ORIENTED_EDGE('',*,*,#6586,.T.);
#6589=ORIENTED_EDGE('',*,*,#6588,.T.);
#6591=ORIENTED_EDGE('',*,*,#6590,.F.);
#6593=ORIENTED_EDGE('',*,*,#6592,.F.);
#6595=ORIENTED_EDGE('',*,*,#6594,.F.);
#6597=ORIENTED_EDGE('',*,*,#6596,.F.);
#6599=ORIENTED_EDGE('',*,*,#6598,.F.);
#6601=ORIENTED_EDGE('',*,*,#6600,.F.);
#6603=ORIENTED_EDGE('',*,*,#6602,.F.);
#6605=ORIENTED_EDGE('',*,*,#6604,.F.);
#6607=ORIENTED_EDGE('',*,*,#6606,.F.);
#6609=ORIENTED_EDGE('',*,*,#6608,.F.);
#6610=ORIENTED_EDGE('',*,*,#6543,.F.);
#6611=EDGE_LOOP('',(#6574,#6576,#6578,#6580,#6582,#6583,#6585,#6587,#6589,#6591,
#6593,#6595,#6597,#6599,#6601,#6603,#6605,#6607,#6609,#6610));
#6612=FACE_OUTER_BOUND('',#6611,.F.);
#6614=CARTESIAN_POINT('',(5.993786724225E0,-2.376341124241E0,-1.9E0));
#6615=DIRECTION('',(1.E0,0.E0,0.E0));
#6616=DIRECTION('',(0.E0,0.E0,-1.E0));
#6617=AXIS2_PLACEMENT_3D('',#6614,#6615,#6616);
#6618=CYLINDRICAL_SURFACE('',#6617,1.E-1);
#6619=ORIENTED_EDGE('',*,*,#6573,.T.);
#6620=ORIENTED_EDGE('',*,*,#6532,.T.);
#6621=ORIENTED_EDGE('',*,*,#6442,.F.);
#6623=ORIENTED_EDGE('',*,*,#6622,.F.);
#6624=EDGE_LOOP('',(#6619,#6620,#6621,#6623));
#6625=FACE_OUTER_BOUND('',#6624,.F.);
#6627=CARTESIAN_POINT('',(5.410430202429E0,-1.755459863502E0,
-1.994242804748E0));
#6628=CARTESIAN_POINT('',(5.409837678269E0,-1.769478440624E0,
-1.994202823882E0));
#6629=CARTESIAN_POINT('',(5.409513949972E0,-1.806090265222E0,
-1.994101404043E0));
#6630=CARTESIAN_POINT('',(5.414417866123E0,-1.868512271826E0,
-1.993941501799E0));
#6631=CARTESIAN_POINT('',(5.429295590098E0,-1.944202520911E0,
-1.993770300422E0));
#6632=CARTESIAN_POINT('',(5.456347827179E0,-2.024754181706E0,
-1.993617866857E0));
#6633=CARTESIAN_POINT('',(5.496939552070E0,-2.105742389410E0,
-1.993501657600E0));
#6634=CARTESIAN_POINT('',(5.551023973370E0,-2.182714746054E0,
-1.993435389593E0));
#6635=CARTESIAN_POINT('',(5.617058082361E0,-2.251603769831E0,
-1.993427102316E0));
#6636=CARTESIAN_POINT('',(5.692116141494E0,-2.309177972117E0,
-1.993477780320E0));
#6637=CARTESIAN_POINT('',(5.772163496592E0,-2.353448508875E0,
-1.993580921703E0));
#6638=CARTESIAN_POINT('',(5.852532314793E0,-2.383968900277E0,
-1.993723373327E0));
#6639=CARTESIAN_POINT('',(5.928326599779E0,-2.401826541777E0,
-1.993887092227E0));
#6640=CARTESIAN_POINT('',(5.995915450530E0,-2.409619601451E0,
-1.994053988379E0));
#6641=CARTESIAN_POINT('',(6.040205679159E0,-2.410300332904E0,
-1.994174223205E0));
#6642=CARTESIAN_POINT('',(6.061818364690E0,-2.409518858743E0,
-1.994235521428E0));
#6643=CARTESIAN_POINT('',(6.064376600932E0,-2.409410726738E0,
-1.994242811787E0));
#6644=CARTESIAN_POINT('',(5.498711984358E0,-1.758482118382E0,
-2.025586795300E0));
#6645=CARTESIAN_POINT('',(5.498148856784E0,-1.770547026564E0,
-2.025652361009E0));
#6646=CARTESIAN_POINT('',(5.497735293308E0,-1.802064542306E0,
-2.025817490838E0));
#6647=CARTESIAN_POINT('',(5.501746834118E0,-1.855833101241E0,
-2.026071505718E0));
#6648=CARTESIAN_POINT('',(5.514339980622E0,-1.921072427676E0,
-2.026336575326E0));
#6649=CARTESIAN_POINT('',(5.537457356045E0,-1.990537090484E0,
-2.026566820618E0));
#6650=CARTESIAN_POINT('',(5.572300919795E0,-2.060396588920E0,
-2.026738872272E0));
#6651=CARTESIAN_POINT('',(5.618843313914E0,-2.126785986755E0,
-2.026835662636E0));
#6652=CARTESIAN_POINT('',(5.675750888992E0,-2.186169552682E0,
-2.026847700973E0));
#6653=CARTESIAN_POINT('',(5.740482442282E0,-2.235739167862E0,
-2.026773855770E0));
#6654=CARTESIAN_POINT('',(5.809531398437E0,-2.273772606249E0,
-2.026621838957E0));
#6655=CARTESIAN_POINT('',(5.878845547175E0,-2.299894785751E0,
-2.026407990831E0));
#6656=CARTESIAN_POINT('',(5.944185538284E0,-2.315067594820E0,
-2.026156447750E0));
#6657=CARTESIAN_POINT('',(6.002417384631E0,-2.321559467464E0,
-2.025893463103E0));
#6658=CARTESIAN_POINT('',(6.040551677513E0,-2.321985824495E0,
-2.025699259969E0));
#6659=CARTESIAN_POINT('',(6.059153221857E0,-2.321231694970E0,
-2.025598812337E0));
#6660=CARTESIAN_POINT('',(6.061354935107E0,-2.321128927910E0,
-2.025586839986E0));
#6661=CARTESIAN_POINT('',(5.566543904767E0,-1.760804288881E0,
-1.960944007498E0));
#6662=CARTESIAN_POINT('',(5.566109323939E0,-1.771371709373E0,
-1.961090690378E0));
#6663=CARTESIAN_POINT('',(5.565895087003E0,-1.798965798656E0,
-1.961461052660E0));
#6664=CARTESIAN_POINT('',(5.569633217772E0,-1.845994482123E0,
-1.962035782467E0));
#6665=CARTESIAN_POINT('',(5.580879990061E0,-1.902994116505E0,
-1.962641114593E0));
#6666=CARTESIAN_POINT('',(5.601279716070E0,-1.963630519370E0,
-1.963171716196E0));
#6667=CARTESIAN_POINT('',(5.631852896284E0,-2.024576980312E0,
-1.963571176068E0));
#6668=CARTESIAN_POINT('',(5.672562105124E0,-2.082491823960E0,
-1.963797048231E0));
#6669=CARTESIAN_POINT('',(5.722249895266E0,-2.134325581115E0,
-1.963825199343E0));
#6670=CARTESIAN_POINT('',(5.778723538335E0,-2.177656464268E0,
-1.963652718586E0));
#6671=CARTESIAN_POINT('',(5.838958261729E0,-2.210993065054E0,
-1.963299176467E0));
#6672=CARTESIAN_POINT('',(5.899451122779E0,-2.233998477912E0,
-1.962805236816E0));
#6673=CARTESIAN_POINT('',(5.956521971114E0,-2.247484849897E0,
-1.962229179786E0));
#6674=CARTESIAN_POINT('',(6.007435838828E0,-2.253399394992E0,
-1.961632419653E0));
#6675=CARTESIAN_POINT('',(6.040813283038E0,-2.253946931406E0,
-1.961195615409E0));
#6676=CARTESIAN_POINT('',(6.057104778024E0,-2.253376270445E0,
-1.960970834607E0));
#6677=CARTESIAN_POINT('',(6.059033216066E0,-2.253296962070E0,
-1.960944063306E0));
#6678=CARTESIAN_POINT('',(5.539555051927E0,-1.759880347462E0,
-1.871188788355E0));
#6679=CARTESIAN_POINT('',(5.539207229364E0,-1.771048306889E0,
-1.871303222142E0));
#6680=CARTESIAN_POINT('',(5.539262939085E0,-1.800191496544E0,
-1.871592482817E0));
#6681=CARTESIAN_POINT('',(5.543646391859E0,-1.849783475632E0,
-1.872043093536E0));
#6682=CARTESIAN_POINT('',(5.555961157762E0,-1.909788646220E0,
-1.872519615918E0));
#6683=CARTESIAN_POINT('',(5.577840077186E0,-1.973534830632E0,
-1.872938940654E0));
#6684=CARTESIAN_POINT('',(5.610302699612E0,-2.037556179396E0,
-1.873255625699E0));
#6685=CARTESIAN_POINT('',(5.653283068917E0,-2.098396373967E0,
-1.873435077817E0));
#6686=CARTESIAN_POINT('',(5.705573594683E0,-2.152913581118E0,
-1.873457462818E0));
#6687=CARTESIAN_POINT('',(5.764911895212E0,-2.198611732583E0,
-1.873320378174E0));
#6688=CARTESIAN_POINT('',(5.828180476073E0,-2.233941368881E0,
-1.873039895966E0));
#6689=CARTESIAN_POINT('',(5.891757090276E0,-2.258528683034E0,
-1.872649165339E0));
#6690=CARTESIAN_POINT('',(5.951810234371E0,-2.273176022757E0,
-1.872195139460E0));
#6691=CARTESIAN_POINT('',(6.005468580368E0,-2.279870081660E0,
-1.871726660568E0));
#6692=CARTESIAN_POINT('',(6.040703671459E0,-2.280781490196E0,
-1.871385079898E0));
#6693=CARTESIAN_POINT('',(6.057918946834E0,-2.280349266809E0,
-1.871209697490E0));
#6694=CARTESIAN_POINT('',(6.059956976367E0,-2.280285790758E0,
-1.871188816567E0));
#6695=(BOUNDED_SURFACE()B_SPLINE_SURFACE(3,3,((#6627,#6628,#6629,#6630,#6631,
#6632,#6633,#6634,#6635,#6636,#6637,#6638,#6639,#6640,#6641,#6642,#6643),(#6644,
#6645,#6646,#6647,#6648,#6649,#6650,#6651,#6652,#6653,#6654,#6655,#6656,#6657,
#6658,#6659,#6660),(#6661,#6662,#6663,#6664,#6665,#6666,#6667,#6668,#6669,#6670,
#6671,#6672,#6673,#6674,#6675,#6676,#6677),(#6678,#6679,#6680,#6681,#6682,#6683,
#6684,#6685,#6686,#6687,#6688,#6689,#6690,#6691,#6692,#6693,#6694)),
.UNSPECIFIED.,.F.,.F.,.F.)B_SPLINE_SURFACE_WITH_KNOTS((4,4),(4,1,1,1,1,1,1,1,1,
1,1,1,1,1,4),(0.E0,1.E0),(5.094039275685E-2,8.825481369019E-2,1.482231189982E-1,
2.170230969773E-1,2.925645477561E-1,3.729879643681E-1,4.563938638242E-1,
5.409613602188E-1,6.248842627375E-1,7.061396314522E-1,7.826107235020E-1,
8.522202094294E-1,9.123219898951E-1,9.630256837546E-1,9.698356264637E-1),
.UNSPECIFIED.)GEOMETRIC_REPRESENTATION_ITEM()RATIONAL_B_SPLINE_SURFACE(((
1.377600179804E0,1.377600179804E0,1.377600179804E0,1.377600179804E0,
1.377600179804E0,1.377600179804E0,1.377600179804E0,1.377600179804E0,
1.377600179804E0,1.377600179804E0,1.377600179804E0,1.377600179804E0,
1.377600179804E0,1.377600179804E0,1.377600179804E0,1.377600179804E0,
1.377600179804E0),(8.741332733988E-1,8.741332733988E-1,8.741332733988E-1,
8.741332733988E-1,8.741332733988E-1,8.741332733988E-1,8.741332733988E-1,
8.741332733988E-1,8.741332733988E-1,8.741332733988E-1,8.741332733988E-1,
8.741332733988E-1,8.741332733988E-1,8.741332733988E-1,8.741332733988E-1,
8.741332733988E-1,8.741332733988E-1),(8.741332733988E-1,8.741332733988E-1,
8.741332733988E-1,8.741332733988E-1,8.741332733988E-1,8.741332733988E-1,
8.741332733988E-1,8.741332733988E-1,8.741332733988E-1,8.741332733988E-1,
8.741332733988E-1,8.741332733988E-1,8.741332733988E-1,8.741332733988E-1,
8.741332733988E-1,8.741332733988E-1,8.741332733988E-1),(1.377600179804E0,
1.377600179804E0,1.377600179804E0,1.377600179804E0,1.377600179804E0,
1.377600179804E0,1.377600179804E0,1.377600179804E0,1.377600179804E0,
1.377600179804E0,1.377600179804E0,1.377600179804E0,1.377600179804E0,
1.377600179804E0,1.377600179804E0,1.377600179804E0,1.377600179804E0)))REPRESENTATION_ITEM('')SURFACE());
#6696=ORIENTED_EDGE('',*,*,#6575,.T.);
#6697=ORIENTED_EDGE('',*,*,#6622,.T.);
#6699=ORIENTED_EDGE('',*,*,#6698,.F.);
#6701=ORIENTED_EDGE('',*,*,#6700,.F.);
#6702=EDGE_LOOP('',(#6696,#6697,#6699,#6701));
#6703=FACE_OUTER_BOUND('',#6702,.F.);
#6705=CARTESIAN_POINT('',(6.071494810584E0,-1.748345880602E0,
-1.381530482452E0));
#6706=DIRECTION('',(-5.226442768871E-2,-5.226442768871E-2,-9.972646886342E-1));
#6707=DIRECTION('',(0.E0,-9.986295347546E-1,5.233595624294E-2));
#6708=AXIS2_PLACEMENT_3D('',#6705,#6706,#6707);
#6709=CYLINDRICAL_SURFACE('',#6708,5.E-1);
#6710=ORIENTED_EDGE('',*,*,#6698,.T.);
#6711=ORIENTED_EDGE('',*,*,#6440,.F.);
#6713=ORIENTED_EDGE('',*,*,#6712,.T.);
#6715=ORIENTED_EDGE('',*,*,#6714,.T.);
#6716=EDGE_LOOP('',(#6710,#6711,#6713,#6715));
#6717=FACE_OUTER_BOUND('',#6716,.F.);
#6719=CARTESIAN_POINT('',(0.E0,0.E0,-1.4E0));
#6720=DIRECTION('',(0.E0,0.E0,1.E0));
#6721=DIRECTION('',(0.E0,1.E0,0.E0));
#6722=AXIS2_PLACEMENT_3D('',#6719,#6720,#6721);
#6723=PLANE('',#6722);
#6725=ORIENTED_EDGE('',*,*,#6724,.T.);
#6727=ORIENTED_EDGE('',*,*,#6726,.F.);
#6729=ORIENTED_EDGE('',*,*,#6728,.T.);
#6730=ORIENTED_EDGE('',*,*,#6712,.F.);
#6731=ORIENTED_EDGE('',*,*,#6438,.F.);
#6733=ORIENTED_EDGE('',*,*,#6732,.F.);
#6735=ORIENTED_EDGE('',*,*,#6734,.T.);
#6737=ORIENTED_EDGE('',*,*,#6736,.F.);
#6739=ORIENTED_EDGE('',*,*,#6738,.T.);
#6741=ORIENTED_EDGE('',*,*,#6740,.F.);
#6743=ORIENTED_EDGE('',*,*,#6742,.T.);
#6745=ORIENTED_EDGE('',*,*,#6744,.F.);
#6746=ORIENTED_EDGE('',*,*,#6382,.F.);
#6748=ORIENTED_EDGE('',*,*,#6747,.F.);
#6750=ORIENTED_EDGE('',*,*,#6749,.F.);
#6752=ORIENTED_EDGE('',*,*,#6751,.F.);
#6754=ORIENTED_EDGE('',*,*,#6753,.F.);
#6756=ORIENTED_EDGE('',*,*,#6755,.F.);
#6758=ORIENTED_EDGE('',*,*,#6757,.F.);
#6760=ORIENTED_EDGE('',*,*,#6759,.F.);
#6761=EDGE_LOOP('',(#6725,#6727,#6729,#6730,#6731,#6733,#6735,#6737,#6739,#6741,
#6743,#6745,#6746,#6748,#6750,#6752,#6754,#6756,#6758,#6760));
#6762=FACE_OUTER_BOUND('',#6761,.F.);
#6764=CARTESIAN_POINT('',(9.912636256978E0,2.25E0,-1.4E0));
#6765=DIRECTION('',(0.E0,9.986295347546E-1,5.233595624294E-2));
#6766=DIRECTION('',(-1.E0,0.E0,0.E0));
#6767=AXIS2_PLACEMENT_3D('',#6764,#6765,#6766);
#6768=PLANE('',#6767);
#6770=ORIENTED_EDGE('',*,*,#6769,.T.);
#6772=ORIENTED_EDGE('',*,*,#6771,.F.);
#6773=ORIENTED_EDGE('',*,*,#6724,.F.);
#6774=ORIENTED_EDGE('',*,*,#6406,.F.);
#6776=ORIENTED_EDGE('',*,*,#6775,.T.);
#6778=ORIENTED_EDGE('',*,*,#6777,.T.);
#6779=EDGE_LOOP('',(#6770,#6772,#6773,#6774,#6776,#6778));
#6780=FACE_OUTER_BOUND('',#6779,.F.);
#6782=CARTESIAN_POINT('',(7.304833833733E0,2.376341124241E0,-1.9E0));
#6783=DIRECTION('',(-1.E0,0.E0,0.E0));
#6784=DIRECTION('',(0.E0,0.E0,-1.E0));
#6785=AXIS2_PLACEMENT_3D('',#6782,#6783,#6784);
#6786=CYLINDRICAL_SURFACE('',#6785,1.E-1);
#6787=ORIENTED_EDGE('',*,*,#6581,.T.);
#6789=ORIENTED_EDGE('',*,*,#6788,.T.);
#6790=ORIENTED_EDGE('',*,*,#6769,.F.);
#6792=ORIENTED_EDGE('',*,*,#6791,.F.);
#6793=EDGE_LOOP('',(#6787,#6789,#6790,#6792));
#6794=FACE_OUTER_BOUND('',#6793,.F.);
#6796=CARTESIAN_POINT('',(6.064380827683E0,2.409410488756E0,-1.994242804748E0));
#6797=CARTESIAN_POINT('',(6.050362250562E0,2.410003012916E0,-1.994202823882E0));
#6798=CARTESIAN_POINT('',(6.013750425963E0,2.410326741213E0,-1.994101404043E0));
#6799=CARTESIAN_POINT('',(5.951328419359E0,2.405422825062E0,-1.993941501799E0));
#6800=CARTESIAN_POINT('',(5.875638170274E0,2.390545101088E0,-1.993770300422E0));
#6801=CARTESIAN_POINT('',(5.795086509479E0,2.363492864006E0,-1.993617866857E0));
#6802=CARTESIAN_POINT('',(5.714098301775E0,2.322901139115E0,-1.993501657600E0));
#6803=CARTESIAN_POINT('',(5.637125945132E0,2.268816717816E0,-1.993435389593E0));
#6804=CARTESIAN_POINT('',(5.568236921355E0,2.202782608824E0,-1.993427102316E0));
#6805=CARTESIAN_POINT('',(5.510662719069E0,2.127724549692E0,-1.993477780320E0));
#6806=CARTESIAN_POINT('',(5.466392182311E0,2.047677194594E0,-1.993580921703E0));
#6807=CARTESIAN_POINT('',(5.435871790909E0,1.967308376393E0,-1.993723373327E0));
#6808=CARTESIAN_POINT('',(5.418014149409E0,1.891514091407E0,-1.993887092227E0));
#6809=CARTESIAN_POINT('',(5.410221089734E0,1.823925240656E0,-1.994053988379E0));
#6810=CARTESIAN_POINT('',(5.409540358282E0,1.779635012026E0,-1.994174223205E0));
#6811=CARTESIAN_POINT('',(5.410321832443E0,1.758022326496E0,-1.994235521428E0));
#6812=CARTESIAN_POINT('',(5.410429964447E0,1.755464090253E0,-1.994242811787E0));
#6813=CARTESIAN_POINT('',(6.061358572803E0,2.321128706828E0,-2.025586795300E0));
#6814=CARTESIAN_POINT('',(6.049293664622E0,2.321691834402E0,-2.025652361009E0));
#6815=CARTESIAN_POINT('',(6.017776148879E0,2.322105397878E0,-2.025817490838E0));
#6816=CARTESIAN_POINT('',(5.964007589945E0,2.318093857068E0,-2.026071505718E0));
#6817=CARTESIAN_POINT('',(5.898768263510E0,2.305500710563E0,-2.026336575326E0));
#6818=CARTESIAN_POINT('',(5.829303600701E0,2.282383335141E0,-2.026566820618E0));
#6819=CARTESIAN_POINT('',(5.759444102265E0,2.247539771390E0,-2.026738872272E0));
#6820=CARTESIAN_POINT('',(5.693054704431E0,2.200997377272E0,-2.026835662636E0));
#6821=CARTESIAN_POINT('',(5.633671138504E0,2.144089802193E0,-2.026847700973E0));
#6822=CARTESIAN_POINT('',(5.584101523323E0,2.079358248903E0,-2.026773855770E0));
#6823=CARTESIAN_POINT('',(5.546068084936E0,2.010309292748E0,-2.026621838957E0));
#6824=CARTESIAN_POINT('',(5.519945905434E0,1.940995144010E0,-2.026407990831E0));
#6825=CARTESIAN_POINT('',(5.504773096365E0,1.875655152902E0,-2.026156447750E0));
#6826=CARTESIAN_POINT('',(5.498281223722E0,1.817423306554E0,-2.025893463103E0));
#6827=CARTESIAN_POINT('',(5.497854866690E0,1.779289013673E0,-2.025699259969E0));
#6828=CARTESIAN_POINT('',(5.498608996216E0,1.760687469329E0,-2.025598812337E0));
#6829=CARTESIAN_POINT('',(5.498711763275E0,1.758485756079E0,-2.025586839986E0));
#6830=CARTESIAN_POINT('',(6.059036402304E0,2.253296786418E0,-1.960944007498E0));
#6831=CARTESIAN_POINT('',(6.048468981813E0,2.253731367246E0,-1.961090690378E0));
#6832=CARTESIAN_POINT('',(6.020874892530E0,2.253945604182E0,-1.961461052660E0));
#6833=CARTESIAN_POINT('',(5.973846209062E0,2.250207473413E0,-1.962035782467E0));
#6834=CARTESIAN_POINT('',(5.916846574680E0,2.238960701124E0,-1.962641114593E0));
#6835=CARTESIAN_POINT('',(5.856210171815E0,2.218560975116E0,-1.963171716196E0));
#6836=CARTESIAN_POINT('',(5.795263710874E0,2.187987794902E0,-1.963571176068E0));
#6837=CARTESIAN_POINT('',(5.737348867225E0,2.147278586061E0,-1.963797048231E0));
#6838=CARTESIAN_POINT('',(5.685515110071E0,2.097590795920E0,-1.963825199343E0));
#6839=CARTESIAN_POINT('',(5.642184226918E0,2.041117152851E0,-1.963652718586E0));
#6840=CARTESIAN_POINT('',(5.608847626132E0,1.980882429456E0,-1.963299176467E0));
#6841=CARTESIAN_POINT('',(5.585842213273E0,1.920389568407E0,-1.962805236816E0));
#6842=CARTESIAN_POINT('',(5.572355841288E0,1.863318720071E0,-1.962229179786E0));
#6843=CARTESIAN_POINT('',(5.566441296193E0,1.812404852358E0,-1.961632419653E0));
#6844=CARTESIAN_POINT('',(5.565893759779E0,1.779027408147E0,-1.961195615409E0));
#6845=CARTESIAN_POINT('',(5.566464420740E0,1.762735913162E0,-1.960970834607E0));
#6846=CARTESIAN_POINT('',(5.566543729115E0,1.760807475120E0,-1.960944063306E0));
#6847=CARTESIAN_POINT('',(6.059960343723E0,2.280285639258E0,-1.871188788355E0));
#6848=CARTESIAN_POINT('',(6.048792384296E0,2.280633461821E0,-1.871303222142E0));
#6849=CARTESIAN_POINT('',(6.019649194641E0,2.280577752100E0,-1.871592482817E0));
#6850=CARTESIAN_POINT('',(5.970057215554E0,2.276194299326E0,-1.872043093536E0));
#6851=CARTESIAN_POINT('',(5.910052044966E0,2.263879533423E0,-1.872519615918E0));
#6852=CARTESIAN_POINT('',(5.846305860554E0,2.242000614E0,-1.872938940654E0));
#6853=CARTESIAN_POINT('',(5.782284511789E0,2.209537991574E0,-1.873255625699E0));
#6854=CARTESIAN_POINT('',(5.721444317219E0,2.166557622269E0,-1.873435077817E0));
#6855=CARTESIAN_POINT('',(5.666927110067E0,2.114267096502E0,-1.873457462818E0));
#6856=CARTESIAN_POINT('',(5.621228958603E0,2.054928795973E0,-1.873320378174E0));
#6857=CARTESIAN_POINT('',(5.585899322305E0,1.991660215112E0,-1.873039895966E0));
#6858=CARTESIAN_POINT('',(5.561312008152E0,1.928083600910E0,-1.872649165339E0));
#6859=CARTESIAN_POINT('',(5.546664668429E0,1.868030456814E0,-1.872195139460E0));
#6860=CARTESIAN_POINT('',(5.539970609525E0,1.814372110818E0,-1.871726660568E0));
#6861=CARTESIAN_POINT('',(5.539059200990E0,1.779137019727E0,-1.871385079898E0));
#6862=CARTESIAN_POINT('',(5.539491424376E0,1.761921744351E0,-1.871209697490E0));
#6863=CARTESIAN_POINT('',(5.539554900427E0,1.759883714819E0,-1.871188816567E0));
#6864=(BOUNDED_SURFACE()B_SPLINE_SURFACE(3,3,((#6796,#6797,#6798,#6799,#6800,
#6801,#6802,#6803,#6804,#6805,#6806,#6807,#6808,#6809,#6810,#6811,#6812),(#6813,
#6814,#6815,#6816,#6817,#6818,#6819,#6820,#6821,#6822,#6823,#6824,#6825,#6826,
#6827,#6828,#6829),(#6830,#6831,#6832,#6833,#6834,#6835,#6836,#6837,#6838,#6839,
#6840,#6841,#6842,#6843,#6844,#6845,#6846),(#6847,#6848,#6849,#6850,#6851,#6852,
#6853,#6854,#6855,#6856,#6857,#6858,#6859,#6860,#6861,#6862,#6863)),
.UNSPECIFIED.,.F.,.F.,.F.)B_SPLINE_SURFACE_WITH_KNOTS((4,4),(4,1,1,1,1,1,1,1,1,
1,1,1,1,1,4),(0.E0,1.E0),(5.094039275686E-2,8.825481369021E-2,1.482231189983E-1,
2.170230969773E-1,2.925645477561E-1,3.729879643682E-1,4.563938638242E-1,
5.409613602188E-1,6.248842627375E-1,7.061396314522E-1,7.826107235020E-1,
8.522202094294E-1,9.123219898951E-1,9.630256837545E-1,9.698356264637E-1),
.UNSPECIFIED.)GEOMETRIC_REPRESENTATION_ITEM()RATIONAL_B_SPLINE_SURFACE(((
1.377600179804E0,1.377600179804E0,1.377600179804E0,1.377600179804E0,
1.377600179804E0,1.377600179804E0,1.377600179804E0,1.377600179804E0,
1.377600179804E0,1.377600179804E0,1.377600179804E0,1.377600179804E0,
1.377600179804E0,1.377600179804E0,1.377600179804E0,1.377600179804E0,
1.377600179804E0),(8.741332733988E-1,8.741332733988E-1,8.741332733988E-1,
8.741332733988E-1,8.741332733988E-1,8.741332733988E-1,8.741332733988E-1,
8.741332733988E-1,8.741332733988E-1,8.741332733988E-1,8.741332733988E-1,
8.741332733988E-1,8.741332733988E-1,8.741332733988E-1,8.741332733988E-1,
8.741332733988E-1,8.741332733988E-1),(8.741332733988E-1,8.741332733988E-1,
8.741332733988E-1,8.741332733988E-1,8.741332733988E-1,8.741332733988E-1,
8.741332733988E-1,8.741332733988E-1,8.741332733988E-1,8.741332733988E-1,
8.741332733988E-1,8.741332733988E-1,8.741332733988E-1,8.741332733988E-1,
8.741332733988E-1,8.741332733988E-1,8.741332733988E-1),(1.377600179804E0,
1.377600179804E0,1.377600179804E0,1.377600179804E0,1.377600179804E0,
1.377600179804E0,1.377600179804E0,1.377600179804E0,1.377600179804E0,
1.377600179804E0,1.377600179804E0,1.377600179804E0,1.377600179804E0,
1.377600179804E0,1.377600179804E0,1.377600179804E0,1.377600179804E0)))REPRESENTATION_ITEM('')SURFACE());
#6865=ORIENTED_EDGE('',*,*,#6579,.T.);
#6867=ORIENTED_EDGE('',*,*,#6866,.T.);
#6869=ORIENTED_EDGE('',*,*,#6868,.F.);
#6870=ORIENTED_EDGE('',*,*,#6788,.F.);
#6871=EDGE_LOOP('',(#6865,#6867,#6869,#6870));
#6872=FACE_OUTER_BOUND('',#6871,.F.);
#6874=CARTESIAN_POINT('',(5.443499566944E0,1.826053966960E0,-1.9E0));
#6875=DIRECTION('',(0.E0,-1.E0,0.E0));
#6876=DIRECTION('',(0.E0,0.E0,-1.E0));
#6877=AXIS2_PLACEMENT_3D('',#6874,#6875,#6876);
#6878=CYLINDRICAL_SURFACE('',#6877,1.E-1);
#6879=ORIENTED_EDGE('',*,*,#6577,.T.);
#6880=ORIENTED_EDGE('',*,*,#6700,.T.);
#6882=ORIENTED_EDGE('',*,*,#6881,.F.);
#6883=ORIENTED_EDGE('',*,*,#6866,.F.);
#6884=EDGE_LOOP('',(#6879,#6880,#6882,#6883));
#6885=FACE_OUTER_BOUND('',#6884,.F.);
#6887=CARTESIAN_POINT('',(5.569840691185E0,3.592795565792E0,-1.4E0));
#6888=DIRECTION('',(-9.986295347546E-1,0.E0,5.233595624294E-2));
#6889=DIRECTION('',(0.E0,-1.E0,0.E0));
#6890=AXIS2_PLACEMENT_3D('',#6887,#6888,#6889);
#6891=PLANE('',#6890);
#6892=ORIENTED_EDGE('',*,*,#6881,.T.);
#6893=ORIENTED_EDGE('',*,*,#6714,.F.);
#6894=ORIENTED_EDGE('',*,*,#6728,.F.);
#6896=ORIENTED_EDGE('',*,*,#6895,.T.);
#6897=EDGE_LOOP('',(#6892,#6893,#6894,#6896));
#6898=FACE_OUTER_BOUND('',#6897,.F.);
#6900=CARTESIAN_POINT('',(6.071494810584E0,1.748345880602E0,-1.381530482452E0));
#6901=DIRECTION('',(-5.226442768871E-2,5.226442768871E-2,-9.972646886342E-1));
#6902=DIRECTION('',(-9.986295347546E-1,0.E0,5.233595624294E-2));
#6903=AXIS2_PLACEMENT_3D('',#6900,#6901,#6902);
#6904=CYLINDRICAL_SURFACE('',#6903,5.E-1);
#6905=ORIENTED_EDGE('',*,*,#6868,.T.);
#6906=ORIENTED_EDGE('',*,*,#6895,.F.);
#6907=ORIENTED_EDGE('',*,*,#6726,.T.);
#6908=ORIENTED_EDGE('',*,*,#6771,.T.);
#6909=EDGE_LOOP('',(#6905,#6906,#6907,#6908));
#6910=FACE_OUTER_BOUND('',#6909,.F.);
#6912=CARTESIAN_POINT('',(7.455402265576E0,2.403381188271E0,-1.781932440418E0));
#6913=CARTESIAN_POINT('',(7.455617292409E0,2.403514625298E0,-1.784478570582E0));
#6914=CARTESIAN_POINT('',(7.456300384014E0,2.404068740376E0,-1.795051716109E0));
#6915=CARTESIAN_POINT('',(7.455957693149E0,2.405102802260E0,-1.814782792271E0));
#6916=CARTESIAN_POINT('',(7.451866918173E0,2.406522808206E0,-1.841878119822E0));
#6917=CARTESIAN_POINT('',(7.442931976153E0,2.408042055894E0,-1.870867092624E0));
#6918=CARTESIAN_POINT('',(7.428359608511E0,2.409574610920E0,-1.900109984557E0));
#6919=CARTESIAN_POINT('',(7.408133767847E0,2.411013088625E0,-1.927557774271E0));
#6920=CARTESIAN_POINT('',(7.382984459242E0,2.412260732123E0,-1.951364230393E0));
#6921=CARTESIAN_POINT('',(7.354334084399E0,2.413244201841E0,-1.970129950509E0));
#6922=CARTESIAN_POINT('',(7.324215626858E0,2.413922959305E0,-1.983081414458E0));
#6923=CARTESIAN_POINT('',(7.294293702844E0,2.414311060982E0,-1.990486835592E0));
#6924=CARTESIAN_POINT('',(7.266406149759E0,2.414444038415E0,-1.993024196182E0));
#6925=CARTESIAN_POINT('',(7.244623297904E0,2.414391055773E0,-1.992013227149E0));
#6926=CARTESIAN_POINT('',(7.232514385516E0,2.414301185184E0,-1.990298394139E0));
#6927=CARTESIAN_POINT('',(7.228583990945E0,2.414265525466E0,-1.989617966194E0));
#6928=CARTESIAN_POINT('',(7.487482915830E0,2.311838649433E0,-1.784020888079E0));
#6929=CARTESIAN_POINT('',(7.487733515112E0,2.311994161546E0,-1.786988235968E0));
#6930=CARTESIAN_POINT('',(7.488529609835E0,2.312639945733E0,-1.799310532300E0));
#6931=CARTESIAN_POINT('',(7.488130230118E0,2.313845073209E0,-1.822305734407E0));
#6932=CARTESIAN_POINT('',(7.483362697742E0,2.315500002362E0,-1.853883663767E0));
#6933=CARTESIAN_POINT('',(7.472949411059E0,2.317270626159E0,-1.887669178474E0));
#6934=CARTESIAN_POINT('',(7.455965373691E0,2.319056820773E0,-1.921751802053E0));
#6935=CARTESIAN_POINT('',(7.432391127459E0,2.320733447670E0,-1.953743749053E0));
#6936=CARTESIAN_POINT('',(7.403076734183E0,2.322187725873E0,-1.981493030218E0));
#6937=CARTESIAN_POINT('',(7.369679658429E0,2.323334139139E0,-2.003367898454E0));
#6938=CARTESIAN_POINT('',(7.334569702427E0,2.324125389808E0,-2.018465860614E0));
#6939=CARTESIAN_POINT('',(7.299687797071E0,2.324577826467E0,-2.027098866357E0));
#6940=CARTESIAN_POINT('',(7.267176998544E0,2.324732849669E0,-2.030056885261E0));
#6941=CARTESIAN_POINT('',(7.241782912786E0,2.324671083050E0,-2.028878307949E0));
#6942=CARTESIAN_POINT('',(7.227666631653E0,2.324566314211E0,-2.026879199430E0));
#6943=CARTESIAN_POINT('',(7.223084685800E0,2.324524743097E0,-2.026085975303E0));
#6944=CARTESIAN_POINT('',(7.418963851478E0,2.243785514939E0,-1.793373585958E0));
#6945=CARTESIAN_POINT('',(7.419138473780E0,2.243893878251E0,-1.795441281124E0));
#6946=CARTESIAN_POINT('',(7.419693212177E0,2.244343872091E0,-1.804027675109E0));
#6947=CARTESIAN_POINT('',(7.419414910650E0,2.245183631216E0,-1.820051233750E0));
#6948=CARTESIAN_POINT('',(7.416092822287E0,2.246336802512E0,-1.842055052880E0));
#6949=CARTESIAN_POINT('',(7.408837039966E0,2.247570527722E0,-1.865595932244E0));
#6950=CARTESIAN_POINT('',(7.397003937877E0,2.248814989325E0,-1.889341674197E0));
#6951=CARTESIAN_POINT('',(7.380581342711E0,2.249982968184E0,-1.911628038455E0));
#6952=CARTESIAN_POINT('',(7.360162894570E0,2.250995908181E0,-1.930956084990E0));
#6953=CARTESIAN_POINT('',(7.336904001883E0,2.251794300463E0,-1.946190317253E0));
#6954=CARTESIAN_POINT('',(7.312455076800E0,2.252345283897E0,-1.956703707470E0));
#6955=CARTESIAN_POINT('',(7.288166886910E0,2.252660311470E0,-1.962714791646E0));
#6956=CARTESIAN_POINT('',(7.265530590597E0,2.252768248488E0,-1.964774352636E0));
#6957=CARTESIAN_POINT('',(7.247849514590E0,2.252725243019E0,-1.963953759417E0));
#6958=CARTESIAN_POINT('',(7.238020647432E0,2.252652294422E0,-1.962561817266E0));
#6959=CARTESIAN_POINT('',(7.234830309412E0,2.252623349093E0,-1.962009507484E0));
#6960=CARTESIAN_POINT('',(7.327908498590E0,2.276754379310E0,-1.799335052310E0));
#6961=CARTESIAN_POINT('',(7.327982154674E0,2.276800086327E0,-1.800207194137E0));
#6962=CARTESIAN_POINT('',(7.328216153354E0,2.276989893325E0,-1.803828927412E0));
#6963=CARTESIAN_POINT('',(7.328098753284E0,2.277344112483E0,-1.810587831581E0));
#6964=CARTESIAN_POINT('',(7.326697523238E0,2.277830495068E0,-1.819868564168E0));
#6965=CARTESIAN_POINT('',(7.323637765435E0,2.278350732859E0,-1.829795292564E0));
#6966=CARTESIAN_POINT('',(7.318649768923E0,2.278875282552E0,-1.839804296964E0));
#6967=CARTESIAN_POINT('',(7.311731041298E0,2.279367316299E0,-1.849192860155E0));
#6968=CARTESIAN_POINT('',(7.303134462459E0,2.279793759582E0,-1.857329882727E0));
#6969=CARTESIAN_POINT('',(7.293348255740E0,2.280129664908E0,-1.863739338154E0));
#6970=CARTESIAN_POINT('',(7.283066831945E0,2.280361355922E0,-1.868160266074E0));
#6971=CARTESIAN_POINT('',(7.272856687476E0,2.280493779821E0,-1.870687064590E0));
#6972=CARTESIAN_POINT('',(7.263342670228E0,2.280539143756E0,-1.871552660029E0));
#6973=CARTESIAN_POINT('',(7.255911454335E0,2.280521070083E0,-1.871207793794E0));
#6974=CARTESIAN_POINT('',(7.251780154652E0,2.280490407575E0,-1.870622718292E0));
#6975=CARTESIAN_POINT('',(7.250439131760E0,2.280478240720E0,-1.870390560879E0));
#6976=(BOUNDED_SURFACE()B_SPLINE_SURFACE(3,3,((#6912,#6913,#6914,#6915,#6916,
#6917,#6918,#6919,#6920,#6921,#6922,#6923,#6924,#6925,#6926,#6927),(#6928,#6929,
#6930,#6931,#6932,#6933,#6934,#6935,#6936,#6937,#6938,#6939,#6940,#6941,#6942,
#6943),(#6944,#6945,#6946,#6947,#6948,#6949,#6950,#6951,#6952,#6953,#6954,#6955,
#6956,#6957,#6958,#6959),(#6960,#6961,#6962,#6963,#6964,#6965,#6966,#6967,#6968,
#6969,#6970,#6971,#6972,#6973,#6974,#6975)),.UNSPECIFIED.,.F.,.F.,.F.)B_SPLINE_SURFACE_WITH_KNOTS((4,4),(4,1,1,1,1,1,1,1,1,1,1,1,1,4),(0.E0,1.E0),(
3.052604379192E-2,5.106310596422E-2,1.156612174003E-1,1.888089282174E-1,
2.706790851923E-1,3.585285974896E-1,4.501529524403E-1,5.431710875985E-1,
6.351191338212E-1,7.236073943686E-1,8.049282397577E-1,8.813608168415E-1,
9.473647793748E-1,9.793440457423E-1),.UNSPECIFIED.)GEOMETRIC_REPRESENTATION_ITEM()RATIONAL_B_SPLINE_SURFACE(((1.398256713800E0,1.398256713800E0,1.398256713800E0,
1.398256713800E0,1.398256713800E0,1.398256713800E0,1.398256713800E0,
1.398256713800E0,1.398256713800E0,1.398256713800E0,1.398256713800E0,
1.398256713800E0,1.398256713800E0,1.398256713800E0,1.398256713800E0,
1.398256713800E0),(8.672477620668E-1,8.672477620668E-1,8.672477620668E-1,
8.672477620668E-1,8.672477620668E-1,8.672477620668E-1,8.672477620668E-1,
8.672477620668E-1,8.672477620668E-1,8.672477620668E-1,8.672477620668E-1,
8.672477620668E-1,8.672477620668E-1,8.672477620668E-1,8.672477620668E-1,
8.672477620668E-1),(8.672477620668E-1,8.672477620668E-1,8.672477620668E-1,
8.672477620668E-1,8.672477620668E-1,8.672477620668E-1,8.672477620668E-1,
8.672477620668E-1,8.672477620668E-1,8.672477620668E-1,8.672477620668E-1,
8.672477620668E-1,8.672477620668E-1,8.672477620668E-1,8.672477620668E-1,
8.672477620668E-1),(1.398256713800E0,1.398256713800E0,1.398256713800E0,
1.398256713800E0,1.398256713800E0,1.398256713800E0,1.398256713800E0,
1.398256713800E0,1.398256713800E0,1.398256713800E0,1.398256713800E0,
1.398256713800E0,1.398256713800E0,1.398256713800E0,1.398256713800E0,
1.398256713800E0)))REPRESENTATION_ITEM('')SURFACE());
#6977=ORIENTED_EDGE('',*,*,#6557,.T.);
#6978=ORIENTED_EDGE('',*,*,#6791,.T.);
#6979=ORIENTED_EDGE('',*,*,#6777,.F.);
#6981=ORIENTED_EDGE('',*,*,#6980,.F.);
#6982=EDGE_LOOP('',(#6977,#6978,#6979,#6981));
#6983=FACE_OUTER_BOUND('',#6982,.F.);
#6985=CARTESIAN_POINT('',(7.524525098917E0,2.273826884990E0,5.608821159120E-2));
#6986=DIRECTION('',(-8.703720429185E-2,5.213734452108E-2,-9.948397973419E-1));
#6987=DIRECTION('',(9.961946980917E-1,0.E0,-8.715574274766E-2));
#6988=AXIS2_PLACEMENT_3D('',#6985,#6986,#6987);
#6989=CYLINDRICAL_SURFACE('',#6988,1.E-1);
#6991=ORIENTED_EDGE('',*,*,#6990,.T.);
#6992=ORIENTED_EDGE('',*,*,#6980,.T.);
#6993=ORIENTED_EDGE('',*,*,#6775,.F.);
#6994=ORIENTED_EDGE('',*,*,#6404,.T.);
#6995=EDGE_LOOP('',(#6991,#6992,#6993,#6994));
#6996=FACE_OUTER_BOUND('',#6995,.F.);
#6998=CARTESIAN_POINT('',(7.62E0,4.25E0,0.E0));
#6999=DIRECTION('',(-9.961946980917E-1,0.E0,8.715574274766E-2));
#7000=DIRECTION('',(0.E0,-1.E0,0.E0));
#7001=AXIS2_PLACEMENT_3D('',#6998,#6999,#7000);
#7002=PLANE('',#7001);
#7003=ORIENTED_EDGE('',*,*,#6457,.F.);
#7004=ORIENTED_EDGE('',*,*,#6547,.F.);
#7006=ORIENTED_EDGE('',*,*,#7005,.T.);
#7008=ORIENTED_EDGE('',*,*,#7007,.T.);
#7010=ORIENTED_EDGE('',*,*,#7009,.F.);
#7011=ORIENTED_EDGE('',*,*,#6559,.F.);
#7012=ORIENTED_EDGE('',*,*,#6990,.F.);
#7013=ORIENTED_EDGE('',*,*,#6402,.F.);
#7014=EDGE_LOOP('',(#7003,#7004,#7006,#7008,#7010,#7011,#7012,#7013));
#7015=FACE_OUTER_BOUND('',#7014,.F.);
#7017=CARTESIAN_POINT('',(7.455207127086E0,-3.752971689970E0,
-1.861049903637E0));
#7018=CARTESIAN_POINT('',(7.510544904726E0,-3.808309467610E0,
-1.228536210897E0));
#7019=CARTESIAN_POINT('',(7.565882682365E0,-3.863647245250E0,
-5.960225181581E-1));
#7020=CARTESIAN_POINT('',(7.621220460005E0,-3.918985022889E0,
3.649117458111E-2));
#7021=CARTESIAN_POINT('',(7.456526404510E0,-3.764326193456E0,
-1.861049903637E0));
#7022=CARTESIAN_POINT('',(7.511864182149E0,-3.819663971096E0,
-1.228536210897E0));
#7023=CARTESIAN_POINT('',(7.567201959789E0,-3.875001748735E0,
-5.960225181581E-1));
#7024=CARTESIAN_POINT('',(7.622539737428E0,-3.930339526375E0,
3.649117458111E-2));
#7025=CARTESIAN_POINT('',(7.460170686818E0,-3.828112589876E0,
-1.861049903637E0));
#7026=CARTESIAN_POINT('',(7.515508464458E0,-3.883450367515E0,
-1.228536210897E0));
#7027=CARTESIAN_POINT('',(7.570846242097E0,-3.938788145155E0,
-5.960225181581E-1));
#7028=CARTESIAN_POINT('',(7.626184019737E0,-3.994125922795E0,
3.649117458111E-2));
#7029=CARTESIAN_POINT('',(7.429763663395E0,-3.944258863855E0,
-1.861049903637E0));
#7030=CARTESIAN_POINT('',(7.485101441035E0,-3.999596641495E0,
-1.228536210897E0));
#7031=CARTESIAN_POINT('',(7.540439218674E0,-4.054934419134E0,
-5.960225181581E-1));
#7032=CARTESIAN_POINT('',(7.595776996314E0,-4.110272196774E0,
3.649117458111E-2));
#7033=CARTESIAN_POINT('',(7.314258863855E0,-4.059763663395E0,
-1.861049903637E0));
#7034=CARTESIAN_POINT('',(7.369596641495E0,-4.115101441035E0,
-1.228536210897E0));
#7035=CARTESIAN_POINT('',(7.424934419134E0,-4.170439218674E0,
-5.960225181581E-1));
#7036=CARTESIAN_POINT('',(7.480272196774E0,-4.225776996314E0,
3.649117458111E-2));
#7037=CARTESIAN_POINT('',(7.198112589876E0,-4.090170686818E0,
-1.861049903637E0));
#7038=CARTESIAN_POINT('',(7.253450367515E0,-4.145508464458E0,
-1.228536210897E0));
#7039=CARTESIAN_POINT('',(7.308788145155E0,-4.200846242097E0,
-5.960225181581E-1));
#7040=CARTESIAN_POINT('',(7.364125922795E0,-4.256184019737E0,
3.649117458111E-2));
#7041=CARTESIAN_POINT('',(7.134326193456E0,-4.086526404510E0,
-1.861049903637E0));
#7042=CARTESIAN_POINT('',(7.189663971096E0,-4.141864182149E0,
-1.228536210897E0));
#7043=CARTESIAN_POINT('',(7.245001748735E0,-4.197201959789E0,
-5.960225181581E-1));
#7044=CARTESIAN_POINT('',(7.300339526375E0,-4.252539737428E0,
3.649117458111E-2));
#7045=CARTESIAN_POINT('',(7.122971689970E0,-4.085207127086E0,
-1.861049903637E0));
#7046=CARTESIAN_POINT('',(7.178309467610E0,-4.140544904726E0,
-1.228536210897E0));
#7047=CARTESIAN_POINT('',(7.233647245250E0,-4.195882682365E0,
-5.960225181581E-1));
#7048=CARTESIAN_POINT('',(7.288985022889E0,-4.251220460005E0,
3.649117458111E-2));
#7049=B_SPLINE_SURFACE_WITH_KNOTS('',3,3,((#7017,#7018,#7019,#7020),(#7021,
#7022,#7023,#7024),(#7025,#7026,#7027,#7028),(#7029,#7030,#7031,#7032),(#7033,
#7034,#7035,#7036),(#7037,#7038,#7039,#7040),(#7041,#7042,#7043,#7044),(#7045,
#7046,#7047,#7048)),.UNSPECIFIED.,.F.,.F.,.F.,(4,1,1,1,1,4),(4,4),(
-7.274347835446E-2,0.E0,3.333333333333E-1,6.666666666667E-1,1.E0,
1.072743478354E0),(6.947504818174E-2,1.018245587291E0),.UNSPECIFIED.);
#7051=ORIENTED_EDGE('',*,*,#7050,.T.);
#7053=ORIENTED_EDGE('',*,*,#7052,.T.);
#7055=ORIENTED_EDGE('',*,*,#7054,.F.);
#7056=ORIENTED_EDGE('',*,*,#7005,.F.);
#7057=EDGE_LOOP('',(#7051,#7053,#7055,#7056));
#7058=FACE_OUTER_BOUND('',#7057,.F.);
#7060=CARTESIAN_POINT('',(7.226508847780E0,-3.779385918819E0,
-1.997069433381E0));
#7061=CARTESIAN_POINT('',(7.226791253617E0,-3.780711220842E0,
-1.997069433381E0));
#7062=CARTESIAN_POINT('',(7.227586685505E0,-3.785510649369E0,
-1.997069433381E0));
#7063=CARTESIAN_POINT('',(7.227881944725E0,-3.794662534458E0,
-1.997069433381E0));
#7064=CARTESIAN_POINT('',(7.226261030059E0,-3.805984260913E0,
-1.997069433381E0));
#7065=CARTESIAN_POINT('',(7.223323566376E0,-3.815666197656E0,
-1.997069433381E0));
#7066=CARTESIAN_POINT('',(7.219821543665E0,-3.823273524904E0,
-1.997069433381E0));
#7067=CARTESIAN_POINT('',(7.216037075401E0,-3.829361712485E0,
-1.997069433381E0));
#7068=CARTESIAN_POINT('',(7.211263256320E0,-3.835392475901E0,
-1.997069433381E0));
#7069=CARTESIAN_POINT('',(7.205894413474E0,-3.840813069009E0,
-1.997069433381E0));
#7070=CARTESIAN_POINT('',(7.199886981698E0,-3.845666063601E0,
-1.997069433381E0));
#7071=CARTESIAN_POINT('',(7.193767288556E0,-3.849554014247E0,
-1.997069433381E0));
#7072=CARTESIAN_POINT('',(7.186287898197E0,-3.853082608882E0,
-1.997069433381E0));
#7073=CARTESIAN_POINT('',(7.176647576165E0,-3.856112778426E0,
-1.997069433381E0));
#7074=CARTESIAN_POINT('',(7.165329847420E0,-3.857841883013E0,
-1.997069433381E0));
#7075=CARTESIAN_POINT('',(7.156394502231E0,-3.857644480119E0,
-1.997069433381E0));
#7076=CARTESIAN_POINT('',(7.151737517140E0,-3.856957316698E0,
-1.997069433381E0));
#7077=CARTESIAN_POINT('',(7.150594338287E0,-3.856744969073E0,
-1.997069433381E0));
#7078=CARTESIAN_POINT('',(7.364020503162E0,-3.751236079652E0,
-2.021364480238E0));
#7079=CARTESIAN_POINT('',(7.365066348336E0,-3.756327402976E0,
-2.021364480238E0));
#7080=CARTESIAN_POINT('',(7.367900276112E0,-3.773760155891E0,
-2.021364480238E0));
#7081=CARTESIAN_POINT('',(7.368673498742E0,-3.802814838602E0,
-2.021364480238E0));
#7082=CARTESIAN_POINT('',(7.363847138847E0,-3.836240372460E0,
-2.021364480238E0));
#7083=CARTESIAN_POINT('',(7.355161085113E0,-3.865063147061E0,
-2.021364480238E0));
#7084=CARTESIAN_POINT('',(7.343946632936E0,-3.889614861928E0,
-2.021364480238E0));
#7085=CARTESIAN_POINT('',(7.330921680627E0,-3.910542399276E0,
-2.021364480238E0));
#7086=CARTESIAN_POINT('',(7.316389932649E0,-3.928795358498E0,
-2.021364480238E0));
#7087=CARTESIAN_POINT('',(7.300299529504E0,-3.945040562645E0,
-2.021364480238E0));
#7088=CARTESIAN_POINT('',(7.282184289405E0,-3.959749900589E0,
-2.021364480238E0));
#7089=CARTESIAN_POINT('',(7.261379745143E0,-3.972991931889E0,
-2.021364480238E0));
#7090=CARTESIAN_POINT('',(7.236940556432E0,-3.984447509037E0,
-2.021364480238E0));
#7091=CARTESIAN_POINT('',(7.208195508252E0,-3.993407966547E0,
-2.021364480238E0));
#7092=CARTESIAN_POINT('',(7.174818573763E0,-3.998547441151E0,
-2.021364480238E0));
#7093=CARTESIAN_POINT('',(7.146651591668E0,-3.998072724857E0,
-2.021364480238E0));
#7094=CARTESIAN_POINT('',(7.130044993226E0,-3.995662827222E0,
-2.021364480238E0));
#7095=CARTESIAN_POINT('',(7.125789248645E0,-3.994896423884E0,
-2.021364480238E0));
#7096=CARTESIAN_POINT('',(7.466912427027E0,-3.730173202471E0,
-1.925131960290E0));
#7097=CARTESIAN_POINT('',(7.468529509177E0,-3.738082419127E0,
-1.925131960290E0));
#7098=CARTESIAN_POINT('',(7.472888724124E0,-3.764967949317E0,
-1.925131960290E0));
#7099=CARTESIAN_POINT('',(7.474019578801E0,-3.808914730681E0,
-1.925131960290E0));
#7100=CARTESIAN_POINT('',(7.466794771839E0,-3.858879249996E0,
-1.925131960290E0));
#7101=CARTESIAN_POINT('',(7.453807384606E0,-3.902023993349E0,
-1.925131960290E0));
#7102=CARTESIAN_POINT('',(7.436822172828E0,-3.939254201803E0,
-1.925131960290E0));
#7103=CARTESIAN_POINT('',(7.416883107107E0,-3.971285156110E0,
-1.925131960290E0));
#7104=CARTESIAN_POINT('',(7.395050072017E0,-3.998683269151E0,
-1.925131960290E0));
#7105=CARTESIAN_POINT('',(7.370937352778E0,-4.023027896229E0,
-1.925131960290E0));
#7106=CARTESIAN_POINT('',(7.343762548320E0,-4.045112159061E0,
-1.925131960290E0));
#7107=CARTESIAN_POINT('',(7.311970189394E0,-4.065353301469E0,
-1.925131960290E0));
#7108=CARTESIAN_POINT('',(7.274840976147E0,-4.082740175704E0,
-1.925131960290E0));
#7109=CARTESIAN_POINT('',(7.231800979493E0,-4.096137920629E0,
-1.925131960290E0));
#7110=CARTESIAN_POINT('',(7.181918432358E0,-4.103829175526E0,
-1.925131960290E0));
#7111=CARTESIAN_POINT('',(7.139361541897E0,-4.103146961845E0,
-1.925131960290E0));
#7112=CARTESIAN_POINT('',(7.113813747133E0,-4.099448043019E0,
-1.925131960290E0));
#7113=CARTESIAN_POINT('',(7.107229051782E0,-4.098267072217E0,
-1.925131960290E0));
#7114=CARTESIAN_POINT('',(7.455185183216E0,-3.732573871899E0,
-1.783193560672E0));
#7115=CARTESIAN_POINT('',(7.456737157872E0,-3.740161915417E0,
-1.783193560672E0));
#7116=CARTESIAN_POINT('',(7.460922526186E0,-3.765970052750E0,
-1.783193560672E0));
#7117=CARTESIAN_POINT('',(7.462012619275E0,-3.808219487372E0,
-1.783193560672E0));
#7118=CARTESIAN_POINT('',(7.455061178505E0,-3.856298953831E0,
-1.783193560672E0));
#7119=CARTESIAN_POINT('',(7.442564041477E0,-3.897811331756E0,
-1.783193560672E0));
#7120=CARTESIAN_POINT('',(7.426236559696E0,-3.933596492049E0,
-1.783193560672E0));
#7121=CARTESIAN_POINT('',(7.407085539243E0,-3.964361919646E0,
-1.783193560672E0));
#7122=CARTESIAN_POINT('',(7.386084678058E0,-3.990717701622E0,
-1.783193560672E0));
#7123=CARTESIAN_POINT('',(7.362886312962E0,-4.014139186204E0,
-1.783193560672E0));
#7124=CARTESIAN_POINT('',(7.336744084395E0,-4.035382882168E0,
-1.783193560672E0));
#7125=CARTESIAN_POINT('',(7.306204076254E0,-4.054826291582E0,
-1.783193560672E0));
#7126=CARTESIAN_POINT('',(7.270521225423E0,-4.071537138346E0,
-1.783193560672E0));
#7127=CARTESIAN_POINT('',(7.229110514526E0,-4.084429137539E0,
-1.783193560672E0));
#7128=CARTESIAN_POINT('',(7.181109216536E0,-4.091829549885E0,
-1.783193560672E0));
#7129=CARTESIAN_POINT('',(7.140192435011E0,-4.091170985994E0,
-1.783193560672E0));
#7130=CARTESIAN_POINT('',(7.115663724985E0,-4.087618985072E0,
-1.783193560672E0));
#7131=CARTESIAN_POINT('',(7.109344474894E0,-4.086485265148E0,
-1.783193560672E0));
#7132=(BOUNDED_SURFACE()B_SPLINE_SURFACE(3,3,((#7060,#7061,#7062,#7063,#7064,
#7065,#7066,#7067,#7068,#7069,#7070,#7071,#7072,#7073,#7074,#7075,#7076,#7077),(
#7078,#7079,#7080,#7081,#7082,#7083,#7084,#7085,#7086,#7087,#7088,#7089,#7090,
#7091,#7092,#7093,#7094,#7095),(#7096,#7097,#7098,#7099,#7100,#7101,#7102,#7103,
#7104,#7105,#7106,#7107,#7108,#7109,#7110,#7111,#7112,#7113),(#7114,#7115,#7116,
#7117,#7118,#7119,#7120,#7121,#7122,#7123,#7124,#7125,#7126,#7127,#7128,#7129,
#7130,#7131)),.UNSPECIFIED.,.F.,.F.,.F.)B_SPLINE_SURFACE_WITH_KNOTS((4,4),(4,1,
1,1,1,1,1,1,1,1,1,1,1,1,1,4),(0.E0,1.E0),(-4.238638218382E-2,0.E0,
1.011204637395E-1,1.910693308177E-1,2.711901597717E-1,3.427963233507E-1,
4.081968208626E-1,4.698288290292E-1,5.301787776297E-1,5.918118772787E-1,
6.572256772457E-1,7.288439106681E-1,8.089979551633E-1,8.989394696578E-1,1.E0,
1.035217290165E0),.UNSPECIFIED.)GEOMETRIC_REPRESENTATION_ITEM()RATIONAL_B_SPLINE_SURFACE(((1.241275918053E0,1.241275918053E0,1.241275918053E0,1.241275918053E0,
1.241275918053E0,1.241275918053E0,1.241275918053E0,1.241275918053E0,
1.241275918053E0,1.241275918053E0,1.241275918053E0,1.241275918053E0,
1.241275918053E0,1.241275918053E0,1.241275918053E0,1.241275918053E0,
1.241275918053E0,1.241275918053E0),(9.195746939823E-1,9.195746939823E-1,
9.195746939823E-1,9.195746939823E-1,9.195746939823E-1,9.195746939823E-1,
9.195746939823E-1,9.195746939823E-1,9.195746939823E-1,9.195746939823E-1,
9.195746939823E-1,9.195746939823E-1,9.195746939823E-1,9.195746939823E-1,
9.195746939823E-1,9.195746939823E-1,9.195746939823E-1,9.195746939823E-1),(
9.195746939823E-1,9.195746939823E-1,9.195746939823E-1,9.195746939823E-1,
9.195746939823E-1,9.195746939823E-1,9.195746939823E-1,9.195746939823E-1,
9.195746939823E-1,9.195746939823E-1,9.195746939823E-1,9.195746939823E-1,
9.195746939823E-1,9.195746939823E-1,9.195746939823E-1,9.195746939823E-1,
9.195746939823E-1,9.195746939823E-1),(1.241275918053E0,1.241275918053E0,
1.241275918053E0,1.241275918053E0,1.241275918053E0,1.241275918053E0,
1.241275918053E0,1.241275918053E0,1.241275918053E0,1.241275918053E0,
1.241275918053E0,1.241275918053E0,1.241275918053E0,1.241275918053E0,
1.241275918053E0,1.241275918053E0,1.241275918053E0,1.241275918053E0)))REPRESENTATION_ITEM('')SURFACE());
#7133=ORIENTED_EDGE('',*,*,#7050,.F.);
#7134=ORIENTED_EDGE('',*,*,#6545,.T.);
#7135=ORIENTED_EDGE('',*,*,#6608,.T.);
#7137=ORIENTED_EDGE('',*,*,#7136,.F.);
#7138=EDGE_LOOP('',(#7133,#7134,#7135,#7137));
#7139=FACE_OUTER_BOUND('',#7138,.F.);
#7141=CARTESIAN_POINT('',(7.352997674393E0,-3.891756438145E0,-1.8E0));
#7142=DIRECTION('',(1.E0,0.E0,0.E0));
#7143=DIRECTION('',(0.E0,-9.961946980917E-1,-8.715574274766E-2));
#7144=AXIS2_PLACEMENT_3D('',#7141,#7142,#7143);
#7145=CYLINDRICAL_SURFACE('',#7144,2.E-1);
#7147=ORIENTED_EDGE('',*,*,#7146,.F.);
#7148=ORIENTED_EDGE('',*,*,#7136,.T.);
#7149=ORIENTED_EDGE('',*,*,#6606,.T.);
#7151=ORIENTED_EDGE('',*,*,#7150,.F.);
#7152=EDGE_LOOP('',(#7147,#7148,#7149,#7151));
#7153=FACE_OUTER_BOUND('',#7152,.F.);
#7155=CARTESIAN_POINT('',(0.E0,-4.25E0,0.E0));
#7156=DIRECTION('',(0.E0,-9.961946980917E-1,-8.715574274766E-2));
#7157=DIRECTION('',(1.E0,0.E0,0.E0));
#7158=AXIS2_PLACEMENT_3D('',#7155,#7156,#7157);
#7159=PLANE('',#7158);
#7161=ORIENTED_EDGE('',*,*,#7160,.F.);
#7162=ORIENTED_EDGE('',*,*,#7052,.F.);
#7163=ORIENTED_EDGE('',*,*,#7146,.T.);
#7165=ORIENTED_EDGE('',*,*,#7164,.T.);
#7167=ORIENTED_EDGE('',*,*,#7166,.F.);
#7169=ORIENTED_EDGE('',*,*,#7168,.F.);
#7171=ORIENTED_EDGE('',*,*,#7170,.F.);
#7173=ORIENTED_EDGE('',*,*,#7172,.F.);
#7175=ORIENTED_EDGE('',*,*,#7174,.F.);
#7177=ORIENTED_EDGE('',*,*,#7176,.F.);
#7179=ORIENTED_EDGE('',*,*,#7178,.F.);
#7181=ORIENTED_EDGE('',*,*,#7180,.F.);
#7183=ORIENTED_EDGE('',*,*,#7182,.F.);
#7185=ORIENTED_EDGE('',*,*,#7184,.F.);
#7186=EDGE_LOOP('',(#7161,#7162,#7163,#7165,#7167,#7169,#7171,#7173,#7175,#7177,
#7179,#7181,#7183,#7185));
#7187=FACE_OUTER_BOUND('',#7186,.F.);
#7189=CARTESIAN_POINT('',(0.E0,-4.25E0,6.E0));
#7190=DIRECTION('',(0.E0,-1.E0,0.E0));
#7191=DIRECTION('',(0.E0,0.E0,-1.E0));
#7192=AXIS2_PLACEMENT_3D('',#7189,#7190,#7191);
#7193=PLANE('',#7192);
#7194=ORIENTED_EDGE('',*,*,#7160,.T.);
#7196=ORIENTED_EDGE('',*,*,#7195,.T.);
#7198=ORIENTED_EDGE('',*,*,#7197,.T.);
#7200=ORIENTED_EDGE('',*,*,#7199,.F.);
#7201=ORIENTED_EDGE('',*,*,#7182,.T.);
#7203=ORIENTED_EDGE('',*,*,#7202,.T.);
#7205=ORIENTED_EDGE('',*,*,#7204,.T.);
#7207=ORIENTED_EDGE('',*,*,#7206,.F.);
#7208=ORIENTED_EDGE('',*,*,#7178,.T.);
#7210=ORIENTED_EDGE('',*,*,#7209,.T.);
#7212=ORIENTED_EDGE('',*,*,#7211,.T.);
#7214=ORIENTED_EDGE('',*,*,#7213,.F.);
#7215=ORIENTED_EDGE('',*,*,#7174,.T.);
#7217=ORIENTED_EDGE('',*,*,#7216,.T.);
#7219=ORIENTED_EDGE('',*,*,#7218,.T.);
#7221=ORIENTED_EDGE('',*,*,#7220,.F.);
#7222=ORIENTED_EDGE('',*,*,#7170,.T.);
#7224=ORIENTED_EDGE('',*,*,#7223,.T.);
#7226=ORIENTED_EDGE('',*,*,#7225,.T.);
#7228=ORIENTED_EDGE('',*,*,#7227,.F.);
#7229=ORIENTED_EDGE('',*,*,#7166,.T.);
#7231=ORIENTED_EDGE('',*,*,#7230,.T.);
#7233=ORIENTED_EDGE('',*,*,#7232,.T.);
#7235=ORIENTED_EDGE('',*,*,#7234,.F.);
#7236=EDGE_LOOP('',(#7194,#7196,#7198,#7200,#7201,#7203,#7205,#7207,#7208,#7210,
#7212,#7214,#7215,#7217,#7219,#7221,#7222,#7224,#7226,#7228,#7229,#7231,#7233,
#7235));
#7237=FACE_OUTER_BOUND('',#7236,.F.);
#7239=CARTESIAN_POINT('',(5.38E0,-8.25E0,0.E0));
#7240=DIRECTION('',(-1.E0,0.E0,0.E0));
#7241=DIRECTION('',(0.E0,1.E0,0.E0));
#7242=AXIS2_PLACEMENT_3D('',#7239,#7240,#7241);
#7243=PLANE('',#7242);
#7245=ORIENTED_EDGE('',*,*,#7244,.F.);
#7247=ORIENTED_EDGE('',*,*,#7246,.F.);
#7249=ORIENTED_EDGE('',*,*,#7248,.F.);
#7251=ORIENTED_EDGE('',*,*,#7250,.T.);
#7252=EDGE_LOOP('',(#7245,#7247,#7249,#7251));
#7253=FACE_OUTER_BOUND('',#7252,.F.);
#7255=FILL_AREA_STYLE_COLOUR('',#58);
#7256=FILL_AREA_STYLE('',(#7255));
#7257=SURFACE_STYLE_FILL_AREA(#7256);
#7258=SURFACE_SIDE_STYLE('',(#7257));
#7259=SURFACE_STYLE_USAGE(.BOTH.,#7258);
#7260=PRESENTATION_STYLE_ASSIGNMENT((#7259));
#7261=OVER_RIDING_STYLED_ITEM('',(#7260),#7254,#62);
#7262=CARTESIAN_POINT('',(5.38E0,-8.25E0,0.E0));
#7263=DIRECTION('',(-1.E0,0.E0,0.E0));
#7264=DIRECTION('',(0.E0,1.E0,0.E0));
#7265=AXIS2_PLACEMENT_3D('',#7262,#7263,#7264);
#7266=PLANE('',#7265);
#7267=ORIENTED_EDGE('',*,*,#7195,.F.);
#7269=ORIENTED_EDGE('',*,*,#7268,.F.);
#7271=ORIENTED_EDGE('',*,*,#7270,.T.);
#7273=ORIENTED_EDGE('',*,*,#7272,.T.);
#7275=ORIENTED_EDGE('',*,*,#7274,.T.);
#7277=ORIENTED_EDGE('',*,*,#7276,.T.);
#7279=ORIENTED_EDGE('',*,*,#7278,.T.);
#7281=ORIENTED_EDGE('',*,*,#7280,.T.);
#7283=ORIENTED_EDGE('',*,*,#7282,.T.);
#7285=ORIENTED_EDGE('',*,*,#7284,.F.);
#7287=ORIENTED_EDGE('',*,*,#7286,.T.);
#7289=ORIENTED_EDGE('',*,*,#7288,.T.);
#7290=EDGE_LOOP('',(#7267,#7269,#7271,#7273,#7275,#7277,#7279,#7281,#7283,#7285,
#7287,#7289));
#7291=FACE_OUTER_BOUND('',#7290,.F.);
#7293=FILL_AREA_STYLE_COLOUR('',#58);
#7294=FILL_AREA_STYLE('',(#7293));
#7295=SURFACE_STYLE_FILL_AREA(#7294);
#7296=SURFACE_SIDE_STYLE('',(#7295));
#7297=SURFACE_STYLE_USAGE(.POSITIVE.,#7296);
#7298=PRESENTATION_STYLE_ASSIGNMENT((#7297));
#7299=OVER_RIDING_STYLED_ITEM('',(#7298),#7292,#62);
#7300=CARTESIAN_POINT('',(0.E0,0.E0,2.9E0));
#7301=DIRECTION('',(0.E0,0.E0,-1.E0));
#7302=DIRECTION('',(-1.E0,0.E0,0.E0));
#7303=AXIS2_PLACEMENT_3D('',#7300,#7301,#7302);
#7304=PLANE('',#7303);
#7306=ORIENTED_EDGE('',*,*,#7305,.F.);
#7308=ORIENTED_EDGE('',*,*,#7307,.T.);
#7310=ORIENTED_EDGE('',*,*,#7309,.F.);
#7312=ORIENTED_EDGE('',*,*,#7311,.T.);
#7314=ORIENTED_EDGE('',*,*,#7313,.F.);
#7316=ORIENTED_EDGE('',*,*,#7315,.T.);
#7318=ORIENTED_EDGE('',*,*,#7317,.F.);
#7320=ORIENTED_EDGE('',*,*,#7319,.F.);
#7321=EDGE_LOOP('',(#7306,#7308,#7310,#7312,#7314,#7316,#7318,#7320));
#7322=FACE_OUTER_BOUND('',#7321,.F.);
#7324=ORIENTED_EDGE('',*,*,#7323,.T.);
#7326=ORIENTED_EDGE('',*,*,#7325,.T.);
#7328=ORIENTED_EDGE('',*,*,#7327,.F.);
#7330=ORIENTED_EDGE('',*,*,#7329,.T.);
#7331=EDGE_LOOP('',(#7324,#7326,#7328,#7330));
#7332=FACE_BOUND('',#7331,.F.);
#7334=ORIENTED_EDGE('',*,*,#7333,.T.);
#7336=ORIENTED_EDGE('',*,*,#7335,.T.);
#7338=ORIENTED_EDGE('',*,*,#7337,.T.);
#7340=ORIENTED_EDGE('',*,*,#7339,.F.);
#7341=EDGE_LOOP('',(#7334,#7336,#7338,#7340));
#7342=FACE_BOUND('',#7341,.F.);
#7344=ORIENTED_EDGE('',*,*,#7343,.T.);
#7346=ORIENTED_EDGE('',*,*,#7345,.F.);
#7348=ORIENTED_EDGE('',*,*,#7347,.F.);
#7350=ORIENTED_EDGE('',*,*,#7349,.T.);
#7351=EDGE_LOOP('',(#7344,#7346,#7348,#7350));
#7352=FACE_BOUND('',#7351,.F.);
#7354=ORIENTED_EDGE('',*,*,#7353,.T.);
#7356=ORIENTED_EDGE('',*,*,#7355,.T.);
#7358=ORIENTED_EDGE('',*,*,#7357,.F.);
#7360=ORIENTED_EDGE('',*,*,#7359,.F.);
#7361=EDGE_LOOP('',(#7354,#7356,#7358,#7360));
#7362=FACE_BOUND('',#7361,.F.);
#7363=ORIENTED_EDGE('',*,*,#7244,.T.);
#7365=ORIENTED_EDGE('',*,*,#7364,.T.);
#7367=ORIENTED_EDGE('',*,*,#7366,.F.);
#7369=ORIENTED_EDGE('',*,*,#7368,.T.);
#7370=EDGE_LOOP('',(#7363,#7365,#7367,#7369));
#7371=FACE_BOUND('',#7370,.F.);
#7373=CARTESIAN_POINT('',(5.38E0,-2.9E0,0.E0));
#7374=DIRECTION('',(0.E0,-1.E0,0.E0));
#7375=DIRECTION('',(-1.E0,0.E0,0.E0));
#7376=AXIS2_PLACEMENT_3D('',#7373,#7374,#7375);
#7377=PLANE('',#7376);
#7378=ORIENTED_EDGE('',*,*,#7364,.F.);
#7379=ORIENTED_EDGE('',*,*,#7250,.F.);
#7381=ORIENTED_EDGE('',*,*,#7380,.F.);
#7383=ORIENTED_EDGE('',*,*,#7382,.F.);
#7385=ORIENTED_EDGE('',*,*,#7384,.T.);
#7387=ORIENTED_EDGE('',*,*,#7386,.F.);
#7388=EDGE_LOOP('',(#7378,#7379,#7381,#7383,#7385,#7387));
#7389=FACE_OUTER_BOUND('',#7388,.F.);
#7391=FILL_AREA_STYLE_COLOUR('',#58);
#7392=FILL_AREA_STYLE('',(#7391));
#7393=SURFACE_STYLE_FILL_AREA(#7392);
#7394=SURFACE_SIDE_STYLE('',(#7393));
#7395=SURFACE_STYLE_USAGE(.BOTH.,#7394);
#7396=PRESENTATION_STYLE_ASSIGNMENT((#7395));
#7397=OVER_RIDING_STYLED_ITEM('',(#7396),#7390,#62);
#7398=CARTESIAN_POINT('',(5.18E0,-2.865076724772E0,3.2E0));
#7399=DIRECTION('',(0.E0,1.E0,0.E0));
#7400=DIRECTION('',(0.E0,0.E0,1.E0));
#7401=AXIS2_PLACEMENT_3D('',#7398,#7399,#7400);
#7402=CYLINDRICAL_SURFACE('',#7401,2.E-1);
#7403=ORIENTED_EDGE('',*,*,#7380,.T.);
#7404=ORIENTED_EDGE('',*,*,#7248,.T.);
#7406=ORIENTED_EDGE('',*,*,#7405,.T.);
#7408=ORIENTED_EDGE('',*,*,#7407,.F.);
#7409=EDGE_LOOP('',(#7403,#7404,#7406,#7408));
#7410=FACE_OUTER_BOUND('',#7409,.F.);
#7412=FILL_AREA_STYLE_COLOUR('',#58);
#7413=FILL_AREA_STYLE('',(#7412));
#7414=SURFACE_STYLE_FILL_AREA(#7413);
#7415=SURFACE_SIDE_STYLE('',(#7414));
#7416=SURFACE_STYLE_USAGE(.BOTH.,#7415);
#7417=PRESENTATION_STYLE_ASSIGNMENT((#7416));
#7418=OVER_RIDING_STYLED_ITEM('',(#7417),#7411,#62);
#7419=CARTESIAN_POINT('',(5.38E0,-3.15E0,0.E0));
#7420=DIRECTION('',(0.E0,1.E0,0.E0));
#7421=DIRECTION('',(-1.E0,0.E0,0.E0));
#7422=AXIS2_PLACEMENT_3D('',#7419,#7420,#7421);
#7423=PLANE('',#7422);
#7424=ORIENTED_EDGE('',*,*,#7368,.F.);
#7426=ORIENTED_EDGE('',*,*,#7425,.F.);
#7428=ORIENTED_EDGE('',*,*,#7427,.T.);
#7430=ORIENTED_EDGE('',*,*,#7429,.F.);
#7431=ORIENTED_EDGE('',*,*,#7405,.F.);
#7432=ORIENTED_EDGE('',*,*,#7246,.T.);
#7433=EDGE_LOOP('',(#7424,#7426,#7428,#7430,#7431,#7432));
#7434=FACE_OUTER_BOUND('',#7433,.F.);
#7436=FILL_AREA_STYLE_COLOUR('',#58);
#7437=FILL_AREA_STYLE('',(#7436));
#7438=SURFACE_STYLE_FILL_AREA(#7437);
#7439=SURFACE_SIDE_STYLE('',(#7438));
#7440=SURFACE_STYLE_USAGE(.BOTH.,#7439);
#7441=PRESENTATION_STYLE_ASSIGNMENT((#7440));
#7442=OVER_RIDING_STYLED_ITEM('',(#7441),#7435,#62);
#7443=CARTESIAN_POINT('',(4.78E0,-2.9E0,0.E0));
#7444=DIRECTION('',(1.E0,0.E0,0.E0));
#7445=DIRECTION('',(0.E0,-1.E0,0.E0));
#7446=AXIS2_PLACEMENT_3D('',#7443,#7444,#7445);
#7447=PLANE('',#7446);
#7448=ORIENTED_EDGE('',*,*,#7366,.T.);
#7449=ORIENTED_EDGE('',*,*,#7386,.T.);
#7451=ORIENTED_EDGE('',*,*,#7450,.F.);
#7452=ORIENTED_EDGE('',*,*,#7425,.T.);
#7453=EDGE_LOOP('',(#7448,#7449,#7451,#7452));
#7454=FACE_OUTER_BOUND('',#7453,.F.);
#7456=FILL_AREA_STYLE_COLOUR('',#58);
#7457=FILL_AREA_STYLE('',(#7456));
#7458=SURFACE_STYLE_FILL_AREA(#7457);
#7459=SURFACE_SIDE_STYLE('',(#7458));
#7460=SURFACE_STYLE_USAGE(.BOTH.,#7459);
#7461=PRESENTATION_STYLE_ASSIGNMENT((#7460));
#7462=OVER_RIDING_STYLED_ITEM('',(#7461),#7455,#62);
#7463=CARTESIAN_POINT('',(4.78E0,-2.9E0,0.E0));
#7464=DIRECTION('',(1.E0,0.E0,0.E0));
#7465=DIRECTION('',(0.E0,-1.E0,0.E0));
#7466=AXIS2_PLACEMENT_3D('',#7463,#7464,#7465);
#7467=PLANE('',#7466);
#7468=ORIENTED_EDGE('',*,*,#7199,.T.);
#7470=ORIENTED_EDGE('',*,*,#7469,.T.);
#7472=ORIENTED_EDGE('',*,*,#7471,.T.);
#7474=ORIENTED_EDGE('',*,*,#7473,.T.);
#7476=ORIENTED_EDGE('',*,*,#7475,.T.);
#7478=ORIENTED_EDGE('',*,*,#7477,.F.);
#7480=ORIENTED_EDGE('',*,*,#7479,.F.);
#7482=ORIENTED_EDGE('',*,*,#7481,.F.);
#7484=ORIENTED_EDGE('',*,*,#7483,.T.);
#7486=ORIENTED_EDGE('',*,*,#7485,.F.);
#7488=ORIENTED_EDGE('',*,*,#7487,.T.);
#7490=ORIENTED_EDGE('',*,*,#7489,.F.);
#7491=EDGE_LOOP('',(#7468,#7470,#7472,#7474,#7476,#7478,#7480,#7482,#7484,#7486,
#7488,#7490));
#7492=FACE_OUTER_BOUND('',#7491,.F.);
#7494=FILL_AREA_STYLE_COLOUR('',#58);
#7495=FILL_AREA_STYLE('',(#7494));
#7496=SURFACE_STYLE_FILL_AREA(#7495);
#7497=SURFACE_SIDE_STYLE('',(#7496));
#7498=SURFACE_STYLE_USAGE(.POSITIVE.,#7497);
#7499=PRESENTATION_STYLE_ASSIGNMENT((#7498));
#7500=OVER_RIDING_STYLED_ITEM('',(#7499),#7493,#62);
#7501=CARTESIAN_POINT('',(4.98E0,-3.183656503051E0,3.2E0));
#7502=DIRECTION('',(0.E0,-1.E0,0.E0));
#7503=DIRECTION('',(0.E0,0.E0,1.E0));
#7504=AXIS2_PLACEMENT_3D('',#7501,#7502,#7503);
#7505=CYLINDRICAL_SURFACE('',#7504,2.E-1);
#7506=ORIENTED_EDGE('',*,*,#7450,.T.);
#7507=ORIENTED_EDGE('',*,*,#7384,.F.);
#7509=ORIENTED_EDGE('',*,*,#7508,.F.);
#7510=ORIENTED_EDGE('',*,*,#7427,.F.);
#7511=EDGE_LOOP('',(#7506,#7507,#7509,#7510));
#7512=FACE_OUTER_BOUND('',#7511,.F.);
#7514=FILL_AREA_STYLE_COLOUR('',#58);
#7515=FILL_AREA_STYLE('',(#7514));
#7516=SURFACE_STYLE_FILL_AREA(#7515);
#7517=SURFACE_SIDE_STYLE('',(#7516));
#7518=SURFACE_STYLE_USAGE(.POSITIVE.,#7517);
#7519=FILL_AREA_STYLE_COLOUR('',#23);
#7520=FILL_AREA_STYLE('',(#7519));
#7521=SURFACE_STYLE_FILL_AREA(#7520);
#7522=SURFACE_SIDE_STYLE('',(#7521));
#7523=SURFACE_STYLE_USAGE(.NEGATIVE.,#7522);
#7524=PRESENTATION_STYLE_ASSIGNMENT((#7518,#7523));
#7525=OVER_RIDING_STYLED_ITEM('',(#7524),#7513,#62);
#7526=CARTESIAN_POINT('',(0.E0,0.E0,3.4E0));
#7527=DIRECTION('',(0.E0,0.E0,-1.E0));
#7528=DIRECTION('',(-1.E0,0.E0,0.E0));
#7529=AXIS2_PLACEMENT_3D('',#7526,#7527,#7528);
#7530=PLANE('',#7529);
#7531=ORIENTED_EDGE('',*,*,#7407,.T.);
#7532=ORIENTED_EDGE('',*,*,#7429,.T.);
#7533=ORIENTED_EDGE('',*,*,#7508,.T.);
#7534=ORIENTED_EDGE('',*,*,#7382,.T.);
#7535=EDGE_LOOP('',(#7531,#7532,#7533,#7534));
#7536=FACE_OUTER_BOUND('',#7535,.F.);
#7538=FILL_AREA_STYLE_COLOUR('',#58);
#7539=FILL_AREA_STYLE('',(#7538));
#7540=SURFACE_STYLE_FILL_AREA(#7539);
#7541=SURFACE_SIDE_STYLE('',(#7540));
#7542=SURFACE_STYLE_USAGE(.BOTH.,#7541);
#7543=PRESENTATION_STYLE_ASSIGNMENT((#7542));
#7544=OVER_RIDING_STYLED_ITEM('',(#7543),#7537,#62);
#7545=CARTESIAN_POINT('',(0.E0,0.E0,3.4E0));
#7546=DIRECTION('',(0.E0,0.E0,-1.E0));
#7547=DIRECTION('',(-1.E0,0.E0,0.E0));
#7548=AXIS2_PLACEMENT_3D('',#7545,#7546,#7547);
#7549=PLANE('',#7548);
#7551=ORIENTED_EDGE('',*,*,#7550,.T.);
#7553=ORIENTED_EDGE('',*,*,#7552,.T.);
#7555=ORIENTED_EDGE('',*,*,#7554,.T.);
#7557=ORIENTED_EDGE('',*,*,#7556,.T.);
#7558=EDGE_LOOP('',(#7551,#7553,#7555,#7557));
#7559=FACE_OUTER_BOUND('',#7558,.F.);
#7561=FILL_AREA_STYLE_COLOUR('',#58);
#7562=FILL_AREA_STYLE('',(#7561));
#7563=SURFACE_STYLE_FILL_AREA(#7562);
#7564=SURFACE_SIDE_STYLE('',(#7563));
#7565=SURFACE_STYLE_USAGE(.POSITIVE.,#7564);
#7566=PRESENTATION_STYLE_ASSIGNMENT((#7565));
#7567=OVER_RIDING_STYLED_ITEM('',(#7566),#7560,#62);
#7568=CARTESIAN_POINT('',(0.E0,0.E0,3.4E0));
#7569=DIRECTION('',(0.E0,0.E0,-1.E0));
#7570=DIRECTION('',(-1.E0,0.E0,0.E0));
#7571=AXIS2_PLACEMENT_3D('',#7568,#7569,#7570);
#7572=PLANE('',#7571);
#7574=ORIENTED_EDGE('',*,*,#7573,.T.);
#7576=ORIENTED_EDGE('',*,*,#7575,.T.);
#7578=ORIENTED_EDGE('',*,*,#7577,.T.);
#7580=ORIENTED_EDGE('',*,*,#7579,.T.);
#7581=EDGE_LOOP('',(#7574,#7576,#7578,#7580));
#7582=FACE_OUTER_BOUND('',#7581,.F.);
#7584=FILL_AREA_STYLE_COLOUR('',#58);
#7585=FILL_AREA_STYLE('',(#7584));
#7586=SURFACE_STYLE_FILL_AREA(#7585);
#7587=SURFACE_SIDE_STYLE('',(#7586));
#7588=SURFACE_STYLE_USAGE(.POSITIVE.,#7587);
#7589=PRESENTATION_STYLE_ASSIGNMENT((#7588));
#7590=OVER_RIDING_STYLED_ITEM('',(#7589),#7583,#62);
#7591=CARTESIAN_POINT('',(0.E0,0.E0,3.4E0));
#7592=DIRECTION('',(0.E0,0.E0,-1.E0));
#7593=DIRECTION('',(-1.E0,0.E0,0.E0));
#7594=AXIS2_PLACEMENT_3D('',#7591,#7592,#7593);
#7595=PLANE('',#7594);
#7597=ORIENTED_EDGE('',*,*,#7596,.T.);
#7599=ORIENTED_EDGE('',*,*,#7598,.T.);
#7601=ORIENTED_EDGE('',*,*,#7600,.T.);
#7603=ORIENTED_EDGE('',*,*,#7602,.T.);
#7604=EDGE_LOOP('',(#7597,#7599,#7601,#7603));
#7605=FACE_OUTER_BOUND('',#7604,.F.);
#7607=FILL_AREA_STYLE_COLOUR('',#58);
#7608=FILL_AREA_STYLE('',(#7607));
#7609=SURFACE_STYLE_FILL_AREA(#7608);
#7610=SURFACE_SIDE_STYLE('',(#7609));
#7611=SURFACE_STYLE_USAGE(.POSITIVE.,#7610);
#7612=PRESENTATION_STYLE_ASSIGNMENT((#7611));
#7613=OVER_RIDING_STYLED_ITEM('',(#7612),#7606,#62);
#7614=CARTESIAN_POINT('',(0.E0,0.E0,3.4E0));
#7615=DIRECTION('',(0.E0,0.E0,-1.E0));
#7616=DIRECTION('',(-1.E0,0.E0,0.E0));
#7617=AXIS2_PLACEMENT_3D('',#7614,#7615,#7616);
#7618=PLANE('',#7617);
#7620=ORIENTED_EDGE('',*,*,#7619,.T.);
#7622=ORIENTED_EDGE('',*,*,#7621,.T.);
#7624=ORIENTED_EDGE('',*,*,#7623,.T.);
#7626=ORIENTED_EDGE('',*,*,#7625,.T.);
#7627=EDGE_LOOP('',(#7620,#7622,#7624,#7626));
#7628=FACE_OUTER_BOUND('',#7627,.F.);
#7630=FILL_AREA_STYLE_COLOUR('',#58);
#7631=FILL_AREA_STYLE('',(#7630));
#7632=SURFACE_STYLE_FILL_AREA(#7631);
#7633=SURFACE_SIDE_STYLE('',(#7632));
#7634=SURFACE_STYLE_USAGE(.POSITIVE.,#7633);
#7635=PRESENTATION_STYLE_ASSIGNMENT((#7634));
#7636=OVER_RIDING_STYLED_ITEM('',(#7635),#7629,#62);
#7637=CARTESIAN_POINT('',(2.64E0,-2.865076724772E0,3.2E0));
#7638=DIRECTION('',(0.E0,1.E0,0.E0));
#7639=DIRECTION('',(0.E0,0.E0,1.E0));
#7640=AXIS2_PLACEMENT_3D('',#7637,#7638,#7639);
#7641=CYLINDRICAL_SURFACE('',#7640,2.E-1);
#7643=ORIENTED_EDGE('',*,*,#7642,.T.);
#7645=ORIENTED_EDGE('',*,*,#7644,.T.);
#7647=ORIENTED_EDGE('',*,*,#7646,.T.);
#7648=ORIENTED_EDGE('',*,*,#7550,.F.);
#7649=EDGE_LOOP('',(#7643,#7645,#7647,#7648));
#7650=FACE_OUTER_BOUND('',#7649,.F.);
#7652=FILL_AREA_STYLE_COLOUR('',#58);
#7653=FILL_AREA_STYLE('',(#7652));
#7654=SURFACE_STYLE_FILL_AREA(#7653);
#7655=SURFACE_SIDE_STYLE('',(#7654));
#7656=SURFACE_STYLE_USAGE(.BOTH.,#7655);
#7657=PRESENTATION_STYLE_ASSIGNMENT((#7656));
#7658=OVER_RIDING_STYLED_ITEM('',(#7657),#7651,#62);
#7659=CARTESIAN_POINT('',(2.84E0,-2.9E0,0.E0));
#7660=DIRECTION('',(0.E0,-1.E0,0.E0));
#7661=DIRECTION('',(-1.E0,0.E0,0.E0));
#7662=AXIS2_PLACEMENT_3D('',#7659,#7660,#7661);
#7663=PLANE('',#7662);
#7664=ORIENTED_EDGE('',*,*,#7343,.F.);
#7666=ORIENTED_EDGE('',*,*,#7665,.F.);
#7667=ORIENTED_EDGE('',*,*,#7642,.F.);
#7668=ORIENTED_EDGE('',*,*,#7556,.F.);
#7670=ORIENTED_EDGE('',*,*,#7669,.T.);
#7672=ORIENTED_EDGE('',*,*,#7671,.F.);
#7673=EDGE_LOOP('',(#7664,#7666,#7667,#7668,#7670,#7672));
#7674=FACE_OUTER_BOUND('',#7673,.F.);
#7676=FILL_AREA_STYLE_COLOUR('',#58);
#7677=FILL_AREA_STYLE('',(#7676));
#7678=SURFACE_STYLE_FILL_AREA(#7677);
#7679=SURFACE_SIDE_STYLE('',(#7678));
#7680=SURFACE_STYLE_USAGE(.BOTH.,#7679);
#7681=PRESENTATION_STYLE_ASSIGNMENT((#7680));
#7682=OVER_RIDING_STYLED_ITEM('',(#7681),#7675,#62);
#7683=CARTESIAN_POINT('',(2.84E0,-8.25E0,0.E0));
#7684=DIRECTION('',(-1.E0,0.E0,0.E0));
#7685=DIRECTION('',(0.E0,1.E0,0.E0));
#7686=AXIS2_PLACEMENT_3D('',#7683,#7684,#7685);
#7687=PLANE('',#7686);
#7688=ORIENTED_EDGE('',*,*,#7202,.F.);
#7690=ORIENTED_EDGE('',*,*,#7689,.F.);
#7692=ORIENTED_EDGE('',*,*,#7691,.T.);
#7694=ORIENTED_EDGE('',*,*,#7693,.T.);
#7696=ORIENTED_EDGE('',*,*,#7695,.T.);
#7698=ORIENTED_EDGE('',*,*,#7697,.T.);
#7700=ORIENTED_EDGE('',*,*,#7699,.T.);
#7702=ORIENTED_EDGE('',*,*,#7701,.T.);
#7704=ORIENTED_EDGE('',*,*,#7703,.T.);
#7706=ORIENTED_EDGE('',*,*,#7705,.F.);
#7708=ORIENTED_EDGE('',*,*,#7707,.T.);
#7710=ORIENTED_EDGE('',*,*,#7709,.T.);
#7711=EDGE_LOOP('',(#7688,#7690,#7692,#7694,#7696,#7698,#7700,#7702,#7704,#7706,
#7708,#7710));
#7712=FACE_OUTER_BOUND('',#7711,.F.);
#7714=FILL_AREA_STYLE_COLOUR('',#58);
#7715=FILL_AREA_STYLE('',(#7714));
#7716=SURFACE_STYLE_FILL_AREA(#7715);
#7717=SURFACE_SIDE_STYLE('',(#7716));
#7718=SURFACE_STYLE_USAGE(.BOTH.,#7717);
#7719=PRESENTATION_STYLE_ASSIGNMENT((#7718));
#7720=OVER_RIDING_STYLED_ITEM('',(#7719),#7713,#62);
#7721=CARTESIAN_POINT('',(2.84E0,-8.25E0,0.E0));
#7722=DIRECTION('',(-1.E0,0.E0,0.E0));
#7723=DIRECTION('',(0.E0,1.E0,0.E0));
#7724=AXIS2_PLACEMENT_3D('',#7721,#7722,#7723);
#7725=PLANE('',#7724);
#7726=ORIENTED_EDGE('',*,*,#7349,.F.);
#7728=ORIENTED_EDGE('',*,*,#7727,.T.);
#7729=ORIENTED_EDGE('',*,*,#7644,.F.);
#7730=ORIENTED_EDGE('',*,*,#7665,.T.);
#7731=EDGE_LOOP('',(#7726,#7728,#7729,#7730));
#7732=FACE_OUTER_BOUND('',#7731,.F.);
#7734=FILL_AREA_STYLE_COLOUR('',#58);
#7735=FILL_AREA_STYLE('',(#7734));
#7736=SURFACE_STYLE_FILL_AREA(#7735);
#7737=SURFACE_SIDE_STYLE('',(#7736));
#7738=SURFACE_STYLE_USAGE(.POSITIVE.,#7737);
#7739=PRESENTATION_STYLE_ASSIGNMENT((#7738));
#7740=OVER_RIDING_STYLED_ITEM('',(#7739),#7733,#62);
#7741=CARTESIAN_POINT('',(0.E0,0.E0,0.E0));
#7742=DIRECTION('',(0.E0,0.E0,1.E0));
#7743=DIRECTION('',(-1.E0,0.E0,0.E0));
#7744=AXIS2_PLACEMENT_3D('',#7741,#7742,#7743);
#7745=PLANE('',#7744);
#7746=ORIENTED_EDGE('',*,*,#7184,.T.);
#7747=ORIENTED_EDGE('',*,*,#7489,.T.);
#7749=ORIENTED_EDGE('',*,*,#7748,.F.);
#7750=ORIENTED_EDGE('',*,*,#7268,.T.);
#7751=EDGE_LOOP('',(#7746,#7747,#7749,#7750));
#7752=FACE_OUTER_BOUND('',#7751,.F.);
#7754=FILL_AREA_STYLE_COLOUR('',#58);
#7755=FILL_AREA_STYLE('',(#7754));
#7756=SURFACE_STYLE_FILL_AREA(#7755);
#7757=SURFACE_SIDE_STYLE('',(#7756));
#7758=SURFACE_STYLE_USAGE(.BOTH.,#7757);
#7759=PRESENTATION_STYLE_ASSIGNMENT((#7758));
#7760=OVER_RIDING_STYLED_ITEM('',(#7759),#7753,#62);
#7761=CARTESIAN_POINT('',(0.E0,0.E0,0.E0));
#7762=DIRECTION('',(0.E0,0.E0,1.E0));
#7763=DIRECTION('',(-1.E0,0.E0,0.E0));
#7764=AXIS2_PLACEMENT_3D('',#7761,#7762,#7763);
#7765=PLANE('',#7764);
#7766=ORIENTED_EDGE('',*,*,#7180,.T.);
#7768=ORIENTED_EDGE('',*,*,#7767,.T.);
#7770=ORIENTED_EDGE('',*,*,#7769,.F.);
#7771=ORIENTED_EDGE('',*,*,#7689,.T.);
#7772=EDGE_LOOP('',(#7766,#7768,#7770,#7771));
#7773=FACE_OUTER_BOUND('',#7772,.F.);
#7775=FILL_AREA_STYLE_COLOUR('',#58);
#7776=FILL_AREA_STYLE('',(#7775));
#7777=SURFACE_STYLE_FILL_AREA(#7776);
#7778=SURFACE_SIDE_STYLE('',(#7777));
#7779=SURFACE_STYLE_USAGE(.POSITIVE.,#7778);
#7780=PRESENTATION_STYLE_ASSIGNMENT((#7779));
#7781=OVER_RIDING_STYLED_ITEM('',(#7780),#7774,#62);
#7782=CARTESIAN_POINT('',(0.E0,0.E0,0.E0));
#7783=DIRECTION('',(0.E0,0.E0,1.E0));
#7784=DIRECTION('',(-1.E0,0.E0,0.E0));
#7785=AXIS2_PLACEMENT_3D('',#7782,#7783,#7784);
#7786=PLANE('',#7785);
#7787=ORIENTED_EDGE('',*,*,#7176,.T.);
#7789=ORIENTED_EDGE('',*,*,#7788,.T.);
#7791=ORIENTED_EDGE('',*,*,#7790,.F.);
#7793=ORIENTED_EDGE('',*,*,#7792,.T.);
#7794=EDGE_LOOP('',(#7787,#7789,#7791,#7793));
#7795=FACE_OUTER_BOUND('',#7794,.F.);
#7797=FILL_AREA_STYLE_COLOUR('',#58);
#7798=FILL_AREA_STYLE('',(#7797));
#7799=SURFACE_STYLE_FILL_AREA(#7798);
#7800=SURFACE_SIDE_STYLE('',(#7799));
#7801=SURFACE_STYLE_USAGE(.POSITIVE.,#7800);
#7802=PRESENTATION_STYLE_ASSIGNMENT((#7801));
#7803=OVER_RIDING_STYLED_ITEM('',(#7802),#7796,#62);
#7804=CARTESIAN_POINT('',(0.E0,0.E0,0.E0));
#7805=DIRECTION('',(0.E0,0.E0,1.E0));
#7806=DIRECTION('',(-1.E0,0.E0,0.E0));
#7807=AXIS2_PLACEMENT_3D('',#7804,#7805,#7806);
#7808=PLANE('',#7807);
#7810=ORIENTED_EDGE('',*,*,#7809,.T.);
#7811=ORIENTED_EDGE('',*,*,#7168,.T.);
#7813=ORIENTED_EDGE('',*,*,#7812,.T.);
#7815=ORIENTED_EDGE('',*,*,#7814,.F.);
#7816=EDGE_LOOP('',(#7810,#7811,#7813,#7815));
#7817=FACE_OUTER_BOUND('',#7816,.F.);
#7819=FILL_AREA_STYLE_COLOUR('',#58);
#7820=FILL_AREA_STYLE('',(#7819));
#7821=SURFACE_STYLE_FILL_AREA(#7820);
#7822=SURFACE_SIDE_STYLE('',(#7821));
#7823=SURFACE_STYLE_USAGE(.POSITIVE.,#7822);
#7824=PRESENTATION_STYLE_ASSIGNMENT((#7823));
#7825=OVER_RIDING_STYLED_ITEM('',(#7824),#7818,#62);
#7826=CARTESIAN_POINT('',(0.E0,0.E0,0.E0));
#7827=DIRECTION('',(0.E0,0.E0,1.E0));
#7828=DIRECTION('',(-1.E0,0.E0,0.E0));
#7829=AXIS2_PLACEMENT_3D('',#7826,#7827,#7828);
#7830=PLANE('',#7829);
#7832=ORIENTED_EDGE('',*,*,#7831,.T.);
#7834=ORIENTED_EDGE('',*,*,#7833,.F.);
#7836=ORIENTED_EDGE('',*,*,#7835,.T.);
#7837=ORIENTED_EDGE('',*,*,#7172,.T.);
#7838=EDGE_LOOP('',(#7832,#7834,#7836,#7837));
#7839=FACE_OUTER_BOUND('',#7838,.F.);
#7841=FILL_AREA_STYLE_COLOUR('',#58);
#7842=FILL_AREA_STYLE('',(#7841));
#7843=SURFACE_STYLE_FILL_AREA(#7842);
#7844=SURFACE_SIDE_STYLE('',(#7843));
#7845=SURFACE_STYLE_USAGE(.POSITIVE.,#7844);
#7846=PRESENTATION_STYLE_ASSIGNMENT((#7845));
#7847=OVER_RIDING_STYLED_ITEM('',(#7846),#7840,#62);
#7848=CARTESIAN_POINT('',(5.415973116017E0,-4.487203409717E0,-2.5E-1));
#7849=DIRECTION('',(1.E0,0.E0,0.E0));
#7850=DIRECTION('',(0.E0,0.E0,1.E0));
#7851=AXIS2_PLACEMENT_3D('',#7848,#7849,#7850);
#7852=CYLINDRICAL_SURFACE('',#7851,2.5E-1);
#7853=ORIENTED_EDGE('',*,*,#7748,.T.);
#7854=ORIENTED_EDGE('',*,*,#7487,.F.);
#7856=ORIENTED_EDGE('',*,*,#7855,.F.);
#7857=ORIENTED_EDGE('',*,*,#7270,.F.);
#7858=EDGE_LOOP('',(#7853,#7854,#7856,#7857));
#7859=FACE_OUTER_BOUND('',#7858,.F.);
#7861=FILL_AREA_STYLE_COLOUR('',#58);
#7862=FILL_AREA_STYLE('',(#7861));
#7863=SURFACE_STYLE_FILL_AREA(#7862);
#7864=SURFACE_SIDE_STYLE('',(#7863));
#7865=SURFACE_STYLE_USAGE(.BOTH.,#7864);
#7866=PRESENTATION_STYLE_ASSIGNMENT((#7865));
#7867=OVER_RIDING_STYLED_ITEM('',(#7866),#7860,#62);
#7868=CARTESIAN_POINT('',(5.38E0,-4.724444551396E0,0.E0));
#7869=DIRECTION('',(0.E0,-9.986295347546E-1,5.233595624337E-2));
#7870=DIRECTION('',(0.E0,-5.233595624337E-2,-9.986295347546E-1));
#7871=AXIS2_PLACEMENT_3D('',#7868,#7869,#7870);
#7872=PLANE('',#7871);
#7874=ORIENTED_EDGE('',*,*,#7873,.F.);
#7875=ORIENTED_EDGE('',*,*,#7272,.F.);
#7876=ORIENTED_EDGE('',*,*,#7855,.T.);
#7877=ORIENTED_EDGE('',*,*,#7485,.T.);
#7878=EDGE_LOOP('',(#7874,#7875,#7876,#7877));
#7879=FACE_OUTER_BOUND('',#7878,.F.);
#7881=FILL_AREA_STYLE_COLOUR('',#58);
#7882=FILL_AREA_STYLE('',(#7881));
#7883=SURFACE_STYLE_FILL_AREA(#7882);
#7884=SURFACE_SIDE_STYLE('',(#7883));
#7885=SURFACE_STYLE_USAGE(.BOTH.,#7884);
#7886=PRESENTATION_STYLE_ASSIGNMENT((#7885));
#7887=OVER_RIDING_STYLED_ITEM('',(#7886),#7880,#62);
#7888=CARTESIAN_POINT('',(5.414923275228E0,-5.221947881470E0,-1.85E0));
#7889=DIRECTION('',(1.E0,0.E0,0.E0));
#7890=DIRECTION('',(0.E0,0.E0,-1.E0));
#7891=AXIS2_PLACEMENT_3D('',#7888,#7889,#7890);
#7892=CYLINDRICAL_SURFACE('',#7891,4.E-1);
#7893=ORIENTED_EDGE('',*,*,#7873,.T.);
#7894=ORIENTED_EDGE('',*,*,#7483,.F.);
#7896=ORIENTED_EDGE('',*,*,#7895,.F.);
#7897=ORIENTED_EDGE('',*,*,#7274,.F.);
#7898=EDGE_LOOP('',(#7893,#7894,#7896,#7897));
#7899=FACE_OUTER_BOUND('',#7898,.F.);
#7901=FILL_AREA_STYLE_COLOUR('',#58);
#7902=FILL_AREA_STYLE('',(#7901));
#7903=SURFACE_STYLE_FILL_AREA(#7902);
#7904=SURFACE_SIDE_STYLE('',(#7903));
#7905=SURFACE_STYLE_USAGE(.BOTH.,#7904);
#7906=PRESENTATION_STYLE_ASSIGNMENT((#7905));
#7907=OVER_RIDING_STYLED_ITEM('',(#7906),#7900,#62);
#7908=CARTESIAN_POINT('',(5.38E0,-4.842362054784E0,-2.25E0));
#7909=DIRECTION('',(0.E0,0.E0,1.E0));
#7910=DIRECTION('',(0.E0,-1.E0,0.E0));
#7911=AXIS2_PLACEMENT_3D('',#7908,#7909,#7910);
#7912=PLANE('',#7911);
#7913=ORIENTED_EDGE('',*,*,#7895,.T.);
#7914=ORIENTED_EDGE('',*,*,#7481,.T.);
#7916=ORIENTED_EDGE('',*,*,#7915,.F.);
#7917=ORIENTED_EDGE('',*,*,#7276,.F.);
#7918=EDGE_LOOP('',(#7913,#7914,#7916,#7917));
#7919=FACE_OUTER_BOUND('',#7918,.F.);
#7921=FILL_AREA_STYLE_COLOUR('',#58);
#7922=FILL_AREA_STYLE('',(#7921));
#7923=SURFACE_STYLE_FILL_AREA(#7922);
#7924=SURFACE_SIDE_STYLE('',(#7923));
#7925=SURFACE_STYLE_USAGE(.BOTH.,#7924);
#7926=PRESENTATION_STYLE_ASSIGNMENT((#7925));
#7927=OVER_RIDING_STYLED_ITEM('',(#7926),#7920,#62);
#7928=CARTESIAN_POINT('',(5.38E0,-5.7E0,-2.25E0));
#7929=DIRECTION('',(0.E0,1.E0,0.E0));
#7930=DIRECTION('',(0.E0,0.E0,1.E0));
#7931=AXIS2_PLACEMENT_3D('',#7928,#7929,#7930);
#7932=PLANE('',#7931);
#7933=ORIENTED_EDGE('',*,*,#7278,.F.);
#7934=ORIENTED_EDGE('',*,*,#7915,.T.);
#7935=ORIENTED_EDGE('',*,*,#7479,.T.);
#7937=ORIENTED_EDGE('',*,*,#7936,.F.);
#7938=EDGE_LOOP('',(#7933,#7934,#7935,#7937));
#7939=FACE_OUTER_BOUND('',#7938,.F.);
#7941=FILL_AREA_STYLE_COLOUR('',#58);
#7942=FILL_AREA_STYLE('',(#7941));
#7943=SURFACE_STYLE_FILL_AREA(#7942);
#7944=SURFACE_SIDE_STYLE('',(#7943));
#7945=SURFACE_STYLE_USAGE(.BOTH.,#7944);
#7946=PRESENTATION_STYLE_ASSIGNMENT((#7945));
#7947=OVER_RIDING_STYLED_ITEM('',(#7946),#7940,#62);
#7948=CARTESIAN_POINT('',(5.38E0,-5.7E0,-2.E0));
#7949=DIRECTION('',(0.E0,0.E0,-1.E0));
#7950=DIRECTION('',(0.E0,1.E0,0.E0));
#7951=AXIS2_PLACEMENT_3D('',#7948,#7949,#7950);
#7952=PLANE('',#7951);
#7954=ORIENTED_EDGE('',*,*,#7953,.T.);
#7955=ORIENTED_EDGE('',*,*,#7280,.F.);
#7956=ORIENTED_EDGE('',*,*,#7936,.T.);
#7957=ORIENTED_EDGE('',*,*,#7477,.T.);
#7958=EDGE_LOOP('',(#7954,#7955,#7956,#7957));
#7959=FACE_OUTER_BOUND('',#7958,.F.);
#7961=FILL_AREA_STYLE_COLOUR('',#58);
#7962=FILL_AREA_STYLE('',(#7961));
#7963=SURFACE_STYLE_FILL_AREA(#7962);
#7964=SURFACE_SIDE_STYLE('',(#7963));
#7965=SURFACE_STYLE_USAGE(.BOTH.,#7964);
#7966=PRESENTATION_STYLE_ASSIGNMENT((#7965));
#7967=OVER_RIDING_STYLED_ITEM('',(#7966),#7960,#62);
#7968=CARTESIAN_POINT('',(4.750159882470E0,-5.221947881469E0,-1.85E0));
#7969=DIRECTION('',(-1.E0,0.E0,0.E0));
#7970=DIRECTION('',(0.E0,9.986295347546E-1,-5.233595624276E-2));
#7971=AXIS2_PLACEMENT_3D('',#7968,#7969,#7970);
#7972=CYLINDRICAL_SURFACE('',#7971,1.5E-1);
#7974=ORIENTED_EDGE('',*,*,#7973,.T.);
#7975=ORIENTED_EDGE('',*,*,#7282,.F.);
#7976=ORIENTED_EDGE('',*,*,#7953,.F.);
#7977=ORIENTED_EDGE('',*,*,#7475,.F.);
#7978=EDGE_LOOP('',(#7974,#7975,#7976,#7977));
#7979=FACE_OUTER_BOUND('',#7978,.F.);
#7981=FILL_AREA_STYLE_COLOUR('',#58);
#7982=FILL_AREA_STYLE('',(#7981));
#7983=SURFACE_STYLE_FILL_AREA(#7982);
#7984=SURFACE_SIDE_STYLE('',(#7983));
#7985=SURFACE_STYLE_USAGE(.BOTH.,#7984);
#7986=PRESENTATION_STYLE_ASSIGNMENT((#7985));
#7987=OVER_RIDING_STYLED_ITEM('',(#7986),#7980,#62);
#7988=CARTESIAN_POINT('',(5.38E0,-4.961685693075E0,2.5E-1));
#7989=DIRECTION('',(0.E0,-9.986295347546E-1,5.233595624276E-2));
#7990=DIRECTION('',(0.E0,-5.233595624276E-2,-9.986295347546E-1));
#7991=AXIS2_PLACEMENT_3D('',#7988,#7989,#7990);
#7992=PLANE('',#7991);
#7994=ORIENTED_EDGE('',*,*,#7993,.F.);
#7996=ORIENTED_EDGE('',*,*,#7995,.F.);
#7998=ORIENTED_EDGE('',*,*,#7997,.F.);
#8000=ORIENTED_EDGE('',*,*,#7999,.T.);
#8001=EDGE_LOOP('',(#7994,#7996,#7998,#8000));
#8002=FACE_OUTER_BOUND('',#8001,.F.);
#8004=FILL_AREA_STYLE_COLOUR('',#60);
#8005=FILL_AREA_STYLE('',(#8004));
#8006=SURFACE_STYLE_FILL_AREA(#8005);
#8007=SURFACE_SIDE_STYLE('',(#8006));
#8008=SURFACE_STYLE_USAGE(.POSITIVE.,#8007);
#8009=FILL_AREA_STYLE_COLOUR('',#58);
#8010=FILL_AREA_STYLE('',(#8009));
#8011=SURFACE_STYLE_FILL_AREA(#8010);
#8012=SURFACE_SIDE_STYLE('',(#8011));
#8013=SURFACE_STYLE_USAGE(.NEGATIVE.,#8012);
#8014=PRESENTATION_STYLE_ASSIGNMENT((#8008,#8013));
#8015=OVER_RIDING_STYLED_ITEM('',(#8014),#8003,#62);
#8016=CARTESIAN_POINT('',(5.38E0,-4.961685693075E0,2.5E-1));
#8017=DIRECTION('',(0.E0,-9.986295347546E-1,5.233595624276E-2));
#8018=DIRECTION('',(0.E0,-5.233595624276E-2,-9.986295347546E-1));
#8019=AXIS2_PLACEMENT_3D('',#8016,#8017,#8018);
#8020=PLANE('',#8019);
#8022=ORIENTED_EDGE('',*,*,#8021,.F.);
#8024=ORIENTED_EDGE('',*,*,#8023,.F.);
#8026=ORIENTED_EDGE('',*,*,#8025,.F.);
#8028=ORIENTED_EDGE('',*,*,#8027,.T.);
#8029=EDGE_LOOP('',(#8022,#8024,#8026,#8028));
#8030=FACE_OUTER_BOUND('',#8029,.F.);
#8032=FILL_AREA_STYLE_COLOUR('',#60);
#8033=FILL_AREA_STYLE('',(#8032));
#8034=SURFACE_STYLE_FILL_AREA(#8033);
#8035=SURFACE_SIDE_STYLE('',(#8034));
#8036=SURFACE_STYLE_USAGE(.POSITIVE.,#8035);
#8037=FILL_AREA_STYLE_COLOUR('',#58);
#8038=FILL_AREA_STYLE('',(#8037));
#8039=SURFACE_STYLE_FILL_AREA(#8038);
#8040=SURFACE_SIDE_STYLE('',(#8039));
#8041=SURFACE_STYLE_USAGE(.NEGATIVE.,#8040);
#8042=PRESENTATION_STYLE_ASSIGNMENT((#8036,#8041));
#8043=OVER_RIDING_STYLED_ITEM('',(#8042),#8031,#62);
#8044=CARTESIAN_POINT('',(5.38E0,-4.961685693075E0,2.5E-1));
#8045=DIRECTION('',(0.E0,-9.986295347546E-1,5.233595624276E-2));
#8046=DIRECTION('',(0.E0,-5.233595624276E-2,-9.986295347546E-1));
#8047=AXIS2_PLACEMENT_3D('',#8044,#8045,#8046);
#8048=PLANE('',#8047);
#8049=ORIENTED_EDGE('',*,*,#7973,.F.);
#8050=ORIENTED_EDGE('',*,*,#7473,.F.);
#8052=ORIENTED_EDGE('',*,*,#8051,.F.);
#8053=ORIENTED_EDGE('',*,*,#7284,.T.);
#8054=EDGE_LOOP('',(#8049,#8050,#8052,#8053));
#8055=FACE_OUTER_BOUND('',#8054,.F.);
#8057=FILL_AREA_STYLE_COLOUR('',#60);
#8058=FILL_AREA_STYLE('',(#8057));
#8059=SURFACE_STYLE_FILL_AREA(#8058);
#8060=SURFACE_SIDE_STYLE('',(#8059));
#8061=SURFACE_STYLE_USAGE(.POSITIVE.,#8060);
#8062=FILL_AREA_STYLE_COLOUR('',#58);
#8063=FILL_AREA_STYLE('',(#8062));
#8064=SURFACE_STYLE_FILL_AREA(#8063);
#8065=SURFACE_SIDE_STYLE('',(#8064));
#8066=SURFACE_STYLE_USAGE(.NEGATIVE.,#8065);
#8067=PRESENTATION_STYLE_ASSIGNMENT((#8061,#8066));
#8068=OVER_RIDING_STYLED_ITEM('',(#8067),#8056,#62);
#8069=CARTESIAN_POINT('',(5.38E0,-4.961685693075E0,2.5E-1));
#8070=DIRECTION('',(0.E0,-9.986295347546E-1,5.233595624276E-2));
#8071=DIRECTION('',(0.E0,-5.233595624276E-2,-9.986295347546E-1));
#8072=AXIS2_PLACEMENT_3D('',#8069,#8070,#8071);
#8073=PLANE('',#8072);
#8075=ORIENTED_EDGE('',*,*,#8074,.F.);
#8077=ORIENTED_EDGE('',*,*,#8076,.F.);
#8079=ORIENTED_EDGE('',*,*,#8078,.F.);
#8080=ORIENTED_EDGE('',*,*,#7705,.T.);
#8081=EDGE_LOOP('',(#8075,#8077,#8079,#8080));
#8082=FACE_OUTER_BOUND('',#8081,.F.);
#8084=FILL_AREA_STYLE_COLOUR('',#60);
#8085=FILL_AREA_STYLE('',(#8084));
#8086=SURFACE_STYLE_FILL_AREA(#8085);
#8087=SURFACE_SIDE_STYLE('',(#8086));
#8088=SURFACE_STYLE_USAGE(.POSITIVE.,#8087);
#8089=FILL_AREA_STYLE_COLOUR('',#58);
#8090=FILL_AREA_STYLE('',(#8089));
#8091=SURFACE_STYLE_FILL_AREA(#8090);
#8092=SURFACE_SIDE_STYLE('',(#8091));
#8093=SURFACE_STYLE_USAGE(.NEGATIVE.,#8092);
#8094=PRESENTATION_STYLE_ASSIGNMENT((#8088,#8093));
#8095=OVER_RIDING_STYLED_ITEM('',(#8094),#8083,#62);
#8096=CARTESIAN_POINT('',(5.38E0,-4.961685693075E0,2.5E-1));
#8097=DIRECTION('',(0.E0,-9.986295347546E-1,5.233595624276E-2));
#8098=DIRECTION('',(0.E0,-5.233595624276E-2,-9.986295347546E-1));
#8099=AXIS2_PLACEMENT_3D('',#8096,#8097,#8098);
#8100=PLANE('',#8099);
#8102=ORIENTED_EDGE('',*,*,#8101,.F.);
#8104=ORIENTED_EDGE('',*,*,#8103,.F.);
#8106=ORIENTED_EDGE('',*,*,#8105,.F.);
#8108=ORIENTED_EDGE('',*,*,#8107,.T.);
#8109=EDGE_LOOP('',(#8102,#8104,#8106,#8108));
#8110=FACE_OUTER_BOUND('',#8109,.F.);
#8112=FILL_AREA_STYLE_COLOUR('',#60);
#8113=FILL_AREA_STYLE('',(#8112));
#8114=SURFACE_STYLE_FILL_AREA(#8113);
#8115=SURFACE_SIDE_STYLE('',(#8114));
#8116=SURFACE_STYLE_USAGE(.POSITIVE.,#8115);
#8117=FILL_AREA_STYLE_COLOUR('',#58);
#8118=FILL_AREA_STYLE('',(#8117));
#8119=SURFACE_STYLE_FILL_AREA(#8118);
#8120=SURFACE_SIDE_STYLE('',(#8119));
#8121=SURFACE_STYLE_USAGE(.NEGATIVE.,#8120);
#8122=PRESENTATION_STYLE_ASSIGNMENT((#8116,#8121));
#8123=OVER_RIDING_STYLED_ITEM('',(#8122),#8111,#62);
#8124=CARTESIAN_POINT('',(-5.409840117530E0,-5.221947881469E0,-1.85E0));
#8125=DIRECTION('',(-1.E0,0.E0,0.E0));
#8126=DIRECTION('',(0.E0,9.986295347546E-1,-5.233595624276E-2));
#8127=AXIS2_PLACEMENT_3D('',#8124,#8125,#8126);
#8128=CYLINDRICAL_SURFACE('',#8127,1.5E-1);
#8129=ORIENTED_EDGE('',*,*,#7993,.T.);
#8131=ORIENTED_EDGE('',*,*,#8130,.F.);
#8133=ORIENTED_EDGE('',*,*,#8132,.F.);
#8135=ORIENTED_EDGE('',*,*,#8134,.F.);
#8136=EDGE_LOOP('',(#8129,#8131,#8133,#8135));
#8137=FACE_OUTER_BOUND('',#8136,.F.);
#8139=FILL_AREA_STYLE_COLOUR('',#60);
#8140=FILL_AREA_STYLE('',(#8139));
#8141=SURFACE_STYLE_FILL_AREA(#8140);
#8142=SURFACE_SIDE_STYLE('',(#8141));
#8143=SURFACE_STYLE_USAGE(.POSITIVE.,#8142);
#8144=FILL_AREA_STYLE_COLOUR('',#58);
#8145=FILL_AREA_STYLE('',(#8144));
#8146=SURFACE_STYLE_FILL_AREA(#8145);
#8147=SURFACE_SIDE_STYLE('',(#8146));
#8148=SURFACE_STYLE_USAGE(.NEGATIVE.,#8147);
#8149=PRESENTATION_STYLE_ASSIGNMENT((#8143,#8148));
#8150=OVER_RIDING_STYLED_ITEM('',(#8149),#8138,#62);
#8151=CARTESIAN_POINT('',(-4.78E0,-8.25E0,0.E0));
#8152=DIRECTION('',(-1.E0,0.E0,0.E0));
#8153=DIRECTION('',(0.E0,1.E0,0.E0));
#8154=AXIS2_PLACEMENT_3D('',#8151,#8152,#8153);
#8155=PLANE('',#8154);
#8156=ORIENTED_EDGE('',*,*,#7323,.F.);
#8158=ORIENTED_EDGE('',*,*,#8157,.F.);
#8160=ORIENTED_EDGE('',*,*,#8159,.F.);
#8162=ORIENTED_EDGE('',*,*,#8161,.T.);
#8163=EDGE_LOOP('',(#8156,#8158,#8160,#8162));
#8164=FACE_OUTER_BOUND('',#8163,.F.);
#8166=FILL_AREA_STYLE_COLOUR('',#58);
#8167=FILL_AREA_STYLE('',(#8166));
#8168=SURFACE_STYLE_FILL_AREA(#8167);
#8169=SURFACE_SIDE_STYLE('',(#8168));
#8170=SURFACE_STYLE_USAGE(.BOTH.,#8169);
#8171=PRESENTATION_STYLE_ASSIGNMENT((#8170));
#8172=OVER_RIDING_STYLED_ITEM('',(#8171),#8165,#62);
#8173=CARTESIAN_POINT('',(-4.78E0,-8.25E0,0.E0));
#8174=DIRECTION('',(-1.E0,0.E0,0.E0));
#8175=DIRECTION('',(0.E0,1.E0,0.E0));
#8176=AXIS2_PLACEMENT_3D('',#8173,#8174,#8175);
#8177=PLANE('',#8176);
#8178=ORIENTED_EDGE('',*,*,#7223,.F.);
#8179=ORIENTED_EDGE('',*,*,#7809,.F.);
#8181=ORIENTED_EDGE('',*,*,#8180,.T.);
#8183=ORIENTED_EDGE('',*,*,#8182,.T.);
#8185=ORIENTED_EDGE('',*,*,#8184,.T.);
#8187=ORIENTED_EDGE('',*,*,#8186,.T.);
#8189=ORIENTED_EDGE('',*,*,#8188,.T.);
#8191=ORIENTED_EDGE('',*,*,#8190,.T.);
#8192=ORIENTED_EDGE('',*,*,#8130,.T.);
#8193=ORIENTED_EDGE('',*,*,#7999,.F.);
#8195=ORIENTED_EDGE('',*,*,#8194,.T.);
#8197=ORIENTED_EDGE('',*,*,#8196,.T.);
#8198=EDGE_LOOP('',(#8178,#8179,#8181,#8183,#8185,#8187,#8189,#8191,#8192,#8193,
#8195,#8197));
#8199=FACE_OUTER_BOUND('',#8198,.F.);
#8201=FILL_AREA_STYLE_COLOUR('',#58);
#8202=FILL_AREA_STYLE('',(#8201));
#8203=SURFACE_STYLE_FILL_AREA(#8202);
#8204=SURFACE_SIDE_STYLE('',(#8203));
#8205=SURFACE_STYLE_USAGE(.POSITIVE.,#8204);
#8206=PRESENTATION_STYLE_ASSIGNMENT((#8205));
#8207=OVER_RIDING_STYLED_ITEM('',(#8206),#8200,#62);
#8208=CARTESIAN_POINT('',(-4.78E0,-3.15E0,0.E0));
#8209=DIRECTION('',(0.E0,1.E0,0.E0));
#8210=DIRECTION('',(-1.E0,0.E0,0.E0));
#8211=AXIS2_PLACEMENT_3D('',#8208,#8209,#8210);
#8212=PLANE('',#8211);
#8213=ORIENTED_EDGE('',*,*,#7329,.F.);
#8215=ORIENTED_EDGE('',*,*,#8214,.F.);
#8217=ORIENTED_EDGE('',*,*,#8216,.T.);
#8218=ORIENTED_EDGE('',*,*,#7598,.F.);
#8220=ORIENTED_EDGE('',*,*,#8219,.F.);
#8221=ORIENTED_EDGE('',*,*,#8157,.T.);
#8222=EDGE_LOOP('',(#8213,#8215,#8217,#8218,#8220,#8221));
#8223=FACE_OUTER_BOUND('',#8222,.F.);
#8225=FILL_AREA_STYLE_COLOUR('',#58);
#8226=FILL_AREA_STYLE('',(#8225));
#8227=SURFACE_STYLE_FILL_AREA(#8226);
#8228=SURFACE_SIDE_STYLE('',(#8227));
#8229=SURFACE_STYLE_USAGE(.BOTH.,#8228);
#8230=PRESENTATION_STYLE_ASSIGNMENT((#8229));
#8231=OVER_RIDING_STYLED_ITEM('',(#8230),#8224,#62);
#8232=CARTESIAN_POINT('',(-5.38E0,-2.9E0,0.E0));
#8233=DIRECTION('',(1.E0,0.E0,0.E0));
#8234=DIRECTION('',(0.E0,-1.E0,0.E0));
#8235=AXIS2_PLACEMENT_3D('',#8232,#8233,#8234);
#8236=PLANE('',#8235);
#8237=ORIENTED_EDGE('',*,*,#7327,.T.);
#8239=ORIENTED_EDGE('',*,*,#8238,.T.);
#8241=ORIENTED_EDGE('',*,*,#8240,.F.);
#8242=ORIENTED_EDGE('',*,*,#8214,.T.);
#8243=EDGE_LOOP('',(#8237,#8239,#8241,#8242));
#8244=FACE_OUTER_BOUND('',#8243,.F.);
#8246=FILL_AREA_STYLE_COLOUR('',#58);
#8247=FILL_AREA_STYLE('',(#8246));
#8248=SURFACE_STYLE_FILL_AREA(#8247);
#8249=SURFACE_SIDE_STYLE('',(#8248));
#8250=SURFACE_STYLE_USAGE(.BOTH.,#8249);
#8251=PRESENTATION_STYLE_ASSIGNMENT((#8250));
#8252=OVER_RIDING_STYLED_ITEM('',(#8251),#8245,#62);
#8253=CARTESIAN_POINT('',(-5.38E0,-2.9E0,0.E0));
#8254=DIRECTION('',(1.E0,0.E0,0.E0));
#8255=DIRECTION('',(0.E0,-1.E0,0.E0));
#8256=AXIS2_PLACEMENT_3D('',#8253,#8254,#8255);
#8257=PLANE('',#8256);
#8258=ORIENTED_EDGE('',*,*,#7227,.T.);
#8260=ORIENTED_EDGE('',*,*,#8259,.T.);
#8262=ORIENTED_EDGE('',*,*,#8261,.T.);
#8263=ORIENTED_EDGE('',*,*,#7995,.T.);
#8264=ORIENTED_EDGE('',*,*,#8134,.T.);
#8266=ORIENTED_EDGE('',*,*,#8265,.F.);
#8268=ORIENTED_EDGE('',*,*,#8267,.F.);
#8270=ORIENTED_EDGE('',*,*,#8269,.F.);
#8272=ORIENTED_EDGE('',*,*,#8271,.T.);
#8274=ORIENTED_EDGE('',*,*,#8273,.F.);
#8276=ORIENTED_EDGE('',*,*,#8275,.T.);
#8277=ORIENTED_EDGE('',*,*,#7812,.F.);
#8278=EDGE_LOOP('',(#8258,#8260,#8262,#8263,#8264,#8266,#8268,#8270,#8272,#8274,
#8276,#8277));
#8279=FACE_OUTER_BOUND('',#8278,.F.);
#8281=FILL_AREA_STYLE_COLOUR('',#58);
#8282=FILL_AREA_STYLE('',(#8281));
#8283=SURFACE_STYLE_FILL_AREA(#8282);
#8284=SURFACE_SIDE_STYLE('',(#8283));
#8285=SURFACE_STYLE_USAGE(.POSITIVE.,#8284);
#8286=PRESENTATION_STYLE_ASSIGNMENT((#8285));
#8287=OVER_RIDING_STYLED_ITEM('',(#8286),#8280,#62);
#8288=CARTESIAN_POINT('',(-4.78E0,-2.9E0,0.E0));
#8289=DIRECTION('',(0.E0,-1.E0,0.E0));
#8290=DIRECTION('',(-1.E0,0.E0,0.E0));
#8291=AXIS2_PLACEMENT_3D('',#8288,#8289,#8290);
#8292=PLANE('',#8291);
#8293=ORIENTED_EDGE('',*,*,#7325,.F.);
#8294=ORIENTED_EDGE('',*,*,#8161,.F.);
#8296=ORIENTED_EDGE('',*,*,#8295,.F.);
#8297=ORIENTED_EDGE('',*,*,#7602,.F.);
#8299=ORIENTED_EDGE('',*,*,#8298,.T.);
#8300=ORIENTED_EDGE('',*,*,#8238,.F.);
#8301=EDGE_LOOP('',(#8293,#8294,#8296,#8297,#8299,#8300));
#8302=FACE_OUTER_BOUND('',#8301,.F.);
#8304=FILL_AREA_STYLE_COLOUR('',#58);
#8305=FILL_AREA_STYLE('',(#8304));
#8306=SURFACE_STYLE_FILL_AREA(#8305);
#8307=SURFACE_SIDE_STYLE('',(#8306));
#8308=SURFACE_STYLE_USAGE(.BOTH.,#8307);
#8309=PRESENTATION_STYLE_ASSIGNMENT((#8308));
#8310=OVER_RIDING_STYLED_ITEM('',(#8309),#8303,#62);
#8311=CARTESIAN_POINT('',(-4.98E0,-2.865076724772E0,3.2E0));
#8312=DIRECTION('',(0.E0,1.E0,0.E0));
#8313=DIRECTION('',(0.E0,0.E0,1.E0));
#8314=AXIS2_PLACEMENT_3D('',#8311,#8312,#8313);
#8315=CYLINDRICAL_SURFACE('',#8314,2.E-1);
#8316=ORIENTED_EDGE('',*,*,#8295,.T.);
#8317=ORIENTED_EDGE('',*,*,#8159,.T.);
#8318=ORIENTED_EDGE('',*,*,#8219,.T.);
#8319=ORIENTED_EDGE('',*,*,#7596,.F.);
#8320=EDGE_LOOP('',(#8316,#8317,#8318,#8319));
#8321=FACE_OUTER_BOUND('',#8320,.F.);
#8323=FILL_AREA_STYLE_COLOUR('',#58);
#8324=FILL_AREA_STYLE('',(#8323));
#8325=SURFACE_STYLE_FILL_AREA(#8324);
#8326=SURFACE_SIDE_STYLE('',(#8325));
#8327=SURFACE_STYLE_USAGE(.BOTH.,#8326);
#8328=PRESENTATION_STYLE_ASSIGNMENT((#8327));
#8329=OVER_RIDING_STYLED_ITEM('',(#8328),#8322,#62);
#8330=CARTESIAN_POINT('',(-5.18E0,-3.183656503051E0,3.2E0));
#8331=DIRECTION('',(0.E0,-1.E0,0.E0));
#8332=DIRECTION('',(0.E0,0.E0,1.E0));
#8333=AXIS2_PLACEMENT_3D('',#8330,#8331,#8332);
#8334=CYLINDRICAL_SURFACE('',#8333,2.E-1);
#8335=ORIENTED_EDGE('',*,*,#8240,.T.);
#8336=ORIENTED_EDGE('',*,*,#8298,.F.);
#8337=ORIENTED_EDGE('',*,*,#7600,.F.);
#8338=ORIENTED_EDGE('',*,*,#8216,.F.);
#8339=EDGE_LOOP('',(#8335,#8336,#8337,#8338));
#8340=FACE_OUTER_BOUND('',#8339,.F.);
#8342=FILL_AREA_STYLE_COLOUR('',#58);
#8343=FILL_AREA_STYLE('',(#8342));
#8344=SURFACE_STYLE_FILL_AREA(#8343);
#8345=SURFACE_SIDE_STYLE('',(#8344));
#8346=SURFACE_STYLE_USAGE(.POSITIVE.,#8345);
#8347=FILL_AREA_STYLE_COLOUR('',#23);
#8348=FILL_AREA_STYLE('',(#8347));
#8349=SURFACE_STYLE_FILL_AREA(#8348);
#8350=SURFACE_SIDE_STYLE('',(#8349));
#8351=SURFACE_STYLE_USAGE(.NEGATIVE.,#8350);
#8352=PRESENTATION_STYLE_ASSIGNMENT((#8346,#8351));
#8353=OVER_RIDING_STYLED_ITEM('',(#8352),#8341,#62);
#8354=CARTESIAN_POINT('',(0.E0,0.E0,2.5E-1));
#8355=DIRECTION('',(0.E0,0.E0,1.E0));
#8356=DIRECTION('',(-1.E0,0.E0,0.E0));
#8357=AXIS2_PLACEMENT_3D('',#8354,#8355,#8356);
#8358=PLANE('',#8357);
#8359=ORIENTED_EDGE('',*,*,#7197,.F.);
#8360=ORIENTED_EDGE('',*,*,#7288,.F.);
#8362=ORIENTED_EDGE('',*,*,#8361,.T.);
#8363=ORIENTED_EDGE('',*,*,#7469,.F.);
#8364=EDGE_LOOP('',(#8359,#8360,#8362,#8363));
#8365=FACE_OUTER_BOUND('',#8364,.F.);
#8367=FILL_AREA_STYLE_COLOUR('',#60);
#8368=FILL_AREA_STYLE('',(#8367));
#8369=SURFACE_STYLE_FILL_AREA(#8368);
#8370=SURFACE_SIDE_STYLE('',(#8369));
#8371=SURFACE_STYLE_USAGE(.POSITIVE.,#8370);
#8372=FILL_AREA_STYLE_COLOUR('',#58);
#8373=FILL_AREA_STYLE('',(#8372));
#8374=SURFACE_STYLE_FILL_AREA(#8373);
#8375=SURFACE_SIDE_STYLE('',(#8374));
#8376=SURFACE_STYLE_USAGE(.NEGATIVE.,#8375);
#8377=PRESENTATION_STYLE_ASSIGNMENT((#8371,#8376));
#8378=OVER_RIDING_STYLED_ITEM('',(#8377),#8366,#62);
#8379=CARTESIAN_POINT('',(0.E0,0.E0,2.5E-1));
#8380=DIRECTION('',(0.E0,0.E0,1.E0));
#8381=DIRECTION('',(-1.E0,0.E0,0.E0));
#8382=AXIS2_PLACEMENT_3D('',#8379,#8380,#8381);
#8383=PLANE('',#8382);
#8384=ORIENTED_EDGE('',*,*,#7204,.F.);
#8385=ORIENTED_EDGE('',*,*,#7709,.F.);
#8387=ORIENTED_EDGE('',*,*,#8386,.T.);
#8389=ORIENTED_EDGE('',*,*,#8388,.F.);
#8390=EDGE_LOOP('',(#8384,#8385,#8387,#8389));
#8391=FACE_OUTER_BOUND('',#8390,.F.);
#8393=FILL_AREA_STYLE_COLOUR('',#60);
#8394=FILL_AREA_STYLE('',(#8393));
#8395=SURFACE_STYLE_FILL_AREA(#8394);
#8396=SURFACE_SIDE_STYLE('',(#8395));
#8397=SURFACE_STYLE_USAGE(.POSITIVE.,#8396);
#8398=FILL_AREA_STYLE_COLOUR('',#58);
#8399=FILL_AREA_STYLE('',(#8398));
#8400=SURFACE_STYLE_FILL_AREA(#8399);
#8401=SURFACE_SIDE_STYLE('',(#8400));
#8402=SURFACE_STYLE_USAGE(.NEGATIVE.,#8401);
#8403=PRESENTATION_STYLE_ASSIGNMENT((#8397,#8402));
#8404=OVER_RIDING_STYLED_ITEM('',(#8403),#8392,#62);
#8405=CARTESIAN_POINT('',(0.E0,0.E0,2.5E-1));
#8406=DIRECTION('',(0.E0,0.E0,1.E0));
#8407=DIRECTION('',(-1.E0,0.E0,0.E0));
#8408=AXIS2_PLACEMENT_3D('',#8405,#8406,#8407);
#8409=PLANE('',#8408);
#8410=ORIENTED_EDGE('',*,*,#7211,.F.);
#8412=ORIENTED_EDGE('',*,*,#8411,.F.);
#8414=ORIENTED_EDGE('',*,*,#8413,.T.);
#8416=ORIENTED_EDGE('',*,*,#8415,.F.);
#8417=EDGE_LOOP('',(#8410,#8412,#8414,#8416));
#8418=FACE_OUTER_BOUND('',#8417,.F.);
#8420=FILL_AREA_STYLE_COLOUR('',#60);
#8421=FILL_AREA_STYLE('',(#8420));
#8422=SURFACE_STYLE_FILL_AREA(#8421);
#8423=SURFACE_SIDE_STYLE('',(#8422));
#8424=SURFACE_STYLE_USAGE(.POSITIVE.,#8423);
#8425=FILL_AREA_STYLE_COLOUR('',#58);
#8426=FILL_AREA_STYLE('',(#8425));
#8427=SURFACE_STYLE_FILL_AREA(#8426);
#8428=SURFACE_SIDE_STYLE('',(#8427));
#8429=SURFACE_STYLE_USAGE(.NEGATIVE.,#8428);
#8430=PRESENTATION_STYLE_ASSIGNMENT((#8424,#8429));
#8431=OVER_RIDING_STYLED_ITEM('',(#8430),#8419,#62);
#8432=CARTESIAN_POINT('',(0.E0,0.E0,2.5E-1));
#8433=DIRECTION('',(0.E0,0.E0,1.E0));
#8434=DIRECTION('',(-1.E0,0.E0,0.E0));
#8435=AXIS2_PLACEMENT_3D('',#8432,#8433,#8434);
#8436=PLANE('',#8435);
#8437=ORIENTED_EDGE('',*,*,#8196,.F.);
#8439=ORIENTED_EDGE('',*,*,#8438,.T.);
#8440=ORIENTED_EDGE('',*,*,#8259,.F.);
#8441=ORIENTED_EDGE('',*,*,#7225,.F.);
#8442=EDGE_LOOP('',(#8437,#8439,#8440,#8441));
#8443=FACE_OUTER_BOUND('',#8442,.F.);
#8445=FILL_AREA_STYLE_COLOUR('',#60);
#8446=FILL_AREA_STYLE('',(#8445));
#8447=SURFACE_STYLE_FILL_AREA(#8446);
#8448=SURFACE_SIDE_STYLE('',(#8447));
#8449=SURFACE_STYLE_USAGE(.POSITIVE.,#8448);
#8450=FILL_AREA_STYLE_COLOUR('',#58);
#8451=FILL_AREA_STYLE('',(#8450));
#8452=SURFACE_STYLE_FILL_AREA(#8451);
#8453=SURFACE_SIDE_STYLE('',(#8452));
#8454=SURFACE_STYLE_USAGE(.NEGATIVE.,#8453);
#8455=PRESENTATION_STYLE_ASSIGNMENT((#8449,#8454));
#8456=OVER_RIDING_STYLED_ITEM('',(#8455),#8444,#62);
#8457=CARTESIAN_POINT('',(0.E0,0.E0,2.5E-1));
#8458=DIRECTION('',(0.E0,0.E0,1.E0));
#8459=DIRECTION('',(-1.E0,0.E0,0.E0));
#8460=AXIS2_PLACEMENT_3D('',#8457,#8458,#8459);
#8461=PLANE('',#8460);
#8463=ORIENTED_EDGE('',*,*,#8462,.F.);
#8464=ORIENTED_EDGE('',*,*,#7218,.F.);
#8466=ORIENTED_EDGE('',*,*,#8465,.F.);
#8468=ORIENTED_EDGE('',*,*,#8467,.T.);
#8469=EDGE_LOOP('',(#8463,#8464,#8466,#8468));
#8470=FACE_OUTER_BOUND('',#8469,.F.);
#8472=FILL_AREA_STYLE_COLOUR('',#60);
#8473=FILL_AREA_STYLE('',(#8472));
#8474=SURFACE_STYLE_FILL_AREA(#8473);
#8475=SURFACE_SIDE_STYLE('',(#8474));
#8476=SURFACE_STYLE_USAGE(.POSITIVE.,#8475);
#8477=FILL_AREA_STYLE_COLOUR('',#58);
#8478=FILL_AREA_STYLE('',(#8477));
#8479=SURFACE_STYLE_FILL_AREA(#8478);
#8480=SURFACE_SIDE_STYLE('',(#8479));
#8481=SURFACE_STYLE_USAGE(.NEGATIVE.,#8480);
#8482=PRESENTATION_STYLE_ASSIGNMENT((#8476,#8481));
#8483=OVER_RIDING_STYLED_ITEM('',(#8482),#8471,#62);
#8484=CARTESIAN_POINT('',(5.415973116017E0,-4.487203409718E0,-2.5E-1));
#8485=DIRECTION('',(1.E0,0.E0,0.E0));
#8486=DIRECTION('',(0.E0,0.E0,1.E0));
#8487=AXIS2_PLACEMENT_3D('',#8484,#8485,#8486);
#8488=CYLINDRICAL_SURFACE('',#8487,5.E-1);
#8489=ORIENTED_EDGE('',*,*,#8051,.T.);
#8490=ORIENTED_EDGE('',*,*,#7471,.F.);
#8491=ORIENTED_EDGE('',*,*,#8361,.F.);
#8492=ORIENTED_EDGE('',*,*,#7286,.F.);
#8493=EDGE_LOOP('',(#8489,#8490,#8491,#8492));
#8494=FACE_OUTER_BOUND('',#8493,.F.);
#8496=FILL_AREA_STYLE_COLOUR('',#60);
#8497=FILL_AREA_STYLE('',(#8496));
#8498=SURFACE_STYLE_FILL_AREA(#8497);
#8499=SURFACE_SIDE_STYLE('',(#8498));
#8500=SURFACE_STYLE_USAGE(.POSITIVE.,#8499);
#8501=FILL_AREA_STYLE_COLOUR('',#58);
#8502=FILL_AREA_STYLE('',(#8501));
#8503=SURFACE_STYLE_FILL_AREA(#8502);
#8504=SURFACE_SIDE_STYLE('',(#8503));
#8505=SURFACE_STYLE_USAGE(.NEGATIVE.,#8504);
#8506=PRESENTATION_STYLE_ASSIGNMENT((#8500,#8505));
#8507=OVER_RIDING_STYLED_ITEM('',(#8506),#8495,#62);
#8508=CARTESIAN_POINT('',(5.415973116017E0,-4.487203409718E0,-2.5E-1));
#8509=DIRECTION('',(1.E0,0.E0,0.E0));
#8510=DIRECTION('',(0.E0,0.E0,1.E0));
#8511=AXIS2_PLACEMENT_3D('',#8508,#8509,#8510);
#8512=CYLINDRICAL_SURFACE('',#8511,5.E-1);
#8513=ORIENTED_EDGE('',*,*,#8078,.T.);
#8515=ORIENTED_EDGE('',*,*,#8514,.F.);
#8516=ORIENTED_EDGE('',*,*,#8386,.F.);
#8517=ORIENTED_EDGE('',*,*,#7707,.F.);
#8518=EDGE_LOOP('',(#8513,#8515,#8516,#8517));
#8519=FACE_OUTER_BOUND('',#8518,.F.);
#8521=FILL_AREA_STYLE_COLOUR('',#60);
#8522=FILL_AREA_STYLE('',(#8521));
#8523=SURFACE_STYLE_FILL_AREA(#8522);
#8524=SURFACE_SIDE_STYLE('',(#8523));
#8525=SURFACE_STYLE_USAGE(.POSITIVE.,#8524);
#8526=FILL_AREA_STYLE_COLOUR('',#58);
#8527=FILL_AREA_STYLE('',(#8526));
#8528=SURFACE_STYLE_FILL_AREA(#8527);
#8529=SURFACE_SIDE_STYLE('',(#8528));
#8530=SURFACE_STYLE_USAGE(.NEGATIVE.,#8529);
#8531=PRESENTATION_STYLE_ASSIGNMENT((#8525,#8530));
#8532=OVER_RIDING_STYLED_ITEM('',(#8531),#8520,#62);
#8533=CARTESIAN_POINT('',(2.24E0,-2.9E0,0.E0));
#8534=DIRECTION('',(1.E0,0.E0,0.E0));
#8535=DIRECTION('',(0.E0,-1.E0,0.E0));
#8536=AXIS2_PLACEMENT_3D('',#8533,#8534,#8535);
#8537=PLANE('',#8536);
#8538=ORIENTED_EDGE('',*,*,#7206,.T.);
#8539=ORIENTED_EDGE('',*,*,#8388,.T.);
#8540=ORIENTED_EDGE('',*,*,#8514,.T.);
#8541=ORIENTED_EDGE('',*,*,#8076,.T.);
#8543=ORIENTED_EDGE('',*,*,#8542,.T.);
#8545=ORIENTED_EDGE('',*,*,#8544,.F.);
#8547=ORIENTED_EDGE('',*,*,#8546,.F.);
#8549=ORIENTED_EDGE('',*,*,#8548,.F.);
#8551=ORIENTED_EDGE('',*,*,#8550,.T.);
#8553=ORIENTED_EDGE('',*,*,#8552,.F.);
#8555=ORIENTED_EDGE('',*,*,#8554,.T.);
#8556=ORIENTED_EDGE('',*,*,#7767,.F.);
#8557=EDGE_LOOP('',(#8538,#8539,#8540,#8541,#8543,#8545,#8547,#8549,#8551,#8553,
#8555,#8556));
#8558=FACE_OUTER_BOUND('',#8557,.F.);
#8560=FILL_AREA_STYLE_COLOUR('',#58);
#8561=FILL_AREA_STYLE('',(#8560));
#8562=SURFACE_STYLE_FILL_AREA(#8561);
#8563=SURFACE_SIDE_STYLE('',(#8562));
#8564=SURFACE_STYLE_USAGE(.BOTH.,#8563);
#8565=PRESENTATION_STYLE_ASSIGNMENT((#8564));
#8566=OVER_RIDING_STYLED_ITEM('',(#8565),#8559,#62);
#8567=CARTESIAN_POINT('',(2.24E0,-2.9E0,0.E0));
#8568=DIRECTION('',(1.E0,0.E0,0.E0));
#8569=DIRECTION('',(0.E0,-1.E0,0.E0));
#8570=AXIS2_PLACEMENT_3D('',#8567,#8568,#8569);
#8571=PLANE('',#8570);
#8572=ORIENTED_EDGE('',*,*,#7345,.T.);
#8573=ORIENTED_EDGE('',*,*,#7671,.T.);
#8575=ORIENTED_EDGE('',*,*,#8574,.F.);
#8577=ORIENTED_EDGE('',*,*,#8576,.F.);
#8578=EDGE_LOOP('',(#8572,#8573,#8575,#8577));
#8579=FACE_OUTER_BOUND('',#8578,.F.);
#8581=FILL_AREA_STYLE_COLOUR('',#58);
#8582=FILL_AREA_STYLE('',(#8581));
#8583=SURFACE_STYLE_FILL_AREA(#8582);
#8584=SURFACE_SIDE_STYLE('',(#8583));
#8585=SURFACE_STYLE_USAGE(.POSITIVE.,#8584);
#8586=PRESENTATION_STYLE_ASSIGNMENT((#8585));
#8587=OVER_RIDING_STYLED_ITEM('',(#8586),#8580,#62);
#8588=CARTESIAN_POINT('',(2.210159882470E0,-5.221947881469E0,-1.85E0));
#8589=DIRECTION('',(-1.E0,0.E0,0.E0));
#8590=DIRECTION('',(0.E0,9.986295347546E-1,-5.233595624276E-2));
#8591=AXIS2_PLACEMENT_3D('',#8588,#8589,#8590);
#8592=CYLINDRICAL_SURFACE('',#8591,1.5E-1);
#8593=ORIENTED_EDGE('',*,*,#8074,.T.);
#8594=ORIENTED_EDGE('',*,*,#7703,.F.);
#8596=ORIENTED_EDGE('',*,*,#8595,.F.);
#8597=ORIENTED_EDGE('',*,*,#8542,.F.);
#8598=EDGE_LOOP('',(#8593,#8594,#8596,#8597));
#8599=FACE_OUTER_BOUND('',#8598,.F.);
#8601=FILL_AREA_STYLE_COLOUR('',#60);
#8602=FILL_AREA_STYLE('',(#8601));
#8603=SURFACE_STYLE_FILL_AREA(#8602);
#8604=SURFACE_SIDE_STYLE('',(#8603));
#8605=SURFACE_STYLE_USAGE(.POSITIVE.,#8604);
#8606=FILL_AREA_STYLE_COLOUR('',#58);
#8607=FILL_AREA_STYLE('',(#8606));
#8608=SURFACE_STYLE_FILL_AREA(#8607);
#8609=SURFACE_SIDE_STYLE('',(#8608));
#8610=SURFACE_STYLE_USAGE(.NEGATIVE.,#8609);
#8611=PRESENTATION_STYLE_ASSIGNMENT((#8605,#8610));
#8612=OVER_RIDING_STYLED_ITEM('',(#8611),#8600,#62);
#8613=CARTESIAN_POINT('',(2.84E0,-5.7E0,-2.E0));
#8614=DIRECTION('',(0.E0,0.E0,-1.E0));
#8615=DIRECTION('',(0.E0,1.E0,0.E0));
#8616=AXIS2_PLACEMENT_3D('',#8613,#8614,#8615);
#8617=PLANE('',#8616);
#8618=ORIENTED_EDGE('',*,*,#8595,.T.);
#8619=ORIENTED_EDGE('',*,*,#7701,.F.);
#8621=ORIENTED_EDGE('',*,*,#8620,.T.);
#8622=ORIENTED_EDGE('',*,*,#8544,.T.);
#8623=EDGE_LOOP('',(#8618,#8619,#8621,#8622));
#8624=FACE_OUTER_BOUND('',#8623,.F.);
#8626=FILL_AREA_STYLE_COLOUR('',#60);
#8627=FILL_AREA_STYLE('',(#8626));
#8628=SURFACE_STYLE_FILL_AREA(#8627);
#8629=SURFACE_SIDE_STYLE('',(#8628));
#8630=SURFACE_STYLE_USAGE(.POSITIVE.,#8629);
#8631=FILL_AREA_STYLE_COLOUR('',#58);
#8632=FILL_AREA_STYLE('',(#8631));
#8633=SURFACE_STYLE_FILL_AREA(#8632);
#8634=SURFACE_SIDE_STYLE('',(#8633));
#8635=SURFACE_STYLE_USAGE(.NEGATIVE.,#8634);
#8636=PRESENTATION_STYLE_ASSIGNMENT((#8630,#8635));
#8637=OVER_RIDING_STYLED_ITEM('',(#8636),#8625,#62);
#8638=CARTESIAN_POINT('',(2.84E0,-5.7E0,-2.25E0));
#8639=DIRECTION('',(0.E0,1.E0,0.E0));
#8640=DIRECTION('',(0.E0,0.E0,1.E0));
#8641=AXIS2_PLACEMENT_3D('',#8638,#8639,#8640);
#8642=PLANE('',#8641);
#8643=ORIENTED_EDGE('',*,*,#7699,.F.);
#8645=ORIENTED_EDGE('',*,*,#8644,.T.);
#8646=ORIENTED_EDGE('',*,*,#8546,.T.);
#8647=ORIENTED_EDGE('',*,*,#8620,.F.);
#8648=EDGE_LOOP('',(#8643,#8645,#8646,#8647));
#8649=FACE_OUTER_BOUND('',#8648,.F.);
#8651=FILL_AREA_STYLE_COLOUR('',#58);
#8652=FILL_AREA_STYLE('',(#8651));
#8653=SURFACE_STYLE_FILL_AREA(#8652);
#8654=SURFACE_SIDE_STYLE('',(#8653));
#8655=SURFACE_STYLE_USAGE(.BOTH.,#8654);
#8656=PRESENTATION_STYLE_ASSIGNMENT((#8655));
#8657=OVER_RIDING_STYLED_ITEM('',(#8656),#8650,#62);
#8658=CARTESIAN_POINT('',(2.84E0,-4.842362054784E0,-2.25E0));
#8659=DIRECTION('',(0.E0,0.E0,1.E0));
#8660=DIRECTION('',(0.E0,-1.E0,0.E0));
#8661=AXIS2_PLACEMENT_3D('',#8658,#8659,#8660);
#8662=PLANE('',#8661);
#8664=ORIENTED_EDGE('',*,*,#8663,.T.);
#8665=ORIENTED_EDGE('',*,*,#8548,.T.);
#8666=ORIENTED_EDGE('',*,*,#8644,.F.);
#8667=ORIENTED_EDGE('',*,*,#7697,.F.);
#8668=EDGE_LOOP('',(#8664,#8665,#8666,#8667));
#8669=FACE_OUTER_BOUND('',#8668,.F.);
#8671=FILL_AREA_STYLE_COLOUR('',#58);
#8672=FILL_AREA_STYLE('',(#8671));
#8673=SURFACE_STYLE_FILL_AREA(#8672);
#8674=SURFACE_SIDE_STYLE('',(#8673));
#8675=SURFACE_STYLE_USAGE(.BOTH.,#8674);
#8676=PRESENTATION_STYLE_ASSIGNMENT((#8675));
#8677=OVER_RIDING_STYLED_ITEM('',(#8676),#8670,#62);
#8678=CARTESIAN_POINT('',(2.874923275228E0,-5.221947881470E0,-1.85E0));
#8679=DIRECTION('',(1.E0,0.E0,0.E0));
#8680=DIRECTION('',(0.E0,0.E0,-1.E0));
#8681=AXIS2_PLACEMENT_3D('',#8678,#8679,#8680);
#8682=CYLINDRICAL_SURFACE('',#8681,4.E-1);
#8684=ORIENTED_EDGE('',*,*,#8683,.T.);
#8685=ORIENTED_EDGE('',*,*,#8550,.F.);
#8686=ORIENTED_EDGE('',*,*,#8663,.F.);
#8687=ORIENTED_EDGE('',*,*,#7695,.F.);
#8688=EDGE_LOOP('',(#8684,#8685,#8686,#8687));
#8689=FACE_OUTER_BOUND('',#8688,.F.);
#8691=FILL_AREA_STYLE_COLOUR('',#58);
#8692=FILL_AREA_STYLE('',(#8691));
#8693=SURFACE_STYLE_FILL_AREA(#8692);
#8694=SURFACE_SIDE_STYLE('',(#8693));
#8695=SURFACE_STYLE_USAGE(.BOTH.,#8694);
#8696=PRESENTATION_STYLE_ASSIGNMENT((#8695));
#8697=OVER_RIDING_STYLED_ITEM('',(#8696),#8690,#62);
#8698=CARTESIAN_POINT('',(2.84E0,-4.724444551396E0,0.E0));
#8699=DIRECTION('',(0.E0,-9.986295347546E-1,5.233595624337E-2));
#8700=DIRECTION('',(0.E0,-5.233595624337E-2,-9.986295347546E-1));
#8701=AXIS2_PLACEMENT_3D('',#8698,#8699,#8700);
#8702=PLANE('',#8701);
#8703=ORIENTED_EDGE('',*,*,#8683,.F.);
#8704=ORIENTED_EDGE('',*,*,#7693,.F.);
#8706=ORIENTED_EDGE('',*,*,#8705,.T.);
#8707=ORIENTED_EDGE('',*,*,#8552,.T.);
#8708=EDGE_LOOP('',(#8703,#8704,#8706,#8707));
#8709=FACE_OUTER_BOUND('',#8708,.F.);
#8711=FILL_AREA_STYLE_COLOUR('',#58);
#8712=FILL_AREA_STYLE('',(#8711));
#8713=SURFACE_STYLE_FILL_AREA(#8712);
#8714=SURFACE_SIDE_STYLE('',(#8713));
#8715=SURFACE_STYLE_USAGE(.BOTH.,#8714);
#8716=PRESENTATION_STYLE_ASSIGNMENT((#8715));
#8717=OVER_RIDING_STYLED_ITEM('',(#8716),#8710,#62);
#8718=CARTESIAN_POINT('',(2.891511830961E0,-4.487203409717E0,-2.5E-1));
#8719=DIRECTION('',(1.E0,0.E0,0.E0));
#8720=DIRECTION('',(0.E0,0.E0,1.E0));
#8721=AXIS2_PLACEMENT_3D('',#8718,#8719,#8720);
#8722=CYLINDRICAL_SURFACE('',#8721,2.5E-1);
#8723=ORIENTED_EDGE('',*,*,#7691,.F.);
#8724=ORIENTED_EDGE('',*,*,#7769,.T.);
#8725=ORIENTED_EDGE('',*,*,#8554,.F.);
#8726=ORIENTED_EDGE('',*,*,#8705,.F.);
#8727=EDGE_LOOP('',(#8723,#8724,#8725,#8726));
#8728=FACE_OUTER_BOUND('',#8727,.F.);
#8730=FILL_AREA_STYLE_COLOUR('',#58);
#8731=FILL_AREA_STYLE('',(#8730));
#8732=SURFACE_STYLE_FILL_AREA(#8731);
#8733=SURFACE_SIDE_STYLE('',(#8732));
#8734=SURFACE_STYLE_USAGE(.BOTH.,#8733);
#8735=PRESENTATION_STYLE_ASSIGNMENT((#8734));
#8736=OVER_RIDING_STYLED_ITEM('',(#8735),#8729,#62);
#8737=CARTESIAN_POINT('',(2.44E0,-3.183656503051E0,3.2E0));
#8738=DIRECTION('',(0.E0,-1.E0,0.E0));
#8739=DIRECTION('',(0.E0,0.E0,1.E0));
#8740=AXIS2_PLACEMENT_3D('',#8737,#8738,#8739);
#8741=CYLINDRICAL_SURFACE('',#8740,2.E-1);
#8742=ORIENTED_EDGE('',*,*,#8574,.T.);
#8743=ORIENTED_EDGE('',*,*,#7669,.F.);
#8744=ORIENTED_EDGE('',*,*,#7554,.F.);
#8746=ORIENTED_EDGE('',*,*,#8745,.F.);
#8747=EDGE_LOOP('',(#8742,#8743,#8744,#8746));
#8748=FACE_OUTER_BOUND('',#8747,.F.);
#8750=FILL_AREA_STYLE_COLOUR('',#58);
#8751=FILL_AREA_STYLE('',(#8750));
#8752=SURFACE_STYLE_FILL_AREA(#8751);
#8753=SURFACE_SIDE_STYLE('',(#8752));
#8754=SURFACE_STYLE_USAGE(.POSITIVE.,#8753);
#8755=FILL_AREA_STYLE_COLOUR('',#23);
#8756=FILL_AREA_STYLE('',(#8755));
#8757=SURFACE_STYLE_FILL_AREA(#8756);
#8758=SURFACE_SIDE_STYLE('',(#8757));
#8759=SURFACE_STYLE_USAGE(.NEGATIVE.,#8758);
#8760=PRESENTATION_STYLE_ASSIGNMENT((#8754,#8759));
#8761=OVER_RIDING_STYLED_ITEM('',(#8760),#8749,#62);
#8762=CARTESIAN_POINT('',(2.84E0,-3.15E0,0.E0));
#8763=DIRECTION('',(0.E0,1.E0,0.E0));
#8764=DIRECTION('',(-1.E0,0.E0,0.E0));
#8765=AXIS2_PLACEMENT_3D('',#8762,#8763,#8764);
#8766=PLANE('',#8765);
#8767=ORIENTED_EDGE('',*,*,#7347,.T.);
#8768=ORIENTED_EDGE('',*,*,#8576,.T.);
#8769=ORIENTED_EDGE('',*,*,#8745,.T.);
#8770=ORIENTED_EDGE('',*,*,#7552,.F.);
#8771=ORIENTED_EDGE('',*,*,#7646,.F.);
#8772=ORIENTED_EDGE('',*,*,#7727,.F.);
#8773=EDGE_LOOP('',(#8767,#8768,#8769,#8770,#8771,#8772));
#8774=FACE_OUTER_BOUND('',#8773,.F.);
#8776=FILL_AREA_STYLE_COLOUR('',#58);
#8777=FILL_AREA_STYLE('',(#8776));
#8778=SURFACE_STYLE_FILL_AREA(#8777);
#8779=SURFACE_SIDE_STYLE('',(#8778));
#8780=SURFACE_STYLE_USAGE(.BOTH.,#8779);
#8781=PRESENTATION_STYLE_ASSIGNMENT((#8780));
#8782=OVER_RIDING_STYLED_ITEM('',(#8781),#8775,#62);
#8783=CARTESIAN_POINT('',(3.E-1,-8.25E0,0.E0));
#8784=DIRECTION('',(-1.E0,0.E0,0.E0));
#8785=DIRECTION('',(0.E0,1.E0,0.E0));
#8786=AXIS2_PLACEMENT_3D('',#8783,#8784,#8785);
#8787=PLANE('',#8786);
#8788=ORIENTED_EDGE('',*,*,#7209,.F.);
#8789=ORIENTED_EDGE('',*,*,#7792,.F.);
#8791=ORIENTED_EDGE('',*,*,#8790,.T.);
#8793=ORIENTED_EDGE('',*,*,#8792,.T.);
#8795=ORIENTED_EDGE('',*,*,#8794,.T.);
#8797=ORIENTED_EDGE('',*,*,#8796,.T.);
#8799=ORIENTED_EDGE('',*,*,#8798,.T.);
#8801=ORIENTED_EDGE('',*,*,#8800,.T.);
#8803=ORIENTED_EDGE('',*,*,#8802,.T.);
#8804=ORIENTED_EDGE('',*,*,#8107,.F.);
#8806=ORIENTED_EDGE('',*,*,#8805,.T.);
#8807=ORIENTED_EDGE('',*,*,#8411,.T.);
#8808=EDGE_LOOP('',(#8788,#8789,#8791,#8793,#8795,#8797,#8799,#8801,#8803,#8804,
#8806,#8807));
#8809=FACE_OUTER_BOUND('',#8808,.F.);
#8811=FILL_AREA_STYLE_COLOUR('',#58);
#8812=FILL_AREA_STYLE('',(#8811));
#8813=SURFACE_STYLE_FILL_AREA(#8812);
#8814=SURFACE_SIDE_STYLE('',(#8813));
#8815=SURFACE_STYLE_USAGE(.BOTH.,#8814);
#8816=PRESENTATION_STYLE_ASSIGNMENT((#8815));
#8817=OVER_RIDING_STYLED_ITEM('',(#8816),#8810,#62);
#8818=CARTESIAN_POINT('',(3.E-1,-8.25E0,0.E0));
#8819=DIRECTION('',(-1.E0,0.E0,0.E0));
#8820=DIRECTION('',(0.E0,1.E0,0.E0));
#8821=AXIS2_PLACEMENT_3D('',#8818,#8819,#8820);
#8822=PLANE('',#8821);
#8823=ORIENTED_EDGE('',*,*,#7353,.F.);
#8825=ORIENTED_EDGE('',*,*,#8824,.T.);
#8827=ORIENTED_EDGE('',*,*,#8826,.F.);
#8829=ORIENTED_EDGE('',*,*,#8828,.T.);
#8830=EDGE_LOOP('',(#8823,#8825,#8827,#8829));
#8831=FACE_OUTER_BOUND('',#8830,.F.);
#8833=FILL_AREA_STYLE_COLOUR('',#58);
#8834=FILL_AREA_STYLE('',(#8833));
#8835=SURFACE_STYLE_FILL_AREA(#8834);
#8836=SURFACE_SIDE_STYLE('',(#8835));
#8837=SURFACE_STYLE_USAGE(.POSITIVE.,#8836);
#8838=PRESENTATION_STYLE_ASSIGNMENT((#8837));
#8839=OVER_RIDING_STYLED_ITEM('',(#8838),#8832,#62);
#8840=CARTESIAN_POINT('',(3.515118309608E-1,-4.487203409717E0,-2.5E-1));
#8841=DIRECTION('',(1.E0,0.E0,0.E0));
#8842=DIRECTION('',(0.E0,0.E0,1.E0));
#8843=AXIS2_PLACEMENT_3D('',#8840,#8841,#8842);
#8844=CYLINDRICAL_SURFACE('',#8843,2.5E-1);
#8845=ORIENTED_EDGE('',*,*,#8790,.F.);
#8846=ORIENTED_EDGE('',*,*,#7790,.T.);
#8848=ORIENTED_EDGE('',*,*,#8847,.F.);
#8850=ORIENTED_EDGE('',*,*,#8849,.F.);
#8851=EDGE_LOOP('',(#8845,#8846,#8848,#8850));
#8852=FACE_OUTER_BOUND('',#8851,.F.);
#8854=FILL_AREA_STYLE_COLOUR('',#58);
#8855=FILL_AREA_STYLE('',(#8854));
#8856=SURFACE_STYLE_FILL_AREA(#8855);
#8857=SURFACE_SIDE_STYLE('',(#8856));
#8858=SURFACE_STYLE_USAGE(.BOTH.,#8857);
#8859=PRESENTATION_STYLE_ASSIGNMENT((#8858));
#8860=OVER_RIDING_STYLED_ITEM('',(#8859),#8853,#62);
#8861=CARTESIAN_POINT('',(-3.E-1,-2.9E0,0.E0));
#8862=DIRECTION('',(1.E0,0.E0,0.E0));
#8863=DIRECTION('',(0.E0,-1.E0,0.E0));
#8864=AXIS2_PLACEMENT_3D('',#8861,#8862,#8863);
#8865=PLANE('',#8864);
#8866=ORIENTED_EDGE('',*,*,#7213,.T.);
#8867=ORIENTED_EDGE('',*,*,#8415,.T.);
#8869=ORIENTED_EDGE('',*,*,#8868,.T.);
#8870=ORIENTED_EDGE('',*,*,#8103,.T.);
#8872=ORIENTED_EDGE('',*,*,#8871,.T.);
#8874=ORIENTED_EDGE('',*,*,#8873,.F.);
#8876=ORIENTED_EDGE('',*,*,#8875,.F.);
#8878=ORIENTED_EDGE('',*,*,#8877,.F.);
#8880=ORIENTED_EDGE('',*,*,#8879,.T.);
#8882=ORIENTED_EDGE('',*,*,#8881,.F.);
#8883=ORIENTED_EDGE('',*,*,#8847,.T.);
#8884=ORIENTED_EDGE('',*,*,#7788,.F.);
#8885=EDGE_LOOP('',(#8866,#8867,#8869,#8870,#8872,#8874,#8876,#8878,#8880,#8882,
#8883,#8884));
#8886=FACE_OUTER_BOUND('',#8885,.F.);
#8888=FILL_AREA_STYLE_COLOUR('',#58);
#8889=FILL_AREA_STYLE('',(#8888));
#8890=SURFACE_STYLE_FILL_AREA(#8889);
#8891=SURFACE_SIDE_STYLE('',(#8890));
#8892=SURFACE_STYLE_USAGE(.BOTH.,#8891);
#8893=PRESENTATION_STYLE_ASSIGNMENT((#8892));
#8894=OVER_RIDING_STYLED_ITEM('',(#8893),#8887,#62);
#8895=CARTESIAN_POINT('',(-3.E-1,-2.9E0,0.E0));
#8896=DIRECTION('',(1.E0,0.E0,0.E0));
#8897=DIRECTION('',(0.E0,-1.E0,0.E0));
#8898=AXIS2_PLACEMENT_3D('',#8895,#8896,#8897);
#8899=PLANE('',#8898);
#8900=ORIENTED_EDGE('',*,*,#7357,.T.);
#8902=ORIENTED_EDGE('',*,*,#8901,.T.);
#8904=ORIENTED_EDGE('',*,*,#8903,.F.);
#8906=ORIENTED_EDGE('',*,*,#8905,.F.);
#8907=EDGE_LOOP('',(#8900,#8902,#8904,#8906));
#8908=FACE_OUTER_BOUND('',#8907,.F.);
#8910=FILL_AREA_STYLE_COLOUR('',#58);
#8911=FILL_AREA_STYLE('',(#8910));
#8912=SURFACE_STYLE_FILL_AREA(#8911);
#8913=SURFACE_SIDE_STYLE('',(#8912));
#8914=SURFACE_STYLE_USAGE(.POSITIVE.,#8913);
#8915=PRESENTATION_STYLE_ASSIGNMENT((#8914));
#8916=OVER_RIDING_STYLED_ITEM('',(#8915),#8909,#62);
#8917=CARTESIAN_POINT('',(5.415973116017E0,-4.487203409718E0,-2.5E-1));
#8918=DIRECTION('',(1.E0,0.E0,0.E0));
#8919=DIRECTION('',(0.E0,0.E0,1.E0));
#8920=AXIS2_PLACEMENT_3D('',#8917,#8918,#8919);
#8921=CYLINDRICAL_SURFACE('',#8920,5.E-1);
#8922=ORIENTED_EDGE('',*,*,#8105,.T.);
#8923=ORIENTED_EDGE('',*,*,#8868,.F.);
#8924=ORIENTED_EDGE('',*,*,#8413,.F.);
#8925=ORIENTED_EDGE('',*,*,#8805,.F.);
#8926=EDGE_LOOP('',(#8922,#8923,#8924,#8925));
#8927=FACE_OUTER_BOUND('',#8926,.F.);
#8929=FILL_AREA_STYLE_COLOUR('',#58);
#8930=FILL_AREA_STYLE('',(#8929));
#8931=SURFACE_STYLE_FILL_AREA(#8930);
#8932=SURFACE_SIDE_STYLE('',(#8931));
#8933=SURFACE_STYLE_USAGE(.BOTH.,#8932);
#8934=PRESENTATION_STYLE_ASSIGNMENT((#8933));
#8935=OVER_RIDING_STYLED_ITEM('',(#8934),#8928,#62);
#8936=CARTESIAN_POINT('',(-3.298401175296E-1,-5.221947881469E0,-1.85E0));
#8937=DIRECTION('',(-1.E0,0.E0,0.E0));
#8938=DIRECTION('',(0.E0,9.986295347546E-1,-5.233595624276E-2));
#8939=AXIS2_PLACEMENT_3D('',#8936,#8937,#8938);
#8940=CYLINDRICAL_SURFACE('',#8939,1.5E-1);
#8941=ORIENTED_EDGE('',*,*,#8101,.T.);
#8942=ORIENTED_EDGE('',*,*,#8802,.F.);
#8944=ORIENTED_EDGE('',*,*,#8943,.F.);
#8945=ORIENTED_EDGE('',*,*,#8871,.F.);
#8946=EDGE_LOOP('',(#8941,#8942,#8944,#8945));
#8947=FACE_OUTER_BOUND('',#8946,.F.);
#8949=FILL_AREA_STYLE_COLOUR('',#60);
#8950=FILL_AREA_STYLE('',(#8949));
#8951=SURFACE_STYLE_FILL_AREA(#8950);
#8952=SURFACE_SIDE_STYLE('',(#8951));
#8953=SURFACE_STYLE_USAGE(.POSITIVE.,#8952);
#8954=FILL_AREA_STYLE_COLOUR('',#58);
#8955=FILL_AREA_STYLE('',(#8954));
#8956=SURFACE_STYLE_FILL_AREA(#8955);
#8957=SURFACE_SIDE_STYLE('',(#8956));
#8958=SURFACE_STYLE_USAGE(.NEGATIVE.,#8957);
#8959=PRESENTATION_STYLE_ASSIGNMENT((#8953,#8958));
#8960=OVER_RIDING_STYLED_ITEM('',(#8959),#8948,#62);
#8961=CARTESIAN_POINT('',(3.E-1,-5.7E0,-2.E0));
#8962=DIRECTION('',(0.E0,0.E0,-1.E0));
#8963=DIRECTION('',(0.E0,1.E0,0.E0));
#8964=AXIS2_PLACEMENT_3D('',#8961,#8962,#8963);
#8965=PLANE('',#8964);
#8966=ORIENTED_EDGE('',*,*,#8943,.T.);
#8967=ORIENTED_EDGE('',*,*,#8800,.F.);
#8969=ORIENTED_EDGE('',*,*,#8968,.T.);
#8970=ORIENTED_EDGE('',*,*,#8873,.T.);
#8971=EDGE_LOOP('',(#8966,#8967,#8969,#8970));
#8972=FACE_OUTER_BOUND('',#8971,.F.);
#8974=FILL_AREA_STYLE_COLOUR('',#60);
#8975=FILL_AREA_STYLE('',(#8974));
#8976=SURFACE_STYLE_FILL_AREA(#8975);
#8977=SURFACE_SIDE_STYLE('',(#8976));
#8978=SURFACE_STYLE_USAGE(.POSITIVE.,#8977);
#8979=FILL_AREA_STYLE_COLOUR('',#58);
#8980=FILL_AREA_STYLE('',(#8979));
#8981=SURFACE_STYLE_FILL_AREA(#8980);
#8982=SURFACE_SIDE_STYLE('',(#8981));
#8983=SURFACE_STYLE_USAGE(.NEGATIVE.,#8982);
#8984=PRESENTATION_STYLE_ASSIGNMENT((#8978,#8983));
#8985=OVER_RIDING_STYLED_ITEM('',(#8984),#8973,#62);
#8986=CARTESIAN_POINT('',(3.E-1,-5.7E0,-2.25E0));
#8987=DIRECTION('',(0.E0,1.E0,0.E0));
#8988=DIRECTION('',(0.E0,0.E0,1.E0));
#8989=AXIS2_PLACEMENT_3D('',#8986,#8987,#8988);
#8990=PLANE('',#8989);
#8991=ORIENTED_EDGE('',*,*,#8798,.F.);
#8993=ORIENTED_EDGE('',*,*,#8992,.T.);
#8994=ORIENTED_EDGE('',*,*,#8875,.T.);
#8995=ORIENTED_EDGE('',*,*,#8968,.F.);
#8996=EDGE_LOOP('',(#8991,#8993,#8994,#8995));
#8997=FACE_OUTER_BOUND('',#8996,.F.);
#8999=FILL_AREA_STYLE_COLOUR('',#58);
#9000=FILL_AREA_STYLE('',(#8999));
#9001=SURFACE_STYLE_FILL_AREA(#9000);
#9002=SURFACE_SIDE_STYLE('',(#9001));
#9003=SURFACE_STYLE_USAGE(.BOTH.,#9002);
#9004=PRESENTATION_STYLE_ASSIGNMENT((#9003));
#9005=OVER_RIDING_STYLED_ITEM('',(#9004),#8998,#62);
#9006=CARTESIAN_POINT('',(3.E-1,-4.842362054784E0,-2.25E0));
#9007=DIRECTION('',(0.E0,0.E0,1.E0));
#9008=DIRECTION('',(0.E0,-1.E0,0.E0));
#9009=AXIS2_PLACEMENT_3D('',#9006,#9007,#9008);
#9010=PLANE('',#9009);
#9012=ORIENTED_EDGE('',*,*,#9011,.T.);
#9013=ORIENTED_EDGE('',*,*,#8877,.T.);
#9014=ORIENTED_EDGE('',*,*,#8992,.F.);
#9015=ORIENTED_EDGE('',*,*,#8796,.F.);
#9016=EDGE_LOOP('',(#9012,#9013,#9014,#9015));
#9017=FACE_OUTER_BOUND('',#9016,.F.);
#9019=FILL_AREA_STYLE_COLOUR('',#58);
#9020=FILL_AREA_STYLE('',(#9019));
#9021=SURFACE_STYLE_FILL_AREA(#9020);
#9022=SURFACE_SIDE_STYLE('',(#9021));
#9023=SURFACE_STYLE_USAGE(.BOTH.,#9022);
#9024=PRESENTATION_STYLE_ASSIGNMENT((#9023));
#9025=OVER_RIDING_STYLED_ITEM('',(#9024),#9018,#62);
#9026=CARTESIAN_POINT('',(3.349232752276E-1,-5.221947881470E0,-1.85E0));
#9027=DIRECTION('',(1.E0,0.E0,0.E0));
#9028=DIRECTION('',(0.E0,0.E0,-1.E0));
#9029=AXIS2_PLACEMENT_3D('',#9026,#9027,#9028);
#9030=CYLINDRICAL_SURFACE('',#9029,4.E-1);
#9032=ORIENTED_EDGE('',*,*,#9031,.T.);
#9033=ORIENTED_EDGE('',*,*,#8879,.F.);
#9034=ORIENTED_EDGE('',*,*,#9011,.F.);
#9035=ORIENTED_EDGE('',*,*,#8794,.F.);
#9036=EDGE_LOOP('',(#9032,#9033,#9034,#9035));
#9037=FACE_OUTER_BOUND('',#9036,.F.);
#9039=FILL_AREA_STYLE_COLOUR('',#58);
#9040=FILL_AREA_STYLE('',(#9039));
#9041=SURFACE_STYLE_FILL_AREA(#9040);
#9042=SURFACE_SIDE_STYLE('',(#9041));
#9043=SURFACE_STYLE_USAGE(.BOTH.,#9042);
#9044=PRESENTATION_STYLE_ASSIGNMENT((#9043));
#9045=OVER_RIDING_STYLED_ITEM('',(#9044),#9038,#62);
#9046=CARTESIAN_POINT('',(3.E-1,-4.724444551396E0,0.E0));
#9047=DIRECTION('',(0.E0,-9.986295347546E-1,5.233595624337E-2));
#9048=DIRECTION('',(0.E0,-5.233595624337E-2,-9.986295347546E-1));
#9049=AXIS2_PLACEMENT_3D('',#9046,#9047,#9048);
#9050=PLANE('',#9049);
#9051=ORIENTED_EDGE('',*,*,#9031,.F.);
#9052=ORIENTED_EDGE('',*,*,#8792,.F.);
#9053=ORIENTED_EDGE('',*,*,#8849,.T.);
#9054=ORIENTED_EDGE('',*,*,#8881,.T.);
#9055=EDGE_LOOP('',(#9051,#9052,#9053,#9054));
#9056=FACE_OUTER_BOUND('',#9055,.F.);
#9058=FILL_AREA_STYLE_COLOUR('',#58);
#9059=FILL_AREA_STYLE('',(#9058));
#9060=SURFACE_STYLE_FILL_AREA(#9059);
#9061=SURFACE_SIDE_STYLE('',(#9060));
#9062=SURFACE_STYLE_USAGE(.BOTH.,#9061);
#9063=PRESENTATION_STYLE_ASSIGNMENT((#9062));
#9064=OVER_RIDING_STYLED_ITEM('',(#9063),#9057,#62);
#9065=CARTESIAN_POINT('',(3.E-1,-2.9E0,0.E0));
#9066=DIRECTION('',(0.E0,-1.E0,0.E0));
#9067=DIRECTION('',(-1.E0,0.E0,0.E0));
#9068=AXIS2_PLACEMENT_3D('',#9065,#9066,#9067);
#9069=PLANE('',#9068);
#9070=ORIENTED_EDGE('',*,*,#7355,.F.);
#9071=ORIENTED_EDGE('',*,*,#8828,.F.);
#9073=ORIENTED_EDGE('',*,*,#9072,.F.);
#9074=ORIENTED_EDGE('',*,*,#7625,.F.);
#9076=ORIENTED_EDGE('',*,*,#9075,.T.);
#9077=ORIENTED_EDGE('',*,*,#8901,.F.);
#9078=EDGE_LOOP('',(#9070,#9071,#9073,#9074,#9076,#9077));
#9079=FACE_OUTER_BOUND('',#9078,.F.);
#9081=FILL_AREA_STYLE_COLOUR('',#58);
#9082=FILL_AREA_STYLE('',(#9081));
#9083=SURFACE_STYLE_FILL_AREA(#9082);
#9084=SURFACE_SIDE_STYLE('',(#9083));
#9085=SURFACE_STYLE_USAGE(.BOTH.,#9084);
#9086=PRESENTATION_STYLE_ASSIGNMENT((#9085));
#9087=OVER_RIDING_STYLED_ITEM('',(#9086),#9080,#62);
#9088=CARTESIAN_POINT('',(1.E-1,-2.865076724772E0,3.2E0));
#9089=DIRECTION('',(0.E0,1.E0,0.E0));
#9090=DIRECTION('',(0.E0,0.E0,1.E0));
#9091=AXIS2_PLACEMENT_3D('',#9088,#9089,#9090);
#9092=CYLINDRICAL_SURFACE('',#9091,2.E-1);
#9093=ORIENTED_EDGE('',*,*,#9072,.T.);
#9094=ORIENTED_EDGE('',*,*,#8826,.T.);
#9096=ORIENTED_EDGE('',*,*,#9095,.T.);
#9097=ORIENTED_EDGE('',*,*,#7619,.F.);
#9098=EDGE_LOOP('',(#9093,#9094,#9096,#9097));
#9099=FACE_OUTER_BOUND('',#9098,.F.);
#9101=FILL_AREA_STYLE_COLOUR('',#58);
#9102=FILL_AREA_STYLE('',(#9101));
#9103=SURFACE_STYLE_FILL_AREA(#9102);
#9104=SURFACE_SIDE_STYLE('',(#9103));
#9105=SURFACE_STYLE_USAGE(.BOTH.,#9104);
#9106=PRESENTATION_STYLE_ASSIGNMENT((#9105));
#9107=OVER_RIDING_STYLED_ITEM('',(#9106),#9100,#62);
#9108=CARTESIAN_POINT('',(3.E-1,-3.15E0,0.E0));
#9109=DIRECTION('',(0.E0,1.E0,0.E0));
#9110=DIRECTION('',(-1.E0,0.E0,0.E0));
#9111=AXIS2_PLACEMENT_3D('',#9108,#9109,#9110);
#9112=PLANE('',#9111);
#9113=ORIENTED_EDGE('',*,*,#7359,.T.);
#9114=ORIENTED_EDGE('',*,*,#8905,.T.);
#9116=ORIENTED_EDGE('',*,*,#9115,.T.);
#9117=ORIENTED_EDGE('',*,*,#7621,.F.);
#9118=ORIENTED_EDGE('',*,*,#9095,.F.);
#9119=ORIENTED_EDGE('',*,*,#8824,.F.);
#9120=EDGE_LOOP('',(#9113,#9114,#9116,#9117,#9118,#9119));
#9121=FACE_OUTER_BOUND('',#9120,.F.);
#9123=FILL_AREA_STYLE_COLOUR('',#58);
#9124=FILL_AREA_STYLE('',(#9123));
#9125=SURFACE_STYLE_FILL_AREA(#9124);
#9126=SURFACE_SIDE_STYLE('',(#9125));
#9127=SURFACE_STYLE_USAGE(.BOTH.,#9126);
#9128=PRESENTATION_STYLE_ASSIGNMENT((#9127));
#9129=OVER_RIDING_STYLED_ITEM('',(#9128),#9122,#62);
#9130=CARTESIAN_POINT('',(-1.E-1,-3.183656503051E0,3.2E0));
#9131=DIRECTION('',(0.E0,-1.E0,0.E0));
#9132=DIRECTION('',(0.E0,0.E0,1.E0));
#9133=AXIS2_PLACEMENT_3D('',#9130,#9131,#9132);
#9134=CYLINDRICAL_SURFACE('',#9133,2.E-1);
#9135=ORIENTED_EDGE('',*,*,#8903,.T.);
#9136=ORIENTED_EDGE('',*,*,#9075,.F.);
#9137=ORIENTED_EDGE('',*,*,#7623,.F.);
#9138=ORIENTED_EDGE('',*,*,#9115,.F.);
#9139=EDGE_LOOP('',(#9135,#9136,#9137,#9138));
#9140=FACE_OUTER_BOUND('',#9139,.F.);
#9142=FILL_AREA_STYLE_COLOUR('',#58);
#9143=FILL_AREA_STYLE('',(#9142));
#9144=SURFACE_STYLE_FILL_AREA(#9143);
#9145=SURFACE_SIDE_STYLE('',(#9144));
#9146=SURFACE_STYLE_USAGE(.POSITIVE.,#9145);
#9147=FILL_AREA_STYLE_COLOUR('',#23);
#9148=FILL_AREA_STYLE('',(#9147));
#9149=SURFACE_STYLE_FILL_AREA(#9148);
#9150=SURFACE_SIDE_STYLE('',(#9149));
#9151=SURFACE_STYLE_USAGE(.NEGATIVE.,#9150);
#9152=PRESENTATION_STYLE_ASSIGNMENT((#9146,#9151));
#9153=OVER_RIDING_STYLED_ITEM('',(#9152),#9141,#62);
#9154=CARTESIAN_POINT('',(5.415973116017E0,-4.487203409718E0,-2.5E-1));
#9155=DIRECTION('',(1.E0,0.E0,0.E0));
#9156=DIRECTION('',(0.E0,0.E0,1.E0));
#9157=AXIS2_PLACEMENT_3D('',#9154,#9155,#9156);
#9158=CYLINDRICAL_SURFACE('',#9157,5.E-1);
#9159=ORIENTED_EDGE('',*,*,#7997,.T.);
#9160=ORIENTED_EDGE('',*,*,#8261,.F.);
#9161=ORIENTED_EDGE('',*,*,#8438,.F.);
#9162=ORIENTED_EDGE('',*,*,#8194,.F.);
#9163=EDGE_LOOP('',(#9159,#9160,#9161,#9162));
#9164=FACE_OUTER_BOUND('',#9163,.F.);
#9166=FILL_AREA_STYLE_COLOUR('',#60);
#9167=FILL_AREA_STYLE('',(#9166));
#9168=SURFACE_STYLE_FILL_AREA(#9167);
#9169=SURFACE_SIDE_STYLE('',(#9168));
#9170=SURFACE_STYLE_USAGE(.POSITIVE.,#9169);
#9171=FILL_AREA_STYLE_COLOUR('',#58);
#9172=FILL_AREA_STYLE('',(#9171));
#9173=SURFACE_STYLE_FILL_AREA(#9172);
#9174=SURFACE_SIDE_STYLE('',(#9173));
#9175=SURFACE_STYLE_USAGE(.NEGATIVE.,#9174);
#9176=PRESENTATION_STYLE_ASSIGNMENT((#9170,#9175));
#9177=OVER_RIDING_STYLED_ITEM('',(#9176),#9165,#62);
#9178=CARTESIAN_POINT('',(-2.84E0,-2.9E0,0.E0));
#9179=DIRECTION('',(1.E0,0.E0,0.E0));
#9180=DIRECTION('',(0.E0,-1.E0,0.E0));
#9181=AXIS2_PLACEMENT_3D('',#9178,#9179,#9180);
#9182=PLANE('',#9181);
#9183=ORIENTED_EDGE('',*,*,#7220,.T.);
#9184=ORIENTED_EDGE('',*,*,#8462,.T.);
#9186=ORIENTED_EDGE('',*,*,#9185,.T.);
#9187=ORIENTED_EDGE('',*,*,#8023,.T.);
#9189=ORIENTED_EDGE('',*,*,#9188,.T.);
#9191=ORIENTED_EDGE('',*,*,#9190,.F.);
#9193=ORIENTED_EDGE('',*,*,#9192,.F.);
#9195=ORIENTED_EDGE('',*,*,#9194,.F.);
#9197=ORIENTED_EDGE('',*,*,#9196,.T.);
#9199=ORIENTED_EDGE('',*,*,#9198,.F.);
#9201=ORIENTED_EDGE('',*,*,#9200,.T.);
#9202=ORIENTED_EDGE('',*,*,#7831,.F.);
#9203=EDGE_LOOP('',(#9183,#9184,#9186,#9187,#9189,#9191,#9193,#9195,#9197,#9199,
#9201,#9202));
#9204=FACE_OUTER_BOUND('',#9203,.F.);
#9206=FILL_AREA_STYLE_COLOUR('',#58);
#9207=FILL_AREA_STYLE('',(#9206));
#9208=SURFACE_STYLE_FILL_AREA(#9207);
#9209=SURFACE_SIDE_STYLE('',(#9208));
#9210=SURFACE_STYLE_USAGE(.BOTH.,#9209);
#9211=PRESENTATION_STYLE_ASSIGNMENT((#9210));
#9212=OVER_RIDING_STYLED_ITEM('',(#9211),#9205,#62);
#9213=CARTESIAN_POINT('',(-2.84E0,-2.9E0,0.E0));
#9214=DIRECTION('',(1.E0,0.E0,0.E0));
#9215=DIRECTION('',(0.E0,-1.E0,0.E0));
#9216=AXIS2_PLACEMENT_3D('',#9213,#9214,#9215);
#9217=PLANE('',#9216);
#9218=ORIENTED_EDGE('',*,*,#7339,.T.);
#9220=ORIENTED_EDGE('',*,*,#9219,.T.);
#9222=ORIENTED_EDGE('',*,*,#9221,.F.);
#9224=ORIENTED_EDGE('',*,*,#9223,.T.);
#9225=EDGE_LOOP('',(#9218,#9220,#9222,#9224));
#9226=FACE_OUTER_BOUND('',#9225,.F.);
#9228=FILL_AREA_STYLE_COLOUR('',#58);
#9229=FILL_AREA_STYLE('',(#9228));
#9230=SURFACE_STYLE_FILL_AREA(#9229);
#9231=SURFACE_SIDE_STYLE('',(#9230));
#9232=SURFACE_STYLE_USAGE(.POSITIVE.,#9231);
#9233=PRESENTATION_STYLE_ASSIGNMENT((#9232));
#9234=OVER_RIDING_STYLED_ITEM('',(#9233),#9227,#62);
#9235=CARTESIAN_POINT('',(5.415973116017E0,-4.487203409718E0,-2.5E-1));
#9236=DIRECTION('',(1.E0,0.E0,0.E0));
#9237=DIRECTION('',(0.E0,0.E0,1.E0));
#9238=AXIS2_PLACEMENT_3D('',#9235,#9236,#9237);
#9239=CYLINDRICAL_SURFACE('',#9238,5.E-1);
#9240=ORIENTED_EDGE('',*,*,#8025,.T.);
#9241=ORIENTED_EDGE('',*,*,#9185,.F.);
#9242=ORIENTED_EDGE('',*,*,#8467,.F.);
#9244=ORIENTED_EDGE('',*,*,#9243,.F.);
#9245=EDGE_LOOP('',(#9240,#9241,#9242,#9244));
#9246=FACE_OUTER_BOUND('',#9245,.F.);
#9248=FILL_AREA_STYLE_COLOUR('',#60);
#9249=FILL_AREA_STYLE('',(#9248));
#9250=SURFACE_STYLE_FILL_AREA(#9249);
#9251=SURFACE_SIDE_STYLE('',(#9250));
#9252=SURFACE_STYLE_USAGE(.POSITIVE.,#9251);
#9253=FILL_AREA_STYLE_COLOUR('',#58);
#9254=FILL_AREA_STYLE('',(#9253));
#9255=SURFACE_STYLE_FILL_AREA(#9254);
#9256=SURFACE_SIDE_STYLE('',(#9255));
#9257=SURFACE_STYLE_USAGE(.NEGATIVE.,#9256);
#9258=PRESENTATION_STYLE_ASSIGNMENT((#9252,#9257));
#9259=OVER_RIDING_STYLED_ITEM('',(#9258),#9247,#62);
#9260=CARTESIAN_POINT('',(-2.24E0,-8.25E0,0.E0));
#9261=DIRECTION('',(-1.E0,0.E0,0.E0));
#9262=DIRECTION('',(0.E0,1.E0,0.E0));
#9263=AXIS2_PLACEMENT_3D('',#9260,#9261,#9262);
#9264=PLANE('',#9263);
#9265=ORIENTED_EDGE('',*,*,#7216,.F.);
#9266=ORIENTED_EDGE('',*,*,#7835,.F.);
#9268=ORIENTED_EDGE('',*,*,#9267,.T.);
#9270=ORIENTED_EDGE('',*,*,#9269,.T.);
#9272=ORIENTED_EDGE('',*,*,#9271,.T.);
#9274=ORIENTED_EDGE('',*,*,#9273,.T.);
#9276=ORIENTED_EDGE('',*,*,#9275,.T.);
#9278=ORIENTED_EDGE('',*,*,#9277,.T.);
#9280=ORIENTED_EDGE('',*,*,#9279,.T.);
#9281=ORIENTED_EDGE('',*,*,#8027,.F.);
#9282=ORIENTED_EDGE('',*,*,#9243,.T.);
#9283=ORIENTED_EDGE('',*,*,#8465,.T.);
#9284=EDGE_LOOP('',(#9265,#9266,#9268,#9270,#9272,#9274,#9276,#9278,#9280,#9281,
#9282,#9283));
#9285=FACE_OUTER_BOUND('',#9284,.F.);
#9287=FILL_AREA_STYLE_COLOUR('',#58);
#9288=FILL_AREA_STYLE('',(#9287));
#9289=SURFACE_STYLE_FILL_AREA(#9288);
#9290=SURFACE_SIDE_STYLE('',(#9289));
#9291=SURFACE_STYLE_USAGE(.BOTH.,#9290);
#9292=PRESENTATION_STYLE_ASSIGNMENT((#9291));
#9293=OVER_RIDING_STYLED_ITEM('',(#9292),#9286,#62);
#9294=CARTESIAN_POINT('',(-2.24E0,-8.25E0,0.E0));
#9295=DIRECTION('',(-1.E0,0.E0,0.E0));
#9296=DIRECTION('',(0.E0,1.E0,0.E0));
#9297=AXIS2_PLACEMENT_3D('',#9294,#9295,#9296);
#9298=PLANE('',#9297);
#9299=ORIENTED_EDGE('',*,*,#7335,.F.);
#9301=ORIENTED_EDGE('',*,*,#9300,.F.);
#9303=ORIENTED_EDGE('',*,*,#9302,.F.);
#9305=ORIENTED_EDGE('',*,*,#9304,.T.);
#9306=EDGE_LOOP('',(#9299,#9301,#9303,#9305));
#9307=FACE_OUTER_BOUND('',#9306,.F.);
#9309=FILL_AREA_STYLE_COLOUR('',#58);
#9310=FILL_AREA_STYLE('',(#9309));
#9311=SURFACE_STYLE_FILL_AREA(#9310);
#9312=SURFACE_SIDE_STYLE('',(#9311));
#9313=SURFACE_STYLE_USAGE(.POSITIVE.,#9312);
#9314=PRESENTATION_STYLE_ASSIGNMENT((#9313));
#9315=OVER_RIDING_STYLED_ITEM('',(#9314),#9308,#62);
#9316=CARTESIAN_POINT('',(-2.188488169039E0,-4.487203409717E0,-2.5E-1));
#9317=DIRECTION('',(1.E0,0.E0,0.E0));
#9318=DIRECTION('',(0.E0,0.E0,1.E0));
#9319=AXIS2_PLACEMENT_3D('',#9316,#9317,#9318);
#9320=CYLINDRICAL_SURFACE('',#9319,2.5E-1);
#9321=ORIENTED_EDGE('',*,*,#7833,.T.);
#9322=ORIENTED_EDGE('',*,*,#9200,.F.);
#9324=ORIENTED_EDGE('',*,*,#9323,.F.);
#9325=ORIENTED_EDGE('',*,*,#9267,.F.);
#9326=EDGE_LOOP('',(#9321,#9322,#9324,#9325));
#9327=FACE_OUTER_BOUND('',#9326,.F.);
#9329=FILL_AREA_STYLE_COLOUR('',#58);
#9330=FILL_AREA_STYLE('',(#9329));
#9331=SURFACE_STYLE_FILL_AREA(#9330);
#9332=SURFACE_SIDE_STYLE('',(#9331));
#9333=SURFACE_STYLE_USAGE(.BOTH.,#9332);
#9334=PRESENTATION_STYLE_ASSIGNMENT((#9333));
#9335=OVER_RIDING_STYLED_ITEM('',(#9334),#9328,#62);
#9336=CARTESIAN_POINT('',(-2.24E0,-4.724444551396E0,0.E0));
#9337=DIRECTION('',(0.E0,-9.986295347546E-1,5.233595624337E-2));
#9338=DIRECTION('',(0.E0,-5.233595624337E-2,-9.986295347546E-1));
#9339=AXIS2_PLACEMENT_3D('',#9336,#9337,#9338);
#9340=PLANE('',#9339);
#9342=ORIENTED_EDGE('',*,*,#9341,.F.);
#9343=ORIENTED_EDGE('',*,*,#9269,.F.);
#9344=ORIENTED_EDGE('',*,*,#9323,.T.);
#9345=ORIENTED_EDGE('',*,*,#9198,.T.);
#9346=EDGE_LOOP('',(#9342,#9343,#9344,#9345));
#9347=FACE_OUTER_BOUND('',#9346,.F.);
#9349=FILL_AREA_STYLE_COLOUR('',#58);
#9350=FILL_AREA_STYLE('',(#9349));
#9351=SURFACE_STYLE_FILL_AREA(#9350);
#9352=SURFACE_SIDE_STYLE('',(#9351));
#9353=SURFACE_STYLE_USAGE(.BOTH.,#9352);
#9354=PRESENTATION_STYLE_ASSIGNMENT((#9353));
#9355=OVER_RIDING_STYLED_ITEM('',(#9354),#9348,#62);
#9356=CARTESIAN_POINT('',(-2.205076724772E0,-5.221947881470E0,-1.85E0));
#9357=DIRECTION('',(1.E0,0.E0,0.E0));
#9358=DIRECTION('',(0.E0,0.E0,-1.E0));
#9359=AXIS2_PLACEMENT_3D('',#9356,#9357,#9358);
#9360=CYLINDRICAL_SURFACE('',#9359,4.E-1);
#9361=ORIENTED_EDGE('',*,*,#9341,.T.);
#9362=ORIENTED_EDGE('',*,*,#9196,.F.);
#9364=ORIENTED_EDGE('',*,*,#9363,.F.);
#9365=ORIENTED_EDGE('',*,*,#9271,.F.);
#9366=EDGE_LOOP('',(#9361,#9362,#9364,#9365));
#9367=FACE_OUTER_BOUND('',#9366,.F.);
#9369=FILL_AREA_STYLE_COLOUR('',#58);
#9370=FILL_AREA_STYLE('',(#9369));
#9371=SURFACE_STYLE_FILL_AREA(#9370);
#9372=SURFACE_SIDE_STYLE('',(#9371));
#9373=SURFACE_STYLE_USAGE(.BOTH.,#9372);
#9374=PRESENTATION_STYLE_ASSIGNMENT((#9373));
#9375=OVER_RIDING_STYLED_ITEM('',(#9374),#9368,#62);
#9376=CARTESIAN_POINT('',(-2.24E0,-4.842362054784E0,-2.25E0));
#9377=DIRECTION('',(0.E0,0.E0,1.E0));
#9378=DIRECTION('',(0.E0,-1.E0,0.E0));
#9379=AXIS2_PLACEMENT_3D('',#9376,#9377,#9378);
#9380=PLANE('',#9379);
#9381=ORIENTED_EDGE('',*,*,#9363,.T.);
#9382=ORIENTED_EDGE('',*,*,#9194,.T.);
#9384=ORIENTED_EDGE('',*,*,#9383,.F.);
#9385=ORIENTED_EDGE('',*,*,#9273,.F.);
#9386=EDGE_LOOP('',(#9381,#9382,#9384,#9385));
#9387=FACE_OUTER_BOUND('',#9386,.F.);
#9389=FILL_AREA_STYLE_COLOUR('',#58);
#9390=FILL_AREA_STYLE('',(#9389));
#9391=SURFACE_STYLE_FILL_AREA(#9390);
#9392=SURFACE_SIDE_STYLE('',(#9391));
#9393=SURFACE_STYLE_USAGE(.BOTH.,#9392);
#9394=PRESENTATION_STYLE_ASSIGNMENT((#9393));
#9395=OVER_RIDING_STYLED_ITEM('',(#9394),#9388,#62);
#9396=CARTESIAN_POINT('',(-2.24E0,-5.7E0,-2.25E0));
#9397=DIRECTION('',(0.E0,1.E0,0.E0));
#9398=DIRECTION('',(0.E0,0.E0,1.E0));
#9399=AXIS2_PLACEMENT_3D('',#9396,#9397,#9398);
#9400=PLANE('',#9399);
#9401=ORIENTED_EDGE('',*,*,#9275,.F.);
#9402=ORIENTED_EDGE('',*,*,#9383,.T.);
#9403=ORIENTED_EDGE('',*,*,#9192,.T.);
#9405=ORIENTED_EDGE('',*,*,#9404,.F.);
#9406=EDGE_LOOP('',(#9401,#9402,#9403,#9405));
#9407=FACE_OUTER_BOUND('',#9406,.F.);
#9409=FILL_AREA_STYLE_COLOUR('',#58);
#9410=FILL_AREA_STYLE('',(#9409));
#9411=SURFACE_STYLE_FILL_AREA(#9410);
#9412=SURFACE_SIDE_STYLE('',(#9411));
#9413=SURFACE_STYLE_USAGE(.BOTH.,#9412);
#9414=PRESENTATION_STYLE_ASSIGNMENT((#9413));
#9415=OVER_RIDING_STYLED_ITEM('',(#9414),#9408,#62);
#9416=CARTESIAN_POINT('',(-2.24E0,-5.7E0,-2.E0));
#9417=DIRECTION('',(0.E0,0.E0,-1.E0));
#9418=DIRECTION('',(0.E0,1.E0,0.E0));
#9419=AXIS2_PLACEMENT_3D('',#9416,#9417,#9418);
#9420=PLANE('',#9419);
#9422=ORIENTED_EDGE('',*,*,#9421,.T.);
#9423=ORIENTED_EDGE('',*,*,#9277,.F.);
#9424=ORIENTED_EDGE('',*,*,#9404,.T.);
#9425=ORIENTED_EDGE('',*,*,#9190,.T.);
#9426=EDGE_LOOP('',(#9422,#9423,#9424,#9425));
#9427=FACE_OUTER_BOUND('',#9426,.F.);
#9429=FILL_AREA_STYLE_COLOUR('',#60);
#9430=FILL_AREA_STYLE('',(#9429));
#9431=SURFACE_STYLE_FILL_AREA(#9430);
#9432=SURFACE_SIDE_STYLE('',(#9431));
#9433=SURFACE_STYLE_USAGE(.POSITIVE.,#9432);
#9434=FILL_AREA_STYLE_COLOUR('',#58);
#9435=FILL_AREA_STYLE('',(#9434));
#9436=SURFACE_STYLE_FILL_AREA(#9435);
#9437=SURFACE_SIDE_STYLE('',(#9436));
#9438=SURFACE_STYLE_USAGE(.NEGATIVE.,#9437);
#9439=PRESENTATION_STYLE_ASSIGNMENT((#9433,#9438));
#9440=OVER_RIDING_STYLED_ITEM('',(#9439),#9428,#62);
#9441=CARTESIAN_POINT('',(-2.869840117530E0,-5.221947881469E0,-1.85E0));
#9442=DIRECTION('',(-1.E0,0.E0,0.E0));
#9443=DIRECTION('',(0.E0,9.986295347546E-1,-5.233595624276E-2));
#9444=AXIS2_PLACEMENT_3D('',#9441,#9442,#9443);
#9445=CYLINDRICAL_SURFACE('',#9444,1.5E-1);
#9446=ORIENTED_EDGE('',*,*,#8021,.T.);
#9447=ORIENTED_EDGE('',*,*,#9279,.F.);
#9448=ORIENTED_EDGE('',*,*,#9421,.F.);
#9449=ORIENTED_EDGE('',*,*,#9188,.F.);
#9450=EDGE_LOOP('',(#9446,#9447,#9448,#9449));
#9451=FACE_OUTER_BOUND('',#9450,.F.);
#9453=FILL_AREA_STYLE_COLOUR('',#60);
#9454=FILL_AREA_STYLE('',(#9453));
#9455=SURFACE_STYLE_FILL_AREA(#9454);
#9456=SURFACE_SIDE_STYLE('',(#9455));
#9457=SURFACE_STYLE_USAGE(.POSITIVE.,#9456);
#9458=FILL_AREA_STYLE_COLOUR('',#58);
#9459=FILL_AREA_STYLE('',(#9458));
#9460=SURFACE_STYLE_FILL_AREA(#9459);
#9461=SURFACE_SIDE_STYLE('',(#9460));
#9462=SURFACE_STYLE_USAGE(.NEGATIVE.,#9461);
#9463=PRESENTATION_STYLE_ASSIGNMENT((#9457,#9462));
#9464=OVER_RIDING_STYLED_ITEM('',(#9463),#9452,#62);
#9465=CARTESIAN_POINT('',(-2.24E0,-3.15E0,0.E0));
#9466=DIRECTION('',(0.E0,1.E0,0.E0));
#9467=DIRECTION('',(-1.E0,0.E0,0.E0));
#9468=AXIS2_PLACEMENT_3D('',#9465,#9466,#9467);
#9469=PLANE('',#9468);
#9470=ORIENTED_EDGE('',*,*,#7333,.F.);
#9471=ORIENTED_EDGE('',*,*,#9223,.F.);
#9473=ORIENTED_EDGE('',*,*,#9472,.T.);
#9474=ORIENTED_EDGE('',*,*,#7575,.F.);
#9476=ORIENTED_EDGE('',*,*,#9475,.F.);
#9477=ORIENTED_EDGE('',*,*,#9300,.T.);
#9478=EDGE_LOOP('',(#9470,#9471,#9473,#9474,#9476,#9477));
#9479=FACE_OUTER_BOUND('',#9478,.F.);
#9481=FILL_AREA_STYLE_COLOUR('',#58);
#9482=FILL_AREA_STYLE('',(#9481));
#9483=SURFACE_STYLE_FILL_AREA(#9482);
#9484=SURFACE_SIDE_STYLE('',(#9483));
#9485=SURFACE_STYLE_USAGE(.BOTH.,#9484);
#9486=PRESENTATION_STYLE_ASSIGNMENT((#9485));
#9487=OVER_RIDING_STYLED_ITEM('',(#9486),#9480,#62);
#9488=CARTESIAN_POINT('',(-2.64E0,-3.183656503051E0,3.2E0));
#9489=DIRECTION('',(0.E0,-1.E0,0.E0));
#9490=DIRECTION('',(0.E0,0.E0,1.E0));
#9491=AXIS2_PLACEMENT_3D('',#9488,#9489,#9490);
#9492=CYLINDRICAL_SURFACE('',#9491,2.E-1);
#9493=ORIENTED_EDGE('',*,*,#9221,.T.);
#9495=ORIENTED_EDGE('',*,*,#9494,.F.);
#9496=ORIENTED_EDGE('',*,*,#7577,.F.);
#9497=ORIENTED_EDGE('',*,*,#9472,.F.);
#9498=EDGE_LOOP('',(#9493,#9495,#9496,#9497));
#9499=FACE_OUTER_BOUND('',#9498,.F.);
#9501=FILL_AREA_STYLE_COLOUR('',#58);
#9502=FILL_AREA_STYLE('',(#9501));
#9503=SURFACE_STYLE_FILL_AREA(#9502);
#9504=SURFACE_SIDE_STYLE('',(#9503));
#9505=SURFACE_STYLE_USAGE(.POSITIVE.,#9504);
#9506=FILL_AREA_STYLE_COLOUR('',#23);
#9507=FILL_AREA_STYLE('',(#9506));
#9508=SURFACE_STYLE_FILL_AREA(#9507);
#9509=SURFACE_SIDE_STYLE('',(#9508));
#9510=SURFACE_STYLE_USAGE(.NEGATIVE.,#9509);
#9511=PRESENTATION_STYLE_ASSIGNMENT((#9505,#9510));
#9512=OVER_RIDING_STYLED_ITEM('',(#9511),#9500,#62);
#9513=CARTESIAN_POINT('',(-2.24E0,-2.9E0,0.E0));
#9514=DIRECTION('',(0.E0,-1.E0,0.E0));
#9515=DIRECTION('',(-1.E0,0.E0,0.E0));
#9516=AXIS2_PLACEMENT_3D('',#9513,#9514,#9515);
#9517=PLANE('',#9516);
#9518=ORIENTED_EDGE('',*,*,#7337,.F.);
#9519=ORIENTED_EDGE('',*,*,#9304,.F.);
#9521=ORIENTED_EDGE('',*,*,#9520,.F.);
#9522=ORIENTED_EDGE('',*,*,#7579,.F.);
#9523=ORIENTED_EDGE('',*,*,#9494,.T.);
#9524=ORIENTED_EDGE('',*,*,#9219,.F.);
#9525=EDGE_LOOP('',(#9518,#9519,#9521,#9522,#9523,#9524));
#9526=FACE_OUTER_BOUND('',#9525,.F.);
#9528=FILL_AREA_STYLE_COLOUR('',#58);
#9529=FILL_AREA_STYLE('',(#9528));
#9530=SURFACE_STYLE_FILL_AREA(#9529);
#9531=SURFACE_SIDE_STYLE('',(#9530));
#9532=SURFACE_STYLE_USAGE(.BOTH.,#9531);
#9533=PRESENTATION_STYLE_ASSIGNMENT((#9532));
#9534=OVER_RIDING_STYLED_ITEM('',(#9533),#9527,#62);
#9535=CARTESIAN_POINT('',(-2.44E0,-2.865076724772E0,3.2E0));
#9536=DIRECTION('',(0.E0,1.E0,0.E0));
#9537=DIRECTION('',(0.E0,0.E0,1.E0));
#9538=AXIS2_PLACEMENT_3D('',#9535,#9536,#9537);
#9539=CYLINDRICAL_SURFACE('',#9538,2.E-1);
#9540=ORIENTED_EDGE('',*,*,#9520,.T.);
#9541=ORIENTED_EDGE('',*,*,#9302,.T.);
#9542=ORIENTED_EDGE('',*,*,#9475,.T.);
#9543=ORIENTED_EDGE('',*,*,#7573,.F.);
#9544=EDGE_LOOP('',(#9540,#9541,#9542,#9543));
#9545=FACE_OUTER_BOUND('',#9544,.F.);
#9547=FILL_AREA_STYLE_COLOUR('',#58);
#9548=FILL_AREA_STYLE('',(#9547));
#9549=SURFACE_STYLE_FILL_AREA(#9548);
#9550=SURFACE_SIDE_STYLE('',(#9549));
#9551=SURFACE_STYLE_USAGE(.BOTH.,#9550);
#9552=PRESENTATION_STYLE_ASSIGNMENT((#9551));
#9553=OVER_RIDING_STYLED_ITEM('',(#9552),#9546,#62);
#9554=CARTESIAN_POINT('',(-4.78E0,-5.7E0,-2.E0));
#9555=DIRECTION('',(0.E0,0.E0,-1.E0));
#9556=DIRECTION('',(0.E0,1.E0,0.E0));
#9557=AXIS2_PLACEMENT_3D('',#9554,#9555,#9556);
#9558=PLANE('',#9557);
#9559=ORIENTED_EDGE('',*,*,#8132,.T.);
#9560=ORIENTED_EDGE('',*,*,#8190,.F.);
#9562=ORIENTED_EDGE('',*,*,#9561,.T.);
#9563=ORIENTED_EDGE('',*,*,#8265,.T.);
#9564=EDGE_LOOP('',(#9559,#9560,#9562,#9563));
#9565=FACE_OUTER_BOUND('',#9564,.F.);
#9567=FILL_AREA_STYLE_COLOUR('',#60);
#9568=FILL_AREA_STYLE('',(#9567));
#9569=SURFACE_STYLE_FILL_AREA(#9568);
#9570=SURFACE_SIDE_STYLE('',(#9569));
#9571=SURFACE_STYLE_USAGE(.POSITIVE.,#9570);
#9572=FILL_AREA_STYLE_COLOUR('',#58);
#9573=FILL_AREA_STYLE('',(#9572));
#9574=SURFACE_STYLE_FILL_AREA(#9573);
#9575=SURFACE_SIDE_STYLE('',(#9574));
#9576=SURFACE_STYLE_USAGE(.NEGATIVE.,#9575);
#9577=PRESENTATION_STYLE_ASSIGNMENT((#9571,#9576));
#9578=OVER_RIDING_STYLED_ITEM('',(#9577),#9566,#62);
#9579=CARTESIAN_POINT('',(-4.78E0,-5.7E0,-2.25E0));
#9580=DIRECTION('',(0.E0,1.E0,0.E0));
#9581=DIRECTION('',(0.E0,0.E0,1.E0));
#9582=AXIS2_PLACEMENT_3D('',#9579,#9580,#9581);
#9583=PLANE('',#9582);
#9584=ORIENTED_EDGE('',*,*,#8188,.F.);
#9586=ORIENTED_EDGE('',*,*,#9585,.T.);
#9587=ORIENTED_EDGE('',*,*,#8267,.T.);
#9588=ORIENTED_EDGE('',*,*,#9561,.F.);
#9589=EDGE_LOOP('',(#9584,#9586,#9587,#9588));
#9590=FACE_OUTER_BOUND('',#9589,.F.);
#9592=FILL_AREA_STYLE_COLOUR('',#58);
#9593=FILL_AREA_STYLE('',(#9592));
#9594=SURFACE_STYLE_FILL_AREA(#9593);
#9595=SURFACE_SIDE_STYLE('',(#9594));
#9596=SURFACE_STYLE_USAGE(.BOTH.,#9595);
#9597=PRESENTATION_STYLE_ASSIGNMENT((#9596));
#9598=OVER_RIDING_STYLED_ITEM('',(#9597),#9591,#62);
#9599=CARTESIAN_POINT('',(-4.78E0,-4.842362054784E0,-2.25E0));
#9600=DIRECTION('',(0.E0,0.E0,1.E0));
#9601=DIRECTION('',(0.E0,-1.E0,0.E0));
#9602=AXIS2_PLACEMENT_3D('',#9599,#9600,#9601);
#9603=PLANE('',#9602);
#9605=ORIENTED_EDGE('',*,*,#9604,.T.);
#9606=ORIENTED_EDGE('',*,*,#8269,.T.);
#9607=ORIENTED_EDGE('',*,*,#9585,.F.);
#9608=ORIENTED_EDGE('',*,*,#8186,.F.);
#9609=EDGE_LOOP('',(#9605,#9606,#9607,#9608));
#9610=FACE_OUTER_BOUND('',#9609,.F.);
#9612=FILL_AREA_STYLE_COLOUR('',#58);
#9613=FILL_AREA_STYLE('',(#9612));
#9614=SURFACE_STYLE_FILL_AREA(#9613);
#9615=SURFACE_SIDE_STYLE('',(#9614));
#9616=SURFACE_STYLE_USAGE(.BOTH.,#9615);
#9617=PRESENTATION_STYLE_ASSIGNMENT((#9616));
#9618=OVER_RIDING_STYLED_ITEM('',(#9617),#9611,#62);
#9619=CARTESIAN_POINT('',(-4.745076724772E0,-5.221947881470E0,-1.85E0));
#9620=DIRECTION('',(1.E0,0.E0,0.E0));
#9621=DIRECTION('',(0.E0,0.E0,-1.E0));
#9622=AXIS2_PLACEMENT_3D('',#9619,#9620,#9621);
#9623=CYLINDRICAL_SURFACE('',#9622,4.E-1);
#9625=ORIENTED_EDGE('',*,*,#9624,.T.);
#9626=ORIENTED_EDGE('',*,*,#8271,.F.);
#9627=ORIENTED_EDGE('',*,*,#9604,.F.);
#9628=ORIENTED_EDGE('',*,*,#8184,.F.);
#9629=EDGE_LOOP('',(#9625,#9626,#9627,#9628));
#9630=FACE_OUTER_BOUND('',#9629,.F.);
#9632=FILL_AREA_STYLE_COLOUR('',#58);
#9633=FILL_AREA_STYLE('',(#9632));
#9634=SURFACE_STYLE_FILL_AREA(#9633);
#9635=SURFACE_SIDE_STYLE('',(#9634));
#9636=SURFACE_STYLE_USAGE(.BOTH.,#9635);
#9637=PRESENTATION_STYLE_ASSIGNMENT((#9636));
#9638=OVER_RIDING_STYLED_ITEM('',(#9637),#9631,#62);
#9639=CARTESIAN_POINT('',(-4.78E0,-4.724444551396E0,0.E0));
#9640=DIRECTION('',(0.E0,-9.986295347546E-1,5.233595624337E-2));
#9641=DIRECTION('',(0.E0,-5.233595624337E-2,-9.986295347546E-1));
#9642=AXIS2_PLACEMENT_3D('',#9639,#9640,#9641);
#9643=PLANE('',#9642);
#9644=ORIENTED_EDGE('',*,*,#9624,.F.);
#9645=ORIENTED_EDGE('',*,*,#8182,.F.);
#9647=ORIENTED_EDGE('',*,*,#9646,.T.);
#9648=ORIENTED_EDGE('',*,*,#8273,.T.);
#9649=EDGE_LOOP('',(#9644,#9645,#9647,#9648));
#9650=FACE_OUTER_BOUND('',#9649,.F.);
#9652=FILL_AREA_STYLE_COLOUR('',#58);
#9653=FILL_AREA_STYLE('',(#9652));
#9654=SURFACE_STYLE_FILL_AREA(#9653);
#9655=SURFACE_SIDE_STYLE('',(#9654));
#9656=SURFACE_STYLE_USAGE(.BOTH.,#9655);
#9657=PRESENTATION_STYLE_ASSIGNMENT((#9656));
#9658=OVER_RIDING_STYLED_ITEM('',(#9657),#9651,#62);
#9659=CARTESIAN_POINT('',(-4.728488169039E0,-4.487203409717E0,-2.5E-1));
#9660=DIRECTION('',(1.E0,0.E0,0.E0));
#9661=DIRECTION('',(0.E0,0.E0,1.E0));
#9662=AXIS2_PLACEMENT_3D('',#9659,#9660,#9661);
#9663=CYLINDRICAL_SURFACE('',#9662,2.5E-1);
#9664=ORIENTED_EDGE('',*,*,#7814,.T.);
#9665=ORIENTED_EDGE('',*,*,#8275,.F.);
#9666=ORIENTED_EDGE('',*,*,#9646,.F.);
#9667=ORIENTED_EDGE('',*,*,#8180,.F.);
#9668=EDGE_LOOP('',(#9664,#9665,#9666,#9667));
#9669=FACE_OUTER_BOUND('',#9668,.F.);
#9671=FILL_AREA_STYLE_COLOUR('',#58);
#9672=FILL_AREA_STYLE('',(#9671));
#9673=SURFACE_STYLE_FILL_AREA(#9672);
#9674=SURFACE_SIDE_STYLE('',(#9673));
#9675=SURFACE_STYLE_USAGE(.BOTH.,#9674);
#9676=PRESENTATION_STYLE_ASSIGNMENT((#9675));
#9677=OVER_RIDING_STYLED_ITEM('',(#9676),#9670,#62);
#9678=CARTESIAN_POINT('',(5.842891373178E0,-3.401780026568E0,
4.937901888725E-1));
#9679=DIRECTION('',(-3.487826274237E-2,3.487826274237E-2,9.987827659587E-1));
#9680=DIRECTION('',(0.E0,-9.993908270191E-1,3.489949670250E-2));
#9681=AXIS2_PLACEMENT_3D('',#9678,#9679,#9680);
#9682=CYLINDRICAL_SURFACE('',#9681,3.E-1);
#9684=ORIENTED_EDGE('',*,*,#9683,.F.);
#9686=ORIENTED_EDGE('',*,*,#9685,.T.);
#9688=ORIENTED_EDGE('',*,*,#9687,.T.);
#9689=ORIENTED_EDGE('',*,*,#7305,.T.);
#9690=EDGE_LOOP('',(#9684,#9686,#9688,#9689));
#9691=FACE_OUTER_BOUND('',#9690,.F.);
#9693=CARTESIAN_POINT('',(6.08E0,-1.311220297396E0,2.3E0));
#9694=DIRECTION('',(-9.993908270191E-1,0.E0,-3.489949670250E-2));
#9695=DIRECTION('',(0.E0,-1.E0,0.E0));
#9696=AXIS2_PLACEMENT_3D('',#9693,#9694,#9695);
#9697=PLANE('',#9696);
#9698=ORIENTED_EDGE('',*,*,#9683,.T.);
#9699=ORIENTED_EDGE('',*,*,#7319,.T.);
#9701=ORIENTED_EDGE('',*,*,#9700,.T.);
#9703=ORIENTED_EDGE('',*,*,#9702,.T.);
#9704=EDGE_LOOP('',(#9698,#9699,#9701,#9703));
#9705=FACE_OUTER_BOUND('',#9704,.F.);
#9707=CARTESIAN_POINT('',(5.757441564770E0,-2.901605973535E0,2.940752545433E0));
#9708=DIRECTION('',(3.487826274237E-2,3.487826274237E-2,-9.987827659587E-1));
#9709=DIRECTION('',(0.E0,9.993908270191E-1,3.489949670250E-2));
#9710=AXIS2_PLACEMENT_3D('',#9707,#9708,#9709);
#9711=CYLINDRICAL_SURFACE('',#9710,3.E-1);
#9712=ORIENTED_EDGE('',*,*,#9700,.F.);
#9713=ORIENTED_EDGE('',*,*,#7317,.T.);
#9715=ORIENTED_EDGE('',*,*,#9714,.T.);
#9717=ORIENTED_EDGE('',*,*,#9716,.T.);
#9718=EDGE_LOOP('',(#9712,#9713,#9715,#9717));
#9719=FACE_OUTER_BOUND('',#9718,.F.);
#9721=CARTESIAN_POINT('',(6.787827240909E0,-2.6E0,2.9E0));
#9722=DIRECTION('',(0.E0,-9.993908270191E-1,-3.489949670250E-2));
#9723=DIRECTION('',(1.E0,0.E0,0.E0));
#9724=AXIS2_PLACEMENT_3D('',#9721,#9722,#9723);
#9725=PLANE('',#9724);
#9727=ORIENTED_EDGE('',*,*,#9726,.F.);
#9728=ORIENTED_EDGE('',*,*,#6734,.F.);
#9730=ORIENTED_EDGE('',*,*,#9729,.F.);
#9732=ORIENTED_EDGE('',*,*,#9731,.F.);
#9733=ORIENTED_EDGE('',*,*,#9714,.F.);
#9734=ORIENTED_EDGE('',*,*,#7315,.F.);
#9736=ORIENTED_EDGE('',*,*,#9735,.F.);
#9738=ORIENTED_EDGE('',*,*,#9737,.F.);
#9739=EDGE_LOOP('',(#9727,#9728,#9730,#9732,#9733,#9734,#9736,#9738));
#9740=FACE_OUTER_BOUND('',#9739,.F.);
#9742=CARTESIAN_POINT('',(-6.168629617883E0,-2.248629617883E0,
-1.431189588835E0));
#9743=DIRECTION('',(-3.487826274237E-2,-3.487826274237E-2,9.987827659587E-1));
#9744=DIRECTION('',(-9.993908270191E-1,0.E0,-3.489949670250E-2));
#9745=AXIS2_PLACEMENT_3D('',#9742,#9743,#9744);
#9746=CYLINDRICAL_SURFACE('',#9745,2.E-1);
#9748=ORIENTED_EDGE('',*,*,#9747,.F.);
#9749=ORIENTED_EDGE('',*,*,#6736,.T.);
#9750=ORIENTED_EDGE('',*,*,#9726,.T.);
#9752=ORIENTED_EDGE('',*,*,#9751,.T.);
#9753=EDGE_LOOP('',(#9748,#9749,#9750,#9752));
#9754=FACE_OUTER_BOUND('',#9753,.F.);
#9756=CARTESIAN_POINT('',(-6.52E0,-4.167827240909E0,2.9E0));
#9757=DIRECTION('',(9.993908270191E-1,0.E0,3.489949670250E-2));
#9758=DIRECTION('',(0.E0,1.E0,0.E0));
#9759=AXIS2_PLACEMENT_3D('',#9756,#9757,#9758);
#9760=PLANE('',#9759);
#9761=ORIENTED_EDGE('',*,*,#6423,.F.);
#9762=ORIENTED_EDGE('',*,*,#9747,.T.);
#9764=ORIENTED_EDGE('',*,*,#9763,.T.);
#9766=ORIENTED_EDGE('',*,*,#9765,.T.);
#9767=EDGE_LOOP('',(#9761,#9762,#9764,#9766));
#9768=FACE_OUTER_BOUND('',#9767,.F.);
#9770=CARTESIAN_POINT('',(-8.E0,0.E0,2.3E0));
#9771=DIRECTION('',(0.E0,0.E0,1.E0));
#9772=DIRECTION('',(1.E0,0.E0,0.E0));
#9773=AXIS2_PLACEMENT_3D('',#9770,#9771,#9772);
#9774=PLANE('',#9773);
#9775=ORIENTED_EDGE('',*,*,#9763,.F.);
#9776=ORIENTED_EDGE('',*,*,#9751,.F.);
#9777=ORIENTED_EDGE('',*,*,#9737,.T.);
#9779=ORIENTED_EDGE('',*,*,#9778,.F.);
#9781=ORIENTED_EDGE('',*,*,#9780,.F.);
#9783=ORIENTED_EDGE('',*,*,#9782,.F.);
#9785=ORIENTED_EDGE('',*,*,#9784,.T.);
#9787=ORIENTED_EDGE('',*,*,#9786,.F.);
#9789=ORIENTED_EDGE('',*,*,#9788,.F.);
#9791=ORIENTED_EDGE('',*,*,#9790,.F.);
#9793=ORIENTED_EDGE('',*,*,#9792,.T.);
#9795=ORIENTED_EDGE('',*,*,#9794,.F.);
#9797=ORIENTED_EDGE('',*,*,#9796,.T.);
#9799=ORIENTED_EDGE('',*,*,#9798,.F.);
#9801=ORIENTED_EDGE('',*,*,#9800,.F.);
#9803=ORIENTED_EDGE('',*,*,#9802,.F.);
#9805=ORIENTED_EDGE('',*,*,#9804,.T.);
#9807=ORIENTED_EDGE('',*,*,#9806,.F.);
#9808=EDGE_LOOP('',(#9775,#9776,#9777,#9779,#9781,#9783,#9785,#9787,#9789,#9791,
#9793,#9795,#9797,#9799,#9801,#9803,#9805,#9807));
#9809=FACE_OUTER_BOUND('',#9808,.F.);
#9811=CARTESIAN_POINT('',(-8.E0,0.E0,2.3E0));
#9812=DIRECTION('',(0.E0,0.E0,1.E0));
#9813=DIRECTION('',(1.E0,0.E0,0.E0));
#9814=AXIS2_PLACEMENT_3D('',#9811,#9812,#9813);
#9815=PLANE('',#9814);
#9816=ORIENTED_EDGE('',*,*,#9731,.T.);
#9818=ORIENTED_EDGE('',*,*,#9817,.F.);
#9820=ORIENTED_EDGE('',*,*,#9819,.F.);
#9822=ORIENTED_EDGE('',*,*,#9821,.F.);
#9824=ORIENTED_EDGE('',*,*,#9823,.T.);
#9826=ORIENTED_EDGE('',*,*,#9825,.F.);
#9828=ORIENTED_EDGE('',*,*,#9827,.F.);
#9830=ORIENTED_EDGE('',*,*,#9829,.F.);
#9832=ORIENTED_EDGE('',*,*,#9831,.T.);
#9834=ORIENTED_EDGE('',*,*,#9833,.F.);
#9836=ORIENTED_EDGE('',*,*,#9835,.T.);
#9838=ORIENTED_EDGE('',*,*,#9837,.F.);
#9840=ORIENTED_EDGE('',*,*,#9839,.T.);
#9841=ORIENTED_EDGE('',*,*,#9685,.F.);
#9842=ORIENTED_EDGE('',*,*,#9702,.F.);
#9843=ORIENTED_EDGE('',*,*,#9716,.F.);
#9844=EDGE_LOOP('',(#9816,#9818,#9820,#9822,#9824,#9826,#9828,#9830,#9832,#9834,
#9836,#9838,#9840,#9841,#9842,#9843));
#9845=FACE_OUTER_BOUND('',#9844,.F.);
#9847=CARTESIAN_POINT('',(-5.911061983024E0,-2.747985555280E0,
-1.458360661128E0));
#9848=DIRECTION('',(3.487826274237E-2,-3.487826274237E-2,9.987827659587E-1));
#9849=DIRECTION('',(0.E0,9.993908270191E-1,3.489949670250E-2));
#9850=AXIS2_PLACEMENT_3D('',#9847,#9848,#9849);
#9851=CYLINDRICAL_SURFACE('',#9850,3.E-1);
#9853=ORIENTED_EDGE('',*,*,#9852,.F.);
#9854=ORIENTED_EDGE('',*,*,#9778,.T.);
#9855=ORIENTED_EDGE('',*,*,#9735,.T.);
#9856=ORIENTED_EDGE('',*,*,#7313,.T.);
#9857=EDGE_LOOP('',(#9853,#9854,#9855,#9856));
#9858=FACE_OUTER_BOUND('',#9857,.F.);
#9860=CARTESIAN_POINT('',(-6.08E0,-4.967827240909E0,2.3E0));
#9861=DIRECTION('',(9.993908270191E-1,0.E0,-3.489949670250E-2));
#9862=DIRECTION('',(0.E0,1.E0,0.E0));
#9863=AXIS2_PLACEMENT_3D('',#9860,#9861,#9862);
#9864=PLANE('',#9863);
#9866=ORIENTED_EDGE('',*,*,#9865,.T.);
#9867=ORIENTED_EDGE('',*,*,#9780,.T.);
#9868=ORIENTED_EDGE('',*,*,#9852,.T.);
#9869=ORIENTED_EDGE('',*,*,#7311,.F.);
#9870=EDGE_LOOP('',(#9866,#9867,#9868,#9869));
#9871=FACE_OUTER_BOUND('',#9870,.F.);
#9873=CARTESIAN_POINT('',(-5.757543231352E0,-3.316431884742E0,
2.937841195433E0));
#9874=DIRECTION('',(-3.487826274237E-2,-3.487826274237E-2,-9.987827659587E-1));
#9875=DIRECTION('',(0.E0,-9.993908270191E-1,3.489949670250E-2));
#9876=AXIS2_PLACEMENT_3D('',#9873,#9874,#9875);
#9877=CYLINDRICAL_SURFACE('',#9876,3.E-1);
#9878=ORIENTED_EDGE('',*,*,#9865,.F.);
#9879=ORIENTED_EDGE('',*,*,#7309,.T.);
#9881=ORIENTED_EDGE('',*,*,#9880,.T.);
#9882=ORIENTED_EDGE('',*,*,#9782,.T.);
#9883=EDGE_LOOP('',(#9878,#9879,#9881,#9882));
#9884=FACE_OUTER_BOUND('',#9883,.F.);
#9886=CARTESIAN_POINT('',(-1.258902220214E0,-3.7E0,5.500000000005E-1));
#9887=DIRECTION('',(0.E0,9.993908270191E-1,-3.489949670250E-2));
#9888=DIRECTION('',(-1.E0,0.E0,0.E0));
#9889=AXIS2_PLACEMENT_3D('',#9886,#9887,#9888);
#9890=PLANE('',#9889);
#9892=ORIENTED_EDGE('',*,*,#9891,.T.);
#9893=ORIENTED_EDGE('',*,*,#9784,.F.);
#9894=ORIENTED_EDGE('',*,*,#9880,.F.);
#9895=ORIENTED_EDGE('',*,*,#7307,.F.);
#9896=ORIENTED_EDGE('',*,*,#9687,.F.);
#9897=ORIENTED_EDGE('',*,*,#9839,.F.);
#9899=ORIENTED_EDGE('',*,*,#9898,.T.);
#9901=ORIENTED_EDGE('',*,*,#9900,.F.);
#9902=EDGE_LOOP('',(#9892,#9893,#9894,#9895,#9896,#9897,#9899,#9901));
#9903=FACE_OUTER_BOUND('',#9902,.F.);
#9905=CARTESIAN_POINT('',(-6.096582777814E0,-3.401515659792E0,
5.013606628143E-1));
#9906=DIRECTION('',(3.487826274237E-2,3.487826274237E-2,9.987827659587E-1));
#9907=DIRECTION('',(-7.062460667417E-1,-7.062460667417E-1,4.932531220228E-2));
#9908=AXIS2_PLACEMENT_3D('',#9905,#9906,#9907);
#9909=CYLINDRICAL_SURFACE('',#9908,3.E-1);
#9910=ORIENTED_EDGE('',*,*,#9891,.F.);
#9912=ORIENTED_EDGE('',*,*,#9911,.T.);
#9914=ORIENTED_EDGE('',*,*,#9913,.T.);
#9915=ORIENTED_EDGE('',*,*,#9786,.T.);
#9916=EDGE_LOOP('',(#9910,#9912,#9914,#9915));
#9917=FACE_OUTER_BOUND('',#9916,.F.);
#9919=CARTESIAN_POINT('',(0.E0,0.E0,5.500000000005E-1));
#9920=DIRECTION('',(0.E0,0.E0,1.E0));
#9921=DIRECTION('',(0.E0,1.E0,0.E0));
#9922=AXIS2_PLACEMENT_3D('',#9919,#9920,#9921);
#9923=PLANE('',#9922);
#9925=ORIENTED_EDGE('',*,*,#9924,.T.);
#9927=ORIENTED_EDGE('',*,*,#9926,.T.);
#9928=ORIENTED_EDGE('',*,*,#7232,.F.);
#9930=ORIENTED_EDGE('',*,*,#9929,.F.);
#9932=ORIENTED_EDGE('',*,*,#9931,.T.);
#9934=ORIENTED_EDGE('',*,*,#9933,.T.);
#9936=ORIENTED_EDGE('',*,*,#9935,.T.);
#9938=ORIENTED_EDGE('',*,*,#9937,.F.);
#9939=EDGE_LOOP('',(#9925,#9927,#9928,#9930,#9932,#9934,#9936,#9938));
#9940=FACE_OUTER_BOUND('',#9939,.F.);
#9942=ORIENTED_EDGE('',*,*,#9941,.T.);
#9944=ORIENTED_EDGE('',*,*,#9943,.F.);
#9946=ORIENTED_EDGE('',*,*,#9945,.T.);
#9947=ORIENTED_EDGE('',*,*,#9911,.F.);
#9948=ORIENTED_EDGE('',*,*,#9900,.T.);
#9950=ORIENTED_EDGE('',*,*,#9949,.F.);
#9952=ORIENTED_EDGE('',*,*,#9951,.F.);
#9954=ORIENTED_EDGE('',*,*,#9953,.F.);
#9956=ORIENTED_EDGE('',*,*,#9955,.F.);
#9958=ORIENTED_EDGE('',*,*,#9957,.F.);
#9959=EDGE_LOOP('',(#9942,#9944,#9946,#9947,#9948,#9950,#9952,#9954,#9956,
#9958));
#9960=FACE_BOUND('',#9959,.F.);
#9962=CARTESIAN_POINT('',(7.62E0,0.E0,0.E0));
#9963=DIRECTION('',(-1.E0,0.E0,0.E0));
#9964=DIRECTION('',(0.E0,-1.E0,0.E0));
#9965=AXIS2_PLACEMENT_3D('',#9962,#9963,#9964);
#9966=PLANE('',#9965);
#9967=ORIENTED_EDGE('',*,*,#7007,.F.);
#9969=ORIENTED_EDGE('',*,*,#9968,.T.);
#9970=ORIENTED_EDGE('',*,*,#9924,.F.);
#9972=ORIENTED_EDGE('',*,*,#9971,.F.);
#9973=EDGE_LOOP('',(#9967,#9969,#9970,#9972));
#9974=FACE_OUTER_BOUND('',#9973,.F.);
#9976=CARTESIAN_POINT('',(7.618027895910E0,-3.915792458795E0,
-3.427955657926E-2));
#9977=CARTESIAN_POINT('',(7.618027895910E0,-3.915792458795E0,
1.719068144737E-1));
#9978=CARTESIAN_POINT('',(7.618027895910E0,-3.915792458795E0,
3.780931855267E-1));
#9979=CARTESIAN_POINT('',(7.618027895910E0,-3.915792458795E0,
5.842795565797E-1));
#9980=CARTESIAN_POINT('',(7.619347173334E0,-3.927146962281E0,
-3.427955657926E-2));
#9981=CARTESIAN_POINT('',(7.619347173334E0,-3.927146962281E0,
1.719068144737E-1));
#9982=CARTESIAN_POINT('',(7.619347173334E0,-3.927146962281E0,
3.780931855267E-1));
#9983=CARTESIAN_POINT('',(7.619347173334E0,-3.927146962281E0,
5.842795565797E-1));
#9984=CARTESIAN_POINT('',(7.622991455642E0,-3.990933358700E0,
-3.427955657926E-2));
#9985=CARTESIAN_POINT('',(7.622991455642E0,-3.990933358700E0,
1.719068144737E-1));
#9986=CARTESIAN_POINT('',(7.622991455642E0,-3.990933358700E0,
3.780931855267E-1));
#9987=CARTESIAN_POINT('',(7.622991455642E0,-3.990933358700E0,
5.842795565797E-1));
#9988=CARTESIAN_POINT('',(7.592584432219E0,-4.107079632679E0,
-3.427955657926E-2));
#9989=CARTESIAN_POINT('',(7.592584432219E0,-4.107079632679E0,
1.719068144737E-1));
#9990=CARTESIAN_POINT('',(7.592584432219E0,-4.107079632679E0,
3.780931855267E-1));
#9991=CARTESIAN_POINT('',(7.592584432219E0,-4.107079632679E0,
5.842795565797E-1));
#9992=CARTESIAN_POINT('',(7.477079632679E0,-4.222584432219E0,
-3.427955657926E-2));
#9993=CARTESIAN_POINT('',(7.477079632679E0,-4.222584432219E0,
1.719068144737E-1));
#9994=CARTESIAN_POINT('',(7.477079632679E0,-4.222584432219E0,
3.780931855267E-1));
#9995=CARTESIAN_POINT('',(7.477079632679E0,-4.222584432219E0,
5.842795565797E-1));
#9996=CARTESIAN_POINT('',(7.360933358700E0,-4.252991455642E0,
-3.427955657926E-2));
#9997=CARTESIAN_POINT('',(7.360933358700E0,-4.252991455642E0,
1.719068144737E-1));
#9998=CARTESIAN_POINT('',(7.360933358700E0,-4.252991455642E0,
3.780931855267E-1));
#9999=CARTESIAN_POINT('',(7.360933358700E0,-4.252991455642E0,
5.842795565797E-1));
#10000=CARTESIAN_POINT('',(7.297146962281E0,-4.249347173334E0,
-3.427955657926E-2));
#10001=CARTESIAN_POINT('',(7.297146962281E0,-4.249347173334E0,
1.719068144737E-1));
#10002=CARTESIAN_POINT('',(7.297146962281E0,-4.249347173334E0,
3.780931855267E-1));
#10003=CARTESIAN_POINT('',(7.297146962281E0,-4.249347173334E0,
5.842795565797E-1));
#10004=CARTESIAN_POINT('',(7.285792458795E0,-4.248027895910E0,
-3.427955657926E-2));
#10005=CARTESIAN_POINT('',(7.285792458795E0,-4.248027895910E0,
1.719068144737E-1));
#10006=CARTESIAN_POINT('',(7.285792458795E0,-4.248027895910E0,
3.780931855267E-1));
#10007=CARTESIAN_POINT('',(7.285792458795E0,-4.248027895910E0,
5.842795565797E-1));
#10008=B_SPLINE_SURFACE_WITH_KNOTS('',3,3,((#9976,#9977,#9978,#9979),(#9980,
#9981,#9982,#9983),(#9984,#9985,#9986,#9987),(#9988,#9989,#9990,#9991),(#9992,
#9993,#9994,#9995),(#9996,#9997,#9998,#9999),(#10000,#10001,#10002,#10003),(
#10004,#10005,#10006,#10007)),.UNSPECIFIED.,.F.,.F.,.F.,(4,1,1,1,1,4),(4,4),(
-7.274347835446E-2,0.E0,3.333333333333E-1,6.666666666667E-1,1.E0,
1.072743478354E0),(-6.232646650774E-2,1.062326466509E0),.UNSPECIFIED.);
#10009=ORIENTED_EDGE('',*,*,#9926,.F.);
#10010=ORIENTED_EDGE('',*,*,#9968,.F.);
#10011=ORIENTED_EDGE('',*,*,#7054,.T.);
#10012=ORIENTED_EDGE('',*,*,#7234,.T.);
#10013=EDGE_LOOP('',(#10009,#10010,#10011,#10012));
#10014=FACE_OUTER_BOUND('',#10013,.F.);
#10016=CARTESIAN_POINT('',(7.618027895910E0,3.915792458795E0,
-3.427955657926E-2));
#10017=CARTESIAN_POINT('',(7.618027895910E0,3.915792458795E0,
1.719068144737E-1));
#10018=CARTESIAN_POINT('',(7.618027895910E0,3.915792458795E0,
3.780931855267E-1));
#10019=CARTESIAN_POINT('',(7.618027895910E0,3.915792458795E0,
5.842795565797E-1));
#10020=CARTESIAN_POINT('',(7.619347173334E0,3.927146962281E0,
-3.427955657926E-2));
#10021=CARTESIAN_POINT('',(7.619347173334E0,3.927146962281E0,
1.719068144737E-1));
#10022=CARTESIAN_POINT('',(7.619347173334E0,3.927146962281E0,
3.780931855267E-1));
#10023=CARTESIAN_POINT('',(7.619347173334E0,3.927146962281E0,
5.842795565797E-1));
#10024=CARTESIAN_POINT('',(7.622991455642E0,3.990933358700E0,
-3.427955657926E-2));
#10025=CARTESIAN_POINT('',(7.622991455642E0,3.990933358700E0,
1.719068144737E-1));
#10026=CARTESIAN_POINT('',(7.622991455642E0,3.990933358700E0,
3.780931855267E-1));
#10027=CARTESIAN_POINT('',(7.622991455642E0,3.990933358700E0,
5.842795565797E-1));
#10028=CARTESIAN_POINT('',(7.592584432219E0,4.107079632679E0,
-3.427955657926E-2));
#10029=CARTESIAN_POINT('',(7.592584432219E0,4.107079632679E0,
1.719068144737E-1));
#10030=CARTESIAN_POINT('',(7.592584432219E0,4.107079632679E0,
3.780931855267E-1));
#10031=CARTESIAN_POINT('',(7.592584432219E0,4.107079632679E0,
5.842795565797E-1));
#10032=CARTESIAN_POINT('',(7.477079632679E0,4.222584432219E0,
-3.427955657926E-2));
#10033=CARTESIAN_POINT('',(7.477079632679E0,4.222584432219E0,
1.719068144737E-1));
#10034=CARTESIAN_POINT('',(7.477079632679E0,4.222584432219E0,
3.780931855267E-1));
#10035=CARTESIAN_POINT('',(7.477079632679E0,4.222584432219E0,
5.842795565797E-1));
#10036=CARTESIAN_POINT('',(7.360933358700E0,4.252991455642E0,
-3.427955657926E-2));
#10037=CARTESIAN_POINT('',(7.360933358700E0,4.252991455642E0,
1.719068144737E-1));
#10038=CARTESIAN_POINT('',(7.360933358700E0,4.252991455642E0,
3.780931855267E-1));
#10039=CARTESIAN_POINT('',(7.360933358700E0,4.252991455642E0,
5.842795565797E-1));
#10040=CARTESIAN_POINT('',(7.297146962281E0,4.249347173334E0,
-3.427955657926E-2));
#10041=CARTESIAN_POINT('',(7.297146962281E0,4.249347173334E0,
1.719068144737E-1));
#10042=CARTESIAN_POINT('',(7.297146962281E0,4.249347173334E0,
3.780931855267E-1));
#10043=CARTESIAN_POINT('',(7.297146962281E0,4.249347173334E0,
5.842795565797E-1));
#10044=CARTESIAN_POINT('',(7.285792458795E0,4.248027895910E0,
-3.427955657926E-2));
#10045=CARTESIAN_POINT('',(7.285792458795E0,4.248027895910E0,
1.719068144737E-1));
#10046=CARTESIAN_POINT('',(7.285792458795E0,4.248027895910E0,
3.780931855267E-1));
#10047=CARTESIAN_POINT('',(7.285792458795E0,4.248027895910E0,
5.842795565797E-1));
#10048=B_SPLINE_SURFACE_WITH_KNOTS('',3,3,((#10016,#10017,#10018,#10019),
(#10020,#10021,#10022,#10023),(#10024,#10025,#10026,#10027),(#10028,#10029,
#10030,#10031),(#10032,#10033,#10034,#10035),(#10036,#10037,#10038,#10039),(
#10040,#10041,#10042,#10043),(#10044,#10045,#10046,#10047)),.UNSPECIFIED.,.F.,
.F.,.F.,(4,1,1,1,1,4),(4,4),(-7.274347835446E-2,0.E0,3.333333333333E-1,
6.666666666667E-1,1.E0,1.072743478354E0),(-6.232646650774E-2,1.062326466509E0),
.UNSPECIFIED.);
#10049=ORIENTED_EDGE('',*,*,#9937,.T.);
#10051=ORIENTED_EDGE('',*,*,#10050,.F.);
#10053=ORIENTED_EDGE('',*,*,#10052,.F.);
#10054=ORIENTED_EDGE('',*,*,#9971,.T.);
#10055=EDGE_LOOP('',(#10049,#10051,#10053,#10054));
#10056=FACE_OUTER_BOUND('',#10055,.F.);
#10058=CARTESIAN_POINT('',(0.E0,4.25E0,6.E0));
#10059=DIRECTION('',(0.E0,-1.E0,0.E0));
#10060=DIRECTION('',(0.E0,0.E0,-1.E0));
#10061=AXIS2_PLACEMENT_3D('',#10058,#10059,#10060);
#10062=PLANE('',#10061);
#10064=ORIENTED_EDGE('',*,*,#10063,.T.);
#10066=ORIENTED_EDGE('',*,*,#10065,.T.);
#10068=ORIENTED_EDGE('',*,*,#10067,.F.);
#10070=ORIENTED_EDGE('',*,*,#10069,.F.);
#10072=ORIENTED_EDGE('',*,*,#10071,.F.);
#10074=ORIENTED_EDGE('',*,*,#10073,.T.);
#10076=ORIENTED_EDGE('',*,*,#10075,.F.);
#10078=ORIENTED_EDGE('',*,*,#10077,.F.);
#10080=ORIENTED_EDGE('',*,*,#10079,.F.);
#10081=ORIENTED_EDGE('',*,*,#10050,.T.);
#10082=ORIENTED_EDGE('',*,*,#9935,.F.);
#10084=ORIENTED_EDGE('',*,*,#10083,.F.);
#10086=ORIENTED_EDGE('',*,*,#10085,.F.);
#10088=ORIENTED_EDGE('',*,*,#10087,.T.);
#10090=ORIENTED_EDGE('',*,*,#10089,.F.);
#10092=ORIENTED_EDGE('',*,*,#10091,.F.);
#10093=EDGE_LOOP('',(#10064,#10066,#10068,#10070,#10072,#10074,#10076,#10078,
#10080,#10081,#10082,#10084,#10086,#10088,#10090,#10092));
#10094=FACE_OUTER_BOUND('',#10093,.F.);
#10096=CARTESIAN_POINT('',(0.E0,4.25E0,0.E0));
#10097=DIRECTION('',(0.E0,-9.961946980917E-1,8.715574274766E-2));
#10098=DIRECTION('',(1.E0,0.E0,0.E0));
#10099=AXIS2_PLACEMENT_3D('',#10096,#10097,#10098);
#10100=PLANE('',#10099);
#10101=ORIENTED_EDGE('',*,*,#10063,.F.);
#10103=ORIENTED_EDGE('',*,*,#10102,.T.);
#10104=ORIENTED_EDGE('',*,*,#10085,.T.);
#10106=ORIENTED_EDGE('',*,*,#10105,.F.);
#10108=ORIENTED_EDGE('',*,*,#10107,.F.);
#10110=ORIENTED_EDGE('',*,*,#10109,.T.);
#10111=ORIENTED_EDGE('',*,*,#10079,.T.);
#10113=ORIENTED_EDGE('',*,*,#10112,.T.);
#10114=ORIENTED_EDGE('',*,*,#10071,.T.);
#10116=ORIENTED_EDGE('',*,*,#10115,.T.);
#10117=EDGE_LOOP('',(#10101,#10103,#10104,#10106,#10108,#10110,#10111,#10113,
#10114,#10116));
#10118=FACE_OUTER_BOUND('',#10117,.F.);
#10120=CARTESIAN_POINT('',(0.E0,0.E0,0.E0));
#10121=DIRECTION('',(0.E0,0.E0,-1.E0));
#10122=DIRECTION('',(-1.E0,0.E0,0.E0));
#10123=AXIS2_PLACEMENT_3D('',#10120,#10121,#10122);
#10124=PLANE('',#10123);
#10125=ORIENTED_EDGE('',*,*,#10112,.F.);
#10127=ORIENTED_EDGE('',*,*,#10126,.F.);
#10129=ORIENTED_EDGE('',*,*,#10128,.T.);
#10131=ORIENTED_EDGE('',*,*,#10130,.F.);
#10132=EDGE_LOOP('',(#10125,#10127,#10129,#10131));
#10133=FACE_OUTER_BOUND('',#10132,.F.);
#10135=FILL_AREA_STYLE_COLOUR('',#58);
#10136=FILL_AREA_STYLE('',(#10135));
#10137=SURFACE_STYLE_FILL_AREA(#10136);
#10138=SURFACE_SIDE_STYLE('',(#10137));
#10139=SURFACE_STYLE_USAGE(.BOTH.,#10138);
#10140=PRESENTATION_STYLE_ASSIGNMENT((#10139));
#10141=OVER_RIDING_STYLED_ITEM('',(#10140),#10134,#62);
#10142=CARTESIAN_POINT('',(0.E0,0.E0,0.E0));
#10143=DIRECTION('',(0.E0,0.E0,-1.E0));
#10144=DIRECTION('',(-1.E0,0.E0,0.E0));
#10145=AXIS2_PLACEMENT_3D('',#10142,#10143,#10144);
#10146=PLANE('',#10145);
#10147=ORIENTED_EDGE('',*,*,#10115,.F.);
#10149=ORIENTED_EDGE('',*,*,#10148,.F.);
#10151=ORIENTED_EDGE('',*,*,#10150,.T.);
#10153=ORIENTED_EDGE('',*,*,#10152,.F.);
#10154=EDGE_LOOP('',(#10147,#10149,#10151,#10153));
#10155=FACE_OUTER_BOUND('',#10154,.F.);
#10157=FILL_AREA_STYLE_COLOUR('',#58);
#10158=FILL_AREA_STYLE('',(#10157));
#10159=SURFACE_STYLE_FILL_AREA(#10158);
#10160=SURFACE_SIDE_STYLE('',(#10159));
#10161=SURFACE_STYLE_USAGE(.POSITIVE.,#10160);
#10162=PRESENTATION_STYLE_ASSIGNMENT((#10161));
#10163=OVER_RIDING_STYLED_ITEM('',(#10162),#10156,#62);
#10164=CARTESIAN_POINT('',(0.E0,0.E0,0.E0));
#10165=DIRECTION('',(0.E0,0.E0,-1.E0));
#10166=DIRECTION('',(-1.E0,0.E0,0.E0));
#10167=AXIS2_PLACEMENT_3D('',#10164,#10165,#10166);
#10168=PLANE('',#10167);
#10170=ORIENTED_EDGE('',*,*,#10169,.F.);
#10172=ORIENTED_EDGE('',*,*,#10171,.T.);
#10174=ORIENTED_EDGE('',*,*,#10173,.F.);
#10175=ORIENTED_EDGE('',*,*,#10102,.F.);
#10176=EDGE_LOOP('',(#10170,#10172,#10174,#10175));
#10177=FACE_OUTER_BOUND('',#10176,.F.);
#10179=FILL_AREA_STYLE_COLOUR('',#58);
#10180=FILL_AREA_STYLE('',(#10179));
#10181=SURFACE_STYLE_FILL_AREA(#10180);
#10182=SURFACE_SIDE_STYLE('',(#10181));
#10183=SURFACE_STYLE_USAGE(.POSITIVE.,#10182);
#10184=PRESENTATION_STYLE_ASSIGNMENT((#10183));
#10185=OVER_RIDING_STYLED_ITEM('',(#10184),#10178,#62);
#10186=CARTESIAN_POINT('',(5.38E0,8.25E0,0.E0));
#10187=DIRECTION('',(1.E0,0.E0,0.E0));
#10188=DIRECTION('',(0.E0,-1.E0,0.E0));
#10189=AXIS2_PLACEMENT_3D('',#10186,#10187,#10188);
#10190=PLANE('',#10189);
#10192=ORIENTED_EDGE('',*,*,#10191,.T.);
#10194=ORIENTED_EDGE('',*,*,#10193,.F.);
#10196=ORIENTED_EDGE('',*,*,#10195,.T.);
#10198=ORIENTED_EDGE('',*,*,#10197,.T.);
#10199=EDGE_LOOP('',(#10192,#10194,#10196,#10198));
#10200=FACE_OUTER_BOUND('',#10199,.F.);
#10202=FILL_AREA_STYLE_COLOUR('',#58);
#10203=FILL_AREA_STYLE('',(#10202));
#10204=SURFACE_STYLE_FILL_AREA(#10203);
#10205=SURFACE_SIDE_STYLE('',(#10204));
#10206=SURFACE_STYLE_USAGE(.BOTH.,#10205);
#10207=PRESENTATION_STYLE_ASSIGNMENT((#10206));
#10208=OVER_RIDING_STYLED_ITEM('',(#10207),#10201,#62);
#10209=CARTESIAN_POINT('',(5.38E0,8.25E0,0.E0));
#10210=DIRECTION('',(1.E0,0.E0,0.E0));
#10211=DIRECTION('',(0.E0,-1.E0,0.E0));
#10212=AXIS2_PLACEMENT_3D('',#10209,#10210,#10211);
#10213=PLANE('',#10212);
#10214=ORIENTED_EDGE('',*,*,#10077,.T.);
#10216=ORIENTED_EDGE('',*,*,#10215,.F.);
#10218=ORIENTED_EDGE('',*,*,#10217,.F.);
#10220=ORIENTED_EDGE('',*,*,#10219,.T.);
#10222=ORIENTED_EDGE('',*,*,#10221,.F.);
#10224=ORIENTED_EDGE('',*,*,#10223,.F.);
#10226=ORIENTED_EDGE('',*,*,#10225,.F.);
#10228=ORIENTED_EDGE('',*,*,#10227,.F.);
#10230=ORIENTED_EDGE('',*,*,#10229,.F.);
#10232=ORIENTED_EDGE('',*,*,#10231,.F.);
#10234=ORIENTED_EDGE('',*,*,#10233,.F.);
#10235=ORIENTED_EDGE('',*,*,#10126,.T.);
#10236=EDGE_LOOP('',(#10214,#10216,#10218,#10220,#10222,#10224,#10226,#10228,
#10230,#10232,#10234,#10235));
#10237=FACE_OUTER_BOUND('',#10236,.F.);
#10239=FILL_AREA_STYLE_COLOUR('',#58);
#10240=FILL_AREA_STYLE('',(#10239));
#10241=SURFACE_STYLE_FILL_AREA(#10240);
#10242=SURFACE_SIDE_STYLE('',(#10241));
#10243=SURFACE_STYLE_USAGE(.POSITIVE.,#10242);
#10244=PRESENTATION_STYLE_ASSIGNMENT((#10243));
#10245=OVER_RIDING_STYLED_ITEM('',(#10244),#10238,#62);
#10246=CARTESIAN_POINT('',(0.E0,0.E0,2.9E0));
#10247=DIRECTION('',(0.E0,0.E0,1.E0));
#10248=DIRECTION('',(-1.E0,0.E0,0.E0));
#10249=AXIS2_PLACEMENT_3D('',#10246,#10247,#10248);
#10250=PLANE('',#10249);
#10252=ORIENTED_EDGE('',*,*,#10251,.F.);
#10254=ORIENTED_EDGE('',*,*,#10253,.F.);
#10256=ORIENTED_EDGE('',*,*,#10255,.T.);
#10258=ORIENTED_EDGE('',*,*,#10257,.T.);
#10260=ORIENTED_EDGE('',*,*,#10259,.F.);
#10262=ORIENTED_EDGE('',*,*,#10261,.F.);
#10264=ORIENTED_EDGE('',*,*,#10263,.F.);
#10266=ORIENTED_EDGE('',*,*,#10265,.F.);
#10268=ORIENTED_EDGE('',*,*,#10267,.F.);
#10270=ORIENTED_EDGE('',*,*,#10269,.F.);
#10272=ORIENTED_EDGE('',*,*,#10271,.F.);
#10274=ORIENTED_EDGE('',*,*,#10273,.T.);
#10275=EDGE_LOOP('',(#10252,#10254,#10256,#10258,#10260,#10262,#10264,#10266,
#10268,#10270,#10272,#10274));
#10276=FACE_OUTER_BOUND('',#10275,.F.);
#10278=ORIENTED_EDGE('',*,*,#10277,.F.);
#10280=ORIENTED_EDGE('',*,*,#10279,.F.);
#10282=ORIENTED_EDGE('',*,*,#10281,.T.);
#10284=ORIENTED_EDGE('',*,*,#10283,.F.);
#10285=EDGE_LOOP('',(#10278,#10280,#10282,#10284));
#10286=FACE_BOUND('',#10285,.F.);
#10288=ORIENTED_EDGE('',*,*,#10287,.F.);
#10290=ORIENTED_EDGE('',*,*,#10289,.F.);
#10292=ORIENTED_EDGE('',*,*,#10291,.T.);
#10294=ORIENTED_EDGE('',*,*,#10293,.T.);
#10295=EDGE_LOOP('',(#10288,#10290,#10292,#10294));
#10296=FACE_BOUND('',#10295,.F.);
#10297=ORIENTED_EDGE('',*,*,#10191,.F.);
#10299=ORIENTED_EDGE('',*,*,#10298,.F.);
#10301=ORIENTED_EDGE('',*,*,#10300,.T.);
#10303=ORIENTED_EDGE('',*,*,#10302,.F.);
#10304=EDGE_LOOP('',(#10297,#10299,#10301,#10303));
#10305=FACE_BOUND('',#10304,.F.);
#10307=CARTESIAN_POINT('',(5.38E0,3.15E0,0.E0));
#10308=DIRECTION('',(0.E0,1.E0,0.E0));
#10309=DIRECTION('',(-1.E0,0.E0,0.E0));
#10310=AXIS2_PLACEMENT_3D('',#10307,#10308,#10309);
#10311=PLANE('',#10310);
#10312=ORIENTED_EDGE('',*,*,#10298,.T.);
#10313=ORIENTED_EDGE('',*,*,#10197,.F.);
#10315=ORIENTED_EDGE('',*,*,#10314,.T.);
#10317=ORIENTED_EDGE('',*,*,#10316,.T.);
#10319=ORIENTED_EDGE('',*,*,#10318,.F.);
#10321=ORIENTED_EDGE('',*,*,#10320,.T.);
#10322=EDGE_LOOP('',(#10312,#10313,#10315,#10317,#10319,#10321));
#10323=FACE_OUTER_BOUND('',#10322,.F.);
#10325=FILL_AREA_STYLE_COLOUR('',#58);
#10326=FILL_AREA_STYLE('',(#10325));
#10327=SURFACE_STYLE_FILL_AREA(#10326);
#10328=SURFACE_SIDE_STYLE('',(#10327));
#10329=SURFACE_STYLE_USAGE(.BOTH.,#10328);
#10330=PRESENTATION_STYLE_ASSIGNMENT((#10329));
#10331=OVER_RIDING_STYLED_ITEM('',(#10330),#10324,#62);
#10332=CARTESIAN_POINT('',(5.18E0,2.865076724772E0,3.2E0));
#10333=DIRECTION('',(0.E0,1.E0,0.E0));
#10334=DIRECTION('',(0.E0,0.E0,1.E0));
#10335=AXIS2_PLACEMENT_3D('',#10332,#10333,#10334);
#10336=CYLINDRICAL_SURFACE('',#10335,2.E-1);
#10338=ORIENTED_EDGE('',*,*,#10337,.F.);
#10340=ORIENTED_EDGE('',*,*,#10339,.T.);
#10341=ORIENTED_EDGE('',*,*,#10314,.F.);
#10342=ORIENTED_EDGE('',*,*,#10195,.F.);
#10343=EDGE_LOOP('',(#10338,#10340,#10341,#10342));
#10344=FACE_OUTER_BOUND('',#10343,.F.);
#10346=FILL_AREA_STYLE_COLOUR('',#58);
#10347=FILL_AREA_STYLE('',(#10346));
#10348=SURFACE_STYLE_FILL_AREA(#10347);
#10349=SURFACE_SIDE_STYLE('',(#10348));
#10350=SURFACE_STYLE_USAGE(.BOTH.,#10349);
#10351=PRESENTATION_STYLE_ASSIGNMENT((#10350));
#10352=OVER_RIDING_STYLED_ITEM('',(#10351),#10345,#62);
#10353=CARTESIAN_POINT('',(5.38E0,2.9E0,0.E0));
#10354=DIRECTION('',(0.E0,-1.E0,0.E0));
#10355=DIRECTION('',(-1.E0,0.E0,0.E0));
#10356=AXIS2_PLACEMENT_3D('',#10353,#10354,#10355);
#10357=PLANE('',#10356);
#10358=ORIENTED_EDGE('',*,*,#10302,.T.);
#10360=ORIENTED_EDGE('',*,*,#10359,.T.);
#10362=ORIENTED_EDGE('',*,*,#10361,.F.);
#10364=ORIENTED_EDGE('',*,*,#10363,.T.);
#10365=ORIENTED_EDGE('',*,*,#10337,.T.);
#10366=ORIENTED_EDGE('',*,*,#10193,.T.);
#10367=EDGE_LOOP('',(#10358,#10360,#10362,#10364,#10365,#10366));
#10368=FACE_OUTER_BOUND('',#10367,.F.);
#10370=FILL_AREA_STYLE_COLOUR('',#58);
#10371=FILL_AREA_STYLE('',(#10370));
#10372=SURFACE_STYLE_FILL_AREA(#10371);
#10373=SURFACE_SIDE_STYLE('',(#10372));
#10374=SURFACE_STYLE_USAGE(.BOTH.,#10373);
#10375=PRESENTATION_STYLE_ASSIGNMENT((#10374));
#10376=OVER_RIDING_STYLED_ITEM('',(#10375),#10369,#62);
#10377=CARTESIAN_POINT('',(4.78E0,2.9E0,0.E0));
#10378=DIRECTION('',(-1.E0,0.E0,0.E0));
#10379=DIRECTION('',(0.E0,1.E0,0.E0));
#10380=AXIS2_PLACEMENT_3D('',#10377,#10378,#10379);
#10381=PLANE('',#10380);
#10382=ORIENTED_EDGE('',*,*,#10300,.F.);
#10383=ORIENTED_EDGE('',*,*,#10320,.F.);
#10385=ORIENTED_EDGE('',*,*,#10384,.T.);
#10386=ORIENTED_EDGE('',*,*,#10359,.F.);
#10387=EDGE_LOOP('',(#10382,#10383,#10385,#10386));
#10388=FACE_OUTER_BOUND('',#10387,.F.);
#10390=FILL_AREA_STYLE_COLOUR('',#58);
#10391=FILL_AREA_STYLE('',(#10390));
#10392=SURFACE_STYLE_FILL_AREA(#10391);
#10393=SURFACE_SIDE_STYLE('',(#10392));
#10394=SURFACE_STYLE_USAGE(.BOTH.,#10393);
#10395=PRESENTATION_STYLE_ASSIGNMENT((#10394));
#10396=OVER_RIDING_STYLED_ITEM('',(#10395),#10389,#62);
#10397=CARTESIAN_POINT('',(4.78E0,2.9E0,0.E0));
#10398=DIRECTION('',(-1.E0,0.E0,0.E0));
#10399=DIRECTION('',(0.E0,1.E0,0.E0));
#10400=AXIS2_PLACEMENT_3D('',#10397,#10398,#10399);
#10401=PLANE('',#10400);
#10402=ORIENTED_EDGE('',*,*,#10073,.F.);
#10403=ORIENTED_EDGE('',*,*,#10130,.T.);
#10405=ORIENTED_EDGE('',*,*,#10404,.F.);
#10407=ORIENTED_EDGE('',*,*,#10406,.T.);
#10409=ORIENTED_EDGE('',*,*,#10408,.F.);
#10411=ORIENTED_EDGE('',*,*,#10410,.T.);
#10413=ORIENTED_EDGE('',*,*,#10412,.T.);
#10415=ORIENTED_EDGE('',*,*,#10414,.T.);
#10417=ORIENTED_EDGE('',*,*,#10416,.F.);
#10419=ORIENTED_EDGE('',*,*,#10418,.F.);
#10421=ORIENTED_EDGE('',*,*,#10420,.F.);
#10423=ORIENTED_EDGE('',*,*,#10422,.F.);
#10424=EDGE_LOOP('',(#10402,#10403,#10405,#10407,#10409,#10411,#10413,#10415,
#10417,#10419,#10421,#10423));
#10425=FACE_OUTER_BOUND('',#10424,.F.);
#10427=FILL_AREA_STYLE_COLOUR('',#58);
#10428=FILL_AREA_STYLE('',(#10427));
#10429=SURFACE_STYLE_FILL_AREA(#10428);
#10430=SURFACE_SIDE_STYLE('',(#10429));
#10431=SURFACE_STYLE_USAGE(.POSITIVE.,#10430);
#10432=PRESENTATION_STYLE_ASSIGNMENT((#10431));
#10433=OVER_RIDING_STYLED_ITEM('',(#10432),#10426,#62);
#10434=CARTESIAN_POINT('',(4.98E0,3.183656503051E0,3.2E0));
#10435=DIRECTION('',(0.E0,-1.E0,0.E0));
#10436=DIRECTION('',(0.E0,0.E0,1.E0));
#10437=AXIS2_PLACEMENT_3D('',#10434,#10435,#10436);
#10438=CYLINDRICAL_SURFACE('',#10437,2.E-1);
#10439=ORIENTED_EDGE('',*,*,#10384,.F.);
#10440=ORIENTED_EDGE('',*,*,#10318,.T.);
#10442=ORIENTED_EDGE('',*,*,#10441,.T.);
#10443=ORIENTED_EDGE('',*,*,#10361,.T.);
#10444=EDGE_LOOP('',(#10439,#10440,#10442,#10443));
#10445=FACE_OUTER_BOUND('',#10444,.F.);
#10447=FILL_AREA_STYLE_COLOUR('',#58);
#10448=FILL_AREA_STYLE('',(#10447));
#10449=SURFACE_STYLE_FILL_AREA(#10448);
#10450=SURFACE_SIDE_STYLE('',(#10449));
#10451=SURFACE_STYLE_USAGE(.POSITIVE.,#10450);
#10452=FILL_AREA_STYLE_COLOUR('',#23);
#10453=FILL_AREA_STYLE('',(#10452));
#10454=SURFACE_STYLE_FILL_AREA(#10453);
#10455=SURFACE_SIDE_STYLE('',(#10454));
#10456=SURFACE_STYLE_USAGE(.NEGATIVE.,#10455);
#10457=PRESENTATION_STYLE_ASSIGNMENT((#10451,#10456));
#10458=OVER_RIDING_STYLED_ITEM('',(#10457),#10446,#62);
#10459=CARTESIAN_POINT('',(0.E0,0.E0,3.4E0));
#10460=DIRECTION('',(0.E0,0.E0,1.E0));
#10461=DIRECTION('',(-1.E0,0.E0,0.E0));
#10462=AXIS2_PLACEMENT_3D('',#10459,#10460,#10461);
#10463=PLANE('',#10462);
#10464=ORIENTED_EDGE('',*,*,#10339,.F.);
#10465=ORIENTED_EDGE('',*,*,#10363,.F.);
#10466=ORIENTED_EDGE('',*,*,#10441,.F.);
#10467=ORIENTED_EDGE('',*,*,#10316,.F.);
#10468=EDGE_LOOP('',(#10464,#10465,#10466,#10467));
#10469=FACE_OUTER_BOUND('',#10468,.F.);
#10471=FILL_AREA_STYLE_COLOUR('',#58);
#10472=FILL_AREA_STYLE('',(#10471));
#10473=SURFACE_STYLE_FILL_AREA(#10472);
#10474=SURFACE_SIDE_STYLE('',(#10473));
#10475=SURFACE_STYLE_USAGE(.BOTH.,#10474);
#10476=PRESENTATION_STYLE_ASSIGNMENT((#10475));
#10477=OVER_RIDING_STYLED_ITEM('',(#10476),#10470,#62);
#10478=CARTESIAN_POINT('',(0.E0,0.E0,3.4E0));
#10479=DIRECTION('',(0.E0,0.E0,1.E0));
#10480=DIRECTION('',(-1.E0,0.E0,0.E0));
#10481=AXIS2_PLACEMENT_3D('',#10478,#10479,#10480);
#10482=PLANE('',#10481);
#10484=ORIENTED_EDGE('',*,*,#10483,.F.);
#10486=ORIENTED_EDGE('',*,*,#10485,.F.);
#10488=ORIENTED_EDGE('',*,*,#10487,.F.);
#10490=ORIENTED_EDGE('',*,*,#10489,.F.);
#10491=EDGE_LOOP('',(#10484,#10486,#10488,#10490));
#10492=FACE_OUTER_BOUND('',#10491,.F.);
#10494=FILL_AREA_STYLE_COLOUR('',#58);
#10495=FILL_AREA_STYLE('',(#10494));
#10496=SURFACE_STYLE_FILL_AREA(#10495);
#10497=SURFACE_SIDE_STYLE('',(#10496));
#10498=SURFACE_STYLE_USAGE(.POSITIVE.,#10497);
#10499=PRESENTATION_STYLE_ASSIGNMENT((#10498));
#10500=OVER_RIDING_STYLED_ITEM('',(#10499),#10493,#62);
#10501=CARTESIAN_POINT('',(0.E0,0.E0,3.4E0));
#10502=DIRECTION('',(0.E0,0.E0,1.E0));
#10503=DIRECTION('',(-1.E0,0.E0,0.E0));
#10504=AXIS2_PLACEMENT_3D('',#10501,#10502,#10503);
#10505=PLANE('',#10504);
#10507=ORIENTED_EDGE('',*,*,#10506,.F.);
#10509=ORIENTED_EDGE('',*,*,#10508,.F.);
#10511=ORIENTED_EDGE('',*,*,#10510,.F.);
#10513=ORIENTED_EDGE('',*,*,#10512,.F.);
#10514=EDGE_LOOP('',(#10507,#10509,#10511,#10513));
#10515=FACE_OUTER_BOUND('',#10514,.F.);
#10517=FILL_AREA_STYLE_COLOUR('',#58);
#10518=FILL_AREA_STYLE('',(#10517));
#10519=SURFACE_STYLE_FILL_AREA(#10518);
#10520=SURFACE_SIDE_STYLE('',(#10519));
#10521=SURFACE_STYLE_USAGE(.POSITIVE.,#10520);
#10522=PRESENTATION_STYLE_ASSIGNMENT((#10521));
#10523=OVER_RIDING_STYLED_ITEM('',(#10522),#10516,#62);
#10524=CARTESIAN_POINT('',(2.64E0,2.865076724772E0,3.2E0));
#10525=DIRECTION('',(0.E0,1.E0,0.E0));
#10526=DIRECTION('',(0.E0,0.E0,1.E0));
#10527=AXIS2_PLACEMENT_3D('',#10524,#10525,#10526);
#10528=CYLINDRICAL_SURFACE('',#10527,2.E-1);
#10530=ORIENTED_EDGE('',*,*,#10529,.F.);
#10531=ORIENTED_EDGE('',*,*,#10483,.T.);
#10533=ORIENTED_EDGE('',*,*,#10532,.F.);
#10535=ORIENTED_EDGE('',*,*,#10534,.F.);
#10536=EDGE_LOOP('',(#10530,#10531,#10533,#10535));
#10537=FACE_OUTER_BOUND('',#10536,.F.);
#10539=FILL_AREA_STYLE_COLOUR('',#58);
#10540=FILL_AREA_STYLE('',(#10539));
#10541=SURFACE_STYLE_FILL_AREA(#10540);
#10542=SURFACE_SIDE_STYLE('',(#10541));
#10543=SURFACE_STYLE_USAGE(.BOTH.,#10542);
#10544=PRESENTATION_STYLE_ASSIGNMENT((#10543));
#10545=OVER_RIDING_STYLED_ITEM('',(#10544),#10538,#62);
#10546=CARTESIAN_POINT('',(2.84E0,2.9E0,0.E0));
#10547=DIRECTION('',(0.E0,-1.E0,0.E0));
#10548=DIRECTION('',(-1.E0,0.E0,0.E0));
#10549=AXIS2_PLACEMENT_3D('',#10546,#10547,#10548);
#10550=PLANE('',#10549);
#10551=ORIENTED_EDGE('',*,*,#10287,.T.);
#10553=ORIENTED_EDGE('',*,*,#10552,.T.);
#10555=ORIENTED_EDGE('',*,*,#10554,.F.);
#10556=ORIENTED_EDGE('',*,*,#10485,.T.);
#10557=ORIENTED_EDGE('',*,*,#10529,.T.);
#10559=ORIENTED_EDGE('',*,*,#10558,.T.);
#10560=EDGE_LOOP('',(#10551,#10553,#10555,#10556,#10557,#10559));
#10561=FACE_OUTER_BOUND('',#10560,.F.);
#10563=FILL_AREA_STYLE_COLOUR('',#58);
#10564=FILL_AREA_STYLE('',(#10563));
#10565=SURFACE_STYLE_FILL_AREA(#10564);
#10566=SURFACE_SIDE_STYLE('',(#10565));
#10567=SURFACE_STYLE_USAGE(.BOTH.,#10566);
#10568=PRESENTATION_STYLE_ASSIGNMENT((#10567));
#10569=OVER_RIDING_STYLED_ITEM('',(#10568),#10562,#62);
#10570=CARTESIAN_POINT('',(2.24E0,2.9E0,0.E0));
#10571=DIRECTION('',(-1.E0,0.E0,0.E0));
#10572=DIRECTION('',(0.E0,1.E0,0.E0));
#10573=AXIS2_PLACEMENT_3D('',#10570,#10571,#10572);
#10574=PLANE('',#10573);
#10575=ORIENTED_EDGE('',*,*,#10065,.F.);
#10576=ORIENTED_EDGE('',*,*,#10152,.T.);
#10578=ORIENTED_EDGE('',*,*,#10577,.F.);
#10580=ORIENTED_EDGE('',*,*,#10579,.T.);
#10582=ORIENTED_EDGE('',*,*,#10581,.F.);
#10584=ORIENTED_EDGE('',*,*,#10583,.T.);
#10586=ORIENTED_EDGE('',*,*,#10585,.T.);
#10588=ORIENTED_EDGE('',*,*,#10587,.T.);
#10590=ORIENTED_EDGE('',*,*,#10589,.F.);
#10592=ORIENTED_EDGE('',*,*,#10591,.F.);
#10594=ORIENTED_EDGE('',*,*,#10593,.F.);
#10596=ORIENTED_EDGE('',*,*,#10595,.F.);
#10597=EDGE_LOOP('',(#10575,#10576,#10578,#10580,#10582,#10584,#10586,#10588,
#10590,#10592,#10594,#10596));
#10598=FACE_OUTER_BOUND('',#10597,.F.);
#10600=FILL_AREA_STYLE_COLOUR('',#58);
#10601=FILL_AREA_STYLE('',(#10600));
#10602=SURFACE_STYLE_FILL_AREA(#10601);
#10603=SURFACE_SIDE_STYLE('',(#10602));
#10604=SURFACE_STYLE_USAGE(.BOTH.,#10603);
#10605=PRESENTATION_STYLE_ASSIGNMENT((#10604));
#10606=OVER_RIDING_STYLED_ITEM('',(#10605),#10599,#62);
#10607=CARTESIAN_POINT('',(2.24E0,2.9E0,0.E0));
#10608=DIRECTION('',(-1.E0,0.E0,0.E0));
#10609=DIRECTION('',(0.E0,1.E0,0.E0));
#10610=AXIS2_PLACEMENT_3D('',#10607,#10608,#10609);
#10611=PLANE('',#10610);
#10612=ORIENTED_EDGE('',*,*,#10293,.F.);
#10614=ORIENTED_EDGE('',*,*,#10613,.T.);
#10616=ORIENTED_EDGE('',*,*,#10615,.T.);
#10617=ORIENTED_EDGE('',*,*,#10552,.F.);
#10618=EDGE_LOOP('',(#10612,#10614,#10616,#10617));
#10619=FACE_OUTER_BOUND('',#10618,.F.);
#10621=FILL_AREA_STYLE_COLOUR('',#58);
#10622=FILL_AREA_STYLE('',(#10621));
#10623=SURFACE_STYLE_FILL_AREA(#10622);
#10624=SURFACE_SIDE_STYLE('',(#10623));
#10625=SURFACE_STYLE_USAGE(.POSITIVE.,#10624);
#10626=PRESENTATION_STYLE_ASSIGNMENT((#10625));
#10627=OVER_RIDING_STYLED_ITEM('',(#10626),#10620,#62);
#10628=CARTESIAN_POINT('',(2.891511830961E0,4.487203409717E0,-2.5E-1));
#10629=DIRECTION('',(-1.E0,0.E0,0.E0));
#10630=DIRECTION('',(0.E0,0.E0,1.E0));
#10631=AXIS2_PLACEMENT_3D('',#10628,#10629,#10630);
#10632=CYLINDRICAL_SURFACE('',#10631,2.5E-1);
#10634=ORIENTED_EDGE('',*,*,#10633,.T.);
#10636=ORIENTED_EDGE('',*,*,#10635,.T.);
#10637=ORIENTED_EDGE('',*,*,#10577,.T.);
#10638=ORIENTED_EDGE('',*,*,#10150,.F.);
#10639=EDGE_LOOP('',(#10634,#10636,#10637,#10638));
#10640=FACE_OUTER_BOUND('',#10639,.F.);
#10642=FILL_AREA_STYLE_COLOUR('',#58);
#10643=FILL_AREA_STYLE('',(#10642));
#10644=SURFACE_STYLE_FILL_AREA(#10643);
#10645=SURFACE_SIDE_STYLE('',(#10644));
#10646=SURFACE_STYLE_USAGE(.BOTH.,#10645);
#10647=PRESENTATION_STYLE_ASSIGNMENT((#10646));
#10648=OVER_RIDING_STYLED_ITEM('',(#10647),#10641,#62);
#10649=CARTESIAN_POINT('',(2.84E0,8.25E0,0.E0));
#10650=DIRECTION('',(1.E0,0.E0,0.E0));
#10651=DIRECTION('',(0.E0,-1.E0,0.E0));
#10652=AXIS2_PLACEMENT_3D('',#10649,#10650,#10651);
#10653=PLANE('',#10652);
#10654=ORIENTED_EDGE('',*,*,#10069,.T.);
#10656=ORIENTED_EDGE('',*,*,#10655,.F.);
#10658=ORIENTED_EDGE('',*,*,#10657,.F.);
#10660=ORIENTED_EDGE('',*,*,#10659,.T.);
#10662=ORIENTED_EDGE('',*,*,#10661,.F.);
#10664=ORIENTED_EDGE('',*,*,#10663,.F.);
#10666=ORIENTED_EDGE('',*,*,#10665,.F.);
#10668=ORIENTED_EDGE('',*,*,#10667,.F.);
#10670=ORIENTED_EDGE('',*,*,#10669,.F.);
#10672=ORIENTED_EDGE('',*,*,#10671,.F.);
#10673=ORIENTED_EDGE('',*,*,#10633,.F.);
#10674=ORIENTED_EDGE('',*,*,#10148,.T.);
#10675=EDGE_LOOP('',(#10654,#10656,#10658,#10660,#10662,#10664,#10666,#10668,
#10670,#10672,#10673,#10674));
#10676=FACE_OUTER_BOUND('',#10675,.F.);
#10678=FILL_AREA_STYLE_COLOUR('',#58);
#10679=FILL_AREA_STYLE('',(#10678));
#10680=SURFACE_STYLE_FILL_AREA(#10679);
#10681=SURFACE_SIDE_STYLE('',(#10680));
#10682=SURFACE_STYLE_USAGE(.BOTH.,#10681);
#10683=PRESENTATION_STYLE_ASSIGNMENT((#10682));
#10684=OVER_RIDING_STYLED_ITEM('',(#10683),#10677,#62);
#10685=CARTESIAN_POINT('',(2.84E0,8.25E0,0.E0));
#10686=DIRECTION('',(1.E0,0.E0,0.E0));
#10687=DIRECTION('',(0.E0,-1.E0,0.E0));
#10688=AXIS2_PLACEMENT_3D('',#10685,#10686,#10687);
#10689=PLANE('',#10688);
#10690=ORIENTED_EDGE('',*,*,#10289,.T.);
#10691=ORIENTED_EDGE('',*,*,#10558,.F.);
#10692=ORIENTED_EDGE('',*,*,#10534,.T.);
#10694=ORIENTED_EDGE('',*,*,#10693,.F.);
#10695=EDGE_LOOP('',(#10690,#10691,#10692,#10694));
#10696=FACE_OUTER_BOUND('',#10695,.F.);
#10698=FILL_AREA_STYLE_COLOUR('',#58);
#10699=FILL_AREA_STYLE('',(#10698));
#10700=SURFACE_STYLE_FILL_AREA(#10699);
#10701=SURFACE_SIDE_STYLE('',(#10700));
#10702=SURFACE_STYLE_USAGE(.POSITIVE.,#10701);
#10703=PRESENTATION_STYLE_ASSIGNMENT((#10702));
#10704=OVER_RIDING_STYLED_ITEM('',(#10703),#10697,#62);
#10705=CARTESIAN_POINT('',(0.E0,0.E0,2.5E-1));
#10706=DIRECTION('',(0.E0,0.E0,-1.E0));
#10707=DIRECTION('',(-1.E0,0.E0,0.E0));
#10708=AXIS2_PLACEMENT_3D('',#10705,#10706,#10707);
#10709=PLANE('',#10708);
#10710=ORIENTED_EDGE('',*,*,#10075,.T.);
#10711=ORIENTED_EDGE('',*,*,#10422,.T.);
#10713=ORIENTED_EDGE('',*,*,#10712,.F.);
#10714=ORIENTED_EDGE('',*,*,#10215,.T.);
#10715=EDGE_LOOP('',(#10710,#10711,#10713,#10714));
#10716=FACE_OUTER_BOUND('',#10715,.F.);
#10718=FILL_AREA_STYLE_COLOUR('',#61);
#10719=FILL_AREA_STYLE('',(#10718));
#10720=SURFACE_STYLE_FILL_AREA(#10719);
#10721=SURFACE_SIDE_STYLE('',(#10720));
#10722=SURFACE_STYLE_USAGE(.POSITIVE.,#10721);
#10723=FILL_AREA_STYLE_COLOUR('',#58);
#10724=FILL_AREA_STYLE('',(#10723));
#10725=SURFACE_STYLE_FILL_AREA(#10724);
#10726=SURFACE_SIDE_STYLE('',(#10725));
#10727=SURFACE_STYLE_USAGE(.NEGATIVE.,#10726);
#10728=PRESENTATION_STYLE_ASSIGNMENT((#10722,#10727));
#10729=OVER_RIDING_STYLED_ITEM('',(#10728),#10717,#62);
#10730=CARTESIAN_POINT('',(0.E0,0.E0,2.5E-1));
#10731=DIRECTION('',(0.E0,0.E0,-1.E0));
#10732=DIRECTION('',(-1.E0,0.E0,0.E0));
#10733=AXIS2_PLACEMENT_3D('',#10730,#10731,#10732);
#10734=PLANE('',#10733);
#10735=ORIENTED_EDGE('',*,*,#10067,.T.);
#10736=ORIENTED_EDGE('',*,*,#10595,.T.);
#10738=ORIENTED_EDGE('',*,*,#10737,.F.);
#10739=ORIENTED_EDGE('',*,*,#10655,.T.);
#10740=EDGE_LOOP('',(#10735,#10736,#10738,#10739));
#10741=FACE_OUTER_BOUND('',#10740,.F.);
#10743=FILL_AREA_STYLE_COLOUR('',#61);
#10744=FILL_AREA_STYLE('',(#10743));
#10745=SURFACE_STYLE_FILL_AREA(#10744);
#10746=SURFACE_SIDE_STYLE('',(#10745));
#10747=SURFACE_STYLE_USAGE(.POSITIVE.,#10746);
#10748=FILL_AREA_STYLE_COLOUR('',#58);
#10749=FILL_AREA_STYLE('',(#10748));
#10750=SURFACE_STYLE_FILL_AREA(#10749);
#10751=SURFACE_SIDE_STYLE('',(#10750));
#10752=SURFACE_STYLE_USAGE(.NEGATIVE.,#10751);
#10753=PRESENTATION_STYLE_ASSIGNMENT((#10747,#10752));
#10754=OVER_RIDING_STYLED_ITEM('',(#10753),#10742,#62);
#10755=CARTESIAN_POINT('',(0.E0,0.E0,2.5E-1));
#10756=DIRECTION('',(0.E0,0.E0,-1.E0));
#10757=DIRECTION('',(-1.E0,0.E0,0.E0));
#10758=AXIS2_PLACEMENT_3D('',#10755,#10756,#10757);
#10759=PLANE('',#10758);
#10761=ORIENTED_EDGE('',*,*,#10760,.T.);
#10762=ORIENTED_EDGE('',*,*,#10089,.T.);
#10764=ORIENTED_EDGE('',*,*,#10763,.T.);
#10766=ORIENTED_EDGE('',*,*,#10765,.F.);
#10767=EDGE_LOOP('',(#10761,#10762,#10764,#10766));
#10768=FACE_OUTER_BOUND('',#10767,.F.);
#10770=FILL_AREA_STYLE_COLOUR('',#61);
#10771=FILL_AREA_STYLE('',(#10770));
#10772=SURFACE_STYLE_FILL_AREA(#10771);
#10773=SURFACE_SIDE_STYLE('',(#10772));
#10774=SURFACE_STYLE_USAGE(.POSITIVE.,#10773);
#10775=FILL_AREA_STYLE_COLOUR('',#58);
#10776=FILL_AREA_STYLE('',(#10775));
#10777=SURFACE_STYLE_FILL_AREA(#10776);
#10778=SURFACE_SIDE_STYLE('',(#10777));
#10779=SURFACE_STYLE_USAGE(.NEGATIVE.,#10778);
#10780=PRESENTATION_STYLE_ASSIGNMENT((#10774,#10779));
#10781=OVER_RIDING_STYLED_ITEM('',(#10780),#10769,#62);
#10782=CARTESIAN_POINT('',(5.415973116017E0,4.487203409718E0,-2.5E-1));
#10783=DIRECTION('',(-1.E0,0.E0,0.E0));
#10784=DIRECTION('',(0.E0,0.E0,1.E0));
#10785=AXIS2_PLACEMENT_3D('',#10782,#10783,#10784);
#10786=CYLINDRICAL_SURFACE('',#10785,5.E-1);
#10788=ORIENTED_EDGE('',*,*,#10787,.F.);
#10789=ORIENTED_EDGE('',*,*,#10217,.T.);
#10790=ORIENTED_EDGE('',*,*,#10712,.T.);
#10791=ORIENTED_EDGE('',*,*,#10420,.T.);
#10792=EDGE_LOOP('',(#10788,#10789,#10790,#10791));
#10793=FACE_OUTER_BOUND('',#10792,.F.);
#10795=FILL_AREA_STYLE_COLOUR('',#60);
#10796=FILL_AREA_STYLE('',(#10795));
#10797=SURFACE_STYLE_FILL_AREA(#10796);
#10798=SURFACE_SIDE_STYLE('',(#10797));
#10799=SURFACE_STYLE_USAGE(.POSITIVE.,#10798);
#10800=FILL_AREA_STYLE_COLOUR('',#58);
#10801=FILL_AREA_STYLE('',(#10800));
#10802=SURFACE_STYLE_FILL_AREA(#10801);
#10803=SURFACE_SIDE_STYLE('',(#10802));
#10804=SURFACE_STYLE_USAGE(.NEGATIVE.,#10803);
#10805=PRESENTATION_STYLE_ASSIGNMENT((#10799,#10804));
#10806=OVER_RIDING_STYLED_ITEM('',(#10805),#10794,#62);
#10807=CARTESIAN_POINT('',(5.38E0,4.961685693075E0,2.5E-1));
#10808=DIRECTION('',(0.E0,-9.986295347546E-1,-5.233595624276E-2));
#10809=DIRECTION('',(0.E0,5.233595624276E-2,-9.986295347546E-1));
#10810=AXIS2_PLACEMENT_3D('',#10807,#10808,#10809);
#10811=PLANE('',#10810);
#10813=ORIENTED_EDGE('',*,*,#10812,.T.);
#10815=ORIENTED_EDGE('',*,*,#10814,.F.);
#10817=ORIENTED_EDGE('',*,*,#10816,.T.);
#10819=ORIENTED_EDGE('',*,*,#10818,.T.);
#10820=EDGE_LOOP('',(#10813,#10815,#10817,#10819));
#10821=FACE_OUTER_BOUND('',#10820,.F.);
#10823=FILL_AREA_STYLE_COLOUR('',#60);
#10824=FILL_AREA_STYLE('',(#10823));
#10825=SURFACE_STYLE_FILL_AREA(#10824);
#10826=SURFACE_SIDE_STYLE('',(#10825));
#10827=SURFACE_STYLE_USAGE(.POSITIVE.,#10826);
#10828=FILL_AREA_STYLE_COLOUR('',#58);
#10829=FILL_AREA_STYLE('',(#10828));
#10830=SURFACE_STYLE_FILL_AREA(#10829);
#10831=SURFACE_SIDE_STYLE('',(#10830));
#10832=SURFACE_STYLE_USAGE(.NEGATIVE.,#10831);
#10833=PRESENTATION_STYLE_ASSIGNMENT((#10827,#10832));
#10834=OVER_RIDING_STYLED_ITEM('',(#10833),#10822,#62);
#10835=CARTESIAN_POINT('',(5.38E0,4.961685693075E0,2.5E-1));
#10836=DIRECTION('',(0.E0,-9.986295347546E-1,-5.233595624276E-2));
#10837=DIRECTION('',(0.E0,5.233595624276E-2,-9.986295347546E-1));
#10838=AXIS2_PLACEMENT_3D('',#10835,#10836,#10837);
#10839=PLANE('',#10838);
#10841=ORIENTED_EDGE('',*,*,#10840,.T.);
#10842=ORIENTED_EDGE('',*,*,#10219,.F.);
#10843=ORIENTED_EDGE('',*,*,#10787,.T.);
#10844=ORIENTED_EDGE('',*,*,#10418,.T.);
#10845=EDGE_LOOP('',(#10841,#10842,#10843,#10844));
#10846=FACE_OUTER_BOUND('',#10845,.F.);
#10848=FILL_AREA_STYLE_COLOUR('',#60);
#10849=FILL_AREA_STYLE('',(#10848));
#10850=SURFACE_STYLE_FILL_AREA(#10849);
#10851=SURFACE_SIDE_STYLE('',(#10850));
#10852=SURFACE_STYLE_USAGE(.POSITIVE.,#10851);
#10853=FILL_AREA_STYLE_COLOUR('',#58);
#10854=FILL_AREA_STYLE('',(#10853));
#10855=SURFACE_STYLE_FILL_AREA(#10854);
#10856=SURFACE_SIDE_STYLE('',(#10855));
#10857=SURFACE_STYLE_USAGE(.NEGATIVE.,#10856);
#10858=PRESENTATION_STYLE_ASSIGNMENT((#10852,#10857));
#10859=OVER_RIDING_STYLED_ITEM('',(#10858),#10847,#62);
#10860=CARTESIAN_POINT('',(5.38E0,4.961685693075E0,2.5E-1));
#10861=DIRECTION('',(0.E0,-9.986295347546E-1,-5.233595624276E-2));
#10862=DIRECTION('',(0.E0,5.233595624276E-2,-9.986295347546E-1));
#10863=AXIS2_PLACEMENT_3D('',#10860,#10861,#10862);
#10864=PLANE('',#10863);
#10866=ORIENTED_EDGE('',*,*,#10865,.T.);
#10867=ORIENTED_EDGE('',*,*,#10659,.F.);
#10869=ORIENTED_EDGE('',*,*,#10868,.T.);
#10870=ORIENTED_EDGE('',*,*,#10591,.T.);
#10871=EDGE_LOOP('',(#10866,#10867,#10869,#10870));
#10872=FACE_OUTER_BOUND('',#10871,.F.);
#10874=FILL_AREA_STYLE_COLOUR('',#60);
#10875=FILL_AREA_STYLE('',(#10874));
#10876=SURFACE_STYLE_FILL_AREA(#10875);
#10877=SURFACE_SIDE_STYLE('',(#10876));
#10878=SURFACE_STYLE_USAGE(.POSITIVE.,#10877);
#10879=FILL_AREA_STYLE_COLOUR('',#58);
#10880=FILL_AREA_STYLE('',(#10879));
#10881=SURFACE_STYLE_FILL_AREA(#10880);
#10882=SURFACE_SIDE_STYLE('',(#10881));
#10883=SURFACE_STYLE_USAGE(.NEGATIVE.,#10882);
#10884=PRESENTATION_STYLE_ASSIGNMENT((#10878,#10883));
#10885=OVER_RIDING_STYLED_ITEM('',(#10884),#10873,#62);
#10886=CARTESIAN_POINT('',(-5.409840117530E0,5.221947881469E0,-1.85E0));
#10887=DIRECTION('',(1.E0,0.E0,0.E0));
#10888=DIRECTION('',(0.E0,-9.986295347546E-1,-5.233595624276E-2));
#10889=AXIS2_PLACEMENT_3D('',#10886,#10887,#10888);
#10890=CYLINDRICAL_SURFACE('',#10889,1.5E-1);
#10891=ORIENTED_EDGE('',*,*,#10812,.F.);
#10893=ORIENTED_EDGE('',*,*,#10892,.T.);
#10895=ORIENTED_EDGE('',*,*,#10894,.T.);
#10897=ORIENTED_EDGE('',*,*,#10896,.T.);
#10898=EDGE_LOOP('',(#10891,#10893,#10895,#10897));
#10899=FACE_OUTER_BOUND('',#10898,.F.);
#10901=FILL_AREA_STYLE_COLOUR('',#60);
#10902=FILL_AREA_STYLE('',(#10901));
#10903=SURFACE_STYLE_FILL_AREA(#10902);
#10904=SURFACE_SIDE_STYLE('',(#10903));
#10905=SURFACE_STYLE_USAGE(.POSITIVE.,#10904);
#10906=FILL_AREA_STYLE_COLOUR('',#58);
#10907=FILL_AREA_STYLE('',(#10906));
#10908=SURFACE_STYLE_FILL_AREA(#10907);
#10909=SURFACE_SIDE_STYLE('',(#10908));
#10910=SURFACE_STYLE_USAGE(.NEGATIVE.,#10909);
#10911=PRESENTATION_STYLE_ASSIGNMENT((#10905,#10910));
#10912=OVER_RIDING_STYLED_ITEM('',(#10911),#10900,#62);
#10913=CARTESIAN_POINT('',(-5.38E0,2.9E0,0.E0));
#10914=DIRECTION('',(-1.E0,0.E0,0.E0));
#10915=DIRECTION('',(0.E0,1.E0,0.E0));
#10916=AXIS2_PLACEMENT_3D('',#10913,#10914,#10915);
#10917=PLANE('',#10916);
#10918=ORIENTED_EDGE('',*,*,#10281,.F.);
#10920=ORIENTED_EDGE('',*,*,#10919,.F.);
#10922=ORIENTED_EDGE('',*,*,#10921,.T.);
#10924=ORIENTED_EDGE('',*,*,#10923,.F.);
#10925=EDGE_LOOP('',(#10918,#10920,#10922,#10924));
#10926=FACE_OUTER_BOUND('',#10925,.F.);
#10928=FILL_AREA_STYLE_COLOUR('',#58);
#10929=FILL_AREA_STYLE('',(#10928));
#10930=SURFACE_STYLE_FILL_AREA(#10929);
#10931=SURFACE_SIDE_STYLE('',(#10930));
#10932=SURFACE_STYLE_USAGE(.BOTH.,#10931);
#10933=PRESENTATION_STYLE_ASSIGNMENT((#10932));
#10934=OVER_RIDING_STYLED_ITEM('',(#10933),#10927,#62);
#10935=CARTESIAN_POINT('',(-5.38E0,2.9E0,0.E0));
#10936=DIRECTION('',(-1.E0,0.E0,0.E0));
#10937=DIRECTION('',(0.E0,1.E0,0.E0));
#10938=AXIS2_PLACEMENT_3D('',#10935,#10936,#10937);
#10939=PLANE('',#10938);
#10940=ORIENTED_EDGE('',*,*,#10087,.F.);
#10941=ORIENTED_EDGE('',*,*,#10173,.T.);
#10943=ORIENTED_EDGE('',*,*,#10942,.F.);
#10945=ORIENTED_EDGE('',*,*,#10944,.T.);
#10947=ORIENTED_EDGE('',*,*,#10946,.F.);
#10949=ORIENTED_EDGE('',*,*,#10948,.T.);
#10951=ORIENTED_EDGE('',*,*,#10950,.T.);
#10953=ORIENTED_EDGE('',*,*,#10952,.T.);
#10954=ORIENTED_EDGE('',*,*,#10892,.F.);
#10955=ORIENTED_EDGE('',*,*,#10818,.F.);
#10957=ORIENTED_EDGE('',*,*,#10956,.F.);
#10958=ORIENTED_EDGE('',*,*,#10763,.F.);
#10959=EDGE_LOOP('',(#10940,#10941,#10943,#10945,#10947,#10949,#10951,#10953,
#10954,#10955,#10957,#10958));
#10960=FACE_OUTER_BOUND('',#10959,.F.);
#10962=FILL_AREA_STYLE_COLOUR('',#58);
#10963=FILL_AREA_STYLE('',(#10962));
#10964=SURFACE_STYLE_FILL_AREA(#10963);
#10965=SURFACE_SIDE_STYLE('',(#10964));
#10966=SURFACE_STYLE_USAGE(.POSITIVE.,#10965);
#10967=PRESENTATION_STYLE_ASSIGNMENT((#10966));
#10968=OVER_RIDING_STYLED_ITEM('',(#10967),#10961,#62);
#10969=CARTESIAN_POINT('',(-4.78E0,3.15E0,0.E0));
#10970=DIRECTION('',(0.E0,1.E0,0.E0));
#10971=DIRECTION('',(-1.E0,0.E0,0.E0));
#10972=AXIS2_PLACEMENT_3D('',#10969,#10970,#10971);
#10973=PLANE('',#10972);
#10974=ORIENTED_EDGE('',*,*,#10279,.T.);
#10976=ORIENTED_EDGE('',*,*,#10975,.F.);
#10978=ORIENTED_EDGE('',*,*,#10977,.T.);
#10979=ORIENTED_EDGE('',*,*,#10512,.T.);
#10981=ORIENTED_EDGE('',*,*,#10980,.F.);
#10982=ORIENTED_EDGE('',*,*,#10919,.T.);
#10983=EDGE_LOOP('',(#10974,#10976,#10978,#10979,#10981,#10982));
#10984=FACE_OUTER_BOUND('',#10983,.F.);
#10986=FILL_AREA_STYLE_COLOUR('',#58);
#10987=FILL_AREA_STYLE('',(#10986));
#10988=SURFACE_STYLE_FILL_AREA(#10987);
#10989=SURFACE_SIDE_STYLE('',(#10988));
#10990=SURFACE_STYLE_USAGE(.BOTH.,#10989);
#10991=PRESENTATION_STYLE_ASSIGNMENT((#10990));
#10992=OVER_RIDING_STYLED_ITEM('',(#10991),#10985,#62);
#10993=CARTESIAN_POINT('',(-4.78E0,8.25E0,0.E0));
#10994=DIRECTION('',(1.E0,0.E0,0.E0));
#10995=DIRECTION('',(0.E0,-1.E0,0.E0));
#10996=AXIS2_PLACEMENT_3D('',#10993,#10994,#10995);
#10997=PLANE('',#10996);
#10998=ORIENTED_EDGE('',*,*,#10277,.T.);
#11000=ORIENTED_EDGE('',*,*,#10999,.F.);
#11002=ORIENTED_EDGE('',*,*,#11001,.T.);
#11003=ORIENTED_EDGE('',*,*,#10975,.T.);
#11004=EDGE_LOOP('',(#10998,#11000,#11002,#11003));
#11005=FACE_OUTER_BOUND('',#11004,.F.);
#11007=FILL_AREA_STYLE_COLOUR('',#58);
#11008=FILL_AREA_STYLE('',(#11007));
#11009=SURFACE_STYLE_FILL_AREA(#11008);
#11010=SURFACE_SIDE_STYLE('',(#11009));
#11011=SURFACE_STYLE_USAGE(.BOTH.,#11010);
#11012=PRESENTATION_STYLE_ASSIGNMENT((#11011));
#11013=OVER_RIDING_STYLED_ITEM('',(#11012),#11006,#62);
#11014=CARTESIAN_POINT('',(-4.78E0,8.25E0,0.E0));
#11015=DIRECTION('',(1.E0,0.E0,0.E0));
#11016=DIRECTION('',(0.E0,-1.E0,0.E0));
#11017=AXIS2_PLACEMENT_3D('',#11014,#11015,#11016);
#11018=PLANE('',#11017);
#11019=ORIENTED_EDGE('',*,*,#10091,.T.);
#11020=ORIENTED_EDGE('',*,*,#10760,.F.);
#11022=ORIENTED_EDGE('',*,*,#11021,.F.);
#11023=ORIENTED_EDGE('',*,*,#10814,.T.);
#11024=ORIENTED_EDGE('',*,*,#10896,.F.);
#11026=ORIENTED_EDGE('',*,*,#11025,.F.);
#11028=ORIENTED_EDGE('',*,*,#11027,.F.);
#11030=ORIENTED_EDGE('',*,*,#11029,.F.);
#11032=ORIENTED_EDGE('',*,*,#11031,.F.);
#11034=ORIENTED_EDGE('',*,*,#11033,.F.);
#11036=ORIENTED_EDGE('',*,*,#11035,.F.);
#11037=ORIENTED_EDGE('',*,*,#10169,.T.);
#11038=EDGE_LOOP('',(#11019,#11020,#11022,#11023,#11024,#11026,#11028,#11030,
#11032,#11034,#11036,#11037));
#11039=FACE_OUTER_BOUND('',#11038,.F.);
#11041=FILL_AREA_STYLE_COLOUR('',#58);
#11042=FILL_AREA_STYLE('',(#11041));
#11043=SURFACE_STYLE_FILL_AREA(#11042);
#11044=SURFACE_SIDE_STYLE('',(#11043));
#11045=SURFACE_STYLE_USAGE(.POSITIVE.,#11044);
#11046=PRESENTATION_STYLE_ASSIGNMENT((#11045));
#11047=OVER_RIDING_STYLED_ITEM('',(#11046),#11040,#62);
#11048=CARTESIAN_POINT('',(-4.78E0,2.9E0,0.E0));
#11049=DIRECTION('',(0.E0,-1.E0,0.E0));
#11050=DIRECTION('',(-1.E0,0.E0,0.E0));
#11051=AXIS2_PLACEMENT_3D('',#11048,#11049,#11050);
#11052=PLANE('',#11051);
#11053=ORIENTED_EDGE('',*,*,#10283,.T.);
#11054=ORIENTED_EDGE('',*,*,#10923,.T.);
#11056=ORIENTED_EDGE('',*,*,#11055,.F.);
#11057=ORIENTED_EDGE('',*,*,#10508,.T.);
#11059=ORIENTED_EDGE('',*,*,#11058,.T.);
#11060=ORIENTED_EDGE('',*,*,#10999,.T.);
#11061=EDGE_LOOP('',(#11053,#11054,#11056,#11057,#11059,#11060));
#11062=FACE_OUTER_BOUND('',#11061,.F.);
#11064=FILL_AREA_STYLE_COLOUR('',#58);
#11065=FILL_AREA_STYLE('',(#11064));
#11066=SURFACE_STYLE_FILL_AREA(#11065);
#11067=SURFACE_SIDE_STYLE('',(#11066));
#11068=SURFACE_STYLE_USAGE(.BOTH.,#11067);
#11069=PRESENTATION_STYLE_ASSIGNMENT((#11068));
#11070=OVER_RIDING_STYLED_ITEM('',(#11069),#11063,#62);
#11071=CARTESIAN_POINT('',(-5.18E0,3.183656503051E0,3.2E0));
#11072=DIRECTION('',(0.E0,-1.E0,0.E0));
#11073=DIRECTION('',(0.E0,0.E0,1.E0));
#11074=AXIS2_PLACEMENT_3D('',#11071,#11072,#11073);
#11075=CYLINDRICAL_SURFACE('',#11074,2.E-1);
#11076=ORIENTED_EDGE('',*,*,#10921,.F.);
#11077=ORIENTED_EDGE('',*,*,#10980,.T.);
#11078=ORIENTED_EDGE('',*,*,#10510,.T.);
#11079=ORIENTED_EDGE('',*,*,#11055,.T.);
#11080=EDGE_LOOP('',(#11076,#11077,#11078,#11079));
#11081=FACE_OUTER_BOUND('',#11080,.F.);
#11083=FILL_AREA_STYLE_COLOUR('',#58);
#11084=FILL_AREA_STYLE('',(#11083));
#11085=SURFACE_STYLE_FILL_AREA(#11084);
#11086=SURFACE_SIDE_STYLE('',(#11085));
#11087=SURFACE_STYLE_USAGE(.POSITIVE.,#11086);
#11088=FILL_AREA_STYLE_COLOUR('',#23);
#11089=FILL_AREA_STYLE('',(#11088));
#11090=SURFACE_STYLE_FILL_AREA(#11089);
#11091=SURFACE_SIDE_STYLE('',(#11090));
#11092=SURFACE_STYLE_USAGE(.NEGATIVE.,#11091);
#11093=PRESENTATION_STYLE_ASSIGNMENT((#11087,#11092));
#11094=OVER_RIDING_STYLED_ITEM('',(#11093),#11082,#62);
#11095=CARTESIAN_POINT('',(-4.98E0,2.865076724772E0,3.2E0));
#11096=DIRECTION('',(0.E0,1.E0,0.E0));
#11097=DIRECTION('',(0.E0,0.E0,1.E0));
#11098=AXIS2_PLACEMENT_3D('',#11095,#11096,#11097);
#11099=CYLINDRICAL_SURFACE('',#11098,2.E-1);
#11100=ORIENTED_EDGE('',*,*,#11058,.F.);
#11101=ORIENTED_EDGE('',*,*,#10506,.T.);
#11102=ORIENTED_EDGE('',*,*,#10977,.F.);
#11103=ORIENTED_EDGE('',*,*,#11001,.F.);
#11104=EDGE_LOOP('',(#11100,#11101,#11102,#11103));
#11105=FACE_OUTER_BOUND('',#11104,.F.);
#11107=FILL_AREA_STYLE_COLOUR('',#58);
#11108=FILL_AREA_STYLE('',(#11107));
#11109=SURFACE_STYLE_FILL_AREA(#11108);
#11110=SURFACE_SIDE_STYLE('',(#11109));
#11111=SURFACE_STYLE_USAGE(.BOTH.,#11110);
#11112=PRESENTATION_STYLE_ASSIGNMENT((#11111));
#11113=OVER_RIDING_STYLED_ITEM('',(#11112),#11106,#62);
#11114=CARTESIAN_POINT('',(5.415973116017E0,4.487203409718E0,-2.5E-1));
#11115=DIRECTION('',(-1.E0,0.E0,0.E0));
#11116=DIRECTION('',(0.E0,0.E0,1.E0));
#11117=AXIS2_PLACEMENT_3D('',#11114,#11115,#11116);
#11118=CYLINDRICAL_SURFACE('',#11117,5.E-1);
#11119=ORIENTED_EDGE('',*,*,#10816,.F.);
#11120=ORIENTED_EDGE('',*,*,#11021,.T.);
#11121=ORIENTED_EDGE('',*,*,#10765,.T.);
#11122=ORIENTED_EDGE('',*,*,#10956,.T.);
#11123=EDGE_LOOP('',(#11119,#11120,#11121,#11122));
#11124=FACE_OUTER_BOUND('',#11123,.F.);
#11126=FILL_AREA_STYLE_COLOUR('',#60);
#11127=FILL_AREA_STYLE('',(#11126));
#11128=SURFACE_STYLE_FILL_AREA(#11127);
#11129=SURFACE_SIDE_STYLE('',(#11128));
#11130=SURFACE_STYLE_USAGE(.POSITIVE.,#11129);
#11131=FILL_AREA_STYLE_COLOUR('',#58);
#11132=FILL_AREA_STYLE('',(#11131));
#11133=SURFACE_STYLE_FILL_AREA(#11132);
#11134=SURFACE_SIDE_STYLE('',(#11133));
#11135=SURFACE_STYLE_USAGE(.NEGATIVE.,#11134);
#11136=PRESENTATION_STYLE_ASSIGNMENT((#11130,#11135));
#11137=OVER_RIDING_STYLED_ITEM('',(#11136),#11125,#62);
#11138=CARTESIAN_POINT('',(-4.78E0,5.7E0,-2.E0));
#11139=DIRECTION('',(0.E0,0.E0,1.E0));
#11140=DIRECTION('',(0.E0,-1.E0,0.E0));
#11141=AXIS2_PLACEMENT_3D('',#11138,#11139,#11140);
#11142=PLANE('',#11141);
#11143=ORIENTED_EDGE('',*,*,#10894,.F.);
#11144=ORIENTED_EDGE('',*,*,#10952,.F.);
#11146=ORIENTED_EDGE('',*,*,#11145,.F.);
#11147=ORIENTED_EDGE('',*,*,#11025,.T.);
#11148=EDGE_LOOP('',(#11143,#11144,#11146,#11147));
#11149=FACE_OUTER_BOUND('',#11148,.F.);
#11151=FILL_AREA_STYLE_COLOUR('',#60);
#11152=FILL_AREA_STYLE('',(#11151));
#11153=SURFACE_STYLE_FILL_AREA(#11152);
#11154=SURFACE_SIDE_STYLE('',(#11153));
#11155=SURFACE_STYLE_USAGE(.POSITIVE.,#11154);
#11156=FILL_AREA_STYLE_COLOUR('',#58);
#11157=FILL_AREA_STYLE('',(#11156));
#11158=SURFACE_STYLE_FILL_AREA(#11157);
#11159=SURFACE_SIDE_STYLE('',(#11158));
#11160=SURFACE_STYLE_USAGE(.NEGATIVE.,#11159);
#11161=PRESENTATION_STYLE_ASSIGNMENT((#11155,#11160));
#11162=OVER_RIDING_STYLED_ITEM('',(#11161),#11150,#62);
#11163=CARTESIAN_POINT('',(-4.78E0,5.7E0,-2.25E0));
#11164=DIRECTION('',(0.E0,1.E0,0.E0));
#11165=DIRECTION('',(0.E0,0.E0,1.E0));
#11166=AXIS2_PLACEMENT_3D('',#11163,#11164,#11165);
#11167=PLANE('',#11166);
#11168=ORIENTED_EDGE('',*,*,#11027,.T.);
#11169=ORIENTED_EDGE('',*,*,#11145,.T.);
#11170=ORIENTED_EDGE('',*,*,#10950,.F.);
#11172=ORIENTED_EDGE('',*,*,#11171,.F.);
#11173=EDGE_LOOP('',(#11168,#11169,#11170,#11172));
#11174=FACE_OUTER_BOUND('',#11173,.F.);
#11176=FILL_AREA_STYLE_COLOUR('',#58);
#11177=FILL_AREA_STYLE('',(#11176));
#11178=SURFACE_STYLE_FILL_AREA(#11177);
#11179=SURFACE_SIDE_STYLE('',(#11178));
#11180=SURFACE_STYLE_USAGE(.BOTH.,#11179);
#11181=PRESENTATION_STYLE_ASSIGNMENT((#11180));
#11182=OVER_RIDING_STYLED_ITEM('',(#11181),#11175,#62);
#11183=CARTESIAN_POINT('',(-4.78E0,4.842362054784E0,-2.25E0));
#11184=DIRECTION('',(0.E0,0.E0,-1.E0));
#11185=DIRECTION('',(0.E0,1.E0,0.E0));
#11186=AXIS2_PLACEMENT_3D('',#11183,#11184,#11185);
#11187=PLANE('',#11186);
#11189=ORIENTED_EDGE('',*,*,#11188,.F.);
#11190=ORIENTED_EDGE('',*,*,#11029,.T.);
#11191=ORIENTED_EDGE('',*,*,#11171,.T.);
#11192=ORIENTED_EDGE('',*,*,#10948,.F.);
#11193=EDGE_LOOP('',(#11189,#11190,#11191,#11192));
#11194=FACE_OUTER_BOUND('',#11193,.F.);
#11196=FILL_AREA_STYLE_COLOUR('',#58);
#11197=FILL_AREA_STYLE('',(#11196));
#11198=SURFACE_STYLE_FILL_AREA(#11197);
#11199=SURFACE_SIDE_STYLE('',(#11198));
#11200=SURFACE_STYLE_USAGE(.BOTH.,#11199);
#11201=PRESENTATION_STYLE_ASSIGNMENT((#11200));
#11202=OVER_RIDING_STYLED_ITEM('',(#11201),#11195,#62);
#11203=CARTESIAN_POINT('',(-4.745076724772E0,5.221947881470E0,-1.85E0));
#11204=DIRECTION('',(-1.E0,0.E0,0.E0));
#11205=DIRECTION('',(0.E0,0.E0,-1.E0));
#11206=AXIS2_PLACEMENT_3D('',#11203,#11204,#11205);
#11207=CYLINDRICAL_SURFACE('',#11206,4.E-1);
#11209=ORIENTED_EDGE('',*,*,#11208,.F.);
#11210=ORIENTED_EDGE('',*,*,#11031,.T.);
#11211=ORIENTED_EDGE('',*,*,#11188,.T.);
#11212=ORIENTED_EDGE('',*,*,#10946,.T.);
#11213=EDGE_LOOP('',(#11209,#11210,#11211,#11212));
#11214=FACE_OUTER_BOUND('',#11213,.F.);
#11216=FILL_AREA_STYLE_COLOUR('',#58);
#11217=FILL_AREA_STYLE('',(#11216));
#11218=SURFACE_STYLE_FILL_AREA(#11217);
#11219=SURFACE_SIDE_STYLE('',(#11218));
#11220=SURFACE_STYLE_USAGE(.BOTH.,#11219);
#11221=PRESENTATION_STYLE_ASSIGNMENT((#11220));
#11222=OVER_RIDING_STYLED_ITEM('',(#11221),#11215,#62);
#11223=CARTESIAN_POINT('',(-4.78E0,4.724444551396E0,0.E0));
#11224=DIRECTION('',(0.E0,-9.986295347546E-1,-5.233595624337E-2));
#11225=DIRECTION('',(0.E0,5.233595624337E-2,-9.986295347546E-1));
#11226=AXIS2_PLACEMENT_3D('',#11223,#11224,#11225);
#11227=PLANE('',#11226);
#11228=ORIENTED_EDGE('',*,*,#11208,.T.);
#11229=ORIENTED_EDGE('',*,*,#10944,.F.);
#11231=ORIENTED_EDGE('',*,*,#11230,.F.);
#11232=ORIENTED_EDGE('',*,*,#11033,.T.);
#11233=EDGE_LOOP('',(#11228,#11229,#11231,#11232));
#11234=FACE_OUTER_BOUND('',#11233,.F.);
#11236=FILL_AREA_STYLE_COLOUR('',#58);
#11237=FILL_AREA_STYLE('',(#11236));
#11238=SURFACE_STYLE_FILL_AREA(#11237);
#11239=SURFACE_SIDE_STYLE('',(#11238));
#11240=SURFACE_STYLE_USAGE(.BOTH.,#11239);
#11241=PRESENTATION_STYLE_ASSIGNMENT((#11240));
#11242=OVER_RIDING_STYLED_ITEM('',(#11241),#11235,#62);
#11243=CARTESIAN_POINT('',(-4.728488169039E0,4.487203409717E0,-2.5E-1));
#11244=DIRECTION('',(-1.E0,0.E0,0.E0));
#11245=DIRECTION('',(0.E0,0.E0,1.E0));
#11246=AXIS2_PLACEMENT_3D('',#11243,#11244,#11245);
#11247=CYLINDRICAL_SURFACE('',#11246,2.5E-1);
#11248=ORIENTED_EDGE('',*,*,#10171,.F.);
#11249=ORIENTED_EDGE('',*,*,#11035,.T.);
#11250=ORIENTED_EDGE('',*,*,#11230,.T.);
#11251=ORIENTED_EDGE('',*,*,#10942,.T.);
#11252=EDGE_LOOP('',(#11248,#11249,#11250,#11251));
#11253=FACE_OUTER_BOUND('',#11252,.F.);
#11255=FILL_AREA_STYLE_COLOUR('',#58);
#11256=FILL_AREA_STYLE('',(#11255));
#11257=SURFACE_STYLE_FILL_AREA(#11256);
#11258=SURFACE_SIDE_STYLE('',(#11257));
#11259=SURFACE_STYLE_USAGE(.BOTH.,#11258);
#11260=PRESENTATION_STYLE_ASSIGNMENT((#11259));
#11261=OVER_RIDING_STYLED_ITEM('',(#11260),#11254,#62);
#11262=CARTESIAN_POINT('',(4.750159882470E0,5.221947881469E0,-1.85E0));
#11263=DIRECTION('',(1.E0,0.E0,0.E0));
#11264=DIRECTION('',(0.E0,-9.986295347546E-1,-5.233595624276E-2));
#11265=AXIS2_PLACEMENT_3D('',#11262,#11263,#11264);
#11266=CYLINDRICAL_SURFACE('',#11265,1.5E-1);
#11267=ORIENTED_EDGE('',*,*,#10840,.F.);
#11268=ORIENTED_EDGE('',*,*,#10416,.T.);
#11270=ORIENTED_EDGE('',*,*,#11269,.T.);
#11271=ORIENTED_EDGE('',*,*,#10221,.T.);
#11272=EDGE_LOOP('',(#11267,#11268,#11270,#11271));
#11273=FACE_OUTER_BOUND('',#11272,.F.);
#11275=FILL_AREA_STYLE_COLOUR('',#58);
#11276=FILL_AREA_STYLE('',(#11275));
#11277=SURFACE_STYLE_FILL_AREA(#11276);
#11278=SURFACE_SIDE_STYLE('',(#11277));
#11279=SURFACE_STYLE_USAGE(.BOTH.,#11278);
#11280=PRESENTATION_STYLE_ASSIGNMENT((#11279));
#11281=OVER_RIDING_STYLED_ITEM('',(#11280),#11274,#62);
#11282=CARTESIAN_POINT('',(5.38E0,5.7E0,-2.E0));
#11283=DIRECTION('',(0.E0,0.E0,1.E0));
#11284=DIRECTION('',(0.E0,-1.E0,0.E0));
#11285=AXIS2_PLACEMENT_3D('',#11282,#11283,#11284);
#11286=PLANE('',#11285);
#11287=ORIENTED_EDGE('',*,*,#11269,.F.);
#11288=ORIENTED_EDGE('',*,*,#10414,.F.);
#11290=ORIENTED_EDGE('',*,*,#11289,.F.);
#11291=ORIENTED_EDGE('',*,*,#10223,.T.);
#11292=EDGE_LOOP('',(#11287,#11288,#11290,#11291));
#11293=FACE_OUTER_BOUND('',#11292,.F.);
#11295=FILL_AREA_STYLE_COLOUR('',#60);
#11296=FILL_AREA_STYLE('',(#11295));
#11297=SURFACE_STYLE_FILL_AREA(#11296);
#11298=SURFACE_SIDE_STYLE('',(#11297));
#11299=SURFACE_STYLE_USAGE(.POSITIVE.,#11298);
#11300=FILL_AREA_STYLE_COLOUR('',#58);
#11301=FILL_AREA_STYLE('',(#11300));
#11302=SURFACE_STYLE_FILL_AREA(#11301);
#11303=SURFACE_SIDE_STYLE('',(#11302));
#11304=SURFACE_STYLE_USAGE(.NEGATIVE.,#11303);
#11305=PRESENTATION_STYLE_ASSIGNMENT((#11299,#11304));
#11306=OVER_RIDING_STYLED_ITEM('',(#11305),#11294,#62);
#11307=CARTESIAN_POINT('',(5.38E0,5.7E0,-2.25E0));
#11308=DIRECTION('',(0.E0,1.E0,0.E0));
#11309=DIRECTION('',(0.E0,0.E0,1.E0));
#11310=AXIS2_PLACEMENT_3D('',#11307,#11308,#11309);
#11311=PLANE('',#11310);
#11312=ORIENTED_EDGE('',*,*,#10225,.T.);
#11313=ORIENTED_EDGE('',*,*,#11289,.T.);
#11314=ORIENTED_EDGE('',*,*,#10412,.F.);
#11316=ORIENTED_EDGE('',*,*,#11315,.F.);
#11317=EDGE_LOOP('',(#11312,#11313,#11314,#11316));
#11318=FACE_OUTER_BOUND('',#11317,.F.);
#11320=FILL_AREA_STYLE_COLOUR('',#58);
#11321=FILL_AREA_STYLE('',(#11320));
#11322=SURFACE_STYLE_FILL_AREA(#11321);
#11323=SURFACE_SIDE_STYLE('',(#11322));
#11324=SURFACE_STYLE_USAGE(.BOTH.,#11323);
#11325=PRESENTATION_STYLE_ASSIGNMENT((#11324));
#11326=OVER_RIDING_STYLED_ITEM('',(#11325),#11319,#62);
#11327=CARTESIAN_POINT('',(5.38E0,4.842362054784E0,-2.25E0));
#11328=DIRECTION('',(0.E0,0.E0,-1.E0));
#11329=DIRECTION('',(0.E0,1.E0,0.E0));
#11330=AXIS2_PLACEMENT_3D('',#11327,#11328,#11329);
#11331=PLANE('',#11330);
#11333=ORIENTED_EDGE('',*,*,#11332,.F.);
#11334=ORIENTED_EDGE('',*,*,#10227,.T.);
#11335=ORIENTED_EDGE('',*,*,#11315,.T.);
#11336=ORIENTED_EDGE('',*,*,#10410,.F.);
#11337=EDGE_LOOP('',(#11333,#11334,#11335,#11336));
#11338=FACE_OUTER_BOUND('',#11337,.F.);
#11340=FILL_AREA_STYLE_COLOUR('',#58);
#11341=FILL_AREA_STYLE('',(#11340));
#11342=SURFACE_STYLE_FILL_AREA(#11341);
#11343=SURFACE_SIDE_STYLE('',(#11342));
#11344=SURFACE_STYLE_USAGE(.BOTH.,#11343);
#11345=PRESENTATION_STYLE_ASSIGNMENT((#11344));
#11346=OVER_RIDING_STYLED_ITEM('',(#11345),#11339,#62);
#11347=CARTESIAN_POINT('',(5.414923275228E0,5.221947881470E0,-1.85E0));
#11348=DIRECTION('',(-1.E0,0.E0,0.E0));
#11349=DIRECTION('',(0.E0,0.E0,-1.E0));
#11350=AXIS2_PLACEMENT_3D('',#11347,#11348,#11349);
#11351=CYLINDRICAL_SURFACE('',#11350,4.E-1);
#11353=ORIENTED_EDGE('',*,*,#11352,.F.);
#11354=ORIENTED_EDGE('',*,*,#10229,.T.);
#11355=ORIENTED_EDGE('',*,*,#11332,.T.);
#11356=ORIENTED_EDGE('',*,*,#10408,.T.);
#11357=EDGE_LOOP('',(#11353,#11354,#11355,#11356));
#11358=FACE_OUTER_BOUND('',#11357,.F.);
#11360=FILL_AREA_STYLE_COLOUR('',#58);
#11361=FILL_AREA_STYLE('',(#11360));
#11362=SURFACE_STYLE_FILL_AREA(#11361);
#11363=SURFACE_SIDE_STYLE('',(#11362));
#11364=SURFACE_STYLE_USAGE(.BOTH.,#11363);
#11365=PRESENTATION_STYLE_ASSIGNMENT((#11364));
#11366=OVER_RIDING_STYLED_ITEM('',(#11365),#11359,#62);
#11367=CARTESIAN_POINT('',(5.38E0,4.724444551396E0,0.E0));
#11368=DIRECTION('',(0.E0,-9.986295347546E-1,-5.233595624337E-2));
#11369=DIRECTION('',(0.E0,5.233595624337E-2,-9.986295347546E-1));
#11370=AXIS2_PLACEMENT_3D('',#11367,#11368,#11369);
#11371=PLANE('',#11370);
#11372=ORIENTED_EDGE('',*,*,#11352,.T.);
#11373=ORIENTED_EDGE('',*,*,#10406,.F.);
#11375=ORIENTED_EDGE('',*,*,#11374,.F.);
#11376=ORIENTED_EDGE('',*,*,#10231,.T.);
#11377=EDGE_LOOP('',(#11372,#11373,#11375,#11376));
#11378=FACE_OUTER_BOUND('',#11377,.F.);
#11380=FILL_AREA_STYLE_COLOUR('',#58);
#11381=FILL_AREA_STYLE('',(#11380));
#11382=SURFACE_STYLE_FILL_AREA(#11381);
#11383=SURFACE_SIDE_STYLE('',(#11382));
#11384=SURFACE_STYLE_USAGE(.BOTH.,#11383);
#11385=PRESENTATION_STYLE_ASSIGNMENT((#11384));
#11386=OVER_RIDING_STYLED_ITEM('',(#11385),#11379,#62);
#11387=CARTESIAN_POINT('',(5.415973116017E0,4.487203409717E0,-2.5E-1));
#11388=DIRECTION('',(-1.E0,0.E0,0.E0));
#11389=DIRECTION('',(0.E0,0.E0,1.E0));
#11390=AXIS2_PLACEMENT_3D('',#11387,#11388,#11389);
#11391=CYLINDRICAL_SURFACE('',#11390,2.5E-1);
#11392=ORIENTED_EDGE('',*,*,#10128,.F.);
#11393=ORIENTED_EDGE('',*,*,#10233,.T.);
#11394=ORIENTED_EDGE('',*,*,#11374,.T.);
#11395=ORIENTED_EDGE('',*,*,#10404,.T.);
#11396=EDGE_LOOP('',(#11392,#11393,#11394,#11395));
#11397=FACE_OUTER_BOUND('',#11396,.F.);
#11399=FILL_AREA_STYLE_COLOUR('',#58);
#11400=FILL_AREA_STYLE('',(#11399));
#11401=SURFACE_STYLE_FILL_AREA(#11400);
#11402=SURFACE_SIDE_STYLE('',(#11401));
#11403=SURFACE_STYLE_USAGE(.BOTH.,#11402);
#11404=PRESENTATION_STYLE_ASSIGNMENT((#11403));
#11405=OVER_RIDING_STYLED_ITEM('',(#11404),#11398,#62);
#11406=CARTESIAN_POINT('',(2.210159882470E0,5.221947881469E0,-1.85E0));
#11407=DIRECTION('',(1.E0,0.E0,0.E0));
#11408=DIRECTION('',(0.E0,-9.986295347546E-1,-5.233595624276E-2));
#11409=AXIS2_PLACEMENT_3D('',#11406,#11407,#11408);
#11410=CYLINDRICAL_SURFACE('',#11409,1.5E-1);
#11411=ORIENTED_EDGE('',*,*,#10865,.F.);
#11412=ORIENTED_EDGE('',*,*,#10589,.T.);
#11414=ORIENTED_EDGE('',*,*,#11413,.T.);
#11415=ORIENTED_EDGE('',*,*,#10661,.T.);
#11416=EDGE_LOOP('',(#11411,#11412,#11414,#11415));
#11417=FACE_OUTER_BOUND('',#11416,.F.);
#11419=FILL_AREA_STYLE_COLOUR('',#60);
#11420=FILL_AREA_STYLE('',(#11419));
#11421=SURFACE_STYLE_FILL_AREA(#11420);
#11422=SURFACE_SIDE_STYLE('',(#11421));
#11423=SURFACE_STYLE_USAGE(.POSITIVE.,#11422);
#11424=FILL_AREA_STYLE_COLOUR('',#58);
#11425=FILL_AREA_STYLE('',(#11424));
#11426=SURFACE_STYLE_FILL_AREA(#11425);
#11427=SURFACE_SIDE_STYLE('',(#11426));
#11428=SURFACE_STYLE_USAGE(.NEGATIVE.,#11427);
#11429=PRESENTATION_STYLE_ASSIGNMENT((#11423,#11428));
#11430=OVER_RIDING_STYLED_ITEM('',(#11429),#11418,#62);
#11431=CARTESIAN_POINT('',(2.84E0,5.7E0,-2.E0));
#11432=DIRECTION('',(0.E0,0.E0,1.E0));
#11433=DIRECTION('',(0.E0,-1.E0,0.E0));
#11434=AXIS2_PLACEMENT_3D('',#11431,#11432,#11433);
#11435=PLANE('',#11434);
#11436=ORIENTED_EDGE('',*,*,#11413,.F.);
#11437=ORIENTED_EDGE('',*,*,#10587,.F.);
#11439=ORIENTED_EDGE('',*,*,#11438,.F.);
#11440=ORIENTED_EDGE('',*,*,#10663,.T.);
#11441=EDGE_LOOP('',(#11436,#11437,#11439,#11440));
#11442=FACE_OUTER_BOUND('',#11441,.F.);
#11444=FILL_AREA_STYLE_COLOUR('',#60);
#11445=FILL_AREA_STYLE('',(#11444));
#11446=SURFACE_STYLE_FILL_AREA(#11445);
#11447=SURFACE_SIDE_STYLE('',(#11446));
#11448=SURFACE_STYLE_USAGE(.POSITIVE.,#11447);
#11449=FILL_AREA_STYLE_COLOUR('',#58);
#11450=FILL_AREA_STYLE('',(#11449));
#11451=SURFACE_STYLE_FILL_AREA(#11450);
#11452=SURFACE_SIDE_STYLE('',(#11451));
#11453=SURFACE_STYLE_USAGE(.NEGATIVE.,#11452);
#11454=PRESENTATION_STYLE_ASSIGNMENT((#11448,#11453));
#11455=OVER_RIDING_STYLED_ITEM('',(#11454),#11443,#62);
#11456=CARTESIAN_POINT('',(2.84E0,5.7E0,-2.25E0));
#11457=DIRECTION('',(0.E0,1.E0,0.E0));
#11458=DIRECTION('',(0.E0,0.E0,1.E0));
#11459=AXIS2_PLACEMENT_3D('',#11456,#11457,#11458);
#11460=PLANE('',#11459);
#11461=ORIENTED_EDGE('',*,*,#10665,.T.);
#11462=ORIENTED_EDGE('',*,*,#11438,.T.);
#11463=ORIENTED_EDGE('',*,*,#10585,.F.);
#11465=ORIENTED_EDGE('',*,*,#11464,.F.);
#11466=EDGE_LOOP('',(#11461,#11462,#11463,#11465));
#11467=FACE_OUTER_BOUND('',#11466,.F.);
#11469=FILL_AREA_STYLE_COLOUR('',#58);
#11470=FILL_AREA_STYLE('',(#11469));
#11471=SURFACE_STYLE_FILL_AREA(#11470);
#11472=SURFACE_SIDE_STYLE('',(#11471));
#11473=SURFACE_STYLE_USAGE(.BOTH.,#11472);
#11474=PRESENTATION_STYLE_ASSIGNMENT((#11473));
#11475=OVER_RIDING_STYLED_ITEM('',(#11474),#11468,#62);
#11476=CARTESIAN_POINT('',(2.84E0,4.842362054784E0,-2.25E0));
#11477=DIRECTION('',(0.E0,0.E0,-1.E0));
#11478=DIRECTION('',(0.E0,1.E0,0.E0));
#11479=AXIS2_PLACEMENT_3D('',#11476,#11477,#11478);
#11480=PLANE('',#11479);
#11482=ORIENTED_EDGE('',*,*,#11481,.F.);
#11483=ORIENTED_EDGE('',*,*,#10667,.T.);
#11484=ORIENTED_EDGE('',*,*,#11464,.T.);
#11485=ORIENTED_EDGE('',*,*,#10583,.F.);
#11486=EDGE_LOOP('',(#11482,#11483,#11484,#11485));
#11487=FACE_OUTER_BOUND('',#11486,.F.);
#11489=FILL_AREA_STYLE_COLOUR('',#58);
#11490=FILL_AREA_STYLE('',(#11489));
#11491=SURFACE_STYLE_FILL_AREA(#11490);
#11492=SURFACE_SIDE_STYLE('',(#11491));
#11493=SURFACE_STYLE_USAGE(.BOTH.,#11492);
#11494=PRESENTATION_STYLE_ASSIGNMENT((#11493));
#11495=OVER_RIDING_STYLED_ITEM('',(#11494),#11488,#62);
#11496=CARTESIAN_POINT('',(2.874923275228E0,5.221947881470E0,-1.85E0));
#11497=DIRECTION('',(-1.E0,0.E0,0.E0));
#11498=DIRECTION('',(0.E0,0.E0,-1.E0));
#11499=AXIS2_PLACEMENT_3D('',#11496,#11497,#11498);
#11500=CYLINDRICAL_SURFACE('',#11499,4.E-1);
#11502=ORIENTED_EDGE('',*,*,#11501,.F.);
#11503=ORIENTED_EDGE('',*,*,#10669,.T.);
#11504=ORIENTED_EDGE('',*,*,#11481,.T.);
#11505=ORIENTED_EDGE('',*,*,#10581,.T.);
#11506=EDGE_LOOP('',(#11502,#11503,#11504,#11505));
#11507=FACE_OUTER_BOUND('',#11506,.F.);
#11509=FILL_AREA_STYLE_COLOUR('',#58);
#11510=FILL_AREA_STYLE('',(#11509));
#11511=SURFACE_STYLE_FILL_AREA(#11510);
#11512=SURFACE_SIDE_STYLE('',(#11511));
#11513=SURFACE_STYLE_USAGE(.BOTH.,#11512);
#11514=PRESENTATION_STYLE_ASSIGNMENT((#11513));
#11515=OVER_RIDING_STYLED_ITEM('',(#11514),#11508,#62);
#11516=CARTESIAN_POINT('',(2.84E0,4.724444551396E0,0.E0));
#11517=DIRECTION('',(0.E0,-9.986295347546E-1,-5.233595624337E-2));
#11518=DIRECTION('',(0.E0,5.233595624337E-2,-9.986295347546E-1));
#11519=AXIS2_PLACEMENT_3D('',#11516,#11517,#11518);
#11520=PLANE('',#11519);
#11521=ORIENTED_EDGE('',*,*,#11501,.T.);
#11522=ORIENTED_EDGE('',*,*,#10579,.F.);
#11523=ORIENTED_EDGE('',*,*,#10635,.F.);
#11524=ORIENTED_EDGE('',*,*,#10671,.T.);
#11525=EDGE_LOOP('',(#11521,#11522,#11523,#11524));
#11526=FACE_OUTER_BOUND('',#11525,.F.);
#11528=FILL_AREA_STYLE_COLOUR('',#58);
#11529=FILL_AREA_STYLE('',(#11528));
#11530=SURFACE_STYLE_FILL_AREA(#11529);
#11531=SURFACE_SIDE_STYLE('',(#11530));
#11532=SURFACE_STYLE_USAGE(.BOTH.,#11531);
#11533=PRESENTATION_STYLE_ASSIGNMENT((#11532));
#11534=OVER_RIDING_STYLED_ITEM('',(#11533),#11527,#62);
#11535=CARTESIAN_POINT('',(5.415973116017E0,4.487203409718E0,-2.5E-1));
#11536=DIRECTION('',(-1.E0,0.E0,0.E0));
#11537=DIRECTION('',(0.E0,0.E0,1.E0));
#11538=AXIS2_PLACEMENT_3D('',#11535,#11536,#11537);
#11539=CYLINDRICAL_SURFACE('',#11538,5.E-1);
#11540=ORIENTED_EDGE('',*,*,#10868,.F.);
#11541=ORIENTED_EDGE('',*,*,#10657,.T.);
#11542=ORIENTED_EDGE('',*,*,#10737,.T.);
#11543=ORIENTED_EDGE('',*,*,#10593,.T.);
#11544=EDGE_LOOP('',(#11540,#11541,#11542,#11543));
#11545=FACE_OUTER_BOUND('',#11544,.F.);
#11547=FILL_AREA_STYLE_COLOUR('',#60);
#11548=FILL_AREA_STYLE('',(#11547));
#11549=SURFACE_STYLE_FILL_AREA(#11548);
#11550=SURFACE_SIDE_STYLE('',(#11549));
#11551=SURFACE_STYLE_USAGE(.POSITIVE.,#11550);
#11552=FILL_AREA_STYLE_COLOUR('',#58);
#11553=FILL_AREA_STYLE('',(#11552));
#11554=SURFACE_STYLE_FILL_AREA(#11553);
#11555=SURFACE_SIDE_STYLE('',(#11554));
#11556=SURFACE_STYLE_USAGE(.NEGATIVE.,#11555);
#11557=PRESENTATION_STYLE_ASSIGNMENT((#11551,#11556));
#11558=OVER_RIDING_STYLED_ITEM('',(#11557),#11546,#62);
#11559=CARTESIAN_POINT('',(2.84E0,3.15E0,0.E0));
#11560=DIRECTION('',(0.E0,1.E0,0.E0));
#11561=DIRECTION('',(-1.E0,0.E0,0.E0));
#11562=AXIS2_PLACEMENT_3D('',#11559,#11560,#11561);
#11563=PLANE('',#11562);
#11564=ORIENTED_EDGE('',*,*,#10291,.F.);
#11565=ORIENTED_EDGE('',*,*,#10693,.T.);
#11566=ORIENTED_EDGE('',*,*,#10532,.T.);
#11567=ORIENTED_EDGE('',*,*,#10489,.T.);
#11569=ORIENTED_EDGE('',*,*,#11568,.F.);
#11570=ORIENTED_EDGE('',*,*,#10613,.F.);
#11571=EDGE_LOOP('',(#11564,#11565,#11566,#11567,#11569,#11570));
#11572=FACE_OUTER_BOUND('',#11571,.F.);
#11574=FILL_AREA_STYLE_COLOUR('',#58);
#11575=FILL_AREA_STYLE('',(#11574));
#11576=SURFACE_STYLE_FILL_AREA(#11575);
#11577=SURFACE_SIDE_STYLE('',(#11576));
#11578=SURFACE_STYLE_USAGE(.BOTH.,#11577);
#11579=PRESENTATION_STYLE_ASSIGNMENT((#11578));
#11580=OVER_RIDING_STYLED_ITEM('',(#11579),#11573,#62);
#11581=CARTESIAN_POINT('',(2.44E0,3.183656503051E0,3.2E0));
#11582=DIRECTION('',(0.E0,-1.E0,0.E0));
#11583=DIRECTION('',(0.E0,0.E0,1.E0));
#11584=AXIS2_PLACEMENT_3D('',#11581,#11582,#11583);
#11585=CYLINDRICAL_SURFACE('',#11584,2.E-1);
#11586=ORIENTED_EDGE('',*,*,#10615,.F.);
#11587=ORIENTED_EDGE('',*,*,#11568,.T.);
#11588=ORIENTED_EDGE('',*,*,#10487,.T.);
#11589=ORIENTED_EDGE('',*,*,#10554,.T.);
#11590=EDGE_LOOP('',(#11586,#11587,#11588,#11589));
#11591=FACE_OUTER_BOUND('',#11590,.F.);
#11593=FILL_AREA_STYLE_COLOUR('',#58);
#11594=FILL_AREA_STYLE('',(#11593));
#11595=SURFACE_STYLE_FILL_AREA(#11594);
#11596=SURFACE_SIDE_STYLE('',(#11595));
#11597=SURFACE_STYLE_USAGE(.POSITIVE.,#11596);
#11598=FILL_AREA_STYLE_COLOUR('',#23);
#11599=FILL_AREA_STYLE('',(#11598));
#11600=SURFACE_STYLE_FILL_AREA(#11599);
#11601=SURFACE_SIDE_STYLE('',(#11600));
#11602=SURFACE_STYLE_USAGE(.NEGATIVE.,#11601);
#11603=PRESENTATION_STYLE_ASSIGNMENT((#11597,#11602));
#11604=OVER_RIDING_STYLED_ITEM('',(#11603),#11592,#62);
#11605=CARTESIAN_POINT('',(5.911061983024E0,2.747985555280E0,
-1.458360661128E0));
#11606=DIRECTION('',(-3.487826274237E-2,3.487826274237E-2,9.987827659587E-1));
#11607=DIRECTION('',(0.E0,-9.993908270191E-1,3.489949670250E-2));
#11608=AXIS2_PLACEMENT_3D('',#11605,#11606,#11607);
#11609=CYLINDRICAL_SURFACE('',#11608,3.E-1);
#11611=ORIENTED_EDGE('',*,*,#11610,.F.);
#11612=ORIENTED_EDGE('',*,*,#9825,.T.);
#11614=ORIENTED_EDGE('',*,*,#11613,.T.);
#11615=ORIENTED_EDGE('',*,*,#10251,.T.);
#11616=EDGE_LOOP('',(#11611,#11612,#11614,#11615));
#11617=FACE_OUTER_BOUND('',#11616,.F.);
#11619=CARTESIAN_POINT('',(6.08E0,4.967827240909E0,2.3E0));
#11620=DIRECTION('',(-9.993908270191E-1,0.E0,-3.489949670250E-2));
#11621=DIRECTION('',(0.E0,-1.E0,0.E0));
#11622=AXIS2_PLACEMENT_3D('',#11619,#11620,#11621);
#11623=PLANE('',#11622);
#11624=ORIENTED_EDGE('',*,*,#11610,.T.);
#11625=ORIENTED_EDGE('',*,*,#10273,.F.);
#11627=ORIENTED_EDGE('',*,*,#11626,.T.);
#11628=ORIENTED_EDGE('',*,*,#9827,.T.);
#11629=EDGE_LOOP('',(#11624,#11625,#11627,#11628));
#11630=FACE_OUTER_BOUND('',#11629,.F.);
#11632=CARTESIAN_POINT('',(5.757543231352E0,3.316431884742E0,2.937841195433E0));
#11633=DIRECTION('',(3.487826274237E-2,3.487826274237E-2,-9.987827659587E-1));
#11634=DIRECTION('',(0.E0,9.993908270191E-1,3.489949670250E-2));
#11635=AXIS2_PLACEMENT_3D('',#11632,#11633,#11634);
#11636=CYLINDRICAL_SURFACE('',#11635,3.E-1);
#11637=ORIENTED_EDGE('',*,*,#11626,.F.);
#11638=ORIENTED_EDGE('',*,*,#10271,.T.);
#11640=ORIENTED_EDGE('',*,*,#11639,.T.);
#11641=ORIENTED_EDGE('',*,*,#9829,.T.);
#11642=EDGE_LOOP('',(#11637,#11638,#11640,#11641));
#11643=FACE_OUTER_BOUND('',#11642,.F.);
#11645=CARTESIAN_POINT('',(-1.258902220214E0,3.7E0,5.500000000005E-1));
#11646=DIRECTION('',(0.E0,9.993908270191E-1,3.489949670250E-2));
#11647=DIRECTION('',(-1.E0,0.E0,0.E0));
#11648=AXIS2_PLACEMENT_3D('',#11645,#11646,#11647);
#11649=PLANE('',#11648);
#11651=ORIENTED_EDGE('',*,*,#11650,.T.);
#11652=ORIENTED_EDGE('',*,*,#9955,.T.);
#11654=ORIENTED_EDGE('',*,*,#11653,.T.);
#11655=ORIENTED_EDGE('',*,*,#9831,.F.);
#11656=ORIENTED_EDGE('',*,*,#11639,.F.);
#11657=ORIENTED_EDGE('',*,*,#10269,.T.);
#11659=ORIENTED_EDGE('',*,*,#11658,.F.);
#11660=ORIENTED_EDGE('',*,*,#9796,.F.);
#11661=EDGE_LOOP('',(#11651,#11652,#11654,#11655,#11656,#11657,#11659,#11660));
#11662=FACE_OUTER_BOUND('',#11661,.F.);
#11664=CARTESIAN_POINT('',(-6.707511441274E0,3.337511441274E0,
2.334201675474E0));
#11665=DIRECTION('',(-3.487826274238E-2,3.487826274237E-2,-9.987827659587E-1));
#11666=DIRECTION('',(-9.993908270191E-1,0.E0,3.489949670250E-2));
#11667=AXIS2_PLACEMENT_3D('',#11664,#11665,#11666);
#11668=CYLINDRICAL_SURFACE('',#11667,3.E-1);
#11669=ORIENTED_EDGE('',*,*,#11650,.F.);
#11670=ORIENTED_EDGE('',*,*,#9794,.T.);
#11672=ORIENTED_EDGE('',*,*,#11671,.T.);
#11673=ORIENTED_EDGE('',*,*,#9957,.T.);
#11674=EDGE_LOOP('',(#11669,#11670,#11672,#11673));
#11675=FACE_OUTER_BOUND('',#11674,.F.);
#11677=CARTESIAN_POINT('',(-7.07E0,-4.958902220214E0,5.500000000005E-1));
#11678=DIRECTION('',(-9.993908270191E-1,0.E0,3.489949670250E-2));
#11679=DIRECTION('',(0.E0,-1.E0,0.E0));
#11680=AXIS2_PLACEMENT_3D('',#11677,#11678,#11679);
#11681=PLANE('',#11680);
#11683=ORIENTED_EDGE('',*,*,#11682,.T.);
#11684=ORIENTED_EDGE('',*,*,#9941,.F.);
#11685=ORIENTED_EDGE('',*,*,#11671,.F.);
#11686=ORIENTED_EDGE('',*,*,#9792,.F.);
#11687=EDGE_LOOP('',(#11683,#11684,#11685,#11686));
#11688=FACE_OUTER_BOUND('',#11687,.F.);
#11690=CARTESIAN_POINT('',(-6.707749479599E0,-2.662816597621E0,
2.327385149719E0));
#11691=DIRECTION('',(-3.487826274237E-2,-3.487826274237E-2,-9.987827659587E-1));
#11692=DIRECTION('',(-7.062460667417E-1,-7.062460667417E-1,4.932531220228E-2));
#11693=AXIS2_PLACEMENT_3D('',#11690,#11691,#11692);
#11694=CYLINDRICAL_SURFACE('',#11693,3.E-1);
#11695=ORIENTED_EDGE('',*,*,#11682,.F.);
#11696=ORIENTED_EDGE('',*,*,#9790,.T.);
#11698=ORIENTED_EDGE('',*,*,#11697,.T.);
#11699=ORIENTED_EDGE('',*,*,#9943,.T.);
#11700=EDGE_LOOP('',(#11695,#11696,#11698,#11699));
#11701=FACE_OUTER_BOUND('',#11700,.F.);
#11703=CARTESIAN_POINT('',(-7.07E0,-2.849482518202E0,5.500000000005E-1));
#11704=DIRECTION('',(7.062460667417E-1,7.062460667417E-1,-4.932531220228E-2));
#11705=DIRECTION('',(3.487826274237E-2,3.487826274237E-2,9.987827659587E-1));
#11706=AXIS2_PLACEMENT_3D('',#11703,#11704,#11705);
#11707=PLANE('',#11706);
#11708=ORIENTED_EDGE('',*,*,#9913,.F.);
#11709=ORIENTED_EDGE('',*,*,#9945,.F.);
#11710=ORIENTED_EDGE('',*,*,#11697,.F.);
#11711=ORIENTED_EDGE('',*,*,#9788,.T.);
#11712=EDGE_LOOP('',(#11708,#11709,#11710,#11711));
#11713=FACE_OUTER_BOUND('',#11712,.F.);
#11715=CARTESIAN_POINT('',(6.771515659792E0,3.401515659792E0,
5.013606628143E-1));
#11716=DIRECTION('',(-3.487826274238E-2,-3.487826274237E-2,9.987827659587E-1));
#11717=DIRECTION('',(9.993908270191E-1,0.E0,3.489949670250E-2));
#11718=AXIS2_PLACEMENT_3D('',#11715,#11716,#11717);
#11719=CYLINDRICAL_SURFACE('',#11718,3.E-1);
#11720=ORIENTED_EDGE('',*,*,#11653,.F.);
#11721=ORIENTED_EDGE('',*,*,#9953,.T.);
#11723=ORIENTED_EDGE('',*,*,#11722,.T.);
#11724=ORIENTED_EDGE('',*,*,#9833,.T.);
#11725=EDGE_LOOP('',(#11720,#11721,#11723,#11724));
#11726=FACE_OUTER_BOUND('',#11725,.F.);
#11728=CARTESIAN_POINT('',(7.07E0,4.958902220214E0,5.500000000005E-1));
#11729=DIRECTION('',(9.993908270191E-1,0.E0,3.489949670250E-2));
#11730=DIRECTION('',(0.E0,1.E0,0.E0));
#11731=AXIS2_PLACEMENT_3D('',#11728,#11729,#11730);
#11732=PLANE('',#11731);
#11733=ORIENTED_EDGE('',*,*,#11722,.F.);
#11734=ORIENTED_EDGE('',*,*,#9951,.T.);
#11736=ORIENTED_EDGE('',*,*,#11735,.F.);
#11737=ORIENTED_EDGE('',*,*,#9835,.F.);
#11738=EDGE_LOOP('',(#11733,#11734,#11736,#11737));
#11739=FACE_OUTER_BOUND('',#11738,.F.);
#11741=CARTESIAN_POINT('',(6.707511441274E0,-3.337511441274E0,
2.334201675474E0));
#11742=DIRECTION('',(3.487826274238E-2,-3.487826274237E-2,-9.987827659587E-1));
#11743=DIRECTION('',(9.993908270191E-1,0.E0,3.489949670250E-2));
#11744=AXIS2_PLACEMENT_3D('',#11741,#11742,#11743);
#11745=CYLINDRICAL_SURFACE('',#11744,3.E-1);
#11746=ORIENTED_EDGE('',*,*,#9898,.F.);
#11747=ORIENTED_EDGE('',*,*,#9837,.T.);
#11748=ORIENTED_EDGE('',*,*,#11735,.T.);
#11749=ORIENTED_EDGE('',*,*,#9949,.T.);
#11750=EDGE_LOOP('',(#11746,#11747,#11748,#11749));
#11751=FACE_OUTER_BOUND('',#11750,.F.);
#11753=CARTESIAN_POINT('',(-5.842891373178E0,3.401780026568E0,
4.937901888725E-1));
#11754=DIRECTION('',(3.487826274237E-2,-3.487826274237E-2,9.987827659587E-1));
#11755=DIRECTION('',(0.E0,9.993908270191E-1,3.489949670250E-2));
#11756=AXIS2_PLACEMENT_3D('',#11753,#11754,#11755);
#11757=CYLINDRICAL_SURFACE('',#11756,3.E-1);
#11759=ORIENTED_EDGE('',*,*,#11758,.F.);
#11760=ORIENTED_EDGE('',*,*,#9798,.T.);
#11761=ORIENTED_EDGE('',*,*,#11658,.T.);
#11762=ORIENTED_EDGE('',*,*,#10267,.T.);
#11763=EDGE_LOOP('',(#11759,#11760,#11761,#11762));
#11764=FACE_OUTER_BOUND('',#11763,.F.);
#11766=CARTESIAN_POINT('',(-6.08E0,1.311220297396E0,2.3E0));
#11767=DIRECTION('',(9.993908270191E-1,0.E0,-3.489949670250E-2));
#11768=DIRECTION('',(0.E0,1.E0,0.E0));
#11769=AXIS2_PLACEMENT_3D('',#11766,#11767,#11768);
#11770=PLANE('',#11769);
#11772=ORIENTED_EDGE('',*,*,#11771,.T.);
#11773=ORIENTED_EDGE('',*,*,#9800,.T.);
#11774=ORIENTED_EDGE('',*,*,#11758,.T.);
#11775=ORIENTED_EDGE('',*,*,#10265,.T.);
#11776=EDGE_LOOP('',(#11772,#11773,#11774,#11775));
#11777=FACE_OUTER_BOUND('',#11776,.F.);
#11779=CARTESIAN_POINT('',(-5.757441564770E0,2.901605973535E0,
2.940752545433E0));
#11780=DIRECTION('',(-3.487826274237E-2,-3.487826274237E-2,-9.987827659587E-1));
#11781=DIRECTION('',(0.E0,-9.993908270191E-1,3.489949670250E-2));
#11782=AXIS2_PLACEMENT_3D('',#11779,#11780,#11781);
#11783=CYLINDRICAL_SURFACE('',#11782,3.E-1);
#11784=ORIENTED_EDGE('',*,*,#11771,.F.);
#11785=ORIENTED_EDGE('',*,*,#10263,.T.);
#11787=ORIENTED_EDGE('',*,*,#11786,.T.);
#11788=ORIENTED_EDGE('',*,*,#9802,.T.);
#11789=EDGE_LOOP('',(#11784,#11785,#11787,#11788));
#11790=FACE_OUTER_BOUND('',#11789,.F.);
#11792=CARTESIAN_POINT('',(6.787827240909E0,2.6E0,2.9E0));
#11793=DIRECTION('',(0.E0,-9.993908270191E-1,3.489949670250E-2));
#11794=DIRECTION('',(1.E0,0.E0,0.E0));
#11795=AXIS2_PLACEMENT_3D('',#11792,#11793,#11794);
#11796=PLANE('',#11795);
#11798=ORIENTED_EDGE('',*,*,#11797,.F.);
#11799=ORIENTED_EDGE('',*,*,#9804,.F.);
#11800=ORIENTED_EDGE('',*,*,#11786,.F.);
#11801=ORIENTED_EDGE('',*,*,#10261,.T.);
#11803=ORIENTED_EDGE('',*,*,#11802,.F.);
#11804=ORIENTED_EDGE('',*,*,#6749,.T.);
#11805=EDGE_LOOP('',(#11798,#11799,#11800,#11801,#11803,#11804));
#11806=FACE_OUTER_BOUND('',#11805,.F.);
#11808=CARTESIAN_POINT('',(6.787827240909E0,2.6E0,2.9E0));
#11809=DIRECTION('',(0.E0,-9.993908270191E-1,3.489949670250E-2));
#11810=DIRECTION('',(1.E0,0.E0,0.E0));
#11811=AXIS2_PLACEMENT_3D('',#11808,#11809,#11810);
#11812=PLANE('',#11811);
#11814=ORIENTED_EDGE('',*,*,#11813,.F.);
#11815=ORIENTED_EDGE('',*,*,#6757,.T.);
#11817=ORIENTED_EDGE('',*,*,#11816,.T.);
#11818=ORIENTED_EDGE('',*,*,#10253,.T.);
#11819=ORIENTED_EDGE('',*,*,#11613,.F.);
#11820=ORIENTED_EDGE('',*,*,#9823,.F.);
#11821=EDGE_LOOP('',(#11814,#11815,#11817,#11818,#11819,#11820));
#11822=FACE_OUTER_BOUND('',#11821,.F.);
#11824=CARTESIAN_POINT('',(-6.300729336911E0,2.380729336911E0,
2.351651423825E0));
#11825=DIRECTION('',(3.487826274237E-2,-3.487826274237E-2,-9.987827659587E-1));
#11826=DIRECTION('',(-9.993908270191E-1,0.E0,-3.489949670250E-2));
#11827=AXIS2_PLACEMENT_3D('',#11824,#11825,#11826);
#11828=CYLINDRICAL_SURFACE('',#11827,2.E-1);
#11829=ORIENTED_EDGE('',*,*,#9765,.F.);
#11830=ORIENTED_EDGE('',*,*,#9806,.T.);
#11831=ORIENTED_EDGE('',*,*,#11797,.T.);
#11832=ORIENTED_EDGE('',*,*,#6747,.T.);
#11833=EDGE_LOOP('',(#11829,#11830,#11831,#11832));
#11834=FACE_OUTER_BOUND('',#11833,.F.);
#11836=CARTESIAN_POINT('',(-3.502510072112E0,4.466986077676E0,2.9E0));
#11837=DIRECTION('',(-9.061697519709E-1,4.225538949324E-1,-1.745240643728E-2));
#11838=DIRECTION('',(-4.226182617407E-1,-9.063077870367E-1,0.E0));
#11839=AXIS2_PLACEMENT_3D('',#11836,#11837,#11838);
#11840=PLANE('',#11839);
#11841=ORIENTED_EDGE('',*,*,#10259,.T.);
#11843=ORIENTED_EDGE('',*,*,#11842,.T.);
#11844=ORIENTED_EDGE('',*,*,#6751,.T.);
#11845=ORIENTED_EDGE('',*,*,#11802,.T.);
#11846=EDGE_LOOP('',(#11841,#11843,#11844,#11845));
#11847=FACE_OUTER_BOUND('',#11846,.F.);
#11849=CARTESIAN_POINT('',(2.872795565792E0,3.25E0,2.9E0));
#11850=DIRECTION('',(0.E0,9.998476951564E-1,-1.745240643728E-2));
#11851=DIRECTION('',(-1.E0,0.E0,0.E0));
#11852=AXIS2_PLACEMENT_3D('',#11849,#11850,#11851);
#11853=PLANE('',#11852);
#11854=ORIENTED_EDGE('',*,*,#10257,.F.);
#11856=ORIENTED_EDGE('',*,*,#11855,.T.);
#11857=ORIENTED_EDGE('',*,*,#6753,.T.);
#11858=ORIENTED_EDGE('',*,*,#11842,.F.);
#11859=EDGE_LOOP('',(#11854,#11856,#11857,#11858));
#11860=FACE_OUTER_BOUND('',#11859,.F.);
#11862=CARTESIAN_POINT('',(1.385128333852E0,3.560678290639E0,2.9E0));
#11863=DIRECTION('',(9.061697519709E-1,4.225538949324E-1,-1.745240643728E-2));
#11864=DIRECTION('',(-4.226182617407E-1,9.063077870366E-1,0.E0));
#11865=AXIS2_PLACEMENT_3D('',#11862,#11863,#11864);
#11866=PLANE('',#11865);
#11867=ORIENTED_EDGE('',*,*,#10255,.F.);
#11868=ORIENTED_EDGE('',*,*,#11816,.F.);
#11869=ORIENTED_EDGE('',*,*,#6755,.T.);
#11870=ORIENTED_EDGE('',*,*,#11855,.F.);
#11871=EDGE_LOOP('',(#11867,#11868,#11869,#11870));
#11872=FACE_OUTER_BOUND('',#11871,.F.);
#11874=CARTESIAN_POINT('',(6.168629617883E0,2.248629617883E0,
-1.431189588835E0));
#11875=DIRECTION('',(3.487826274237E-2,3.487826274237E-2,9.987827659587E-1));
#11876=DIRECTION('',(9.993908270191E-1,0.E0,-3.489949670250E-2));
#11877=AXIS2_PLACEMENT_3D('',#11874,#11875,#11876);
#11878=CYLINDRICAL_SURFACE('',#11877,2.E-1);
#11880=ORIENTED_EDGE('',*,*,#11879,.F.);
#11881=ORIENTED_EDGE('',*,*,#6759,.T.);
#11882=ORIENTED_EDGE('',*,*,#11813,.T.);
#11883=ORIENTED_EDGE('',*,*,#9821,.T.);
#11884=EDGE_LOOP('',(#11880,#11881,#11882,#11883));
#11885=FACE_OUTER_BOUND('',#11884,.F.);
#11887=CARTESIAN_POINT('',(6.52E0,-4.167827240909E0,2.9E0));
#11888=DIRECTION('',(9.993908270191E-1,0.E0,-3.489949670250E-2));
#11889=DIRECTION('',(0.E0,1.E0,0.E0));
#11890=AXIS2_PLACEMENT_3D('',#11887,#11888,#11889);
#11891=PLANE('',#11890);
#11892=ORIENTED_EDGE('',*,*,#6408,.T.);
#11893=ORIENTED_EDGE('',*,*,#11879,.T.);
#11894=ORIENTED_EDGE('',*,*,#9819,.T.);
#11896=ORIENTED_EDGE('',*,*,#11895,.T.);
#11897=EDGE_LOOP('',(#11892,#11893,#11894,#11896));
#11898=FACE_OUTER_BOUND('',#11897,.F.);
#11900=CARTESIAN_POINT('',(6.300729336911E0,-2.380729336911E0,
2.351651423825E0));
#11901=DIRECTION('',(-3.487826274237E-2,3.487826274237E-2,-9.987827659587E-1));
#11902=DIRECTION('',(9.993908270191E-1,0.E0,-3.489949670250E-2));
#11903=AXIS2_PLACEMENT_3D('',#11900,#11901,#11902);
#11904=CYLINDRICAL_SURFACE('',#11903,2.E-1);
#11905=ORIENTED_EDGE('',*,*,#11895,.F.);
#11906=ORIENTED_EDGE('',*,*,#9817,.T.);
#11907=ORIENTED_EDGE('',*,*,#9729,.T.);
#11908=ORIENTED_EDGE('',*,*,#6732,.T.);
#11909=EDGE_LOOP('',(#11905,#11906,#11907,#11908));
#11910=FACE_OUTER_BOUND('',#11909,.F.);
#11912=CARTESIAN_POINT('',(-7.455207127087E0,3.752971689972E0,
-1.861049903624E0));
#11913=CARTESIAN_POINT('',(-7.510544904726E0,3.808309467611E0,
-1.228536210889E0));
#11914=CARTESIAN_POINT('',(-7.565882682365E0,3.863647245250E0,
-5.960225181541E-1));
#11915=CARTESIAN_POINT('',(-7.621220460005E0,3.918985022889E0,
3.649117458087E-2));
#11916=CARTESIAN_POINT('',(-7.456526404511E0,3.764326193457E0,
-1.861049903624E0));
#11917=CARTESIAN_POINT('',(-7.511864182150E0,3.819663971097E0,
-1.228536210889E0));
#11918=CARTESIAN_POINT('',(-7.567201959789E0,3.875001748736E0,
-5.960225181541E-1));
#11919=CARTESIAN_POINT('',(-7.622539737428E0,3.930339526375E0,
3.649117458087E-2));
#11920=CARTESIAN_POINT('',(-7.460170686819E0,3.828112589877E0,
-1.861049903624E0));
#11921=CARTESIAN_POINT('',(-7.515508464458E0,3.883450367516E0,
-1.228536210889E0));
#11922=CARTESIAN_POINT('',(-7.570846242098E0,3.938788145155E0,
-5.960225181541E-1));
#11923=CARTESIAN_POINT('',(-7.626184019737E0,3.994125922795E0,
3.649117458087E-2));
#11924=CARTESIAN_POINT('',(-7.429763663396E0,3.944258863856E0,
-1.861049903624E0));
#11925=CARTESIAN_POINT('',(-7.485101441035E0,3.999596641496E0,
-1.228536210889E0));
#11926=CARTESIAN_POINT('',(-7.540439218675E0,4.054934419135E0,
-5.960225181541E-1));
#11927=CARTESIAN_POINT('',(-7.595776996314E0,4.110272196774E0,
3.649117458087E-2));
#11928=CARTESIAN_POINT('',(-7.314258863856E0,4.059763663396E0,
-1.861049903624E0));
#11929=CARTESIAN_POINT('',(-7.369596641496E0,4.115101441035E0,
-1.228536210889E0));
#11930=CARTESIAN_POINT('',(-7.424934419135E0,4.170439218675E0,
-5.960225181541E-1));
#11931=CARTESIAN_POINT('',(-7.480272196774E0,4.225776996314E0,
3.649117458087E-2));
#11932=CARTESIAN_POINT('',(-7.198112589877E0,4.090170686819E0,
-1.861049903624E0));
#11933=CARTESIAN_POINT('',(-7.253450367516E0,4.145508464458E0,
-1.228536210889E0));
#11934=CARTESIAN_POINT('',(-7.308788145155E0,4.200846242097E0,
-5.960225181541E-1));
#11935=CARTESIAN_POINT('',(-7.364125922795E0,4.256184019737E0,
3.649117458087E-2));
#11936=CARTESIAN_POINT('',(-7.134326193457E0,4.086526404511E0,
-1.861049903624E0));
#11937=CARTESIAN_POINT('',(-7.189663971097E0,4.141864182150E0,
-1.228536210889E0));
#11938=CARTESIAN_POINT('',(-7.245001748736E0,4.197201959789E0,
-5.960225181541E-1));
#11939=CARTESIAN_POINT('',(-7.300339526375E0,4.252539737428E0,
3.649117458087E-2));
#11940=CARTESIAN_POINT('',(-7.122971689972E0,4.085207127087E0,
-1.861049903624E0));
#11941=CARTESIAN_POINT('',(-7.178309467611E0,4.140544904726E0,
-1.228536210889E0));
#11942=CARTESIAN_POINT('',(-7.233647245250E0,4.195882682365E0,
-5.960225181541E-1));
#11943=CARTESIAN_POINT('',(-7.288985022889E0,4.251220460005E0,
3.649117458087E-2));
#11944=B_SPLINE_SURFACE_WITH_KNOTS('',3,3,((#11912,#11913,#11914,#11915),
(#11916,#11917,#11918,#11919),(#11920,#11921,#11922,#11923),(#11924,#11925,
#11926,#11927),(#11928,#11929,#11930,#11931),(#11932,#11933,#11934,#11935),(
#11936,#11937,#11938,#11939),(#11940,#11941,#11942,#11943)),.UNSPECIFIED.,.F.,
.F.,.F.,(4,1,1,1,1,4),(4,4),(-7.274347835446E-2,0.E0,3.333333333333E-1,
6.666666666667E-1,1.E0,1.072743478354E0),(6.947504818800E-2,1.018245587290E0),
.UNSPECIFIED.);
#11946=ORIENTED_EDGE('',*,*,#11945,.F.);
#11947=ORIENTED_EDGE('',*,*,#10105,.T.);
#11949=ORIENTED_EDGE('',*,*,#11948,.F.);
#11950=ORIENTED_EDGE('',*,*,#6344,.F.);
#11951=EDGE_LOOP('',(#11946,#11947,#11949,#11950));
#11952=FACE_OUTER_BOUND('',#11951,.F.);
#11954=CARTESIAN_POINT('',(-7.103005701364E0,4.085274181970E0,
-1.783193557226E0));
#11955=CARTESIAN_POINT('',(-7.111421439673E0,4.086980937602E0,
-1.783193557226E0));
#11956=CARTESIAN_POINT('',(-7.138061944224E0,4.091136821644E0,
-1.783193557226E0));
#11957=CARTESIAN_POINT('',(-7.181108908721E0,4.091829505825E0,
-1.783193557226E0));
#11958=CARTESIAN_POINT('',(-7.229110583658E0,4.084429147095E0,
-1.783193557226E0));
#11959=CARTESIAN_POINT('',(-7.270521209720E0,4.071537135854E0,
-1.783193557226E0));
#11960=CARTESIAN_POINT('',(-7.306204079718E0,4.054826291844E0,
-1.783193557226E0));
#11961=CARTESIAN_POINT('',(-7.336744083353E0,4.035382881791E0,
-1.783193557226E0));
#11962=CARTESIAN_POINT('',(-7.362886312997E0,4.014139186079E0,
-1.783193557226E0));
#11963=CARTESIAN_POINT('',(-7.386084677747E0,3.990717701200E0,
-1.783193557226E0));
#11964=CARTESIAN_POINT('',(-7.407085539153E0,3.964361920345E0,
-1.783193557226E0));
#11965=CARTESIAN_POINT('',(-7.426236558892E0,3.933596488327E0,
-1.783193557226E0));
#11966=CARTESIAN_POINT('',(-7.442564043551E0,3.897811347164E0,
-1.783193557226E0));
#11967=CARTESIAN_POINT('',(-7.455061167816E0,3.856298884968E0,
-1.783193557226E0));
#11968=CARTESIAN_POINT('',(-7.462012665299E0,3.808219793627E0,
-1.783193557226E0));
#11969=CARTESIAN_POINT('',(-7.460979565245E0,3.768185172441E0,
-1.783193557226E0));
#11970=CARTESIAN_POINT('',(-7.457425897255E0,3.744567915497E0,
-1.783193557226E0));
#11971=CARTESIAN_POINT('',(-7.456451548798E0,3.739159440735E0,
-1.783193557226E0));
#11972=CARTESIAN_POINT('',(-7.100622997729E0,4.097005415041E0,
-1.925131957327E0));
#11973=CARTESIAN_POINT('',(-7.109394930173E0,4.098783592808E0,
-1.925131957327E0));
#11974=CARTESIAN_POINT('',(-7.137145663096E0,4.103111571993E0,
-1.925131957327E0));
#11975=CARTESIAN_POINT('',(-7.181918109062E0,4.103829132764E0,
-1.925131957327E0));
#11976=CARTESIAN_POINT('',(-7.231801052709E0,4.096137932918E0,
-1.925131957327E0));
#11977=CARTESIAN_POINT('',(-7.274840960557E0,4.082740175502E0,
-1.925131957327E0));
#11978=CARTESIAN_POINT('',(-7.311970194252E0,4.065353303955E0,
-1.925131957327E0));
#11979=CARTESIAN_POINT('',(-7.343762548707E0,4.045112160722E0,
-1.925131957327E0));
#11980=CARTESIAN_POINT('',(-7.370937354515E0,4.023027897974E0,
-1.925131957327E0));
#11981=CARTESIAN_POINT('',(-7.395050073583E0,3.998683270390E0,
-1.925131957327E0));
#11982=CARTESIAN_POINT('',(-7.416883109080E0,3.971285158304E0,
-1.925131957327E0));
#11983=CARTESIAN_POINT('',(-7.436822174225E0,3.939254199097E0,
-1.925131957327E0));
#11984=CARTESIAN_POINT('',(-7.453807389132E0,3.902024010389E0,
-1.925131957327E0));
#11985=CARTESIAN_POINT('',(-7.466794763208E0,3.858879178355E0,
-1.925131957327E0));
#11986=CARTESIAN_POINT('',(-7.474019629144E0,3.808915051858E0,
-1.925131957327E0));
#11987=CARTESIAN_POINT('',(-7.472947898355E0,3.767272052654E0,
-1.925131957327E0));
#11988=CARTESIAN_POINT('',(-7.469246838611E0,3.742672059184E0,
-1.925131957327E0));
#11989=CARTESIAN_POINT('',(-7.468231801646E0,3.737036432928E0,
-1.925131957327E0));
#11990=CARTESIAN_POINT('',(-7.121528242946E0,3.994078512828E0,
-2.021364479214E0));
#11991=CARTESIAN_POINT('',(-7.127175017221E0,3.995230050672E0,
-2.021364479214E0));
#11992=CARTESIAN_POINT('',(-7.145184884329E0,3.998048110148E0,
-2.021364479214E0));
#11993=CARTESIAN_POINT('',(-7.174818387839E0,3.998547409942E0,
-2.021364479214E0));
#11994=CARTESIAN_POINT('',(-7.208195550785E0,3.993407977247E0,
-2.021364479214E0));
#11995=CARTESIAN_POINT('',(-7.236940548103E0,3.984447510163E0,
-2.021364479214E0));
#11996=CARTESIAN_POINT('',(-7.261379748797E0,3.972991934986E0,
-2.021364479214E0));
#11997=CARTESIAN_POINT('',(-7.282184290672E0,3.959749902969E0,
-2.021364479214E0));
#11998=CARTESIAN_POINT('',(-7.300299531703E0,3.945040564980E0,
-2.021364479214E0));
#11999=CARTESIAN_POINT('',(-7.316389934882E0,3.928795360391E0,
-2.021364479214E0));
#12000=CARTESIAN_POINT('',(-7.330921683234E0,3.910542401589E0,
-2.021364479214E0));
#12001=CARTESIAN_POINT('',(-7.343946635261E0,3.889614861135E0,
-2.021364479214E0));
#12002=CARTESIAN_POINT('',(-7.355161089627E0,3.865063157831E0,
-2.021364479214E0));
#12003=CARTESIAN_POINT('',(-7.363847134584E0,3.836240330124E0,
-2.021364479214E0));
#12004=CARTESIAN_POINT('',(-7.368673534143E0,3.802815030183E0,
-2.021364479214E0));
#12005=CARTESIAN_POINT('',(-7.367940739754E0,3.775283537080E0,
-2.021364479214E0));
#12006=CARTESIAN_POINT('',(-7.365532858370E0,3.759305827872E0,
-2.021364479214E0));
#12007=CARTESIAN_POINT('',(-7.364874812182E0,3.755663171959E0,
-2.021364479214E0));
#12008=CARTESIAN_POINT('',(-7.149467412613E0,3.856520108017E0,
-1.997069433747E0));
#12009=CARTESIAN_POINT('',(-7.150937516229E0,3.856834162306E0,
-1.997069433747E0));
#12010=CARTESIAN_POINT('',(-7.155929037945E0,3.857634263966E0,
-1.997069433747E0));
#12011=CARTESIAN_POINT('',(-7.165329844949E0,3.857841865175E0,
-1.997069433747E0));
#12012=CARTESIAN_POINT('',(-7.176647577229E0,3.856112784985E0,
-1.997069433747E0));
#12013=CARTESIAN_POINT('',(-7.186287898828E0,3.853082609852E0,
-1.997069433747E0));
#12014=CARTESIAN_POINT('',(-7.193767289607E0,3.849554016343E0,
-1.997069433747E0));
#12015=CARTESIAN_POINT('',(-7.199886982931E0,3.845666065265E0,
-1.997069433747E0));
#12016=CARTESIAN_POINT('',(-7.205894414902E0,3.840813070600E0,
-1.997069433747E0));
#12017=CARTESIAN_POINT('',(-7.211263257897E0,3.835392477293E0,
-1.997069433747E0));
#12018=CARTESIAN_POINT('',(-7.216037077166E0,3.829361713762E0,
-1.997069433747E0));
#12019=CARTESIAN_POINT('',(-7.219821545406E0,3.823273525692E0,
-1.997069433747E0));
#12020=CARTESIAN_POINT('',(-7.223323568934E0,3.815666199319E0,
-1.997069433747E0));
#12021=CARTESIAN_POINT('',(-7.226261029610E0,3.805984257295E0,
-1.997069433747E0));
#12022=CARTESIAN_POINT('',(-7.227881958085E0,3.794662552717E0,
-1.997069433747E0));
#12023=CARTESIAN_POINT('',(-7.227602140998E0,3.785990621370E0,
-1.997069433747E0));
#12024=CARTESIAN_POINT('',(-7.226922549776E0,3.781536310258E0,
-1.997069433747E0));
#12025=CARTESIAN_POINT('',(-7.226741609967E0,3.780557193374E0,
-1.997069433747E0));
#12026=(BOUNDED_SURFACE()B_SPLINE_SURFACE(3,3,((#11954,#11955,#11956,#11957,
#11958,#11959,#11960,#11961,#11962,#11963,#11964,#11965,#11966,#11967,#11968,
#11969,#11970,#11971),(#11972,#11973,#11974,#11975,#11976,#11977,#11978,#11979,
#11980,#11981,#11982,#11983,#11984,#11985,#11986,#11987,#11988,#11989),(#11990,
#11991,#11992,#11993,#11994,#11995,#11996,#11997,#11998,#11999,#12000,#12001,
#12002,#12003,#12004,#12005,#12006,#12007),(#12008,#12009,#12010,#12011,#12012,
#12013,#12014,#12015,#12016,#12017,#12018,#12019,#12020,#12021,#12022,#12023,
#12024,#12025)),.UNSPECIFIED.,.F.,.F.,.F.)B_SPLINE_SURFACE_WITH_KNOTS((4,4),(4,
1,1,1,1,1,1,1,1,1,1,1,1,1,1,4),(0.E0,1.E0),(-4.700182804765E-2,0.E0,
1.010605303422E-1,1.910020448367E-1,2.711560893319E-1,3.427743227543E-1,
4.081881227213E-1,4.698212223703E-1,5.301711709708E-1,5.918031791374E-1,
6.572036766493E-1,7.288098402283E-1,8.089306691823E-1,8.988795362605E-1,1.E0,
1.030141387680E0),.UNSPECIFIED.)GEOMETRIC_REPRESENTATION_ITEM()RATIONAL_B_SPLINE_SURFACE(((1.241275920050E0,1.241275920050E0,1.241275920050E0,1.241275920050E0,
1.241275920050E0,1.241275920050E0,1.241275920050E0,1.241275920050E0,
1.241275920050E0,1.241275920050E0,1.241275920050E0,1.241275920050E0,
1.241275920050E0,1.241275920050E0,1.241275920050E0,1.241275920050E0,
1.241275920050E0,1.241275920050E0),(9.195746933168E-1,9.195746933168E-1,
9.195746933168E-1,9.195746933168E-1,9.195746933168E-1,9.195746933168E-1,
9.195746933168E-1,9.195746933168E-1,9.195746933168E-1,9.195746933168E-1,
9.195746933168E-1,9.195746933168E-1,9.195746933168E-1,9.195746933168E-1,
9.195746933168E-1,9.195746933168E-1,9.195746933168E-1,9.195746933168E-1),(
9.195746933168E-1,9.195746933168E-1,9.195746933168E-1,9.195746933168E-1,
9.195746933168E-1,9.195746933168E-1,9.195746933168E-1,9.195746933168E-1,
9.195746933168E-1,9.195746933168E-1,9.195746933168E-1,9.195746933168E-1,
9.195746933168E-1,9.195746933168E-1,9.195746933168E-1,9.195746933168E-1,
9.195746933168E-1,9.195746933168E-1),(1.241275920050E0,1.241275920050E0,
1.241275920050E0,1.241275920050E0,1.241275920050E0,1.241275920050E0,
1.241275920050E0,1.241275920050E0,1.241275920050E0,1.241275920050E0,
1.241275920050E0,1.241275920050E0,1.241275920050E0,1.241275920050E0,
1.241275920050E0,1.241275920050E0,1.241275920050E0,1.241275920050E0)))REPRESENTATION_ITEM('')SURFACE());
#12027=ORIENTED_EDGE('',*,*,#11945,.T.);
#12029=ORIENTED_EDGE('',*,*,#12028,.T.);
#12030=ORIENTED_EDGE('',*,*,#6588,.F.);
#12032=ORIENTED_EDGE('',*,*,#12031,.F.);
#12033=EDGE_LOOP('',(#12027,#12029,#12030,#12032));
#12034=FACE_OUTER_BOUND('',#12033,.F.);
#12036=CARTESIAN_POINT('',(-7.261756438145E0,-3.985973116017E0,-1.8E0));
#12037=DIRECTION('',(0.E0,-1.E0,0.E0));
#12038=DIRECTION('',(-9.961946980917E-1,0.E0,-8.715574274766E-2));
#12039=AXIS2_PLACEMENT_3D('',#12036,#12037,#12038);
#12040=CYLINDRICAL_SURFACE('',#12039,2.E-1);
#12042=ORIENTED_EDGE('',*,*,#12041,.F.);
#12043=ORIENTED_EDGE('',*,*,#6590,.T.);
#12044=ORIENTED_EDGE('',*,*,#12028,.F.);
#12045=ORIENTED_EDGE('',*,*,#6342,.T.);
#12046=EDGE_LOOP('',(#12042,#12043,#12044,#12045));
#12047=FACE_OUTER_BOUND('',#12046,.F.);
#12049=CARTESIAN_POINT('',(-7.261756438145E0,-3.985973116017E0,-1.8E0));
#12050=DIRECTION('',(0.E0,-1.E0,0.E0));
#12051=DIRECTION('',(-9.961946980917E-1,0.E0,-8.715574274766E-2));
#12052=AXIS2_PLACEMENT_3D('',#12049,#12050,#12051);
#12053=CYLINDRICAL_SURFACE('',#12052,2.E-1);
#12055=ORIENTED_EDGE('',*,*,#12054,.F.);
#12056=ORIENTED_EDGE('',*,*,#6350,.T.);
#12058=ORIENTED_EDGE('',*,*,#12057,.T.);
#12059=ORIENTED_EDGE('',*,*,#6602,.T.);
#12060=EDGE_LOOP('',(#12055,#12056,#12058,#12059));
#12061=FACE_OUTER_BOUND('',#12060,.F.);
#12063=CARTESIAN_POINT('',(-7.228525304206E0,2.414264990891E0,
-1.989607807186E0));
#12064=CARTESIAN_POINT('',(-7.232231950540E0,2.414298682054E0,
-1.990250672861E0));
#12065=CARTESIAN_POINT('',(-7.243904062577E0,2.414386592629E0,
-1.991928106558E0));
#12066=CARTESIAN_POINT('',(-7.265079138403E0,2.414444133509E0,
-1.993026051968E0));
#12067=CARTESIAN_POINT('',(-7.292499193732E0,2.414325402870E0,
-1.990760536400E0));
#12068=CARTESIAN_POINT('',(-7.322145423291E0,2.413958021386E0,
-1.983750480105E0));
#12069=CARTESIAN_POINT('',(-7.352194765934E0,2.413302979975E0,
-1.971251545405E0));
#12070=CARTESIAN_POINT('',(-7.380979310583E0,2.412342478511E0,
-1.952924085674E0));
#12071=CARTESIAN_POINT('',(-7.406442510089E0,2.411112299403E0,
-1.929450869959E0));
#12072=CARTESIAN_POINT('',(-7.427097913185E0,2.409682235085E0,
-1.902163617246E0));
#12073=CARTESIAN_POINT('',(-7.442132389722E0,2.408147180144E0,
-1.872873024080E0));
#12074=CARTESIAN_POINT('',(-7.451476239220E0,2.406614819402E0,
-1.843633839315E0));
#12075=CARTESIAN_POINT('',(-7.455865893088E0,2.405171456273E0,
-1.816092830156E0));
#12076=CARTESIAN_POINT('',(-7.456329058522E0,2.404106556033E0,
-1.795773323112E0));
#12077=CARTESIAN_POINT('',(-7.455640514031E0,2.403529579079E0,
-1.784763947004E0));
#12078=CARTESIAN_POINT('',(-7.455407256792E0,2.403384297404E0,
-1.781991807502E0));
#12079=CARTESIAN_POINT('',(-7.223016270950E0,2.324524120088E0,
-2.026074129096E0));
#12080=CARTESIAN_POINT('',(-7.227337377082E0,2.324563396313E0,
-2.026823564110E0));
#12081=CARTESIAN_POINT('',(-7.240944443690E0,2.324665880249E0,
-2.028779074104E0));
#12082=CARTESIAN_POINT('',(-7.265629988608E0,2.324732960729E0,
-2.030059045918E0));
#12083=CARTESIAN_POINT('',(-7.297595798738E0,2.324594546214E0,
-2.027417939624E0));
#12084=CARTESIAN_POINT('',(-7.332156358728E0,2.324166263923E0,
-2.019245826694E0));
#12085=CARTESIAN_POINT('',(-7.367185837642E0,2.323402657909E0,
-2.004675355975E0));
#12086=CARTESIAN_POINT('',(-7.400739434316E0,2.322283014290E0,
-1.983311283033E0));
#12087=CARTESIAN_POINT('',(-7.430419824636E0,2.320849087067E0,
-1.955950321694E0));
#12088=CARTESIAN_POINT('',(-7.454494839102E0,2.319182260060E0,
-1.924145367733E0));
#12089=CARTESIAN_POINT('',(-7.472017513153E0,2.317393146507E0,
-1.890007047478E0));
#12090=CARTESIAN_POINT('',(-7.482907381934E0,2.315607236783E0,
-1.855929859917E0));
#12091=CARTESIAN_POINT('',(-7.488023241718E0,2.313925085087E0,
-1.823832493486E0));
#12092=CARTESIAN_POINT('',(-7.488563024502E0,2.312684017661E0,
-1.800151516283E0));
#12093=CARTESIAN_POINT('',(-7.487760576648E0,2.312011589544E0,
-1.787320823477E0));
#12094=CARTESIAN_POINT('',(-7.487488731255E0,2.311842273273E0,
-1.784090076572E0));
#12095=CARTESIAN_POINT('',(-7.234782673199E0,2.252622916387E0,
-1.962001259190E0));
#12096=CARTESIAN_POINT('',(-7.237791392782E0,2.252650263823E0,
-1.962523079367E0));
#12097=CARTESIAN_POINT('',(-7.247265710002E0,2.252721621422E0,
-1.963884663455E0));
#12098=CARTESIAN_POINT('',(-7.264453461840E0,2.252768326863E0,
-1.964775856371E0));
#12099=CARTESIAN_POINT('',(-7.286710276394E0,2.252671953916E0,
-1.962936950999E0));
#12100=CARTESIAN_POINT('',(-7.310774622992E0,2.252373745881E0,
-1.957246802720E0));
#12101=CARTESIAN_POINT('',(-7.335167337904E0,2.251842016265E0,
-1.947100797228E0));
#12102=CARTESIAN_POINT('',(-7.358535012317E0,2.251062274498E0,
-1.932222437996E0));
#12103=CARTESIAN_POINT('',(-7.379208166490E0,2.250063520229E0,
-1.913165071267E0));
#12104=CARTESIAN_POINT('',(-7.395979445248E0,2.248902379958E0,
-1.891009195041E0));
#12105=CARTESIAN_POINT('',(-7.408187732641E0,2.247655894426E0,
-1.867224834232E0));
#12106=CARTESIAN_POINT('',(-7.415775554780E0,2.246411524239E0,
-1.843480836604E0));
#12107=CARTESIAN_POINT('',(-7.419340356414E0,2.245239386224E0,
-1.821115110910E0));
#12108=CARTESIAN_POINT('',(-7.419716496955E0,2.244374583357E0,
-1.804613689212E0));
#12109=CARTESIAN_POINT('',(-7.419157328227E0,2.243906023457E0,
-1.795673033714E0));
#12110=CARTESIAN_POINT('',(-7.418967900878E0,2.243788041188E0,
-1.793421797899E0));
#12111=CARTESIAN_POINT('',(-7.250419108052E0,2.280478059530E0,
-1.870387095890E0));
#12112=CARTESIAN_POINT('',(-7.251683790133E0,2.280489554736E0,
-1.870606437494E0));
#12113=CARTESIAN_POINT('',(-7.255666074597E0,2.280519548378E0,
-1.871178750269E0));
#12114=CARTESIAN_POINT('',(-7.262889969129E0,2.280539177322E0,
-1.871553292830E0));
#12115=CARTESIAN_POINT('',(-7.272244447556E0,2.280498673640E0,
-1.870780436552E0));
#12116=CARTESIAN_POINT('',(-7.282360320066E0,2.280373321979E0,
-1.868388584365E0));
#12117=CARTESIAN_POINT('',(-7.292617782430E0,2.280149734146E0,
-1.864122274368E0));
#12118=CARTESIAN_POINT('',(-7.302449330297E0,2.279821689769E0,
-1.857862814758E0));
#12119=CARTESIAN_POINT('',(-7.311152720204E0,2.279401239164E0,
-1.849840139297E0));
#12120=CARTESIAN_POINT('',(-7.318218025532E0,2.278912108700E0,
-1.840506974055E0));
#12121=CARTESIAN_POINT('',(-7.323363996085E0,2.278386724447E0,
-1.830482045308E0));
#12122=CARTESIAN_POINT('',(-7.326563710788E0,2.277862009046E0,
-1.820469879023E0));
#12123=CARTESIAN_POINT('',(-7.328067302956E0,2.277367630936E0,
-1.811036582729E0));
#12124=CARTESIAN_POINT('',(-7.328225978445E0,2.277002848055E0,
-1.804076110725E0));
#12125=CARTESIAN_POINT('',(-7.327990104646E0,2.276805209718E0,
-1.800304946600E0));
#12126=CARTESIAN_POINT('',(-7.327910203078E0,2.276755445477E0,
-1.799355388309E0));
#12127=(BOUNDED_SURFACE()B_SPLINE_SURFACE(3,3,((#12063,#12064,#12065,#12066,
#12067,#12068,#12069,#12070,#12071,#12072,#12073,#12074,#12075,#12076,#12077,
#12078),(#12079,#12080,#12081,#12082,#12083,#12084,#12085,#12086,#12087,#12088,
#12089,#12090,#12091,#12092,#12093,#12094),(#12095,#12096,#12097,#12098,#12099,
#12100,#12101,#12102,#12103,#12104,#12105,#12106,#12107,#12108,#12109,#12110),(
#12111,#12112,#12113,#12114,#12115,#12116,#12117,#12118,#12119,#12120,#12121,
#12122,#12123,#12124,#12125,#12126)),.UNSPECIFIED.,.F.,.F.,.F.)B_SPLINE_SURFACE_WITH_KNOTS((4,4),(4,1,1,1,1,1,1,1,1,1,1,1,1,4),(0.E0,1.E0),(2.049739970336E-2,
5.065852240868E-2,1.149814436385E-1,1.901157328730E-1,2.705325356435E-1,
3.583583382827E-1,4.499702395007E-1,5.429901298103E-1,6.349539928128E-1,
7.234688218015E-1,8.063170473475E-1,8.806844670099E-1,9.469562064973E-1,
9.693152159503E-1),.UNSPECIFIED.)GEOMETRIC_REPRESENTATION_ITEM()RATIONAL_B_SPLINE_SURFACE(((1.398256708963E0,1.398256708963E0,1.398256708963E0,1.398256708963E0,
1.398256708963E0,1.398256708963E0,1.398256708963E0,1.398256708963E0,
1.398256708963E0,1.398256708963E0,1.398256708963E0,1.398256708963E0,
1.398256708963E0,1.398256708963E0,1.398256708963E0,1.398256708963E0),(
8.672477636790E-1,8.672477636790E-1,8.672477636790E-1,8.672477636790E-1,
8.672477636790E-1,8.672477636790E-1,8.672477636790E-1,8.672477636790E-1,
8.672477636790E-1,8.672477636790E-1,8.672477636790E-1,8.672477636790E-1,
8.672477636790E-1,8.672477636790E-1,8.672477636790E-1,8.672477636790E-1),(
8.672477636790E-1,8.672477636790E-1,8.672477636790E-1,8.672477636790E-1,
8.672477636790E-1,8.672477636790E-1,8.672477636790E-1,8.672477636790E-1,
8.672477636790E-1,8.672477636790E-1,8.672477636790E-1,8.672477636790E-1,
8.672477636790E-1,8.672477636790E-1,8.672477636790E-1,8.672477636790E-1),(
1.398256708963E0,1.398256708963E0,1.398256708963E0,1.398256708963E0,
1.398256708963E0,1.398256708963E0,1.398256708963E0,1.398256708963E0,
1.398256708963E0,1.398256708963E0,1.398256708963E0,1.398256708963E0,
1.398256708963E0,1.398256708963E0,1.398256708963E0,1.398256708963E0)))REPRESENTATION_ITEM('')SURFACE());
#12128=ORIENTED_EDGE('',*,*,#12041,.T.);
#12129=ORIENTED_EDGE('',*,*,#6366,.T.);
#12130=ORIENTED_EDGE('',*,*,#6388,.F.);
#12132=ORIENTED_EDGE('',*,*,#12131,.F.);
#12133=EDGE_LOOP('',(#12128,#12129,#12130,#12132));
#12134=FACE_OUTER_BOUND('',#12133,.F.);
#12136=CARTESIAN_POINT('',(-5.993786724225E0,2.376341124241E0,-1.9E0));
#12137=DIRECTION('',(-1.E0,0.E0,0.E0));
#12138=DIRECTION('',(0.E0,0.E0,-1.E0));
#12139=AXIS2_PLACEMENT_3D('',#12136,#12137,#12138);
#12140=CYLINDRICAL_SURFACE('',#12139,1.E-1);
#12141=ORIENTED_EDGE('',*,*,#6592,.T.);
#12142=ORIENTED_EDGE('',*,*,#12131,.T.);
#12143=ORIENTED_EDGE('',*,*,#6386,.F.);
#12145=ORIENTED_EDGE('',*,*,#12144,.F.);
#12146=EDGE_LOOP('',(#12141,#12142,#12143,#12145));
#12147=FACE_OUTER_BOUND('',#12146,.F.);
#12149=CARTESIAN_POINT('',(-5.410430202429E0,1.755459863502E0,
-1.994242804748E0));
#12150=CARTESIAN_POINT('',(-5.409837678269E0,1.769478440624E0,
-1.994202823882E0));
#12151=CARTESIAN_POINT('',(-5.409513949972E0,1.806090265222E0,
-1.994101404043E0));
#12152=CARTESIAN_POINT('',(-5.414417866123E0,1.868512271826E0,
-1.993941501799E0));
#12153=CARTESIAN_POINT('',(-5.429295590098E0,1.944202520911E0,
-1.993770300422E0));
#12154=CARTESIAN_POINT('',(-5.456347827179E0,2.024754181706E0,
-1.993617866857E0));
#12155=CARTESIAN_POINT('',(-5.496939552070E0,2.105742389410E0,
-1.993501657600E0));
#12156=CARTESIAN_POINT('',(-5.551023973369E0,2.182714746054E0,
-1.993435389593E0));
#12157=CARTESIAN_POINT('',(-5.617058082361E0,2.251603769831E0,
-1.993427102316E0));
#12158=CARTESIAN_POINT('',(-5.692116141493E0,2.309177972117E0,
-1.993477780320E0));
#12159=CARTESIAN_POINT('',(-5.772163496591E0,2.353448508875E0,
-1.993580921703E0));
#12160=CARTESIAN_POINT('',(-5.852532314793E0,2.383968900277E0,
-1.993723373327E0));
#12161=CARTESIAN_POINT('',(-5.928326599779E0,2.401826541777E0,
-1.993887092227E0));
#12162=CARTESIAN_POINT('',(-5.995915450530E0,2.409619601451E0,
-1.994053988379E0));
#12163=CARTESIAN_POINT('',(-6.040205679159E0,2.410300332904E0,
-1.994174223205E0));
#12164=CARTESIAN_POINT('',(-6.061818364690E0,2.409518858743E0,
-1.994235521428E0));
#12165=CARTESIAN_POINT('',(-6.064376600932E0,2.409410726738E0,
-1.994242811787E0));
#12166=CARTESIAN_POINT('',(-5.498711984358E0,1.758482118382E0,
-2.025586795300E0));
#12167=CARTESIAN_POINT('',(-5.498148856784E0,1.770547026564E0,
-2.025652361009E0));
#12168=CARTESIAN_POINT('',(-5.497735293308E0,1.802064542306E0,
-2.025817490838E0));
#12169=CARTESIAN_POINT('',(-5.501746834118E0,1.855833101241E0,
-2.026071505718E0));
#12170=CARTESIAN_POINT('',(-5.514339980622E0,1.921072427676E0,
-2.026336575326E0));
#12171=CARTESIAN_POINT('',(-5.537457356045E0,1.990537090484E0,
-2.026566820618E0));
#12172=CARTESIAN_POINT('',(-5.572300919795E0,2.060396588920E0,
-2.026738872272E0));
#12173=CARTESIAN_POINT('',(-5.618843313913E0,2.126785986755E0,
-2.026835662636E0));
#12174=CARTESIAN_POINT('',(-5.675750888992E0,2.186169552681E0,
-2.026847700973E0));
#12175=CARTESIAN_POINT('',(-5.740482442282E0,2.235739167862E0,
-2.026773855770E0));
#12176=CARTESIAN_POINT('',(-5.809531398437E0,2.273772606249E0,
-2.026621838957E0));
#12177=CARTESIAN_POINT('',(-5.878845547175E0,2.299894785751E0,
-2.026407990831E0));
#12178=CARTESIAN_POINT('',(-5.944185538284E0,2.315067594820E0,
-2.026156447750E0));
#12179=CARTESIAN_POINT('',(-6.002417384631E0,2.321559467464E0,
-2.025893463103E0));
#12180=CARTESIAN_POINT('',(-6.040551677513E0,2.321985824495E0,
-2.025699259969E0));
#12181=CARTESIAN_POINT('',(-6.059153221857E0,2.321231694970E0,
-2.025598812337E0));
#12182=CARTESIAN_POINT('',(-6.061354935107E0,2.321128927910E0,
-2.025586839986E0));
#12183=CARTESIAN_POINT('',(-5.566543904767E0,1.760804288881E0,
-1.960944007498E0));
#12184=CARTESIAN_POINT('',(-5.566109323939E0,1.771371709373E0,
-1.961090690378E0));
#12185=CARTESIAN_POINT('',(-5.565895087003E0,1.798965798656E0,
-1.961461052660E0));
#12186=CARTESIAN_POINT('',(-5.569633217772E0,1.845994482123E0,
-1.962035782467E0));
#12187=CARTESIAN_POINT('',(-5.580879990061E0,1.902994116505E0,
-1.962641114593E0));
#12188=CARTESIAN_POINT('',(-5.601279716070E0,1.963630519370E0,
-1.963171716196E0));
#12189=CARTESIAN_POINT('',(-5.631852896284E0,2.024576980311E0,
-1.963571176068E0));
#12190=CARTESIAN_POINT('',(-5.672562105124E0,2.082491823960E0,
-1.963797048231E0));
#12191=CARTESIAN_POINT('',(-5.722249895265E0,2.134325581114E0,
-1.963825199343E0));
#12192=CARTESIAN_POINT('',(-5.778723538335E0,2.177656464268E0,
-1.963652718586E0));
#12193=CARTESIAN_POINT('',(-5.838958261729E0,2.210993065054E0,
-1.963299176467E0));
#12194=CARTESIAN_POINT('',(-5.899451122779E0,2.233998477912E0,
-1.962805236816E0));
#12195=CARTESIAN_POINT('',(-5.956521971114E0,2.247484849897E0,
-1.962229179786E0));
#12196=CARTESIAN_POINT('',(-6.007435838828E0,2.253399394992E0,
-1.961632419653E0));
#12197=CARTESIAN_POINT('',(-6.040813283038E0,2.253946931406E0,
-1.961195615409E0));
#12198=CARTESIAN_POINT('',(-6.057104778024E0,2.253376270445E0,
-1.960970834607E0));
#12199=CARTESIAN_POINT('',(-6.059033216066E0,2.253296962070E0,
-1.960944063306E0));
#12200=CARTESIAN_POINT('',(-5.539555051927E0,1.759880347462E0,
-1.871188788355E0));
#12201=CARTESIAN_POINT('',(-5.539207229364E0,1.771048306889E0,
-1.871303222142E0));
#12202=CARTESIAN_POINT('',(-5.539262939085E0,1.800191496544E0,
-1.871592482817E0));
#12203=CARTESIAN_POINT('',(-5.543646391859E0,1.849783475632E0,
-1.872043093536E0));
#12204=CARTESIAN_POINT('',(-5.555961157762E0,1.909788646220E0,
-1.872519615918E0));
#12205=CARTESIAN_POINT('',(-5.577840077186E0,1.973534830631E0,
-1.872938940654E0));
#12206=CARTESIAN_POINT('',(-5.610302699612E0,2.037556179396E0,
-1.873255625699E0));
#12207=CARTESIAN_POINT('',(-5.653283068917E0,2.098396373967E0,
-1.873435077817E0));
#12208=CARTESIAN_POINT('',(-5.705573594683E0,2.152913581118E0,
-1.873457462818E0));
#12209=CARTESIAN_POINT('',(-5.764911895212E0,2.198611732583E0,
-1.873320378174E0));
#12210=CARTESIAN_POINT('',(-5.828180476073E0,2.233941368880E0,
-1.873039895966E0));
#12211=CARTESIAN_POINT('',(-5.891757090275E0,2.258528683034E0,
-1.872649165339E0));
#12212=CARTESIAN_POINT('',(-5.951810234371E0,2.273176022757E0,
-1.872195139460E0));
#12213=CARTESIAN_POINT('',(-6.005468580368E0,2.279870081660E0,
-1.871726660568E0));
#12214=CARTESIAN_POINT('',(-6.040703671459E0,2.280781490196E0,
-1.871385079898E0));
#12215=CARTESIAN_POINT('',(-6.057918946834E0,2.280349266809E0,
-1.871209697490E0));
#12216=CARTESIAN_POINT('',(-6.059956976367E0,2.280285790758E0,
-1.871188816567E0));
#12217=(BOUNDED_SURFACE()B_SPLINE_SURFACE(3,3,((#12149,#12150,#12151,#12152,
#12153,#12154,#12155,#12156,#12157,#12158,#12159,#12160,#12161,#12162,#12163,
#12164,#12165),(#12166,#12167,#12168,#12169,#12170,#12171,#12172,#12173,#12174,
#12175,#12176,#12177,#12178,#12179,#12180,#12181,#12182),(#12183,#12184,#12185,
#12186,#12187,#12188,#12189,#12190,#12191,#12192,#12193,#12194,#12195,#12196,
#12197,#12198,#12199),(#12200,#12201,#12202,#12203,#12204,#12205,#12206,#12207,
#12208,#12209,#12210,#12211,#12212,#12213,#12214,#12215,#12216)),.UNSPECIFIED.,
.F.,.F.,.F.)B_SPLINE_SURFACE_WITH_KNOTS((4,4),(4,1,1,1,1,1,1,1,1,1,1,1,1,1,4),(
0.E0,1.E0),(5.094039275685E-2,8.825481369016E-2,1.482231189982E-1,
2.170230969771E-1,2.925645477559E-1,3.729879643679E-1,4.563938638239E-1,
5.409613602185E-1,6.248842627372E-1,7.061396314519E-1,7.826107235018E-1,
8.522202094293E-1,9.123219898950E-1,9.630256837545E-1,9.698356264636E-1),
.UNSPECIFIED.)GEOMETRIC_REPRESENTATION_ITEM()RATIONAL_B_SPLINE_SURFACE(((
1.377600179804E0,1.377600179804E0,1.377600179804E0,1.377600179804E0,
1.377600179804E0,1.377600179804E0,1.377600179804E0,1.377600179804E0,
1.377600179804E0,1.377600179804E0,1.377600179804E0,1.377600179804E0,
1.377600179804E0,1.377600179804E0,1.377600179804E0,1.377600179804E0,
1.377600179804E0),(8.741332733988E-1,8.741332733988E-1,8.741332733988E-1,
8.741332733988E-1,8.741332733988E-1,8.741332733988E-1,8.741332733988E-1,
8.741332733988E-1,8.741332733988E-1,8.741332733988E-1,8.741332733988E-1,
8.741332733988E-1,8.741332733988E-1,8.741332733988E-1,8.741332733988E-1,
8.741332733988E-1,8.741332733988E-1),(8.741332733988E-1,8.741332733988E-1,
8.741332733988E-1,8.741332733988E-1,8.741332733988E-1,8.741332733988E-1,
8.741332733988E-1,8.741332733988E-1,8.741332733988E-1,8.741332733988E-1,
8.741332733988E-1,8.741332733988E-1,8.741332733988E-1,8.741332733988E-1,
8.741332733988E-1,8.741332733988E-1,8.741332733988E-1),(1.377600179804E0,
1.377600179804E0,1.377600179804E0,1.377600179804E0,1.377600179804E0,
1.377600179804E0,1.377600179804E0,1.377600179804E0,1.377600179804E0,
1.377600179804E0,1.377600179804E0,1.377600179804E0,1.377600179804E0,
1.377600179804E0,1.377600179804E0,1.377600179804E0,1.377600179804E0)))REPRESENTATION_ITEM('')SURFACE());
#12218=ORIENTED_EDGE('',*,*,#6594,.T.);
#12219=ORIENTED_EDGE('',*,*,#12144,.T.);
#12221=ORIENTED_EDGE('',*,*,#12220,.F.);
#12223=ORIENTED_EDGE('',*,*,#12222,.F.);
#12224=EDGE_LOOP('',(#12218,#12219,#12221,#12223));
#12225=FACE_OUTER_BOUND('',#12224,.F.);
#12227=CARTESIAN_POINT('',(-6.071494810584E0,1.748345880602E0,
-1.381530482452E0));
#12228=DIRECTION('',(5.226442768871E-2,5.226442768871E-2,-9.972646886342E-1));
#12229=DIRECTION('',(0.E0,9.986295347546E-1,5.233595624294E-2));
#12230=AXIS2_PLACEMENT_3D('',#12227,#12228,#12229);
#12231=CYLINDRICAL_SURFACE('',#12230,5.E-1);
#12232=ORIENTED_EDGE('',*,*,#12220,.T.);
#12233=ORIENTED_EDGE('',*,*,#6384,.F.);
#12234=ORIENTED_EDGE('',*,*,#6744,.T.);
#12236=ORIENTED_EDGE('',*,*,#12235,.T.);
#12237=EDGE_LOOP('',(#12232,#12233,#12234,#12236));
#12238=FACE_OUTER_BOUND('',#12237,.F.);
#12240=CARTESIAN_POINT('',(-5.569840691185E0,-3.592795565792E0,-1.4E0));
#12241=DIRECTION('',(9.986295347546E-1,0.E0,5.233595624294E-2));
#12242=DIRECTION('',(0.E0,1.E0,0.E0));
#12243=AXIS2_PLACEMENT_3D('',#12240,#12241,#12242);
#12244=PLANE('',#12243);
#12246=ORIENTED_EDGE('',*,*,#12245,.T.);
#12247=ORIENTED_EDGE('',*,*,#12235,.F.);
#12248=ORIENTED_EDGE('',*,*,#6742,.F.);
#12250=ORIENTED_EDGE('',*,*,#12249,.T.);
#12251=EDGE_LOOP('',(#12246,#12247,#12248,#12250));
#12252=FACE_OUTER_BOUND('',#12251,.F.);
#12254=CARTESIAN_POINT('',(-5.443499566944E0,-1.826053966960E0,-1.9E0));
#12255=DIRECTION('',(0.E0,1.E0,0.E0));
#12256=DIRECTION('',(0.E0,0.E0,-1.E0));
#12257=AXIS2_PLACEMENT_3D('',#12254,#12255,#12256);
#12258=CYLINDRICAL_SURFACE('',#12257,1.E-1);
#12259=ORIENTED_EDGE('',*,*,#6596,.T.);
#12260=ORIENTED_EDGE('',*,*,#12222,.T.);
#12261=ORIENTED_EDGE('',*,*,#12245,.F.);
#12263=ORIENTED_EDGE('',*,*,#12262,.F.);
#12264=EDGE_LOOP('',(#12259,#12260,#12261,#12263));
#12265=FACE_OUTER_BOUND('',#12264,.F.);
#12267=CARTESIAN_POINT('',(-6.064380827683E0,-2.409410488756E0,
-1.994242804748E0));
#12268=CARTESIAN_POINT('',(-6.050362250562E0,-2.410003012916E0,
-1.994202823882E0));
#12269=CARTESIAN_POINT('',(-6.013750425963E0,-2.410326741213E0,
-1.994101404043E0));
#12270=CARTESIAN_POINT('',(-5.951328419359E0,-2.405422825062E0,
-1.993941501799E0));
#12271=CARTESIAN_POINT('',(-5.875638170274E0,-2.390545101088E0,
-1.993770300422E0));
#12272=CARTESIAN_POINT('',(-5.795086509479E0,-2.363492864006E0,
-1.993617866857E0));
#12273=CARTESIAN_POINT('',(-5.714098301775E0,-2.322901139115E0,
-1.993501657600E0));
#12274=CARTESIAN_POINT('',(-5.637125945132E0,-2.268816717816E0,
-1.993435389593E0));
#12275=CARTESIAN_POINT('',(-5.568236921355E0,-2.202782608824E0,
-1.993427102316E0));
#12276=CARTESIAN_POINT('',(-5.510662719069E0,-2.127724549692E0,
-1.993477780320E0));
#12277=CARTESIAN_POINT('',(-5.466392182311E0,-2.047677194594E0,
-1.993580921703E0));
#12278=CARTESIAN_POINT('',(-5.435871790909E0,-1.967308376393E0,
-1.993723373327E0));
#12279=CARTESIAN_POINT('',(-5.418014149409E0,-1.891514091407E0,
-1.993887092227E0));
#12280=CARTESIAN_POINT('',(-5.410221089734E0,-1.823925240656E0,
-1.994053988379E0));
#12281=CARTESIAN_POINT('',(-5.409540358282E0,-1.779635012026E0,
-1.994174223205E0));
#12282=CARTESIAN_POINT('',(-5.410321832443E0,-1.758022326496E0,
-1.994235521428E0));
#12283=CARTESIAN_POINT('',(-5.410429964447E0,-1.755464090253E0,
-1.994242811787E0));
#12284=CARTESIAN_POINT('',(-6.061358572803E0,-2.321128706828E0,
-2.025586795300E0));
#12285=CARTESIAN_POINT('',(-6.049293664622E0,-2.321691834402E0,
-2.025652361009E0));
#12286=CARTESIAN_POINT('',(-6.017776148879E0,-2.322105397878E0,
-2.025817490838E0));
#12287=CARTESIAN_POINT('',(-5.964007589945E0,-2.318093857068E0,
-2.026071505718E0));
#12288=CARTESIAN_POINT('',(-5.898768263510E0,-2.305500710563E0,
-2.026336575326E0));
#12289=CARTESIAN_POINT('',(-5.829303600702E0,-2.282383335141E0,
-2.026566820618E0));
#12290=CARTESIAN_POINT('',(-5.759444102265E0,-2.247539771390E0,
-2.026738872272E0));
#12291=CARTESIAN_POINT('',(-5.693054704431E0,-2.200997377272E0,
-2.026835662636E0));
#12292=CARTESIAN_POINT('',(-5.633671138504E0,-2.144089802193E0,
-2.026847700973E0));
#12293=CARTESIAN_POINT('',(-5.584101523323E0,-2.079358248903E0,
-2.026773855770E0));
#12294=CARTESIAN_POINT('',(-5.546068084936E0,-2.010309292748E0,
-2.026621838957E0));
#12295=CARTESIAN_POINT('',(-5.519945905434E0,-1.940995144010E0,
-2.026407990831E0));
#12296=CARTESIAN_POINT('',(-5.504773096365E0,-1.875655152902E0,
-2.026156447750E0));
#12297=CARTESIAN_POINT('',(-5.498281223722E0,-1.817423306554E0,
-2.025893463103E0));
#12298=CARTESIAN_POINT('',(-5.497854866690E0,-1.779289013673E0,
-2.025699259969E0));
#12299=CARTESIAN_POINT('',(-5.498608996216E0,-1.760687469329E0,
-2.025598812337E0));
#12300=CARTESIAN_POINT('',(-5.498711763275E0,-1.758485756079E0,
-2.025586839986E0));
#12301=CARTESIAN_POINT('',(-6.059036402304E0,-2.253296786418E0,
-1.960944007498E0));
#12302=CARTESIAN_POINT('',(-6.048468981813E0,-2.253731367246E0,
-1.961090690378E0));
#12303=CARTESIAN_POINT('',(-6.020874892530E0,-2.253945604182E0,
-1.961461052660E0));
#12304=CARTESIAN_POINT('',(-5.973846209062E0,-2.250207473413E0,
-1.962035782467E0));
#12305=CARTESIAN_POINT('',(-5.916846574680E0,-2.238960701124E0,
-1.962641114593E0));
#12306=CARTESIAN_POINT('',(-5.856210171815E0,-2.218560975116E0,
-1.963171716196E0));
#12307=CARTESIAN_POINT('',(-5.795263710874E0,-2.187987794902E0,
-1.963571176068E0));
#12308=CARTESIAN_POINT('',(-5.737348867225E0,-2.147278586061E0,
-1.963797048231E0));
#12309=CARTESIAN_POINT('',(-5.685515110071E0,-2.097590795920E0,
-1.963825199343E0));
#12310=CARTESIAN_POINT('',(-5.642184226918E0,-2.041117152851E0,
-1.963652718586E0));
#12311=CARTESIAN_POINT('',(-5.608847626132E0,-1.980882429456E0,
-1.963299176467E0));
#12312=CARTESIAN_POINT('',(-5.585842213273E0,-1.920389568407E0,
-1.962805236816E0));
#12313=CARTESIAN_POINT('',(-5.572355841288E0,-1.863318720071E0,
-1.962229179786E0));
#12314=CARTESIAN_POINT('',(-5.566441296193E0,-1.812404852358E0,
-1.961632419653E0));
#12315=CARTESIAN_POINT('',(-5.565893759779E0,-1.779027408148E0,
-1.961195615409E0));
#12316=CARTESIAN_POINT('',(-5.566464420740E0,-1.762735913162E0,
-1.960970834607E0));
#12317=CARTESIAN_POINT('',(-5.566543729115E0,-1.760807475120E0,
-1.960944063306E0));
#12318=CARTESIAN_POINT('',(-6.059960343723E0,-2.280285639258E0,
-1.871188788355E0));
#12319=CARTESIAN_POINT('',(-6.048792384296E0,-2.280633461821E0,
-1.871303222142E0));
#12320=CARTESIAN_POINT('',(-6.019649194641E0,-2.280577752100E0,
-1.871592482817E0));
#12321=CARTESIAN_POINT('',(-5.970057215554E0,-2.276194299326E0,
-1.872043093536E0));
#12322=CARTESIAN_POINT('',(-5.910052044966E0,-2.263879533423E0,
-1.872519615918E0));
#12323=CARTESIAN_POINT('',(-5.846305860554E0,-2.242000614E0,-1.872938940654E0));
#12324=CARTESIAN_POINT('',(-5.782284511789E0,-2.209537991574E0,
-1.873255625699E0));
#12325=CARTESIAN_POINT('',(-5.721444317219E0,-2.166557622269E0,
-1.873435077817E0));
#12326=CARTESIAN_POINT('',(-5.666927110067E0,-2.114267096502E0,
-1.873457462818E0));
#12327=CARTESIAN_POINT('',(-5.621228958603E0,-2.054928795973E0,
-1.873320378174E0));
#12328=CARTESIAN_POINT('',(-5.585899322305E0,-1.991660215112E0,
-1.873039895966E0));
#12329=CARTESIAN_POINT('',(-5.561312008152E0,-1.928083600910E0,
-1.872649165339E0));
#12330=CARTESIAN_POINT('',(-5.546664668429E0,-1.868030456814E0,
-1.872195139460E0));
#12331=CARTESIAN_POINT('',(-5.539970609525E0,-1.814372110818E0,
-1.871726660568E0));
#12332=CARTESIAN_POINT('',(-5.539059200990E0,-1.779137019727E0,
-1.871385079898E0));
#12333=CARTESIAN_POINT('',(-5.539491424376E0,-1.761921744351E0,
-1.871209697490E0));
#12334=CARTESIAN_POINT('',(-5.539554900427E0,-1.759883714819E0,
-1.871188816567E0));
#12335=(BOUNDED_SURFACE()B_SPLINE_SURFACE(3,3,((#12267,#12268,#12269,#12270,
#12271,#12272,#12273,#12274,#12275,#12276,#12277,#12278,#12279,#12280,#12281,
#12282,#12283),(#12284,#12285,#12286,#12287,#12288,#12289,#12290,#12291,#12292,
#12293,#12294,#12295,#12296,#12297,#12298,#12299,#12300),(#12301,#12302,#12303,
#12304,#12305,#12306,#12307,#12308,#12309,#12310,#12311,#12312,#12313,#12314,
#12315,#12316,#12317),(#12318,#12319,#12320,#12321,#12322,#12323,#12324,#12325,
#12326,#12327,#12328,#12329,#12330,#12331,#12332,#12333,#12334)),.UNSPECIFIED.,
.F.,.F.,.F.)B_SPLINE_SURFACE_WITH_KNOTS((4,4),(4,1,1,1,1,1,1,1,1,1,1,1,1,1,4),(
0.E0,1.E0),(5.094039275686E-2,8.825481369021E-2,1.482231189982E-1,
2.170230969773E-1,2.925645477561E-1,3.729879643682E-1,4.563938638242E-1,
5.409613602188E-1,6.248842627375E-1,7.061396314522E-1,7.826107235019E-1,
8.522202094294E-1,9.123219898951E-1,9.630256837545E-1,9.698356264636E-1),
.UNSPECIFIED.)GEOMETRIC_REPRESENTATION_ITEM()RATIONAL_B_SPLINE_SURFACE(((
1.377600179804E0,1.377600179804E0,1.377600179804E0,1.377600179804E0,
1.377600179804E0,1.377600179804E0,1.377600179804E0,1.377600179804E0,
1.377600179804E0,1.377600179804E0,1.377600179804E0,1.377600179804E0,
1.377600179804E0,1.377600179804E0,1.377600179804E0,1.377600179804E0,
1.377600179804E0),(8.741332733988E-1,8.741332733988E-1,8.741332733988E-1,
8.741332733988E-1,8.741332733988E-1,8.741332733988E-1,8.741332733988E-1,
8.741332733988E-1,8.741332733988E-1,8.741332733988E-1,8.741332733988E-1,
8.741332733988E-1,8.741332733988E-1,8.741332733988E-1,8.741332733988E-1,
8.741332733988E-1,8.741332733988E-1),(8.741332733988E-1,8.741332733988E-1,
8.741332733988E-1,8.741332733988E-1,8.741332733988E-1,8.741332733988E-1,
8.741332733988E-1,8.741332733988E-1,8.741332733988E-1,8.741332733988E-1,
8.741332733988E-1,8.741332733988E-1,8.741332733988E-1,8.741332733988E-1,
8.741332733988E-1,8.741332733988E-1,8.741332733988E-1),(1.377600179804E0,
1.377600179804E0,1.377600179804E0,1.377600179804E0,1.377600179804E0,
1.377600179804E0,1.377600179804E0,1.377600179804E0,1.377600179804E0,
1.377600179804E0,1.377600179804E0,1.377600179804E0,1.377600179804E0,
1.377600179804E0,1.377600179804E0,1.377600179804E0,1.377600179804E0)))REPRESENTATION_ITEM('')SURFACE());
#12336=ORIENTED_EDGE('',*,*,#6598,.T.);
#12337=ORIENTED_EDGE('',*,*,#12262,.T.);
#12339=ORIENTED_EDGE('',*,*,#12338,.F.);
#12341=ORIENTED_EDGE('',*,*,#12340,.F.);
#12342=EDGE_LOOP('',(#12336,#12337,#12339,#12341));
#12343=FACE_OUTER_BOUND('',#12342,.F.);
#12345=CARTESIAN_POINT('',(-6.071494810584E0,-1.748345880602E0,
-1.381530482452E0));
#12346=DIRECTION('',(5.226442768871E-2,-5.226442768871E-2,-9.972646886342E-1));
#12347=DIRECTION('',(9.986295347546E-1,0.E0,5.233595624294E-2));
#12348=AXIS2_PLACEMENT_3D('',#12345,#12346,#12347);
#12349=CYLINDRICAL_SURFACE('',#12348,5.E-1);
#12350=ORIENTED_EDGE('',*,*,#12338,.T.);
#12351=ORIENTED_EDGE('',*,*,#12249,.F.);
#12352=ORIENTED_EDGE('',*,*,#6740,.T.);
#12354=ORIENTED_EDGE('',*,*,#12353,.T.);
#12355=EDGE_LOOP('',(#12350,#12351,#12352,#12354));
#12356=FACE_OUTER_BOUND('',#12355,.F.);
#12358=CARTESIAN_POINT('',(-9.912636256978E0,-2.25E0,-1.4E0));
#12359=DIRECTION('',(0.E0,-9.986295347546E-1,5.233595624294E-2));
#12360=DIRECTION('',(1.E0,0.E0,0.E0));
#12361=AXIS2_PLACEMENT_3D('',#12358,#12359,#12360);
#12362=PLANE('',#12361);
#12364=ORIENTED_EDGE('',*,*,#12363,.T.);
#12365=ORIENTED_EDGE('',*,*,#12353,.F.);
#12366=ORIENTED_EDGE('',*,*,#6738,.F.);
#12367=ORIENTED_EDGE('',*,*,#6421,.F.);
#12369=ORIENTED_EDGE('',*,*,#12368,.T.);
#12371=ORIENTED_EDGE('',*,*,#12370,.T.);
#12372=EDGE_LOOP('',(#12364,#12365,#12366,#12367,#12369,#12371));
#12373=FACE_OUTER_BOUND('',#12372,.F.);
#12375=CARTESIAN_POINT('',(-7.306455191902E0,-2.376341124241E0,-1.9E0));
#12376=DIRECTION('',(1.E0,0.E0,0.E0));
#12377=DIRECTION('',(0.E0,0.E0,-1.E0));
#12378=AXIS2_PLACEMENT_3D('',#12375,#12376,#12377);
#12379=CYLINDRICAL_SURFACE('',#12378,1.E-1);
#12380=ORIENTED_EDGE('',*,*,#6600,.T.);
#12381=ORIENTED_EDGE('',*,*,#12340,.T.);
#12382=ORIENTED_EDGE('',*,*,#12363,.F.);
#12384=ORIENTED_EDGE('',*,*,#12383,.F.);
#12385=EDGE_LOOP('',(#12380,#12381,#12382,#12384));
#12386=FACE_OUTER_BOUND('',#12385,.F.);
#12388=CARTESIAN_POINT('',(-7.455402265576E0,-2.403381188271E0,
-1.781932440418E0));
#12389=CARTESIAN_POINT('',(-7.455617292409E0,-2.403514625298E0,
-1.784478570582E0));
#12390=CARTESIAN_POINT('',(-7.456300384014E0,-2.404068740376E0,
-1.795051716109E0));
#12391=CARTESIAN_POINT('',(-7.455957693149E0,-2.405102802260E0,
-1.814782792271E0));
#12392=CARTESIAN_POINT('',(-7.451866918173E0,-2.406522808206E0,
-1.841878119822E0));
#12393=CARTESIAN_POINT('',(-7.442931976153E0,-2.408042055894E0,
-1.870867092624E0));
#12394=CARTESIAN_POINT('',(-7.428359608511E0,-2.409574610920E0,
-1.900109984557E0));
#12395=CARTESIAN_POINT('',(-7.408133767847E0,-2.411013088625E0,
-1.927557774271E0));
#12396=CARTESIAN_POINT('',(-7.382984459242E0,-2.412260732123E0,
-1.951364230393E0));
#12397=CARTESIAN_POINT('',(-7.354334084399E0,-2.413244201841E0,
-1.970129950509E0));
#12398=CARTESIAN_POINT('',(-7.324215626858E0,-2.413922959305E0,
-1.983081414458E0));
#12399=CARTESIAN_POINT('',(-7.294293702844E0,-2.414311060982E0,
-1.990486835592E0));
#12400=CARTESIAN_POINT('',(-7.266406149759E0,-2.414444038415E0,
-1.993024196182E0));
#12401=CARTESIAN_POINT('',(-7.244623297904E0,-2.414391055773E0,
-1.992013227149E0));
#12402=CARTESIAN_POINT('',(-7.232514385516E0,-2.414301185184E0,
-1.990298394139E0));
#12403=CARTESIAN_POINT('',(-7.228583990945E0,-2.414265525466E0,
-1.989617966194E0));
#12404=CARTESIAN_POINT('',(-7.487482915830E0,-2.311838649433E0,
-1.784020888079E0));
#12405=CARTESIAN_POINT('',(-7.487733515112E0,-2.311994161546E0,
-1.786988235968E0));
#12406=CARTESIAN_POINT('',(-7.488529609835E0,-2.312639945733E0,
-1.799310532300E0));
#12407=CARTESIAN_POINT('',(-7.488130230118E0,-2.313845073209E0,
-1.822305734407E0));
#12408=CARTESIAN_POINT('',(-7.483362697742E0,-2.315500002362E0,
-1.853883663767E0));
#12409=CARTESIAN_POINT('',(-7.472949411059E0,-2.317270626159E0,
-1.887669178474E0));
#12410=CARTESIAN_POINT('',(-7.455965373691E0,-2.319056820773E0,
-1.921751802053E0));
#12411=CARTESIAN_POINT('',(-7.432391127459E0,-2.320733447670E0,
-1.953743749053E0));
#12412=CARTESIAN_POINT('',(-7.403076734183E0,-2.322187725873E0,
-1.981493030218E0));
#12413=CARTESIAN_POINT('',(-7.369679658429E0,-2.323334139139E0,
-2.003367898454E0));
#12414=CARTESIAN_POINT('',(-7.334569702427E0,-2.324125389808E0,
-2.018465860614E0));
#12415=CARTESIAN_POINT('',(-7.299687797071E0,-2.324577826467E0,
-2.027098866357E0));
#12416=CARTESIAN_POINT('',(-7.267176998544E0,-2.324732849669E0,
-2.030056885261E0));
#12417=CARTESIAN_POINT('',(-7.241782912786E0,-2.324671083050E0,
-2.028878307949E0));
#12418=CARTESIAN_POINT('',(-7.227666631653E0,-2.324566314211E0,
-2.026879199430E0));
#12419=CARTESIAN_POINT('',(-7.223084685800E0,-2.324524743097E0,
-2.026085975303E0));
#12420=CARTESIAN_POINT('',(-7.418963851478E0,-2.243785514939E0,
-1.793373585958E0));
#12421=CARTESIAN_POINT('',(-7.419138473780E0,-2.243893878251E0,
-1.795441281124E0));
#12422=CARTESIAN_POINT('',(-7.419693212177E0,-2.244343872091E0,
-1.804027675109E0));
#12423=CARTESIAN_POINT('',(-7.419414910650E0,-2.245183631216E0,
-1.820051233750E0));
#12424=CARTESIAN_POINT('',(-7.416092822287E0,-2.246336802512E0,
-1.842055052880E0));
#12425=CARTESIAN_POINT('',(-7.408837039966E0,-2.247570527722E0,
-1.865595932244E0));
#12426=CARTESIAN_POINT('',(-7.397003937877E0,-2.248814989325E0,
-1.889341674197E0));
#12427=CARTESIAN_POINT('',(-7.380581342711E0,-2.249982968184E0,
-1.911628038455E0));
#12428=CARTESIAN_POINT('',(-7.360162894570E0,-2.250995908181E0,
-1.930956084990E0));
#12429=CARTESIAN_POINT('',(-7.336904001883E0,-2.251794300463E0,
-1.946190317253E0));
#12430=CARTESIAN_POINT('',(-7.312455076800E0,-2.252345283897E0,
-1.956703707470E0));
#12431=CARTESIAN_POINT('',(-7.288166886910E0,-2.252660311470E0,
-1.962714791646E0));
#12432=CARTESIAN_POINT('',(-7.265530590597E0,-2.252768248488E0,
-1.964774352636E0));
#12433=CARTESIAN_POINT('',(-7.247849514590E0,-2.252725243019E0,
-1.963953759417E0));
#12434=CARTESIAN_POINT('',(-7.238020647432E0,-2.252652294422E0,
-1.962561817266E0));
#12435=CARTESIAN_POINT('',(-7.234830309412E0,-2.252623349093E0,
-1.962009507484E0));
#12436=CARTESIAN_POINT('',(-7.327908498590E0,-2.276754379310E0,
-1.799335052310E0));
#12437=CARTESIAN_POINT('',(-7.327982154674E0,-2.276800086327E0,
-1.800207194137E0));
#12438=CARTESIAN_POINT('',(-7.328216153354E0,-2.276989893325E0,
-1.803828927412E0));
#12439=CARTESIAN_POINT('',(-7.328098753284E0,-2.277344112483E0,
-1.810587831581E0));
#12440=CARTESIAN_POINT('',(-7.326697523238E0,-2.277830495068E0,
-1.819868564168E0));
#12441=CARTESIAN_POINT('',(-7.323637765435E0,-2.278350732859E0,
-1.829795292564E0));
#12442=CARTESIAN_POINT('',(-7.318649768923E0,-2.278875282552E0,
-1.839804296964E0));
#12443=CARTESIAN_POINT('',(-7.311731041298E0,-2.279367316299E0,
-1.849192860155E0));
#12444=CARTESIAN_POINT('',(-7.303134462459E0,-2.279793759582E0,
-1.857329882727E0));
#12445=CARTESIAN_POINT('',(-7.293348255740E0,-2.280129664908E0,
-1.863739338154E0));
#12446=CARTESIAN_POINT('',(-7.283066831945E0,-2.280361355922E0,
-1.868160266074E0));
#12447=CARTESIAN_POINT('',(-7.272856687476E0,-2.280493779821E0,
-1.870687064590E0));
#12448=CARTESIAN_POINT('',(-7.263342670228E0,-2.280539143756E0,
-1.871552660029E0));
#12449=CARTESIAN_POINT('',(-7.255911454335E0,-2.280521070083E0,
-1.871207793794E0));
#12450=CARTESIAN_POINT('',(-7.251780154652E0,-2.280490407575E0,
-1.870622718292E0));
#12451=CARTESIAN_POINT('',(-7.250439131760E0,-2.280478240720E0,
-1.870390560879E0));
#12452=(BOUNDED_SURFACE()B_SPLINE_SURFACE(3,3,((#12388,#12389,#12390,#12391,
#12392,#12393,#12394,#12395,#12396,#12397,#12398,#12399,#12400,#12401,#12402,
#12403),(#12404,#12405,#12406,#12407,#12408,#12409,#12410,#12411,#12412,#12413,
#12414,#12415,#12416,#12417,#12418,#12419),(#12420,#12421,#12422,#12423,#12424,
#12425,#12426,#12427,#12428,#12429,#12430,#12431,#12432,#12433,#12434,#12435),(
#12436,#12437,#12438,#12439,#12440,#12441,#12442,#12443,#12444,#12445,#12446,
#12447,#12448,#12449,#12450,#12451)),.UNSPECIFIED.,.F.,.F.,.F.)B_SPLINE_SURFACE_WITH_KNOTS((4,4),(4,1,1,1,1,1,1,1,1,1,1,1,1,4),(0.E0,1.E0),(3.052604379192E-2,
5.106310596422E-2,1.156612174003E-1,1.888089282174E-1,2.706790851923E-1,
3.585285974896E-1,4.501529524403E-1,5.431710875985E-1,6.351191338212E-1,
7.236073943686E-1,8.049282397577E-1,8.813608168415E-1,9.473647793748E-1,
9.793440457423E-1),.UNSPECIFIED.)GEOMETRIC_REPRESENTATION_ITEM()RATIONAL_B_SPLINE_SURFACE(((1.398256713800E0,1.398256713800E0,1.398256713800E0,1.398256713800E0,
1.398256713800E0,1.398256713800E0,1.398256713800E0,1.398256713800E0,
1.398256713800E0,1.398256713800E0,1.398256713800E0,1.398256713800E0,
1.398256713800E0,1.398256713800E0,1.398256713800E0,1.398256713800E0),(
8.672477620668E-1,8.672477620668E-1,8.672477620668E-1,8.672477620668E-1,
8.672477620668E-1,8.672477620668E-1,8.672477620668E-1,8.672477620668E-1,
8.672477620668E-1,8.672477620668E-1,8.672477620668E-1,8.672477620668E-1,
8.672477620668E-1,8.672477620668E-1,8.672477620668E-1,8.672477620668E-1),(
8.672477620668E-1,8.672477620668E-1,8.672477620668E-1,8.672477620668E-1,
8.672477620668E-1,8.672477620668E-1,8.672477620668E-1,8.672477620668E-1,
8.672477620668E-1,8.672477620668E-1,8.672477620668E-1,8.672477620668E-1,
8.672477620668E-1,8.672477620668E-1,8.672477620668E-1,8.672477620668E-1),(
1.398256713800E0,1.398256713800E0,1.398256713800E0,1.398256713800E0,
1.398256713800E0,1.398256713800E0,1.398256713800E0,1.398256713800E0,
1.398256713800E0,1.398256713800E0,1.398256713800E0,1.398256713800E0,
1.398256713800E0,1.398256713800E0,1.398256713800E0,1.398256713800E0)))REPRESENTATION_ITEM('')SURFACE());
#12453=ORIENTED_EDGE('',*,*,#12054,.T.);
#12454=ORIENTED_EDGE('',*,*,#12383,.T.);
#12455=ORIENTED_EDGE('',*,*,#12370,.F.);
#12457=ORIENTED_EDGE('',*,*,#12456,.F.);
#12458=EDGE_LOOP('',(#12453,#12454,#12455,#12457));
#12459=FACE_OUTER_BOUND('',#12458,.F.);
#12461=CARTESIAN_POINT('',(-7.524525098917E0,-2.273826884990E0,
5.608821159120E-2));
#12462=DIRECTION('',(8.703720429185E-2,-5.213734452108E-2,-9.948397973419E-1));
#12463=DIRECTION('',(-9.961946980917E-1,0.E0,-8.715574274766E-2));
#12464=AXIS2_PLACEMENT_3D('',#12461,#12462,#12463);
#12465=CYLINDRICAL_SURFACE('',#12464,1.E-1);
#12466=ORIENTED_EDGE('',*,*,#6352,.T.);
#12467=ORIENTED_EDGE('',*,*,#12456,.T.);
#12468=ORIENTED_EDGE('',*,*,#12368,.F.);
#12469=ORIENTED_EDGE('',*,*,#6419,.T.);
#12470=EDGE_LOOP('',(#12466,#12467,#12468,#12469));
#12471=FACE_OUTER_BOUND('',#12470,.F.);
#12473=CARTESIAN_POINT('',(-7.149467412613E0,-3.856520108017E0,
-1.997069433747E0));
#12474=CARTESIAN_POINT('',(-7.150937516229E0,-3.856834162306E0,
-1.997069433747E0));
#12475=CARTESIAN_POINT('',(-7.155929037945E0,-3.857634263966E0,
-1.997069433747E0));
#12476=CARTESIAN_POINT('',(-7.165329844949E0,-3.857841865175E0,
-1.997069433747E0));
#12477=CARTESIAN_POINT('',(-7.176647577229E0,-3.856112784985E0,
-1.997069433747E0));
#12478=CARTESIAN_POINT('',(-7.186287898828E0,-3.853082609852E0,
-1.997069433747E0));
#12479=CARTESIAN_POINT('',(-7.193767289607E0,-3.849554016343E0,
-1.997069433747E0));
#12480=CARTESIAN_POINT('',(-7.199886982931E0,-3.845666065265E0,
-1.997069433747E0));
#12481=CARTESIAN_POINT('',(-7.205894414902E0,-3.840813070600E0,
-1.997069433747E0));
#12482=CARTESIAN_POINT('',(-7.211263257897E0,-3.835392477293E0,
-1.997069433747E0));
#12483=CARTESIAN_POINT('',(-7.216037077166E0,-3.829361713762E0,
-1.997069433747E0));
#12484=CARTESIAN_POINT('',(-7.219821545406E0,-3.823273525692E0,
-1.997069433747E0));
#12485=CARTESIAN_POINT('',(-7.223323568934E0,-3.815666199319E0,
-1.997069433747E0));
#12486=CARTESIAN_POINT('',(-7.226261029610E0,-3.805984257295E0,
-1.997069433747E0));
#12487=CARTESIAN_POINT('',(-7.227881958085E0,-3.794662552717E0,
-1.997069433747E0));
#12488=CARTESIAN_POINT('',(-7.227602140998E0,-3.785990621370E0,
-1.997069433747E0));
#12489=CARTESIAN_POINT('',(-7.226922549776E0,-3.781536310258E0,
-1.997069433747E0));
#12490=CARTESIAN_POINT('',(-7.226741609967E0,-3.780557193374E0,
-1.997069433747E0));
#12491=CARTESIAN_POINT('',(-7.121528242946E0,-3.994078512828E0,
-2.021364479214E0));
#12492=CARTESIAN_POINT('',(-7.127175017221E0,-3.995230050672E0,
-2.021364479214E0));
#12493=CARTESIAN_POINT('',(-7.145184884329E0,-3.998048110148E0,
-2.021364479214E0));
#12494=CARTESIAN_POINT('',(-7.174818387839E0,-3.998547409942E0,
-2.021364479214E0));
#12495=CARTESIAN_POINT('',(-7.208195550785E0,-3.993407977247E0,
-2.021364479214E0));
#12496=CARTESIAN_POINT('',(-7.236940548103E0,-3.984447510163E0,
-2.021364479214E0));
#12497=CARTESIAN_POINT('',(-7.261379748797E0,-3.972991934986E0,
-2.021364479214E0));
#12498=CARTESIAN_POINT('',(-7.282184290672E0,-3.959749902969E0,
-2.021364479214E0));
#12499=CARTESIAN_POINT('',(-7.300299531703E0,-3.945040564980E0,
-2.021364479214E0));
#12500=CARTESIAN_POINT('',(-7.316389934882E0,-3.928795360391E0,
-2.021364479214E0));
#12501=CARTESIAN_POINT('',(-7.330921683234E0,-3.910542401589E0,
-2.021364479214E0));
#12502=CARTESIAN_POINT('',(-7.343946635261E0,-3.889614861135E0,
-2.021364479214E0));
#12503=CARTESIAN_POINT('',(-7.355161089627E0,-3.865063157831E0,
-2.021364479214E0));
#12504=CARTESIAN_POINT('',(-7.363847134584E0,-3.836240330124E0,
-2.021364479214E0));
#12505=CARTESIAN_POINT('',(-7.368673534143E0,-3.802815030183E0,
-2.021364479214E0));
#12506=CARTESIAN_POINT('',(-7.367940739754E0,-3.775283537080E0,
-2.021364479214E0));
#12507=CARTESIAN_POINT('',(-7.365532858370E0,-3.759305827872E0,
-2.021364479214E0));
#12508=CARTESIAN_POINT('',(-7.364874812182E0,-3.755663171959E0,
-2.021364479214E0));
#12509=CARTESIAN_POINT('',(-7.100622997729E0,-4.097005415041E0,
-1.925131957327E0));
#12510=CARTESIAN_POINT('',(-7.109394930173E0,-4.098783592808E0,
-1.925131957327E0));
#12511=CARTESIAN_POINT('',(-7.137145663096E0,-4.103111571993E0,
-1.925131957327E0));
#12512=CARTESIAN_POINT('',(-7.181918109062E0,-4.103829132764E0,
-1.925131957327E0));
#12513=CARTESIAN_POINT('',(-7.231801052709E0,-4.096137932918E0,
-1.925131957327E0));
#12514=CARTESIAN_POINT('',(-7.274840960557E0,-4.082740175502E0,
-1.925131957327E0));
#12515=CARTESIAN_POINT('',(-7.311970194252E0,-4.065353303955E0,
-1.925131957327E0));
#12516=CARTESIAN_POINT('',(-7.343762548707E0,-4.045112160722E0,
-1.925131957327E0));
#12517=CARTESIAN_POINT('',(-7.370937354515E0,-4.023027897974E0,
-1.925131957327E0));
#12518=CARTESIAN_POINT('',(-7.395050073583E0,-3.998683270390E0,
-1.925131957327E0));
#12519=CARTESIAN_POINT('',(-7.416883109080E0,-3.971285158304E0,
-1.925131957327E0));
#12520=CARTESIAN_POINT('',(-7.436822174225E0,-3.939254199097E0,
-1.925131957327E0));
#12521=CARTESIAN_POINT('',(-7.453807389132E0,-3.902024010389E0,
-1.925131957327E0));
#12522=CARTESIAN_POINT('',(-7.466794763208E0,-3.858879178355E0,
-1.925131957327E0));
#12523=CARTESIAN_POINT('',(-7.474019629144E0,-3.808915051858E0,
-1.925131957327E0));
#12524=CARTESIAN_POINT('',(-7.472947898355E0,-3.767272052654E0,
-1.925131957327E0));
#12525=CARTESIAN_POINT('',(-7.469246838611E0,-3.742672059184E0,
-1.925131957327E0));
#12526=CARTESIAN_POINT('',(-7.468231801646E0,-3.737036432928E0,
-1.925131957327E0));
#12527=CARTESIAN_POINT('',(-7.103005701364E0,-4.085274181970E0,
-1.783193557226E0));
#12528=CARTESIAN_POINT('',(-7.111421439673E0,-4.086980937602E0,
-1.783193557226E0));
#12529=CARTESIAN_POINT('',(-7.138061944224E0,-4.091136821644E0,
-1.783193557226E0));
#12530=CARTESIAN_POINT('',(-7.181108908721E0,-4.091829505825E0,
-1.783193557226E0));
#12531=CARTESIAN_POINT('',(-7.229110583658E0,-4.084429147095E0,
-1.783193557226E0));
#12532=CARTESIAN_POINT('',(-7.270521209720E0,-4.071537135854E0,
-1.783193557226E0));
#12533=CARTESIAN_POINT('',(-7.306204079718E0,-4.054826291844E0,
-1.783193557226E0));
#12534=CARTESIAN_POINT('',(-7.336744083353E0,-4.035382881791E0,
-1.783193557226E0));
#12535=CARTESIAN_POINT('',(-7.362886312997E0,-4.014139186079E0,
-1.783193557226E0));
#12536=CARTESIAN_POINT('',(-7.386084677747E0,-3.990717701200E0,
-1.783193557226E0));
#12537=CARTESIAN_POINT('',(-7.407085539153E0,-3.964361920345E0,
-1.783193557226E0));
#12538=CARTESIAN_POINT('',(-7.426236558892E0,-3.933596488327E0,
-1.783193557226E0));
#12539=CARTESIAN_POINT('',(-7.442564043551E0,-3.897811347164E0,
-1.783193557226E0));
#12540=CARTESIAN_POINT('',(-7.455061167816E0,-3.856298884968E0,
-1.783193557226E0));
#12541=CARTESIAN_POINT('',(-7.462012665299E0,-3.808219793627E0,
-1.783193557226E0));
#12542=CARTESIAN_POINT('',(-7.460979565245E0,-3.768185172441E0,
-1.783193557226E0));
#12543=CARTESIAN_POINT('',(-7.457425897255E0,-3.744567915497E0,
-1.783193557226E0));
#12544=CARTESIAN_POINT('',(-7.456451548798E0,-3.739159440735E0,
-1.783193557226E0));
#12545=(BOUNDED_SURFACE()B_SPLINE_SURFACE(3,3,((#12473,#12474,#12475,#12476,
#12477,#12478,#12479,#12480,#12481,#12482,#12483,#12484,#12485,#12486,#12487,
#12488,#12489,#12490),(#12491,#12492,#12493,#12494,#12495,#12496,#12497,#12498,
#12499,#12500,#12501,#12502,#12503,#12504,#12505,#12506,#12507,#12508),(#12509,
#12510,#12511,#12512,#12513,#12514,#12515,#12516,#12517,#12518,#12519,#12520,
#12521,#12522,#12523,#12524,#12525,#12526),(#12527,#12528,#12529,#12530,#12531,
#12532,#12533,#12534,#12535,#12536,#12537,#12538,#12539,#12540,#12541,#12542,
#12543,#12544)),.UNSPECIFIED.,.F.,.F.,.F.)B_SPLINE_SURFACE_WITH_KNOTS((4,4),(4,
1,1,1,1,1,1,1,1,1,1,1,1,1,1,4),(0.E0,1.E0),(-4.700182804765E-2,0.E0,
1.010605303422E-1,1.910020448367E-1,2.711560893319E-1,3.427743227543E-1,
4.081881227213E-1,4.698212223703E-1,5.301711709708E-1,5.918031791374E-1,
6.572036766493E-1,7.288098402283E-1,8.089306691823E-1,8.988795362605E-1,1.E0,
1.030141387680E0),.UNSPECIFIED.)GEOMETRIC_REPRESENTATION_ITEM()RATIONAL_B_SPLINE_SURFACE(((1.241275920050E0,1.241275920050E0,1.241275920050E0,1.241275920050E0,
1.241275920050E0,1.241275920050E0,1.241275920050E0,1.241275920050E0,
1.241275920050E0,1.241275920050E0,1.241275920050E0,1.241275920050E0,
1.241275920050E0,1.241275920050E0,1.241275920050E0,1.241275920050E0,
1.241275920050E0,1.241275920050E0),(9.195746933168E-1,9.195746933168E-1,
9.195746933168E-1,9.195746933168E-1,9.195746933168E-1,9.195746933168E-1,
9.195746933168E-1,9.195746933168E-1,9.195746933168E-1,9.195746933168E-1,
9.195746933168E-1,9.195746933168E-1,9.195746933168E-1,9.195746933168E-1,
9.195746933168E-1,9.195746933168E-1,9.195746933168E-1,9.195746933168E-1),(
9.195746933168E-1,9.195746933168E-1,9.195746933168E-1,9.195746933168E-1,
9.195746933168E-1,9.195746933168E-1,9.195746933168E-1,9.195746933168E-1,
9.195746933168E-1,9.195746933168E-1,9.195746933168E-1,9.195746933168E-1,
9.195746933168E-1,9.195746933168E-1,9.195746933168E-1,9.195746933168E-1,
9.195746933168E-1,9.195746933168E-1),(1.241275920050E0,1.241275920050E0,
1.241275920050E0,1.241275920050E0,1.241275920050E0,1.241275920050E0,
1.241275920050E0,1.241275920050E0,1.241275920050E0,1.241275920050E0,
1.241275920050E0,1.241275920050E0,1.241275920050E0,1.241275920050E0,
1.241275920050E0,1.241275920050E0,1.241275920050E0,1.241275920050E0)))REPRESENTATION_ITEM('')SURFACE());
#12547=ORIENTED_EDGE('',*,*,#12546,.F.);
#12548=ORIENTED_EDGE('',*,*,#7150,.T.);
#12549=ORIENTED_EDGE('',*,*,#6604,.T.);
#12550=ORIENTED_EDGE('',*,*,#12057,.F.);
#12551=EDGE_LOOP('',(#12547,#12548,#12549,#12550));
#12552=FACE_OUTER_BOUND('',#12551,.F.);
#12554=CARTESIAN_POINT('',(-7.455207127087E0,-3.752971689972E0,
-1.861049903624E0));
#12555=CARTESIAN_POINT('',(-7.510544904726E0,-3.808309467611E0,
-1.228536210889E0));
#12556=CARTESIAN_POINT('',(-7.565882682365E0,-3.863647245250E0,
-5.960225181541E-1));
#12557=CARTESIAN_POINT('',(-7.621220460005E0,-3.918985022889E0,
3.649117458087E-2));
#12558=CARTESIAN_POINT('',(-7.456526404511E0,-3.764326193457E0,
-1.861049903624E0));
#12559=CARTESIAN_POINT('',(-7.511864182150E0,-3.819663971097E0,
-1.228536210889E0));
#12560=CARTESIAN_POINT('',(-7.567201959789E0,-3.875001748736E0,
-5.960225181541E-1));
#12561=CARTESIAN_POINT('',(-7.622539737428E0,-3.930339526375E0,
3.649117458087E-2));
#12562=CARTESIAN_POINT('',(-7.460170686819E0,-3.828112589877E0,
-1.861049903624E0));
#12563=CARTESIAN_POINT('',(-7.515508464458E0,-3.883450367516E0,
-1.228536210889E0));
#12564=CARTESIAN_POINT('',(-7.570846242098E0,-3.938788145155E0,
-5.960225181541E-1));
#12565=CARTESIAN_POINT('',(-7.626184019737E0,-3.994125922795E0,
3.649117458087E-2));
#12566=CARTESIAN_POINT('',(-7.429763663396E0,-3.944258863856E0,
-1.861049903624E0));
#12567=CARTESIAN_POINT('',(-7.485101441035E0,-3.999596641496E0,
-1.228536210889E0));
#12568=CARTESIAN_POINT('',(-7.540439218675E0,-4.054934419135E0,
-5.960225181541E-1));
#12569=CARTESIAN_POINT('',(-7.595776996314E0,-4.110272196774E0,
3.649117458087E-2));
#12570=CARTESIAN_POINT('',(-7.314258863856E0,-4.059763663396E0,
-1.861049903624E0));
#12571=CARTESIAN_POINT('',(-7.369596641496E0,-4.115101441035E0,
-1.228536210889E0));
#12572=CARTESIAN_POINT('',(-7.424934419135E0,-4.170439218675E0,
-5.960225181541E-1));
#12573=CARTESIAN_POINT('',(-7.480272196774E0,-4.225776996314E0,
3.649117458087E-2));
#12574=CARTESIAN_POINT('',(-7.198112589877E0,-4.090170686819E0,
-1.861049903624E0));
#12575=CARTESIAN_POINT('',(-7.253450367516E0,-4.145508464458E0,
-1.228536210889E0));
#12576=CARTESIAN_POINT('',(-7.308788145155E0,-4.200846242097E0,
-5.960225181541E-1));
#12577=CARTESIAN_POINT('',(-7.364125922795E0,-4.256184019737E0,
3.649117458087E-2));
#12578=CARTESIAN_POINT('',(-7.134326193457E0,-4.086526404511E0,
-1.861049903624E0));
#12579=CARTESIAN_POINT('',(-7.189663971097E0,-4.141864182150E0,
-1.228536210889E0));
#12580=CARTESIAN_POINT('',(-7.245001748736E0,-4.197201959789E0,
-5.960225181541E-1));
#12581=CARTESIAN_POINT('',(-7.300339526375E0,-4.252539737428E0,
3.649117458087E-2));
#12582=CARTESIAN_POINT('',(-7.122971689972E0,-4.085207127087E0,
-1.861049903624E0));
#12583=CARTESIAN_POINT('',(-7.178309467611E0,-4.140544904726E0,
-1.228536210889E0));
#12584=CARTESIAN_POINT('',(-7.233647245250E0,-4.195882682365E0,
-5.960225181541E-1));
#12585=CARTESIAN_POINT('',(-7.288985022889E0,-4.251220460005E0,
3.649117458087E-2));
#12586=B_SPLINE_SURFACE_WITH_KNOTS('',3,3,((#12554,#12555,#12556,#12557),
(#12558,#12559,#12560,#12561),(#12562,#12563,#12564,#12565),(#12566,#12567,
#12568,#12569),(#12570,#12571,#12572,#12573),(#12574,#12575,#12576,#12577),(
#12578,#12579,#12580,#12581),(#12582,#12583,#12584,#12585)),.UNSPECIFIED.,.F.,
.F.,.F.,(4,1,1,1,1,4),(4,4),(-7.274347835446E-2,0.E0,3.333333333333E-1,
6.666666666667E-1,1.E0,1.072743478354E0),(6.947504818800E-2,1.018245587290E0),
.UNSPECIFIED.);
#12587=ORIENTED_EDGE('',*,*,#12546,.T.);
#12588=ORIENTED_EDGE('',*,*,#6348,.T.);
#12590=ORIENTED_EDGE('',*,*,#12589,.T.);
#12591=ORIENTED_EDGE('',*,*,#7164,.F.);
#12592=EDGE_LOOP('',(#12587,#12588,#12590,#12591));
#12593=FACE_OUTER_BOUND('',#12592,.F.);
#12595=CARTESIAN_POINT('',(-7.618027895910E0,-3.915792458795E0,
-3.427955657926E-2));
#12596=CARTESIAN_POINT('',(-7.618027895910E0,-3.915792458795E0,
1.719068144737E-1));
#12597=CARTESIAN_POINT('',(-7.618027895910E0,-3.915792458795E0,
3.780931855267E-1));
#12598=CARTESIAN_POINT('',(-7.618027895910E0,-3.915792458795E0,
5.842795565797E-1));
#12599=CARTESIAN_POINT('',(-7.619347173334E0,-3.927146962281E0,
-3.427955657926E-2));
#12600=CARTESIAN_POINT('',(-7.619347173334E0,-3.927146962281E0,
1.719068144737E-1));
#12601=CARTESIAN_POINT('',(-7.619347173334E0,-3.927146962281E0,
3.780931855267E-1));
#12602=CARTESIAN_POINT('',(-7.619347173334E0,-3.927146962281E0,
5.842795565797E-1));
#12603=CARTESIAN_POINT('',(-7.622991455642E0,-3.990933358700E0,
-3.427955657926E-2));
#12604=CARTESIAN_POINT('',(-7.622991455642E0,-3.990933358700E0,
1.719068144737E-1));
#12605=CARTESIAN_POINT('',(-7.622991455642E0,-3.990933358700E0,
3.780931855267E-1));
#12606=CARTESIAN_POINT('',(-7.622991455642E0,-3.990933358700E0,
5.842795565797E-1));
#12607=CARTESIAN_POINT('',(-7.592584432219E0,-4.107079632679E0,
-3.427955657926E-2));
#12608=CARTESIAN_POINT('',(-7.592584432219E0,-4.107079632679E0,
1.719068144737E-1));
#12609=CARTESIAN_POINT('',(-7.592584432219E0,-4.107079632679E0,
3.780931855267E-1));
#12610=CARTESIAN_POINT('',(-7.592584432219E0,-4.107079632679E0,
5.842795565797E-1));
#12611=CARTESIAN_POINT('',(-7.477079632679E0,-4.222584432219E0,
-3.427955657926E-2));
#12612=CARTESIAN_POINT('',(-7.477079632679E0,-4.222584432219E0,
1.719068144737E-1));
#12613=CARTESIAN_POINT('',(-7.477079632679E0,-4.222584432219E0,
3.780931855267E-1));
#12614=CARTESIAN_POINT('',(-7.477079632679E0,-4.222584432219E0,
5.842795565797E-1));
#12615=CARTESIAN_POINT('',(-7.360933358700E0,-4.252991455642E0,
-3.427955657926E-2));
#12616=CARTESIAN_POINT('',(-7.360933358700E0,-4.252991455642E0,
1.719068144737E-1));
#12617=CARTESIAN_POINT('',(-7.360933358700E0,-4.252991455642E0,
3.780931855267E-1));
#12618=CARTESIAN_POINT('',(-7.360933358700E0,-4.252991455642E0,
5.842795565797E-1));
#12619=CARTESIAN_POINT('',(-7.297146962281E0,-4.249347173334E0,
-3.427955657926E-2));
#12620=CARTESIAN_POINT('',(-7.297146962281E0,-4.249347173334E0,
1.719068144737E-1));
#12621=CARTESIAN_POINT('',(-7.297146962281E0,-4.249347173334E0,
3.780931855267E-1));
#12622=CARTESIAN_POINT('',(-7.297146962281E0,-4.249347173334E0,
5.842795565797E-1));
#12623=CARTESIAN_POINT('',(-7.285792458795E0,-4.248027895910E0,
-3.427955657926E-2));
#12624=CARTESIAN_POINT('',(-7.285792458795E0,-4.248027895910E0,
1.719068144737E-1));
#12625=CARTESIAN_POINT('',(-7.285792458795E0,-4.248027895910E0,
3.780931855267E-1));
#12626=CARTESIAN_POINT('',(-7.285792458795E0,-4.248027895910E0,
5.842795565797E-1));
#12627=B_SPLINE_SURFACE_WITH_KNOTS('',3,3,((#12595,#12596,#12597,#12598),
(#12599,#12600,#12601,#12602),(#12603,#12604,#12605,#12606),(#12607,#12608,
#12609,#12610),(#12611,#12612,#12613,#12614),(#12615,#12616,#12617,#12618),(
#12619,#12620,#12621,#12622),(#12623,#12624,#12625,#12626)),.UNSPECIFIED.,.F.,
.F.,.F.,(4,1,1,1,1,4),(4,4),(-7.274347835446E-2,0.E0,3.333333333333E-1,
6.666666666667E-1,1.E0,1.072743478354E0),(-6.232646650774E-2,1.062326466509E0),
.UNSPECIFIED.);
#12628=ORIENTED_EDGE('',*,*,#9929,.T.);
#12629=ORIENTED_EDGE('',*,*,#7230,.F.);
#12630=ORIENTED_EDGE('',*,*,#12589,.F.);
#12632=ORIENTED_EDGE('',*,*,#12631,.T.);
#12633=EDGE_LOOP('',(#12628,#12629,#12630,#12632));
#12634=FACE_OUTER_BOUND('',#12633,.F.);
#12636=CARTESIAN_POINT('',(-7.62E0,0.E0,0.E0));
#12637=DIRECTION('',(-1.E0,0.E0,0.E0));
#12638=DIRECTION('',(0.E0,-1.E0,0.E0));
#12639=AXIS2_PLACEMENT_3D('',#12636,#12637,#12638);
#12640=PLANE('',#12639);
#12641=ORIENTED_EDGE('',*,*,#9931,.F.);
#12642=ORIENTED_EDGE('',*,*,#12631,.F.);
#12643=ORIENTED_EDGE('',*,*,#6346,.F.);
#12645=ORIENTED_EDGE('',*,*,#12644,.T.);
#12646=EDGE_LOOP('',(#12641,#12642,#12643,#12645));
#12647=FACE_OUTER_BOUND('',#12646,.F.);
#12649=CARTESIAN_POINT('',(-7.618027895910E0,3.915792458795E0,
-3.427955657926E-2));
#12650=CARTESIAN_POINT('',(-7.618027895910E0,3.915792458795E0,
1.719068144737E-1));
#12651=CARTESIAN_POINT('',(-7.618027895910E0,3.915792458795E0,
3.780931855267E-1));
#12652=CARTESIAN_POINT('',(-7.618027895910E0,3.915792458795E0,
5.842795565797E-1));
#12653=CARTESIAN_POINT('',(-7.619347173334E0,3.927146962281E0,
-3.427955657926E-2));
#12654=CARTESIAN_POINT('',(-7.619347173334E0,3.927146962281E0,
1.719068144737E-1));
#12655=CARTESIAN_POINT('',(-7.619347173334E0,3.927146962281E0,
3.780931855267E-1));
#12656=CARTESIAN_POINT('',(-7.619347173334E0,3.927146962281E0,
5.842795565797E-1));
#12657=CARTESIAN_POINT('',(-7.622991455642E0,3.990933358700E0,
-3.427955657926E-2));
#12658=CARTESIAN_POINT('',(-7.622991455642E0,3.990933358700E0,
1.719068144737E-1));
#12659=CARTESIAN_POINT('',(-7.622991455642E0,3.990933358700E0,
3.780931855267E-1));
#12660=CARTESIAN_POINT('',(-7.622991455642E0,3.990933358700E0,
5.842795565797E-1));
#12661=CARTESIAN_POINT('',(-7.592584432219E0,4.107079632679E0,
-3.427955657926E-2));
#12662=CARTESIAN_POINT('',(-7.592584432219E0,4.107079632679E0,
1.719068144737E-1));
#12663=CARTESIAN_POINT('',(-7.592584432219E0,4.107079632679E0,
3.780931855267E-1));
#12664=CARTESIAN_POINT('',(-7.592584432219E0,4.107079632679E0,
5.842795565797E-1));
#12665=CARTESIAN_POINT('',(-7.477079632679E0,4.222584432219E0,
-3.427955657926E-2));
#12666=CARTESIAN_POINT('',(-7.477079632679E0,4.222584432219E0,
1.719068144737E-1));
#12667=CARTESIAN_POINT('',(-7.477079632679E0,4.222584432219E0,
3.780931855267E-1));
#12668=CARTESIAN_POINT('',(-7.477079632679E0,4.222584432219E0,
5.842795565797E-1));
#12669=CARTESIAN_POINT('',(-7.360933358700E0,4.252991455642E0,
-3.427955657926E-2));
#12670=CARTESIAN_POINT('',(-7.360933358700E0,4.252991455642E0,
1.719068144737E-1));
#12671=CARTESIAN_POINT('',(-7.360933358700E0,4.252991455642E0,
3.780931855267E-1));
#12672=CARTESIAN_POINT('',(-7.360933358700E0,4.252991455642E0,
5.842795565797E-1));
#12673=CARTESIAN_POINT('',(-7.297146962281E0,4.249347173334E0,
-3.427955657926E-2));
#12674=CARTESIAN_POINT('',(-7.297146962281E0,4.249347173334E0,
1.719068144737E-1));
#12675=CARTESIAN_POINT('',(-7.297146962281E0,4.249347173334E0,
3.780931855267E-1));
#12676=CARTESIAN_POINT('',(-7.297146962281E0,4.249347173334E0,
5.842795565797E-1));
#12677=CARTESIAN_POINT('',(-7.285792458795E0,4.248027895910E0,
-3.427955657926E-2));
#12678=CARTESIAN_POINT('',(-7.285792458795E0,4.248027895910E0,
1.719068144737E-1));
#12679=CARTESIAN_POINT('',(-7.285792458795E0,4.248027895910E0,
3.780931855267E-1));
#12680=CARTESIAN_POINT('',(-7.285792458795E0,4.248027895910E0,
5.842795565797E-1));
#12681=B_SPLINE_SURFACE_WITH_KNOTS('',3,3,((#12649,#12650,#12651,#12652),
(#12653,#12654,#12655,#12656),(#12657,#12658,#12659,#12660),(#12661,#12662,
#12663,#12664),(#12665,#12666,#12667,#12668),(#12669,#12670,#12671,#12672),(
#12673,#12674,#12675,#12676),(#12677,#12678,#12679,#12680)),.UNSPECIFIED.,.F.,
.F.,.F.,(4,1,1,1,1,4),(4,4),(-7.274347835446E-2,0.E0,3.333333333333E-1,
6.666666666667E-1,1.E0,1.072743478354E0),(-6.232646650774E-2,1.062326466509E0),
.UNSPECIFIED.);
#12682=ORIENTED_EDGE('',*,*,#9933,.F.);
#12683=ORIENTED_EDGE('',*,*,#12644,.F.);
#12684=ORIENTED_EDGE('',*,*,#11948,.T.);
#12685=ORIENTED_EDGE('',*,*,#10083,.T.);
#12686=EDGE_LOOP('',(#12682,#12683,#12684,#12685));
#12687=FACE_OUTER_BOUND('',#12686,.F.);
#12689=CARTESIAN_POINT('',(7.352997674393E0,3.891756438145E0,-1.8E0));
#12690=DIRECTION('',(-1.E0,0.E0,0.E0));
#12691=DIRECTION('',(0.E0,9.961946980917E-1,-8.715574274766E-2));
#12692=AXIS2_PLACEMENT_3D('',#12689,#12690,#12691);
#12693=CYLINDRICAL_SURFACE('',#12692,2.E-1);
#12694=ORIENTED_EDGE('',*,*,#10107,.T.);
#12695=ORIENTED_EDGE('',*,*,#12031,.T.);
#12696=ORIENTED_EDGE('',*,*,#6586,.F.);
#12698=ORIENTED_EDGE('',*,*,#12697,.F.);
#12699=EDGE_LOOP('',(#12694,#12695,#12696,#12698));
#12700=FACE_OUTER_BOUND('',#12699,.F.);
#12702=CARTESIAN_POINT('',(7.455185183216E0,3.732573871899E0,
-1.783193560672E0));
#12703=CARTESIAN_POINT('',(7.456737157872E0,3.740161915417E0,
-1.783193560672E0));
#12704=CARTESIAN_POINT('',(7.460922526186E0,3.765970052750E0,
-1.783193560672E0));
#12705=CARTESIAN_POINT('',(7.462012619275E0,3.808219487372E0,
-1.783193560672E0));
#12706=CARTESIAN_POINT('',(7.455061178505E0,3.856298953831E0,
-1.783193560672E0));
#12707=CARTESIAN_POINT('',(7.442564041477E0,3.897811331756E0,
-1.783193560672E0));
#12708=CARTESIAN_POINT('',(7.426236559696E0,3.933596492049E0,
-1.783193560672E0));
#12709=CARTESIAN_POINT('',(7.407085539243E0,3.964361919646E0,
-1.783193560672E0));
#12710=CARTESIAN_POINT('',(7.386084678058E0,3.990717701622E0,
-1.783193560672E0));
#12711=CARTESIAN_POINT('',(7.362886312962E0,4.014139186204E0,
-1.783193560672E0));
#12712=CARTESIAN_POINT('',(7.336744084395E0,4.035382882168E0,
-1.783193560672E0));
#12713=CARTESIAN_POINT('',(7.306204076254E0,4.054826291582E0,
-1.783193560672E0));
#12714=CARTESIAN_POINT('',(7.270521225423E0,4.071537138346E0,
-1.783193560672E0));
#12715=CARTESIAN_POINT('',(7.229110514526E0,4.084429137539E0,
-1.783193560672E0));
#12716=CARTESIAN_POINT('',(7.181109216536E0,4.091829549885E0,
-1.783193560672E0));
#12717=CARTESIAN_POINT('',(7.140192435011E0,4.091170985994E0,
-1.783193560672E0));
#12718=CARTESIAN_POINT('',(7.115663724985E0,4.087618985072E0,
-1.783193560672E0));
#12719=CARTESIAN_POINT('',(7.109344474894E0,4.086485265148E0,
-1.783193560672E0));
#12720=CARTESIAN_POINT('',(7.466912427027E0,3.730173202471E0,
-1.925131960290E0));
#12721=CARTESIAN_POINT('',(7.468529509177E0,3.738082419127E0,
-1.925131960290E0));
#12722=CARTESIAN_POINT('',(7.472888724124E0,3.764967949317E0,
-1.925131960290E0));
#12723=CARTESIAN_POINT('',(7.474019578801E0,3.808914730681E0,
-1.925131960290E0));
#12724=CARTESIAN_POINT('',(7.466794771839E0,3.858879249996E0,
-1.925131960290E0));
#12725=CARTESIAN_POINT('',(7.453807384606E0,3.902023993349E0,
-1.925131960290E0));
#12726=CARTESIAN_POINT('',(7.436822172828E0,3.939254201803E0,
-1.925131960290E0));
#12727=CARTESIAN_POINT('',(7.416883107107E0,3.971285156110E0,
-1.925131960290E0));
#12728=CARTESIAN_POINT('',(7.395050072017E0,3.998683269151E0,
-1.925131960290E0));
#12729=CARTESIAN_POINT('',(7.370937352778E0,4.023027896229E0,
-1.925131960290E0));
#12730=CARTESIAN_POINT('',(7.343762548320E0,4.045112159061E0,
-1.925131960290E0));
#12731=CARTESIAN_POINT('',(7.311970189394E0,4.065353301469E0,
-1.925131960290E0));
#12732=CARTESIAN_POINT('',(7.274840976147E0,4.082740175704E0,
-1.925131960290E0));
#12733=CARTESIAN_POINT('',(7.231800979493E0,4.096137920629E0,
-1.925131960290E0));
#12734=CARTESIAN_POINT('',(7.181918432358E0,4.103829175526E0,
-1.925131960290E0));
#12735=CARTESIAN_POINT('',(7.139361541897E0,4.103146961845E0,
-1.925131960290E0));
#12736=CARTESIAN_POINT('',(7.113813747133E0,4.099448043019E0,
-1.925131960290E0));
#12737=CARTESIAN_POINT('',(7.107229051782E0,4.098267072217E0,
-1.925131960290E0));
#12738=CARTESIAN_POINT('',(7.364020503162E0,3.751236079652E0,
-2.021364480238E0));
#12739=CARTESIAN_POINT('',(7.365066348336E0,3.756327402976E0,
-2.021364480238E0));
#12740=CARTESIAN_POINT('',(7.367900276112E0,3.773760155891E0,
-2.021364480238E0));
#12741=CARTESIAN_POINT('',(7.368673498742E0,3.802814838602E0,
-2.021364480238E0));
#12742=CARTESIAN_POINT('',(7.363847138847E0,3.836240372460E0,
-2.021364480238E0));
#12743=CARTESIAN_POINT('',(7.355161085113E0,3.865063147061E0,
-2.021364480238E0));
#12744=CARTESIAN_POINT('',(7.343946632936E0,3.889614861928E0,
-2.021364480238E0));
#12745=CARTESIAN_POINT('',(7.330921680627E0,3.910542399276E0,
-2.021364480238E0));
#12746=CARTESIAN_POINT('',(7.316389932649E0,3.928795358498E0,
-2.021364480238E0));
#12747=CARTESIAN_POINT('',(7.300299529504E0,3.945040562645E0,
-2.021364480238E0));
#12748=CARTESIAN_POINT('',(7.282184289405E0,3.959749900589E0,
-2.021364480238E0));
#12749=CARTESIAN_POINT('',(7.261379745143E0,3.972991931889E0,
-2.021364480238E0));
#12750=CARTESIAN_POINT('',(7.236940556432E0,3.984447509037E0,
-2.021364480238E0));
#12751=CARTESIAN_POINT('',(7.208195508252E0,3.993407966547E0,
-2.021364480238E0));
#12752=CARTESIAN_POINT('',(7.174818573763E0,3.998547441151E0,
-2.021364480238E0));
#12753=CARTESIAN_POINT('',(7.146651591668E0,3.998072724857E0,
-2.021364480238E0));
#12754=CARTESIAN_POINT('',(7.130044993226E0,3.995662827222E0,
-2.021364480238E0));
#12755=CARTESIAN_POINT('',(7.125789248645E0,3.994896423884E0,
-2.021364480238E0));
#12756=CARTESIAN_POINT('',(7.226508847780E0,3.779385918819E0,
-1.997069433381E0));
#12757=CARTESIAN_POINT('',(7.226791253617E0,3.780711220842E0,
-1.997069433381E0));
#12758=CARTESIAN_POINT('',(7.227586685505E0,3.785510649369E0,
-1.997069433381E0));
#12759=CARTESIAN_POINT('',(7.227881944725E0,3.794662534458E0,
-1.997069433381E0));
#12760=CARTESIAN_POINT('',(7.226261030059E0,3.805984260913E0,
-1.997069433381E0));
#12761=CARTESIAN_POINT('',(7.223323566376E0,3.815666197656E0,
-1.997069433381E0));
#12762=CARTESIAN_POINT('',(7.219821543665E0,3.823273524904E0,
-1.997069433381E0));
#12763=CARTESIAN_POINT('',(7.216037075401E0,3.829361712485E0,
-1.997069433381E0));
#12764=CARTESIAN_POINT('',(7.211263256320E0,3.835392475901E0,
-1.997069433381E0));
#12765=CARTESIAN_POINT('',(7.205894413474E0,3.840813069009E0,
-1.997069433381E0));
#12766=CARTESIAN_POINT('',(7.199886981698E0,3.845666063601E0,
-1.997069433381E0));
#12767=CARTESIAN_POINT('',(7.193767288556E0,3.849554014247E0,
-1.997069433381E0));
#12768=CARTESIAN_POINT('',(7.186287898197E0,3.853082608882E0,
-1.997069433381E0));
#12769=CARTESIAN_POINT('',(7.176647576165E0,3.856112778426E0,
-1.997069433381E0));
#12770=CARTESIAN_POINT('',(7.165329847420E0,3.857841883013E0,
-1.997069433381E0));
#12771=CARTESIAN_POINT('',(7.156394502231E0,3.857644480119E0,
-1.997069433381E0));
#12772=CARTESIAN_POINT('',(7.151737517140E0,3.856957316698E0,
-1.997069433381E0));
#12773=CARTESIAN_POINT('',(7.150594338287E0,3.856744969073E0,
-1.997069433381E0));
#12774=(BOUNDED_SURFACE()B_SPLINE_SURFACE(3,3,((#12702,#12703,#12704,#12705,
#12706,#12707,#12708,#12709,#12710,#12711,#12712,#12713,#12714,#12715,#12716,
#12717,#12718,#12719),(#12720,#12721,#12722,#12723,#12724,#12725,#12726,#12727,
#12728,#12729,#12730,#12731,#12732,#12733,#12734,#12735,#12736,#12737),(#12738,
#12739,#12740,#12741,#12742,#12743,#12744,#12745,#12746,#12747,#12748,#12749,
#12750,#12751,#12752,#12753,#12754,#12755),(#12756,#12757,#12758,#12759,#12760,
#12761,#12762,#12763,#12764,#12765,#12766,#12767,#12768,#12769,#12770,#12771,
#12772,#12773)),.UNSPECIFIED.,.F.,.F.,.F.)B_SPLINE_SURFACE_WITH_KNOTS((4,4),(4,
1,1,1,1,1,1,1,1,1,1,1,1,1,1,4),(0.E0,1.E0),(-4.238638218382E-2,0.E0,
1.011204637395E-1,1.910693308177E-1,2.711901597717E-1,3.427963233507E-1,
4.081968208626E-1,4.698288290292E-1,5.301787776297E-1,5.918118772787E-1,
6.572256772457E-1,7.288439106681E-1,8.089979551633E-1,8.989394696578E-1,1.E0,
1.035217290165E0),.UNSPECIFIED.)GEOMETRIC_REPRESENTATION_ITEM()RATIONAL_B_SPLINE_SURFACE(((1.241275918053E0,1.241275918053E0,1.241275918053E0,1.241275918053E0,
1.241275918053E0,1.241275918053E0,1.241275918053E0,1.241275918053E0,
1.241275918053E0,1.241275918053E0,1.241275918053E0,1.241275918053E0,
1.241275918053E0,1.241275918053E0,1.241275918053E0,1.241275918053E0,
1.241275918053E0,1.241275918053E0),(9.195746939823E-1,9.195746939823E-1,
9.195746939823E-1,9.195746939823E-1,9.195746939823E-1,9.195746939823E-1,
9.195746939823E-1,9.195746939823E-1,9.195746939823E-1,9.195746939823E-1,
9.195746939823E-1,9.195746939823E-1,9.195746939823E-1,9.195746939823E-1,
9.195746939823E-1,9.195746939823E-1,9.195746939823E-1,9.195746939823E-1),(
9.195746939823E-1,9.195746939823E-1,9.195746939823E-1,9.195746939823E-1,
9.195746939823E-1,9.195746939823E-1,9.195746939823E-1,9.195746939823E-1,
9.195746939823E-1,9.195746939823E-1,9.195746939823E-1,9.195746939823E-1,
9.195746939823E-1,9.195746939823E-1,9.195746939823E-1,9.195746939823E-1,
9.195746939823E-1,9.195746939823E-1),(1.241275918053E0,1.241275918053E0,
1.241275918053E0,1.241275918053E0,1.241275918053E0,1.241275918053E0,
1.241275918053E0,1.241275918053E0,1.241275918053E0,1.241275918053E0,
1.241275918053E0,1.241275918053E0,1.241275918053E0,1.241275918053E0,
1.241275918053E0,1.241275918053E0,1.241275918053E0,1.241275918053E0)))REPRESENTATION_ITEM('')SURFACE());
#12776=ORIENTED_EDGE('',*,*,#12775,.T.);
#12777=ORIENTED_EDGE('',*,*,#12697,.T.);
#12778=ORIENTED_EDGE('',*,*,#6584,.F.);
#12779=ORIENTED_EDGE('',*,*,#6561,.F.);
#12780=EDGE_LOOP('',(#12776,#12777,#12778,#12779));
#12781=FACE_OUTER_BOUND('',#12780,.F.);
#12783=CARTESIAN_POINT('',(7.455207127086E0,3.752971689970E0,
-1.861049903637E0));
#12784=CARTESIAN_POINT('',(7.510544904726E0,3.808309467610E0,
-1.228536210897E0));
#12785=CARTESIAN_POINT('',(7.565882682365E0,3.863647245250E0,
-5.960225181581E-1));
#12786=CARTESIAN_POINT('',(7.621220460005E0,3.918985022889E0,
3.649117458111E-2));
#12787=CARTESIAN_POINT('',(7.456526404510E0,3.764326193456E0,
-1.861049903637E0));
#12788=CARTESIAN_POINT('',(7.511864182149E0,3.819663971096E0,
-1.228536210897E0));
#12789=CARTESIAN_POINT('',(7.567201959789E0,3.875001748735E0,
-5.960225181581E-1));
#12790=CARTESIAN_POINT('',(7.622539737428E0,3.930339526375E0,
3.649117458111E-2));
#12791=CARTESIAN_POINT('',(7.460170686818E0,3.828112589876E0,
-1.861049903637E0));
#12792=CARTESIAN_POINT('',(7.515508464458E0,3.883450367515E0,
-1.228536210897E0));
#12793=CARTESIAN_POINT('',(7.570846242097E0,3.938788145155E0,
-5.960225181581E-1));
#12794=CARTESIAN_POINT('',(7.626184019737E0,3.994125922795E0,
3.649117458111E-2));
#12795=CARTESIAN_POINT('',(7.429763663395E0,3.944258863855E0,
-1.861049903637E0));
#12796=CARTESIAN_POINT('',(7.485101441035E0,3.999596641495E0,
-1.228536210897E0));
#12797=CARTESIAN_POINT('',(7.540439218674E0,4.054934419134E0,
-5.960225181581E-1));
#12798=CARTESIAN_POINT('',(7.595776996314E0,4.110272196774E0,
3.649117458111E-2));
#12799=CARTESIAN_POINT('',(7.314258863855E0,4.059763663395E0,
-1.861049903637E0));
#12800=CARTESIAN_POINT('',(7.369596641495E0,4.115101441035E0,
-1.228536210897E0));
#12801=CARTESIAN_POINT('',(7.424934419134E0,4.170439218674E0,
-5.960225181581E-1));
#12802=CARTESIAN_POINT('',(7.480272196774E0,4.225776996314E0,
3.649117458111E-2));
#12803=CARTESIAN_POINT('',(7.198112589876E0,4.090170686818E0,
-1.861049903637E0));
#12804=CARTESIAN_POINT('',(7.253450367515E0,4.145508464458E0,
-1.228536210897E0));
#12805=CARTESIAN_POINT('',(7.308788145155E0,4.200846242097E0,
-5.960225181581E-1));
#12806=CARTESIAN_POINT('',(7.364125922795E0,4.256184019737E0,
3.649117458111E-2));
#12807=CARTESIAN_POINT('',(7.134326193456E0,4.086526404510E0,
-1.861049903637E0));
#12808=CARTESIAN_POINT('',(7.189663971096E0,4.141864182149E0,
-1.228536210897E0));
#12809=CARTESIAN_POINT('',(7.245001748735E0,4.197201959789E0,
-5.960225181581E-1));
#12810=CARTESIAN_POINT('',(7.300339526375E0,4.252539737428E0,
3.649117458111E-2));
#12811=CARTESIAN_POINT('',(7.122971689970E0,4.085207127086E0,
-1.861049903637E0));
#12812=CARTESIAN_POINT('',(7.178309467610E0,4.140544904726E0,
-1.228536210897E0));
#12813=CARTESIAN_POINT('',(7.233647245250E0,4.195882682365E0,
-5.960225181581E-1));
#12814=CARTESIAN_POINT('',(7.288985022889E0,4.251220460005E0,
3.649117458111E-2));
#12815=B_SPLINE_SURFACE_WITH_KNOTS('',3,3,((#12783,#12784,#12785,#12786),
(#12787,#12788,#12789,#12790),(#12791,#12792,#12793,#12794),(#12795,#12796,
#12797,#12798),(#12799,#12800,#12801,#12802),(#12803,#12804,#12805,#12806),(
#12807,#12808,#12809,#12810),(#12811,#12812,#12813,#12814)),.UNSPECIFIED.,.F.,
.F.,.F.,(4,1,1,1,1,4),(4,4),(-7.274347835446E-2,0.E0,3.333333333333E-1,
6.666666666667E-1,1.E0,1.072743478354E0),(6.947504818174E-2,1.018245587291E0),
.UNSPECIFIED.);
#12816=ORIENTED_EDGE('',*,*,#12775,.F.);
#12817=ORIENTED_EDGE('',*,*,#7009,.T.);
#12818=ORIENTED_EDGE('',*,*,#10052,.T.);
#12819=ORIENTED_EDGE('',*,*,#10109,.F.);
#12820=EDGE_LOOP('',(#12816,#12817,#12818,#12819));
#12821=FACE_OUTER_BOUND('',#12820,.F.);
#12823=CLOSED_SHELL('',(#6358,#6373,#6392,#6412,#6429,#6448,#6462,#6536,#6551,
#6567,#6613,#6626,#6704,#6718,#6763,#6781,#6795,#6873,#6886,#6899,#6911,#6984,
#6997,#7016,#7059,#7140,#7154,#7188,#7238,#7254,#7292,#7372,#7390,#7411,#7435,
#7455,#7493,#7513,#7537,#7560,#7583,#7606,#7629,#7651,#7675,#7713,#7733,#7753,
#7774,#7796,#7818,#7840,#7860,#7880,#7900,#7920,#7940,#7960,#7980,#8003,#8031,
#8056,#8083,#8111,#8138,#8165,#8200,#8224,#8245,#8280,#8303,#8322,#8341,#8366,
#8392,#8419,#8444,#8471,#8495,#8520,#8559,#8580,#8600,#8625,#8650,#8670,#8690,
#8710,#8729,#8749,#8775,#8810,#8832,#8853,#8887,#8909,#8928,#8948,#8973,#8998,
#9018,#9038,#9057,#9080,#9100,#9122,#9141,#9165,#9205,#9227,#9247,#9286,#9308,
#9328,#9348,#9368,#9388,#9408,#9428,#9452,#9480,#9500,#9527,#9546,#9566,#9591,
#9611,#9631,#9651,#9670,#9692,#9706,#9720,#9741,#9755,#9769,#9810,#9846,#9859,
#9872,#9885,#9904,#9918,#9961,#9975,#10015,#10057,#10095,#10119,#10134,#10156,
#10178,#10201,#10238,#10306,#10324,#10345,#10369,#10389,#10426,#10446,#10470,
#10493,#10516,#10538,#10562,#10599,#10620,#10641,#10677,#10697,#10717,#10742,
#10769,#10794,#10822,#10847,#10873,#10900,#10927,#10961,#10985,#11006,#11040,
#11063,#11082,#11106,#11125,#11150,#11175,#11195,#11215,#11235,#11254,#11274,
#11294,#11319,#11339,#11359,#11379,#11398,#11418,#11443,#11468,#11488,#11508,
#11527,#11546,#11573,#11592,#11618,#11631,#11644,#11663,#11676,#11689,#11702,
#11714,#11727,#11740,#11752,#11765,#11778,#11791,#11807,#11823,#11835,#11848,
#11861,#11873,#11886,#11899,#11911,#11953,#12035,#12048,#12062,#12135,#12148,
#12226,#12239,#12253,#12266,#12344,#12357,#12374,#12387,#12460,#12472,#12553,
#12594,#12635,#12648,#12688,#12701,#12782,#12822));
#12824=DIRECTION('',(-1.E0,0.E0,0.E0));
#12825=VECTOR('',#12824,1.36E1);
#12826=CARTESIAN_POINT('',(6.8E0,0.E0,2.9E0));
#12827=LINE('',#12826,#12825);
#12828=CURVE_STYLE('',#67,POSITIVE_LENGTH_MEASURE(2.E-2),#7);
#12829=PRESENTATION_STYLE_ASSIGNMENT((#12828));
#12830=STYLED_ITEM('',(#12829),#12827);
#12831=DIRECTION('',(0.E0,-1.E0,0.E0));
#12832=VECTOR('',#12831,3.55E0);
#12833=CARTESIAN_POINT('',(6.8E0,3.55E0,2.9E0));
#12834=LINE('',#12833,#12832);
#12835=CURVE_STYLE('',#67,POSITIVE_LENGTH_MEASURE(2.E-2),#7);
#12836=PRESENTATION_STYLE_ASSIGNMENT((#12835));
#12837=STYLED_ITEM('',(#12836),#12834);
#12838=DIRECTION('',(1.E0,0.E0,0.E0));
#12839=VECTOR('',#12838,1.36E1);
#12840=CARTESIAN_POINT('',(-6.8E0,3.55E0,2.9E0));
#12841=LINE('',#12840,#12839);
#12842=CURVE_STYLE('',#67,POSITIVE_LENGTH_MEASURE(2.E-2),#7);
#12843=PRESENTATION_STYLE_ASSIGNMENT((#12842));
#12844=STYLED_ITEM('',(#12843),#12841);
#12845=DIRECTION('',(0.E0,1.E0,0.E0));
#12846=VECTOR('',#12845,3.55E0);
#12847=CARTESIAN_POINT('',(-6.8E0,0.E0,2.9E0));
#12848=LINE('',#12847,#12846);
#12849=CURVE_STYLE('',#67,POSITIVE_LENGTH_MEASURE(2.E-2),#7);
#12850=PRESENTATION_STYLE_ASSIGNMENT((#12849));
#12851=STYLED_ITEM('',(#12850),#12848);
#12852=DIRECTION('',(0.E0,0.E0,-1.E0));
#12853=VECTOR('',#12852,6.E-1);
#12854=CARTESIAN_POINT('',(-6.8E0,0.E0,3.5E0));
#12855=LINE('',#12854,#12853);
#12856=CURVE_STYLE('',#67,POSITIVE_LENGTH_MEASURE(2.E-2),#7);
#12857=PRESENTATION_STYLE_ASSIGNMENT((#12856));
#12858=STYLED_ITEM('',(#12857),#12855);
#12859=DIRECTION('',(0.E0,0.E0,-1.E0));
#12860=VECTOR('',#12859,6.E-1);
#12861=CARTESIAN_POINT('',(-6.8E0,3.55E0,3.5E0));
#12862=LINE('',#12861,#12860);
#12863=CURVE_STYLE('',#67,POSITIVE_LENGTH_MEASURE(2.E-2),#7);
#12864=PRESENTATION_STYLE_ASSIGNMENT((#12863));
#12865=STYLED_ITEM('',(#12864),#12862);
#12866=DIRECTION('',(0.E0,0.E0,-1.E0));
#12867=VECTOR('',#12866,6.E-1);
#12868=CARTESIAN_POINT('',(6.8E0,3.55E0,3.5E0));
#12869=LINE('',#12868,#12867);
#12870=CURVE_STYLE('',#67,POSITIVE_LENGTH_MEASURE(2.E-2),#7);
#12871=PRESENTATION_STYLE_ASSIGNMENT((#12870));
#12872=STYLED_ITEM('',(#12871),#12869);
#12873=DIRECTION('',(0.E0,0.E0,-1.E0));
#12874=VECTOR('',#12873,6.E-1);
#12875=CARTESIAN_POINT('',(6.8E0,0.E0,3.5E0));
#12876=LINE('',#12875,#12874);
#12877=CURVE_STYLE('',#67,POSITIVE_LENGTH_MEASURE(2.E-2),#7);
#12878=PRESENTATION_STYLE_ASSIGNMENT((#12877));
#12879=STYLED_ITEM('',(#12878),#12876);
#12880=DIRECTION('',(-1.E0,0.E0,0.E0));
#12881=VECTOR('',#12880,1.36E1);
#12882=CARTESIAN_POINT('',(6.8E0,0.E0,3.5E0));
#12883=LINE('',#12882,#12881);
#12884=CURVE_STYLE('',#67,POSITIVE_LENGTH_MEASURE(2.E-2),#7);
#12885=PRESENTATION_STYLE_ASSIGNMENT((#12884));
#12886=STYLED_ITEM('',(#12885),#12883);
#12887=DIRECTION('',(0.E0,1.E0,0.E0));
#12888=VECTOR('',#12887,3.55E0);
#12889=CARTESIAN_POINT('',(-6.8E0,0.E0,3.5E0));
#12890=LINE('',#12889,#12888);
#12891=CURVE_STYLE('',#67,POSITIVE_LENGTH_MEASURE(2.E-2),#7);
#12892=PRESENTATION_STYLE_ASSIGNMENT((#12891));
#12893=STYLED_ITEM('',(#12892),#12890);
#12894=DIRECTION('',(1.E0,0.E0,0.E0));
#12895=VECTOR('',#12894,1.36E1);
#12896=CARTESIAN_POINT('',(-6.8E0,3.55E0,3.5E0));
#12897=LINE('',#12896,#12895);
#12898=CURVE_STYLE('',#67,POSITIVE_LENGTH_MEASURE(2.E-2),#7);
#12899=PRESENTATION_STYLE_ASSIGNMENT((#12898));
#12900=STYLED_ITEM('',(#12899),#12897);
#12901=DIRECTION('',(0.E0,-1.E0,0.E0));
#12902=VECTOR('',#12901,3.55E0);
#12903=CARTESIAN_POINT('',(6.8E0,3.55E0,3.5E0));
#12904=LINE('',#12903,#12902);
#12905=CURVE_STYLE('',#67,POSITIVE_LENGTH_MEASURE(2.E-2),#7);
#12906=PRESENTATION_STYLE_ASSIGNMENT((#12905));
#12907=STYLED_ITEM('',(#12906),#12904);
#12908=CARTESIAN_POINT('',(6.8E0,0.E0,2.9E0));
#12909=CARTESIAN_POINT('',(-6.8E0,0.E0,2.9E0));
#12910=VERTEX_POINT('',#12908);
#12911=VERTEX_POINT('',#12909);
#12912=CARTESIAN_POINT('',(6.8E0,3.55E0,2.9E0));
#12913=VERTEX_POINT('',#12912);
#12914=CARTESIAN_POINT('',(-6.8E0,3.55E0,2.9E0));
#12915=VERTEX_POINT('',#12914);
#12916=CARTESIAN_POINT('',(6.8E0,0.E0,3.5E0));
#12917=CARTESIAN_POINT('',(-6.8E0,0.E0,3.5E0));
#12918=VERTEX_POINT('',#12916);
#12919=VERTEX_POINT('',#12917);
#12920=CARTESIAN_POINT('',(6.8E0,3.55E0,3.5E0));
#12921=VERTEX_POINT('',#12920);
#12922=CARTESIAN_POINT('',(-6.8E0,3.55E0,3.5E0));
#12923=VERTEX_POINT('',#12922);
#12924=CARTESIAN_POINT('',(0.E0,0.E0,2.9E0));
#12925=DIRECTION('',(0.E0,0.E0,1.E0));
#12926=DIRECTION('',(-1.E0,0.E0,0.E0));
#12927=AXIS2_PLACEMENT_3D('',#12924,#12925,#12926);
#12928=PLANE('',#12927);
#12930=ORIENTED_EDGE('',*,*,#12929,.F.);
#12932=ORIENTED_EDGE('',*,*,#12931,.F.);
#12934=ORIENTED_EDGE('',*,*,#12933,.F.);
#12936=ORIENTED_EDGE('',*,*,#12935,.F.);
#12937=EDGE_LOOP('',(#12930,#12932,#12934,#12936));
#12938=FACE_OUTER_BOUND('',#12937,.F.);
#12940=CARTESIAN_POINT('',(-6.8E0,0.E0,2.9E0));
#12941=DIRECTION('',(0.E0,-1.E0,0.E0));
#12942=DIRECTION('',(1.E0,0.E0,0.E0));
#12943=AXIS2_PLACEMENT_3D('',#12940,#12941,#12942);
#12944=PLANE('',#12943);
#12945=ORIENTED_EDGE('',*,*,#12929,.T.);
#12947=ORIENTED_EDGE('',*,*,#12946,.F.);
#12949=ORIENTED_EDGE('',*,*,#12948,.F.);
#12951=ORIENTED_EDGE('',*,*,#12950,.T.);
#12952=EDGE_LOOP('',(#12945,#12947,#12949,#12951));
#12953=FACE_OUTER_BOUND('',#12952,.F.);
#12955=CARTESIAN_POINT('',(-6.8E0,3.55E0,2.9E0));
#12956=DIRECTION('',(-1.E0,0.E0,0.E0));
#12957=DIRECTION('',(0.E0,-1.E0,0.E0));
#12958=AXIS2_PLACEMENT_3D('',#12955,#12956,#12957);
#12959=PLANE('',#12958);
#12960=ORIENTED_EDGE('',*,*,#12935,.T.);
#12962=ORIENTED_EDGE('',*,*,#12961,.F.);
#12964=ORIENTED_EDGE('',*,*,#12963,.F.);
#12965=ORIENTED_EDGE('',*,*,#12946,.T.);
#12966=EDGE_LOOP('',(#12960,#12962,#12964,#12965));
#12967=FACE_OUTER_BOUND('',#12966,.F.);
#12969=CARTESIAN_POINT('',(6.8E0,3.55E0,2.9E0));
#12970=DIRECTION('',(0.E0,1.E0,0.E0));
#12971=DIRECTION('',(-1.E0,0.E0,0.E0));
#12972=AXIS2_PLACEMENT_3D('',#12969,#12970,#12971);
#12973=PLANE('',#12972);
#12974=ORIENTED_EDGE('',*,*,#12933,.T.);
#12976=ORIENTED_EDGE('',*,*,#12975,.F.);
#12978=ORIENTED_EDGE('',*,*,#12977,.F.);
#12979=ORIENTED_EDGE('',*,*,#12961,.T.);
#12980=EDGE_LOOP('',(#12974,#12976,#12978,#12979));
#12981=FACE_OUTER_BOUND('',#12980,.F.);
#12983=CARTESIAN_POINT('',(6.8E0,0.E0,2.9E0));
#12984=DIRECTION('',(1.E0,0.E0,0.E0));
#12985=DIRECTION('',(0.E0,1.E0,0.E0));
#12986=AXIS2_PLACEMENT_3D('',#12983,#12984,#12985);
#12987=PLANE('',#12986);
#12988=ORIENTED_EDGE('',*,*,#12931,.T.);
#12989=ORIENTED_EDGE('',*,*,#12950,.F.);
#12991=ORIENTED_EDGE('',*,*,#12990,.F.);
#12992=ORIENTED_EDGE('',*,*,#12975,.T.);
#12993=EDGE_LOOP('',(#12988,#12989,#12991,#12992));
#12994=FACE_OUTER_BOUND('',#12993,.F.);
#12996=CARTESIAN_POINT('',(0.E0,0.E0,3.5E0));
#12997=DIRECTION('',(0.E0,0.E0,1.E0));
#12998=DIRECTION('',(-1.E0,0.E0,0.E0));
#12999=AXIS2_PLACEMENT_3D('',#12996,#12997,#12998);
#13000=PLANE('',#12999);
#13001=ORIENTED_EDGE('',*,*,#12948,.T.);
#13002=ORIENTED_EDGE('',*,*,#12963,.T.);
#13003=ORIENTED_EDGE('',*,*,#12977,.T.);
#13004=ORIENTED_EDGE('',*,*,#12990,.T.);
#13005=EDGE_LOOP('',(#13001,#13002,#13003,#13004));
#13006=FACE_OUTER_BOUND('',#13005,.F.);
#13008=OPEN_SHELL('',(#12939,#12954,#12968,#12982,#12995,#13007));
#13009=FILL_AREA_STYLE_COLOUR('',#7);
#13010=FILL_AREA_STYLE('',(#13009));
#13011=SURFACE_STYLE_FILL_AREA(#13010);
#13012=SURFACE_SIDE_STYLE('',(#13011));
#13013=SURFACE_STYLE_USAGE(.BOTH.,#13012);
#13014=PRESENTATION_STYLE_ASSIGNMENT((#13013));
#62=STYLED_ITEM('',(#13014),#13008);
#13016=DIRECTION('',(0.E0,1.E0,0.E0));
#13017=VECTOR('',#13016,7.120629605076E-1);
#13018=CARTESIAN_POINT('',(0.E0,2.9E0,4.5E0));
#13019=LINE('',#13018,#13017);
#13020=CURVE_STYLE('',#67,POSITIVE_LENGTH_MEASURE(2.E-2),#37);
#13021=PRESENTATION_STYLE_ASSIGNMENT((#13020));
#13022=STYLED_ITEM('',(#13021),#13019);
#13023=DIRECTION('',(0.E0,0.E0,1.E0));
#13024=VECTOR('',#13023,9.E-1);
#13025=CARTESIAN_POINT('',(0.E0,2.9E0,4.5E0));
#13026=LINE('',#13025,#13024);
#13027=CURVE_STYLE('',#67,POSITIVE_LENGTH_MEASURE(2.E-2),#37);
#13028=PRESENTATION_STYLE_ASSIGNMENT((#13027));
#13029=STYLED_ITEM('',(#13028),#13026);
#13030=DIRECTION('',(0.E0,1.E0,0.E0));
#13031=VECTOR('',#13030,2.9E0);
#13032=CARTESIAN_POINT('',(0.E0,0.E0,5.4E0));
#13033=LINE('',#13032,#13031);
#13034=CURVE_STYLE('',#67,POSITIVE_LENGTH_MEASURE(2.E-2),#37);
#13035=PRESENTATION_STYLE_ASSIGNMENT((#13034));
#13036=STYLED_ITEM('',(#13035),#13033);
#13037=DIRECTION('',(0.E0,0.E0,1.E0));
#13038=VECTOR('',#13037,6.E-1);
#13039=CARTESIAN_POINT('',(0.E0,0.E0,5.4E0));
#13040=LINE('',#13039,#13038);
#13041=CURVE_STYLE('',#67,POSITIVE_LENGTH_MEASURE(2.E-2),#37);
#13042=PRESENTATION_STYLE_ASSIGNMENT((#13041));
#13043=STYLED_ITEM('',(#13042),#13040);
#13044=DIRECTION('',(0.E0,1.E0,0.E0));
#13045=VECTOR('',#13044,4.059681806270E0);
#13046=CARTESIAN_POINT('',(0.E0,0.E0,6.E0));
#13047=LINE('',#13046,#13045);
#13048=CURVE_STYLE('',#67,POSITIVE_LENGTH_MEASURE(2.E-2),#37);
#13049=PRESENTATION_STYLE_ASSIGNMENT((#13048));
#13050=STYLED_ITEM('',(#13049),#13047);
#13051=DIRECTION('',(0.E0,3.489949670250E-2,-9.993908270191E-1));
#13052=VECTOR('',#13051,5.453322016428E0);
#13053=CARTESIAN_POINT('',(0.E0,4.059681806270E0,6.E0));
#13054=LINE('',#13053,#13052);
#13055=CURVE_STYLE('',#67,POSITIVE_LENGTH_MEASURE(2.E-2),#37);
#13056=PRESENTATION_STYLE_ASSIGNMENT((#13055));
#13057=STYLED_ITEM('',(#13056),#13054);
#13058=DIRECTION('',(0.E0,-1.E0,0.E0));
#13059=VECTOR('',#13058,5.E-1);
#13060=CARTESIAN_POINT('',(0.E0,4.25E0,5.500000000005E-1));
#13061=LINE('',#13060,#13059);
#13062=CURVE_STYLE('',#67,POSITIVE_LENGTH_MEASURE(2.E-2),#37);
#13063=PRESENTATION_STYLE_ASSIGNMENT((#13062));
#13064=STYLED_ITEM('',(#13063),#13061);
#13065=DIRECTION('',(0.E0,-3.489949670250E-2,9.993908270191E-1));
#13066=VECTOR('',#13065,3.952407699980E0);
#13067=CARTESIAN_POINT('',(0.E0,3.75E0,5.500000000005E-1));
#13068=LINE('',#13067,#13066);
#13069=CURVE_STYLE('',#67,POSITIVE_LENGTH_MEASURE(2.E-2),#37);
#13070=PRESENTATION_STYLE_ASSIGNMENT((#13069));
#13071=STYLED_ITEM('',(#13070),#13068);
#13072=DIRECTION('',(-1.E0,0.E0,0.E0));
#13073=VECTOR('',#13072,6.982062960508E0);
#13074=CARTESIAN_POINT('',(0.E0,3.612062960508E0,4.5E0));
#13075=LINE('',#13074,#13073);
#13076=CURVE_STYLE('',#67,POSITIVE_LENGTH_MEASURE(2.E-2),#37);
#13077=PRESENTATION_STYLE_ASSIGNMENT((#13076));
#13078=STYLED_ITEM('',(#13077),#13075);
#13079=DIRECTION('',(0.E0,-1.E0,0.E0));
#13080=VECTOR('',#13079,3.612062960508E0);
#13081=CARTESIAN_POINT('',(-6.982062960508E0,3.612062960508E0,4.5E0));
#13082=LINE('',#13081,#13080);
#13083=CURVE_STYLE('',#67,POSITIVE_LENGTH_MEASURE(2.E-2),#37);
#13084=PRESENTATION_STYLE_ASSIGNMENT((#13083));
#13085=STYLED_ITEM('',(#13084),#13082);
#13086=DIRECTION('',(-1.E0,0.E0,0.E0));
#13087=VECTOR('',#13086,7.12E0);
#13088=CARTESIAN_POINT('',(0.E0,3.75E0,5.500000000005E-1));
#13089=LINE('',#13088,#13087);
#13090=CURVE_STYLE('',#67,POSITIVE_LENGTH_MEASURE(2.E-2),#37);
#13091=PRESENTATION_STYLE_ASSIGNMENT((#13090));
#13092=STYLED_ITEM('',(#13091),#13089);
#13093=DIRECTION('',(0.E0,1.E0,0.E0));
#13094=VECTOR('',#13093,3.75E0);
#13095=CARTESIAN_POINT('',(-7.12E0,0.E0,5.500000000005E-1));
#13096=LINE('',#13095,#13094);
#13097=CURVE_STYLE('',#67,POSITIVE_LENGTH_MEASURE(2.E-2),#37);
#13098=PRESENTATION_STYLE_ASSIGNMENT((#13097));
#13099=STYLED_ITEM('',(#13098),#13096);
#13100=DIRECTION('',(-1.E0,0.E0,0.E0));
#13101=VECTOR('',#13100,7.320000033930E0);
#13102=CARTESIAN_POINT('',(0.E0,4.25E0,5.500000000005E-1));
#13103=LINE('',#13102,#13101);
#13104=CURVE_STYLE('',#67,POSITIVE_LENGTH_MEASURE(2.E-2),#37);
#13105=PRESENTATION_STYLE_ASSIGNMENT((#13104));
#13106=STYLED_ITEM('',(#13105),#13103);
#13107=DIRECTION('',(-3.487826895295E-2,3.487826273481E-2,-9.987827657421E-1));
#13108=VECTOR('',#13107,5.456642011589E0);
#13109=CARTESIAN_POINT('',(-7.129681806270E0,4.059681806270E0,6.E0));
#13110=LINE('',#13109,#13108);
#13111=CURVE_STYLE('',#67,POSITIVE_LENGTH_MEASURE(2.E-2),#37);
#13112=PRESENTATION_STYLE_ASSIGNMENT((#13111));
#13113=STYLED_ITEM('',(#13112),#13110);
#13114=CARTESIAN_POINT('',(-7.129681806270E0,4.059681806270E0,6.E0));
#13115=CARTESIAN_POINT('',(-7.182041683830E0,4.059681806270E0,6.E0));
#13116=CARTESIAN_POINT('',(-7.286761438949E0,4.032266238489E0,6.E0));
#13117=CARTESIAN_POINT('',(-7.402266238489E0,3.916761438949E0,6.E0));
#13118=CARTESIAN_POINT('',(-7.429681806270E0,3.812041683830E0,6.E0));
#13119=CARTESIAN_POINT('',(-7.429681806270E0,3.759681806270E0,6.E0));
#13121=CURVE_STYLE('',#67,POSITIVE_LENGTH_MEASURE(2.E-2),#37);
#13122=PRESENTATION_STYLE_ASSIGNMENT((#13121));
#13123=STYLED_ITEM('',(#13122),#13120);
#13124=DIRECTION('',(-1.E0,0.E0,0.E0));
#13125=VECTOR('',#13124,7.129681806270E0);
#13126=CARTESIAN_POINT('',(0.E0,4.059681806270E0,6.E0));
#13127=LINE('',#13126,#13125);
#13128=CURVE_STYLE('',#67,POSITIVE_LENGTH_MEASURE(2.E-2),#37);
#13129=PRESENTATION_STYLE_ASSIGNMENT((#13128));
#13130=STYLED_ITEM('',(#13129),#13127);
#13131=DIRECTION('',(-1.E0,0.E0,0.E0));
#13132=VECTOR('',#13131,7.429681806270E0);
#13133=CARTESIAN_POINT('',(0.E0,0.E0,6.E0));
#13134=LINE('',#13133,#13132);
#13135=CURVE_STYLE('',#67,POSITIVE_LENGTH_MEASURE(2.E-2),#37);
#13136=PRESENTATION_STYLE_ASSIGNMENT((#13135));
#13137=STYLED_ITEM('',(#13136),#13134);
#13138=DIRECTION('',(0.E0,1.E0,0.E0));
#13139=VECTOR('',#13138,3.759681806270E0);
#13140=CARTESIAN_POINT('',(-7.429681806270E0,0.E0,6.E0));
#13141=LINE('',#13140,#13139);
#13142=CURVE_STYLE('',#67,POSITIVE_LENGTH_MEASURE(2.E-2),#37);
#13143=PRESENTATION_STYLE_ASSIGNMENT((#13142));
#13144=STYLED_ITEM('',(#13143),#13141);
#13145=CARTESIAN_POINT('',(-7.320000033930E0,4.25E0,5.500000000005E-1));
#13146=CARTESIAN_POINT('',(-7.372359911490E0,4.25E0,5.500000000005E-1));
#13147=CARTESIAN_POINT('',(-7.477079616845E0,4.222584433825E0,
5.499999999998E-1));
#13148=CARTESIAN_POINT('',(-7.592584436743E0,4.107079627061E0,
5.499999999998E-1));
#13149=CARTESIAN_POINT('',(-7.62E0,4.002359889600E0,5.500000000005E-1));
#13150=CARTESIAN_POINT('',(-7.62E0,3.950000012040E0,5.500000000005E-1));
#13152=CURVE_STYLE('',#67,POSITIVE_LENGTH_MEASURE(2.E-2),#37);
#13153=PRESENTATION_STYLE_ASSIGNMENT((#13152));
#13154=STYLED_ITEM('',(#13153),#13151);
#13155=DIRECTION('',(-3.487826273969E-2,3.487826494617E-2,-9.987827658819E-1));
#13156=VECTOR('',#13155,5.456642010826E0);
#13157=CARTESIAN_POINT('',(-7.429681806270E0,3.759681806270E0,6.E0));
#13158=LINE('',#13157,#13156);
#13159=CURVE_STYLE('',#67,POSITIVE_LENGTH_MEASURE(2.E-2),#37);
#13160=PRESENTATION_STYLE_ASSIGNMENT((#13159));
#13161=STYLED_ITEM('',(#13160),#13158);
#13162=DIRECTION('',(0.E0,-1.E0,0.E0));
#13163=VECTOR('',#13162,3.950000012040E0);
#13164=CARTESIAN_POINT('',(-7.62E0,3.950000012040E0,5.500000000005E-1));
#13165=LINE('',#13164,#13163);
#13166=CURVE_STYLE('',#67,POSITIVE_LENGTH_MEASURE(2.E-2),#37);
#13167=PRESENTATION_STYLE_ASSIGNMENT((#13166));
#13168=STYLED_ITEM('',(#13167),#13165);
#13169=DIRECTION('',(-1.E0,0.E0,0.E0));
#13170=VECTOR('',#13169,4.620629605076E-1);
#13171=CARTESIAN_POINT('',(-6.52E0,0.E0,4.5E0));
#13172=LINE('',#13171,#13170);
#13173=CURVE_STYLE('',#67,POSITIVE_LENGTH_MEASURE(2.E-2),#37);
#13174=PRESENTATION_STYLE_ASSIGNMENT((#13173));
#13175=STYLED_ITEM('',(#13174),#13172);
#13176=DIRECTION('',(3.489949670250E-2,0.E0,9.993908270191E-1));
#13177=VECTOR('',#13176,3.952407699980E0);
#13178=CARTESIAN_POINT('',(-7.12E0,0.E0,5.500000000005E-1));
#13179=LINE('',#13178,#13177);
#13180=CURVE_STYLE('',#67,POSITIVE_LENGTH_MEASURE(2.E-2),#37);
#13181=PRESENTATION_STYLE_ASSIGNMENT((#13180));
#13182=STYLED_ITEM('',(#13181),#13179);
#13183=DIRECTION('',(-1.E0,0.E0,0.E0));
#13184=VECTOR('',#13183,5.E-1);
#13185=CARTESIAN_POINT('',(-7.12E0,0.E0,5.500000000005E-1));
#13186=LINE('',#13185,#13184);
#13187=CURVE_STYLE('',#67,POSITIVE_LENGTH_MEASURE(2.E-2),#37);
#13188=PRESENTATION_STYLE_ASSIGNMENT((#13187));
#13189=STYLED_ITEM('',(#13188),#13186);
#13190=DIRECTION('',(3.489949670250E-2,0.E0,9.993908270191E-1));
#13191=VECTOR('',#13190,5.453322016428E0);
#13192=CARTESIAN_POINT('',(-7.62E0,0.E0,5.500000000005E-1));
#13193=LINE('',#13192,#13191);
#13194=CURVE_STYLE('',#67,POSITIVE_LENGTH_MEASURE(2.E-2),#37);
#13195=PRESENTATION_STYLE_ASSIGNMENT((#13194));
#13196=STYLED_ITEM('',(#13195),#13193);
#13197=DIRECTION('',(-1.E0,0.E0,0.E0));
#13198=VECTOR('',#13197,6.52E0);
#13199=CARTESIAN_POINT('',(0.E0,0.E0,5.4E0));
#13200=LINE('',#13199,#13198);
#13201=CURVE_STYLE('',#67,POSITIVE_LENGTH_MEASURE(2.E-2),#37);
#13202=PRESENTATION_STYLE_ASSIGNMENT((#13201));
#13203=STYLED_ITEM('',(#13202),#13200);
#13204=DIRECTION('',(0.E0,0.E0,1.E0));
#13205=VECTOR('',#13204,9.E-1);
#13206=CARTESIAN_POINT('',(-6.52E0,0.E0,4.5E0));
#13207=LINE('',#13206,#13205);
#13208=CURVE_STYLE('',#67,POSITIVE_LENGTH_MEASURE(2.E-2),#37);
#13209=PRESENTATION_STYLE_ASSIGNMENT((#13208));
#13210=STYLED_ITEM('',(#13209),#13207);
#13211=DIRECTION('',(-3.487826274238E-2,3.487826274237E-2,-9.987827659587E-1));
#13212=VECTOR('',#13211,3.954813934147E0);
#13213=CARTESIAN_POINT('',(-6.982062960508E0,3.612062960508E0,4.5E0));
#13214=LINE('',#13213,#13212);
#13215=CURVE_STYLE('',#67,POSITIVE_LENGTH_MEASURE(2.E-2),#37);
#13216=PRESENTATION_STYLE_ASSIGNMENT((#13215));
#13217=STYLED_ITEM('',(#13216),#13214);
#13218=DIRECTION('',(-1.E0,0.E0,0.E0));
#13219=VECTOR('',#13218,6.52E0);
#13220=CARTESIAN_POINT('',(0.E0,2.9E0,5.4E0));
#13221=LINE('',#13220,#13219);
#13222=CURVE_STYLE('',#67,POSITIVE_LENGTH_MEASURE(2.E-2),#37);
#13223=PRESENTATION_STYLE_ASSIGNMENT((#13222));
#13224=STYLED_ITEM('',(#13223),#13221);
#13225=DIRECTION('',(0.E0,-1.E0,0.E0));
#13226=VECTOR('',#13225,2.9E0);
#13227=CARTESIAN_POINT('',(-6.52E0,2.9E0,5.4E0));
#13228=LINE('',#13227,#13226);
#13229=CURVE_STYLE('',#67,POSITIVE_LENGTH_MEASURE(2.E-2),#37);
#13230=PRESENTATION_STYLE_ASSIGNMENT((#13229));
#13231=STYLED_ITEM('',(#13230),#13228);
#13232=DIRECTION('',(-1.E0,0.E0,0.E0));
#13233=VECTOR('',#13232,6.52E0);
#13234=CARTESIAN_POINT('',(0.E0,2.9E0,4.5E0));
#13235=LINE('',#13234,#13233);
#13236=CURVE_STYLE('',#67,POSITIVE_LENGTH_MEASURE(2.E-2),#37);
#13237=PRESENTATION_STYLE_ASSIGNMENT((#13236));
#13238=STYLED_ITEM('',(#13237),#13235);
#13239=DIRECTION('',(0.E0,-1.E0,0.E0));
#13240=VECTOR('',#13239,2.9E0);
#13241=CARTESIAN_POINT('',(-6.52E0,2.9E0,4.5E0));
#13242=LINE('',#13241,#13240);
#13243=CURVE_STYLE('',#67,POSITIVE_LENGTH_MEASURE(2.E-2),#37);
#13244=PRESENTATION_STYLE_ASSIGNMENT((#13243));
#13245=STYLED_ITEM('',(#13244),#13242);
#13246=DIRECTION('',(0.E0,0.E0,-1.E0));
#13247=VECTOR('',#13246,9.E-1);
#13248=CARTESIAN_POINT('',(-6.52E0,2.9E0,5.4E0));
#13249=LINE('',#13248,#13247);
#13250=CURVE_STYLE('',#67,POSITIVE_LENGTH_MEASURE(2.E-2),#37);
#13251=PRESENTATION_STYLE_ASSIGNMENT((#13250));
#13252=STYLED_ITEM('',(#13251),#13249);
#13253=VERTEX_POINT('',#13114);
#13254=VERTEX_POINT('',#13119);
#13255=CARTESIAN_POINT('',(0.E0,0.E0,5.4E0));
#13256=CARTESIAN_POINT('',(0.E0,2.9E0,5.4E0));
#13257=VERTEX_POINT('',#13255);
#13258=VERTEX_POINT('',#13256);
#13259=CARTESIAN_POINT('',(-6.52E0,0.E0,5.4E0));
#13260=VERTEX_POINT('',#13259);
#13261=CARTESIAN_POINT('',(0.E0,0.E0,6.E0));
#13262=VERTEX_POINT('',#13261);
#13263=CARTESIAN_POINT('',(-6.52E0,2.9E0,5.4E0));
#13264=VERTEX_POINT('',#13263);
#13265=CARTESIAN_POINT('',(-6.52E0,2.9E0,4.5E0));
#13266=CARTESIAN_POINT('',(-6.52E0,0.E0,4.5E0));
#13267=VERTEX_POINT('',#13265);
#13268=VERTEX_POINT('',#13266);
#13269=CARTESIAN_POINT('',(0.E0,2.9E0,4.5E0));
#13270=VERTEX_POINT('',#13269);
#13271=CARTESIAN_POINT('',(0.E0,3.612062960508E0,4.5E0));
#13272=VERTEX_POINT('',#13271);
#13273=CARTESIAN_POINT('',(0.E0,3.75E0,5.500000000005E-1));
#13274=VERTEX_POINT('',#13273);
#13275=CARTESIAN_POINT('',(-6.982062960508E0,0.E0,4.5E0));
#13276=VERTEX_POINT('',#13275);
#13277=CARTESIAN_POINT('',(-7.12E0,0.E0,5.500000000005E-1));
#13278=VERTEX_POINT('',#13277);
#13279=CARTESIAN_POINT('',(-7.12E0,3.75E0,5.500000000005E-1));
#13280=VERTEX_POINT('',#13279);
#13281=CARTESIAN_POINT('',(0.E0,4.25E0,5.500000000005E-1));
#13282=VERTEX_POINT('',#13281);
#13283=CARTESIAN_POINT('',(-7.62E0,0.E0,5.500000000005E-1));
#13284=VERTEX_POINT('',#13283);
#13285=CARTESIAN_POINT('',(-6.982062960508E0,3.612062960508E0,4.5E0));
#13286=VERTEX_POINT('',#13285);
#13287=CARTESIAN_POINT('',(0.E0,4.059681806270E0,6.E0));
#13288=VERTEX_POINT('',#13287);
#13289=CARTESIAN_POINT('',(-7.429681806270E0,0.E0,6.E0));
#13290=VERTEX_POINT('',#13289);
#13291=CARTESIAN_POINT('',(-7.62E0,3.950000012040E0,5.500000000005E-1));
#13292=VERTEX_POINT('',#13291);
#13293=CARTESIAN_POINT('',(-7.320000033930E0,4.25E0,5.500000000005E-1));
#13294=VERTEX_POINT('',#13293);
#13295=CARTESIAN_POINT('',(0.E0,0.E0,0.E0));
#13296=DIRECTION('',(-1.E0,0.E0,0.E0));
#13297=DIRECTION('',(0.E0,-1.E0,0.E0));
#13298=AXIS2_PLACEMENT_3D('',#13295,#13296,#13297);
#13299=PLANE('',#13298);
#13301=ORIENTED_EDGE('',*,*,#13300,.F.);
#13303=ORIENTED_EDGE('',*,*,#13302,.T.);
#13305=ORIENTED_EDGE('',*,*,#13304,.F.);
#13307=ORIENTED_EDGE('',*,*,#13306,.T.);
#13309=ORIENTED_EDGE('',*,*,#13308,.T.);
#13311=ORIENTED_EDGE('',*,*,#13310,.T.);
#13313=ORIENTED_EDGE('',*,*,#13312,.T.);
#13315=ORIENTED_EDGE('',*,*,#13314,.T.);
#13316=EDGE_LOOP('',(#13301,#13303,#13305,#13307,#13309,#13311,#13313,#13315));
#13317=FACE_OUTER_BOUND('',#13316,.F.);
#13319=CARTESIAN_POINT('',(0.E0,0.E0,4.5E0));
#13320=DIRECTION('',(0.E0,0.E0,1.E0));
#13321=DIRECTION('',(1.E0,0.E0,0.E0));
#13322=AXIS2_PLACEMENT_3D('',#13319,#13320,#13321);
#13323=PLANE('',#13322);
#13324=ORIENTED_EDGE('',*,*,#13300,.T.);
#13326=ORIENTED_EDGE('',*,*,#13325,.T.);
#13328=ORIENTED_EDGE('',*,*,#13327,.T.);
#13330=ORIENTED_EDGE('',*,*,#13329,.F.);
#13332=ORIENTED_EDGE('',*,*,#13331,.F.);
#13334=ORIENTED_EDGE('',*,*,#13333,.F.);
#13335=EDGE_LOOP('',(#13324,#13326,#13328,#13330,#13332,#13334));
#13336=FACE_OUTER_BOUND('',#13335,.F.);
#13338=CARTESIAN_POINT('',(2.589022202136E-1,3.75E0,5.500000000005E-1));
#13339=DIRECTION('',(0.E0,9.993908270191E-1,3.489949670250E-2));
#13340=DIRECTION('',(-1.E0,0.E0,0.E0));
#13341=AXIS2_PLACEMENT_3D('',#13338,#13339,#13340);
#13342=PLANE('',#13341);
#13343=ORIENTED_EDGE('',*,*,#13314,.F.);
#13345=ORIENTED_EDGE('',*,*,#13344,.T.);
#13347=ORIENTED_EDGE('',*,*,#13346,.F.);
#13348=ORIENTED_EDGE('',*,*,#13325,.F.);
#13349=EDGE_LOOP('',(#13343,#13345,#13347,#13348));
#13350=FACE_OUTER_BOUND('',#13349,.F.);
#13352=CARTESIAN_POINT('',(0.E0,0.E0,5.500000000005E-1));
#13353=DIRECTION('',(0.E0,0.E0,-1.E0));
#13354=DIRECTION('',(0.E0,1.E0,0.E0));
#13355=AXIS2_PLACEMENT_3D('',#13352,#13353,#13354);
#13356=PLANE('',#13355);
#13357=ORIENTED_EDGE('',*,*,#13344,.F.);
#13358=ORIENTED_EDGE('',*,*,#13312,.F.);
#13360=ORIENTED_EDGE('',*,*,#13359,.T.);
#13362=ORIENTED_EDGE('',*,*,#13361,.T.);
#13364=ORIENTED_EDGE('',*,*,#13363,.T.);
#13366=ORIENTED_EDGE('',*,*,#13365,.F.);
#13368=ORIENTED_EDGE('',*,*,#13367,.T.);
#13369=EDGE_LOOP('',(#13357,#13358,#13360,#13362,#13364,#13366,#13368));
#13370=FACE_OUTER_BOUND('',#13369,.F.);
#13372=CARTESIAN_POINT('',(0.E0,4.059681806270E0,6.E0));
#13373=DIRECTION('',(0.E0,-9.993908270191E-1,-3.489949670250E-2));
#13374=DIRECTION('',(0.E0,3.489949670250E-2,-9.993908270191E-1));
#13375=AXIS2_PLACEMENT_3D('',#13372,#13373,#13374);
#13376=PLANE('',#13375);
#13377=ORIENTED_EDGE('',*,*,#13359,.F.);
#13378=ORIENTED_EDGE('',*,*,#13310,.F.);
#13380=ORIENTED_EDGE('',*,*,#13379,.T.);
#13382=ORIENTED_EDGE('',*,*,#13381,.T.);
#13383=EDGE_LOOP('',(#13377,#13378,#13380,#13382));
#13384=FACE_OUTER_BOUND('',#13383,.F.);
#13386=CARTESIAN_POINT('',(0.E0,0.E0,6.E0));
#13387=DIRECTION('',(0.E0,0.E0,1.E0));
#13388=DIRECTION('',(0.E0,1.E0,0.E0));
#13389=AXIS2_PLACEMENT_3D('',#13386,#13387,#13388);
#13390=PLANE('',#13389);
#13392=ORIENTED_EDGE('',*,*,#13391,.F.);
#13393=ORIENTED_EDGE('',*,*,#13379,.F.);
#13394=ORIENTED_EDGE('',*,*,#13308,.F.);
#13396=ORIENTED_EDGE('',*,*,#13395,.T.);
#13398=ORIENTED_EDGE('',*,*,#13397,.T.);
#13399=EDGE_LOOP('',(#13392,#13393,#13394,#13396,#13398));
#13400=FACE_OUTER_BOUND('',#13399,.F.);
#13402=CARTESIAN_POINT('',(-7.091667901190E0,4.053903338306E0,6.109E0));
#13403=CARTESIAN_POINT('',(-7.157644875016E0,4.119880312132E0,
4.219666666667E0));
#13404=CARTESIAN_POINT('',(-7.223621848843E0,4.185857285958E0,
2.330333333334E0));
#13405=CARTESIAN_POINT('',(-7.289598822669E0,4.251834259785E0,
4.410000000005E-1));
#13406=CARTESIAN_POINT('',(-7.103022404676E0,4.055222615729E0,6.109E0));
#13407=CARTESIAN_POINT('',(-7.168999378502E0,4.121199589556E0,
4.219666666667E0));
#13408=CARTESIAN_POINT('',(-7.234976352329E0,4.187176563382E0,
2.330333333334E0));
#13409=CARTESIAN_POINT('',(-7.300953326155E0,4.253153537208E0,
4.410000000005E-1));
#13410=CARTESIAN_POINT('',(-7.166808801095E0,4.058866898038E0,6.109E0));
#13411=CARTESIAN_POINT('',(-7.232785774922E0,4.124843871864E0,
4.219666666667E0));
#13412=CARTESIAN_POINT('',(-7.298762748748E0,4.190820845690E0,
2.330333333334E0));
#13413=CARTESIAN_POINT('',(-7.364739722575E0,4.256797819517E0,
4.410000000005E-1));
#13414=CARTESIAN_POINT('',(-7.282955075075E0,4.028459874615E0,6.109E0));
#13415=CARTESIAN_POINT('',(-7.348932048901E0,4.094436848441E0,
4.219666666667E0));
#13416=CARTESIAN_POINT('',(-7.414909022728E0,4.160413822267E0,
2.330333333334E0));
#13417=CARTESIAN_POINT('',(-7.480885996554E0,4.226390796094E0,
4.410000000005E-1));
#13418=CARTESIAN_POINT('',(-7.398459874615E0,3.912955075075E0,6.109E0));
#13419=CARTESIAN_POINT('',(-7.464436848441E0,3.978932048901E0,
4.219666666667E0));
#13420=CARTESIAN_POINT('',(-7.530413822267E0,4.044909022728E0,
2.330333333334E0));
#13421=CARTESIAN_POINT('',(-7.596390796094E0,4.110885996554E0,
4.410000000005E-1));
#13422=CARTESIAN_POINT('',(-7.428866898038E0,3.796808801095E0,6.109E0));
#13423=CARTESIAN_POINT('',(-7.494843871864E0,3.862785774922E0,
4.219666666667E0));
#13424=CARTESIAN_POINT('',(-7.560820845690E0,3.928762748748E0,
2.330333333334E0));
#13425=CARTESIAN_POINT('',(-7.626797819517E0,3.994739722575E0,
4.410000000005E-1));
#13426=CARTESIAN_POINT('',(-7.425222615729E0,3.733022404676E0,6.109E0));
#13427=CARTESIAN_POINT('',(-7.491199589556E0,3.798999378502E0,
4.219666666667E0));
#13428=CARTESIAN_POINT('',(-7.557176563382E0,3.864976352329E0,
2.330333333334E0));
#13429=CARTESIAN_POINT('',(-7.623153537208E0,3.930953326155E0,
4.410000000005E-1));
#13430=CARTESIAN_POINT('',(-7.423903338305E0,3.721667901190E0,6.109E0));
#13431=CARTESIAN_POINT('',(-7.489880312132E0,3.787644875016E0,
4.219666666667E0));
#13432=CARTESIAN_POINT('',(-7.555857285958E0,3.853621848843E0,
2.330333333334E0));
#13433=CARTESIAN_POINT('',(-7.621834259785E0,3.919598822669E0,
4.410000000005E-1));
#13434=B_SPLINE_SURFACE_WITH_KNOTS('',3,3,((#13402,#13403,#13404,#13405),
(#13406,#13407,#13408,#13409),(#13410,#13411,#13412,#13413),(#13414,#13415,
#13416,#13417),(#13418,#13419,#13420,#13421),(#13422,#13423,#13424,#13425),(
#13426,#13427,#13428,#13429),(#13430,#13431,#13432,#13433)),.UNSPECIFIED.,.F.,
.F.,.F.,(4,1,1,1,1,4),(4,4),(-7.274347835446E-2,0.E0,3.333333333333E-1,
6.666666666667E-1,1.E0,1.072743478354E0),(-2.E-2,1.02E0),.UNSPECIFIED.);
#13435=ORIENTED_EDGE('',*,*,#13361,.F.);
#13436=ORIENTED_EDGE('',*,*,#13381,.F.);
#13437=ORIENTED_EDGE('',*,*,#13391,.T.);
#13439=ORIENTED_EDGE('',*,*,#13438,.T.);
#13440=EDGE_LOOP('',(#13435,#13436,#13437,#13439));
#13441=FACE_OUTER_BOUND('',#13440,.F.);
#13443=CARTESIAN_POINT('',(-7.62E0,0.E0,5.5E-1));
#13444=DIRECTION('',(9.993908270191E-1,0.E0,-3.489949670250E-2));
#13445=DIRECTION('',(3.489949670250E-2,0.E0,9.993908270191E-1));
#13446=AXIS2_PLACEMENT_3D('',#13443,#13444,#13445);
#13447=PLANE('',#13446);
#13448=ORIENTED_EDGE('',*,*,#13363,.F.);
#13449=ORIENTED_EDGE('',*,*,#13438,.F.);
#13450=ORIENTED_EDGE('',*,*,#13397,.F.);
#13452=ORIENTED_EDGE('',*,*,#13451,.F.);
#13453=EDGE_LOOP('',(#13448,#13449,#13450,#13452));
#13454=FACE_OUTER_BOUND('',#13453,.F.);
#13456=CARTESIAN_POINT('',(0.E0,0.E0,-2.E0));
#13457=DIRECTION('',(0.E0,-1.E0,0.E0));
#13458=DIRECTION('',(0.E0,0.E0,1.E0));
#13459=AXIS2_PLACEMENT_3D('',#13456,#13457,#13458);
#13460=PLANE('',#13459);
#13461=ORIENTED_EDGE('',*,*,#13329,.T.);
#13463=ORIENTED_EDGE('',*,*,#13462,.F.);
#13464=ORIENTED_EDGE('',*,*,#13365,.T.);
#13465=ORIENTED_EDGE('',*,*,#13451,.T.);
#13466=ORIENTED_EDGE('',*,*,#13395,.F.);
#13467=ORIENTED_EDGE('',*,*,#13306,.F.);
#13469=ORIENTED_EDGE('',*,*,#13468,.T.);
#13471=ORIENTED_EDGE('',*,*,#13470,.F.);
#13472=EDGE_LOOP('',(#13461,#13463,#13464,#13465,#13466,#13467,#13469,#13471));
#13473=FACE_OUTER_BOUND('',#13472,.F.);
#13475=CARTESIAN_POINT('',(-7.12E0,4.008902220214E0,5.500000000005E-1));
#13476=DIRECTION('',(-9.993908270191E-1,0.E0,3.489949670250E-2));
#13477=DIRECTION('',(0.E0,-1.E0,0.E0));
#13478=AXIS2_PLACEMENT_3D('',#13475,#13476,#13477);
#13479=PLANE('',#13478);
#13480=ORIENTED_EDGE('',*,*,#13462,.T.);
#13481=ORIENTED_EDGE('',*,*,#13327,.F.);
#13482=ORIENTED_EDGE('',*,*,#13346,.T.);
#13483=ORIENTED_EDGE('',*,*,#13367,.F.);
#13484=EDGE_LOOP('',(#13480,#13481,#13482,#13483));
#13485=FACE_OUTER_BOUND('',#13484,.F.);
#13487=CARTESIAN_POINT('',(0.E0,0.E0,5.4E0));
#13488=DIRECTION('',(0.E0,0.E0,1.E0));
#13489=DIRECTION('',(0.E0,1.E0,0.E0));
#13490=AXIS2_PLACEMENT_3D('',#13487,#13488,#13489);
#13491=PLANE('',#13490);
#13492=ORIENTED_EDGE('',*,*,#13304,.T.);
#13494=ORIENTED_EDGE('',*,*,#13493,.T.);
#13496=ORIENTED_EDGE('',*,*,#13495,.T.);
#13497=ORIENTED_EDGE('',*,*,#13468,.F.);
#13498=EDGE_LOOP('',(#13492,#13494,#13496,#13497));
#13499=FACE_OUTER_BOUND('',#13498,.F.);
#13501=CARTESIAN_POINT('',(0.E0,2.9E0,-1.4E0));
#13502=DIRECTION('',(0.E0,1.E0,0.E0));
#13503=DIRECTION('',(-1.E0,0.E0,0.E0));
#13504=AXIS2_PLACEMENT_3D('',#13501,#13502,#13503);
#13505=PLANE('',#13504);
#13506=ORIENTED_EDGE('',*,*,#13333,.T.);
#13508=ORIENTED_EDGE('',*,*,#13507,.F.);
#13509=ORIENTED_EDGE('',*,*,#13493,.F.);
#13510=ORIENTED_EDGE('',*,*,#13302,.F.);
#13511=EDGE_LOOP('',(#13506,#13508,#13509,#13510));
#13512=FACE_OUTER_BOUND('',#13511,.F.);
#13514=CARTESIAN_POINT('',(-6.52E0,2.9E0,-1.4E0));
#13515=DIRECTION('',(-1.E0,0.E0,0.E0));
#13516=DIRECTION('',(0.E0,-1.E0,0.E0));
#13517=AXIS2_PLACEMENT_3D('',#13514,#13515,#13516);
#13518=PLANE('',#13517);
#13519=ORIENTED_EDGE('',*,*,#13331,.T.);
#13520=ORIENTED_EDGE('',*,*,#13470,.T.);
#13521=ORIENTED_EDGE('',*,*,#13495,.F.);
#13522=ORIENTED_EDGE('',*,*,#13507,.T.);
#13523=EDGE_LOOP('',(#13519,#13520,#13521,#13522));
#13524=FACE_OUTER_BOUND('',#13523,.F.);
#13526=OPEN_SHELL('',(#13318,#13337,#13351,#13371,#13385,#13401,#13442,#13455,
#13474,#13486,#13500,#13513,#13525));
#13527=FILL_AREA_STYLE_COLOUR('',#37);
#13528=FILL_AREA_STYLE('',(#13527));
#13529=SURFACE_STYLE_FILL_AREA(#13528);
#13530=SURFACE_SIDE_STYLE('',(#13529));
#13531=SURFACE_STYLE_USAGE(.BOTH.,#13530);
#13532=PRESENTATION_STYLE_ASSIGNMENT((#13531));
#13015=STYLED_ITEM('',(#13532),#13526);
#13533=MANIFOLD_SOLID_BREP('',#12823);
#13534=FILL_AREA_STYLE_COLOUR('',#23);
#13535=FILL_AREA_STYLE('',(#13534));
#13536=SURFACE_STYLE_FILL_AREA(#13535);
#13537=SURFACE_SIDE_STYLE('',(#13536));
#13538=SURFACE_STYLE_USAGE(.BOTH.,#13537);
#13539=PRESENTATION_STYLE_ASSIGNMENT((#13538));
#13540=STYLED_ITEM('',(#13539),#13533);
#13541=SHELL_BASED_SURFACE_MODEL('',(#13008,#13526));
#13542=PRESENTATION_LAYER_ASSIGNMENT('06___PRT_ALL_SURFS_1','',(#62,#12939,
#12954,#12968,#12982,#12995,#13007,#13015,#13318,#13337,#13351,#13371,#13385,
#13401,#13442,#13455,#13474,#13486,#13500,#13513,#13525));
#13543=PRESENTATION_LAYER_ASSIGNMENT('PCB','',(#62,#12939,#12954,#12968,#12982,
#12995,#13007));
#13544=PRESENTATION_LAYER_ASSIGNMENT('TOP','',(#13015,#13318,#13337,#13351,
#13371,#13385,#13401,#13442,#13455,#13474,#13486,#13500,#13513,#13525));
#13545=INVISIBILITY((#13543,#13544));
#13548=PLANE_ANGLE_MEASURE_WITH_UNIT(PLANE_ANGLE_MEASURE(1.745329251994E-2),
#13547);
#13549=(CONVERSION_BASED_UNIT('DEGREE',#13548)NAMED_UNIT(*)PLANE_ANGLE_UNIT());
#13551=UNCERTAINTY_MEASURE_WITH_UNIT(LENGTH_MEASURE(2.856515449748E-3),#13546,
'distance_accuracy_value',
'Maximum model space distance between geometric entities at asserted connectivities');
#13553=CARTESIAN_POINT('',(0.E0,0.E0,0.E0));
#13554=DIRECTION('',(0.E0,0.E0,1.E0));
#13555=DIRECTION('',(1.E0,0.E0,0.E0));
#13558=CARTESIAN_POINT('',(0.E0,0.E0,0.E0));
#13559=DIRECTION('',(0.E0,0.E0,1.E0));
#13560=DIRECTION('',(1.E0,0.E0,0.E0));
#13563=CARTESIAN_POINT('',(0.E0,0.E0,0.E0));
#13564=DIRECTION('',(0.E0,0.E0,1.E0));
#13565=DIRECTION('',(1.E0,0.E0,0.E0));
#13568=SHAPE_REPRESENTATION_RELATIONSHIP('','',#13567,#13557);
#13569=SHAPE_REPRESENTATION_RELATIONSHIP('','',#13567,#13562);
#13570=APPLICATION_CONTEXT('automotive_design');
#13571=APPLICATION_PROTOCOL_DEFINITION('international standard',
'automotive_design',2001,#13570);
#13572=PRODUCT_DEFINITION_CONTEXT('part definition',#13570,'design');
#13573=PRODUCT_CONTEXT('',#13570,'mechanical');
#13574=PRODUCT('BOTTOM-CAB','BOTTOM-CAB','NOT SPECIFIED',(#13573));
#13575=PRODUCT_DEFINITION_FORMATION('1','LAST_VERSION',#13574);
#13583=DERIVED_UNIT_ELEMENT(#13582,2.E0);
#13584=DERIVED_UNIT((#13583));
#13585=MEASURE_REPRESENTATION_ITEM('surface area measure',AREA_MEASURE(
6.393596967249E2),#13584);
#13590=DERIVED_UNIT_ELEMENT(#13589,3.E0);
#13591=DERIVED_UNIT((#13590));
#13592=MEASURE_REPRESENTATION_ITEM('volume measure',VOLUME_MEASURE(
2.543066639697E2),#13591);
#13596=CARTESIAN_POINT('centre point',(1.084745610338E-1,-2.084245706283E-1,
-1.697943303741E-1));
#13605=DERIVED_UNIT_ELEMENT(#13604,2.E0);
#13606=DERIVED_UNIT((#13605));
#13607=MEASURE_REPRESENTATION_ITEM('surface area measure',AREA_MEASURE(
3.048424002970E2),#13606);
#13612=DERIVED_UNIT_ELEMENT(#13611,2.E0);
#13613=DERIVED_UNIT((#13612));
#13614=MEASURE_REPRESENTATION_ITEM('surface area measure',AREA_MEASURE(
9.442020970219E2),#13613);
#13619=DERIVED_UNIT_ELEMENT(#13618,3.E0);
#13620=DERIVED_UNIT((#13619));
#13621=MEASURE_REPRESENTATION_ITEM('volume measure',VOLUME_MEASURE(
2.543066639697E2),#13620);
#13625=CARTESIAN_POINT('centre point',(1.084745610338E-1,-2.084245706283E-1,
-1.697943303741E-1));
#13631=GENERAL_PROPERTY('','DESCRIPTION','user defined attribute');
#13632=GENERAL_PROPERTY_ASSOCIATION('user defined attribute','',#13631,#13630);
#13633=DESCRIPTIVE_REPRESENTATION_ITEM('DESCRIPTION','');
#13637=GENERAL_PROPERTY('','MODELED_BY','user defined attribute');
#13638=GENERAL_PROPERTY_ASSOCIATION('user defined attribute','',#13637,#13636);
#13639=DESCRIPTIVE_REPRESENTATION_ITEM('MODELED_BY','');
#13647=CARTESIAN_POINT('centre point',(1.084745610338E-1,-2.084245706283E-1,
-1.697943303741E-1));
#13651=CARTESIAN_POINT('',(0.E0,0.E0,0.E0));
#13652=DIRECTION('',(0.E0,0.E0,1.E0));
#13653=DIRECTION('',(1.E0,0.E0,0.E0));
#13654=AXIS2_PLACEMENT_3D('',#13651,#13652,#13653);
#13655=ITEM_DEFINED_TRANSFORMATION('','',#13566,#13654);
#13656=(REPRESENTATION_RELATIONSHIP('','',#13567,#13644)REPRESENTATION_RELATIONSHIP_WITH_TRANSFORMATION(#13655)SHAPE_REPRESENTATION_RELATIONSHIP());
#13657=CONTEXT_DEPENDENT_SHAPE_REPRESENTATION(#13656,#13646);
#13660=DIRECTION('',(1.E0,0.E0,0.E0));
#13661=VECTOR('',#13660,8.882596125682E-1);
#13662=CARTESIAN_POINT('',(-7.188259612568E0,-1.015722333785E0,6.E0));
#13663=LINE('',#13662,#13661);
#13664=CURVE_STYLE('',#67,POSITIVE_LENGTH_MEASURE(2.E-2),#13658);
#13665=PRESENTATION_STYLE_ASSIGNMENT((#13664));
#13666=STYLED_ITEM('',(#13665),#13663);
#13667=DIRECTION('',(1.E0,0.E0,0.E0));
#13668=VECTOR('',#13667,8.882596125682E-1);
#13669=CARTESIAN_POINT('',(-7.188259612568E0,1.015722333785E0,6.E0));
#13670=LINE('',#13669,#13668);
#13671=CURVE_STYLE('',#67,POSITIVE_LENGTH_MEASURE(2.E-2),#13658);
#13672=PRESENTATION_STYLE_ASSIGNMENT((#13671));
#13673=STYLED_ITEM('',(#13672),#13670);
#13674=DIRECTION('',(0.E0,-1.E0,0.E0));
#13675=VECTOR('',#13674,7.536214638637E0);
#13676=CARTESIAN_POINT('',(7.438107206417E0,3.768107319318E0,5.758724870233E0));
#13677=LINE('',#13676,#13675);
#13678=CURVE_STYLE('',#67,POSITIVE_LENGTH_MEASURE(2.E-2),#13658);
#13679=PRESENTATION_STYLE_ASSIGNMENT((#13678));
#13680=STYLED_ITEM('',(#13679),#13677);
#13681=DIRECTION('',(0.E0,1.E0,0.E0));
#13682=VECTOR('',#13681,7.536214638646E0);
#13683=CARTESIAN_POINT('',(7.188259612568E0,-3.768107319323E0,
5.999999999995E0));
#13684=LINE('',#13683,#13682);
#13685=CURVE_STYLE('',#67,POSITIVE_LENGTH_MEASURE(2.E-2),#13658);
#13686=PRESENTATION_STYLE_ASSIGNMENT((#13685));
#13687=STYLED_ITEM('',(#13686),#13684);
#13688=DIRECTION('',(0.E0,-1.E0,0.E0));
#13689=VECTOR('',#13688,7.900000024080E0);
#13690=CARTESIAN_POINT('',(7.62E0,3.950000012040E0,5.500000000005E-1));
#13691=LINE('',#13690,#13689);
#13692=CURVE_STYLE('',#67,POSITIVE_LENGTH_MEASURE(2.E-2),#13658);
#13693=PRESENTATION_STYLE_ASSIGNMENT((#13692));
#13694=STYLED_ITEM('',(#13693),#13691);
#13695=DIRECTION('',(0.E0,-1.E0,0.E0));
#13696=VECTOR('',#13695,2.E0);
#13697=CARTESIAN_POINT('',(-7.440158037117E0,1.E0,5.7E0));
#13698=LINE('',#13697,#13696);
#13699=CURVE_STYLE('',#67,POSITIVE_LENGTH_MEASURE(2.E-2),#13658);
#13700=PRESENTATION_STYLE_ASSIGNMENT((#13699));
#13701=STYLED_ITEM('',(#13700),#13698);
#13702=DIRECTION('',(-3.485172628961E-2,5.230416183842E-2,-9.980228613759E-1));
#13703=VECTOR('',#13702,5.884121140739E-2);
#13704=CARTESIAN_POINT('',(-7.438107319323E0,-1.003077640244E0,
5.758724874176E0));
#13705=LINE('',#13704,#13703);
#13706=CURVE_STYLE('',#67,POSITIVE_LENGTH_MEASURE(2.E-2),#13658);
#13707=PRESENTATION_STYLE_ASSIGNMENT((#13706));
#13708=STYLED_ITEM('',(#13707),#13705);
#13709=DIRECTION('',(0.E0,1.E0,0.E0));
#13710=VECTOR('',#13709,7.900000024080E0);
#13711=CARTESIAN_POINT('',(-7.62E0,-3.950000012040E0,5.500000000005E-1));
#13712=LINE('',#13711,#13710);
#13713=CURVE_STYLE('',#67,POSITIVE_LENGTH_MEASURE(2.E-2),#13658);
#13714=PRESENTATION_STYLE_ASSIGNMENT((#13713));
#13715=STYLED_ITEM('',(#13714),#13712);
#13716=DIRECTION('',(-3.485172628961E-2,-5.230416183842E-2,-9.980228613759E-1));
#13717=VECTOR('',#13716,5.884121140739E-2);
#13718=CARTESIAN_POINT('',(-7.438107319323E0,1.003077640244E0,
5.758724874176E0));
#13719=LINE('',#13718,#13717);
#13720=CURVE_STYLE('',#67,POSITIVE_LENGTH_MEASURE(2.E-2),#13658);
#13721=PRESENTATION_STYLE_ASSIGNMENT((#13720));
#13722=STYLED_ITEM('',(#13721),#13719);
#13723=DIRECTION('',(-1.E0,0.E0,0.E0));
#13724=VECTOR('',#13723,1.140158037117E0);
#13725=CARTESIAN_POINT('',(-6.3E0,1.E0,5.7E0));
#13726=LINE('',#13725,#13724);
#13727=CURVE_STYLE('',#67,POSITIVE_LENGTH_MEASURE(2.E-2),#13658);
#13728=PRESENTATION_STYLE_ASSIGNMENT((#13727));
#13729=STYLED_ITEM('',(#13728),#13726);
#13730=DIRECTION('',(-1.E0,0.E0,0.E0));
#13731=VECTOR('',#13730,1.140158037117E0);
#13732=CARTESIAN_POINT('',(-6.3E0,-1.E0,5.7E0));
#13733=LINE('',#13732,#13731);
#13734=CURVE_STYLE('',#67,POSITIVE_LENGTH_MEASURE(2.E-2),#13658);
#13735=PRESENTATION_STYLE_ASSIGNMENT((#13734));
#13736=STYLED_ITEM('',(#13735),#13733);
#13737=DIRECTION('',(0.E0,-5.233595624294E-2,-9.986295347546E-1));
#13738=VECTOR('',#13737,3.004117037994E-1);
#13739=CARTESIAN_POINT('',(-6.3E0,1.015722333785E0,6.E0));
#13740=LINE('',#13739,#13738);
#13741=CURVE_STYLE('',#67,POSITIVE_LENGTH_MEASURE(2.E-2),#13658);
#13742=PRESENTATION_STYLE_ASSIGNMENT((#13741));
#13743=STYLED_ITEM('',(#13742),#13740);
#13744=CARTESIAN_POINT('',(-7.188259612568E0,1.015722333785E0,6.E0));
#13745=CARTESIAN_POINT('',(-7.228524220812E0,1.015722333785E0,6.E0));
#13746=CARTESIAN_POINT('',(-7.292542942353E0,1.014827582560E0,
5.982927129583E0));
#13747=CARTESIAN_POINT('',(-7.365443255451E0,1.012232095368E0,
5.933402283688E0));
#13748=CARTESIAN_POINT('',(-7.417444017543E0,1.008504001375E0,
5.862266012621E0));
#13749=CARTESIAN_POINT('',(-7.436704028217E0,1.005183646830E0,
5.798909873707E0));
#13750=CARTESIAN_POINT('',(-7.438107319323E0,1.003077640244E0,
5.758724874176E0));
#13752=CURVE_STYLE('',#67,POSITIVE_LENGTH_MEASURE(2.E-2),#13658);
#13753=PRESENTATION_STYLE_ASSIGNMENT((#13752));
#13754=STYLED_ITEM('',(#13753),#13751);
#13755=CARTESIAN_POINT('',(-6.3E0,0.E0,5.7E0));
#13756=DIRECTION('',(0.E0,0.E0,1.E0));
#13757=DIRECTION('',(0.E0,-1.E0,0.E0));
#13758=AXIS2_PLACEMENT_3D('',#13755,#13756,#13757);
#13760=CURVE_STYLE('',#67,POSITIVE_LENGTH_MEASURE(2.E-2),#13658);
#13761=PRESENTATION_STYLE_ASSIGNMENT((#13760));
#13762=STYLED_ITEM('',(#13761),#13759);
#13763=CARTESIAN_POINT('',(-6.3E0,0.E0,6.E0));
#13764=DIRECTION('',(0.E0,0.E0,-1.E0));
#13765=DIRECTION('',(0.E0,1.E0,0.E0));
#13766=AXIS2_PLACEMENT_3D('',#13763,#13764,#13765);
#13768=CURVE_STYLE('',#67,POSITIVE_LENGTH_MEASURE(2.E-2),#13658);
#13769=PRESENTATION_STYLE_ASSIGNMENT((#13768));
#13770=STYLED_ITEM('',(#13769),#13767);
#13771=CARTESIAN_POINT('',(-7.188259612568E0,-1.015722333785E0,6.E0));
#13772=CARTESIAN_POINT('',(-7.228524220812E0,-1.015722333785E0,6.E0));
#13773=CARTESIAN_POINT('',(-7.292542942353E0,-1.014827582560E0,
5.982927129583E0));
#13774=CARTESIAN_POINT('',(-7.365443255451E0,-1.012232095368E0,
5.933402283688E0));
#13775=CARTESIAN_POINT('',(-7.417444017543E0,-1.008504001375E0,
5.862266012621E0));
#13776=CARTESIAN_POINT('',(-7.436704028217E0,-1.005183646830E0,
5.798909873707E0));
#13777=CARTESIAN_POINT('',(-7.438107319323E0,-1.003077640244E0,
5.758724874176E0));
#13779=CURVE_STYLE('',#67,POSITIVE_LENGTH_MEASURE(2.E-2),#13658);
#13780=PRESENTATION_STYLE_ASSIGNMENT((#13779));
#13781=STYLED_ITEM('',(#13780),#13778);
#13782=DIRECTION('',(0.E0,5.233595624294E-2,-9.986295347546E-1));
#13783=VECTOR('',#13782,3.004117037994E-1);
#13784=CARTESIAN_POINT('',(-6.3E0,-1.015722333785E0,6.E0));
#13785=LINE('',#13784,#13783);
#13786=CURVE_STYLE('',#67,POSITIVE_LENGTH_MEASURE(2.E-2),#13658);
#13787=PRESENTATION_STYLE_ASSIGNMENT((#13786));
#13788=STYLED_ITEM('',(#13787),#13785);
#13789=DIRECTION('',(0.E0,1.E0,2.078150060011E-12));
#13790=VECTOR('',#13789,2.752384985538E0);
#13791=CARTESIAN_POINT('',(-7.188259612568E0,-3.768107319323E0,
5.999999999994E0));
#13792=LINE('',#13791,#13790);
#13793=CURVE_STYLE('',#67,POSITIVE_LENGTH_MEASURE(2.E-2),#13658);
#13794=PRESENTATION_STYLE_ASSIGNMENT((#13793));
#13795=STYLED_ITEM('',(#13794),#13792);
#13796=CARTESIAN_POINT('',(-7.188259612568E0,-3.768107319325E0,5.75E0));
#13797=DIRECTION('',(0.E0,-1.E0,0.E0));
#13798=DIRECTION('',(0.E0,0.E0,1.E0));
#13799=AXIS2_PLACEMENT_3D('',#13796,#13797,#13798);
#13801=CURVE_STYLE('',#67,POSITIVE_LENGTH_MEASURE(2.E-2),#13658);
#13802=PRESENTATION_STYLE_ASSIGNMENT((#13801));
#13803=STYLED_ITEM('',(#13802),#13800);
#13804=DIRECTION('',(-4.856033062470E-8,1.E0,1.695776518039E-9));
#13805=VECTOR('',#13804,2.765029679076E0);
#13806=CARTESIAN_POINT('',(-7.438107185052E0,-3.768107319321E0,
5.758724869487E0));
#13807=LINE('',#13806,#13805);
#13808=CURVE_STYLE('',#67,POSITIVE_LENGTH_MEASURE(2.E-2),#13658);
#13809=PRESENTATION_STYLE_ASSIGNMENT((#13808));
#13810=STYLED_ITEM('',(#13809),#13807);
#13811=CARTESIAN_POINT('',(-7.138107319323E0,-3.818259612568E0,
5.999999999995E0));
#13812=CARTESIAN_POINT('',(-7.141408115129E0,-3.818257632260E0,
5.999999999995E0));
#13813=CARTESIAN_POINT('',(-7.147589521874E0,-3.817659527266E0,
6.000000000002E0));
#13814=CARTESIAN_POINT('',(-7.156167165702E0,-3.815315806096E0,
5.999999999999E0));
#13815=CARTESIAN_POINT('',(-7.162371340653E0,-3.812587311184E0,6.E0));
#13816=CARTESIAN_POINT('',(-7.167121733648E0,-3.809635893256E0,6.E0));
#13817=CARTESIAN_POINT('',(-7.171926233955E0,-3.805826829556E0,6.E0));
#13818=CARTESIAN_POINT('',(-7.176303421103E0,-3.801366236901E0,6.E0));
#13819=CARTESIAN_POINT('',(-7.179959198753E0,-3.796674909957E0,6.E0));
#13820=CARTESIAN_POINT('',(-7.182822042976E0,-3.791885307658E0,6.E0));
#13821=CARTESIAN_POINT('',(-7.185442706073E0,-3.785787772188E0,
5.999999999999E0));
#13822=CARTESIAN_POINT('',(-7.187676965909E0,-3.777407458090E0,
6.000000000003E0));
#13823=CARTESIAN_POINT('',(-7.188260746833E0,-3.771345428334E0,
5.999999999994E0));
#13824=CARTESIAN_POINT('',(-7.188259612568E0,-3.768107319323E0,
5.999999999994E0));
#13826=CURVE_STYLE('',#67,POSITIVE_LENGTH_MEASURE(2.E-2),#13658);
#13827=PRESENTATION_STYLE_ASSIGNMENT((#13826));
#13828=STYLED_ITEM('',(#13827),#13825);
#13829=CARTESIAN_POINT('',(-7.138108515751E0,-3.818256833138E0,5.75E0));
#13830=DIRECTION('',(9.999999994547E-1,3.302413369823E-5,0.E0));
#13831=DIRECTION('',(3.671587478493E-10,-1.111787719665E-5,9.999999999382E-1));
#13832=AXIS2_PLACEMENT_3D('',#13829,#13830,#13831);
#13834=CURVE_STYLE('',#67,POSITIVE_LENGTH_MEASURE(2.E-2),#13658);
#13835=PRESENTATION_STYLE_ASSIGNMENT((#13834));
#13836=STYLED_ITEM('',(#13835),#13833);
#13837=CARTESIAN_POINT('',(-7.138107319325E0,-4.068107371404E0,
5.758724875994E0));
#13838=CARTESIAN_POINT('',(-7.157308833386E0,-4.068087692973E0,
5.759283286275E0));
#13839=CARTESIAN_POINT('',(-7.193442869842E0,-4.064363328889E0,
5.760209378197E0));
#13840=CARTESIAN_POINT('',(-7.239304108535E0,-4.051809549050E0,
5.761157978510E0));
#13841=CARTESIAN_POINT('',(-7.278555642297E0,-4.034517035606E0,
5.761808942401E0));
#13842=CARTESIAN_POINT('',(-7.311633537666E0,-4.014099113680E0,
5.762185416066E0));
#13843=CARTESIAN_POINT('',(-7.339722861945E0,-3.991476521572E0,
5.762343247572E0));
#13844=CARTESIAN_POINT('',(-7.364271816702E0,-3.966588431771E0,
5.762332495907E0));
#13845=CARTESIAN_POINT('',(-7.386339468315E0,-3.938378374867E0,
5.762157518682E0));
#13846=CARTESIAN_POINT('',(-7.406050207443E0,-3.905532952053E0,
5.761761210657E0));
#13847=CARTESIAN_POINT('',(-7.422550002464E0,-3.866993210378E0,
5.761114876198E0));
#13848=CARTESIAN_POINT('',(-7.434523962652E0,-3.822212327395E0,
5.760178911890E0));
#13849=CARTESIAN_POINT('',(-7.438087946239E0,-3.786895893091E0,
5.759270832374E0));
#13850=CARTESIAN_POINT('',(-7.438107185052E0,-3.768107319321E0,
5.758724869487E0));
#13852=CURVE_STYLE('',#67,POSITIVE_LENGTH_MEASURE(2.E-2),#13658);
#13853=PRESENTATION_STYLE_ASSIGNMENT((#13852));
#13854=STYLED_ITEM('',(#13853),#13851);
#13855=DIRECTION('',(-1.E0,0.E0,2.488554402358E-14));
#13856=VECTOR('',#13855,1.427621463865E1);
#13857=CARTESIAN_POINT('',(7.138107319323E0,-3.818259612568E0,
5.999999999994E0));
#13858=LINE('',#13857,#13856);
#13859=CURVE_STYLE('',#67,POSITIVE_LENGTH_MEASURE(2.E-2),#13658);
#13860=PRESENTATION_STYLE_ASSIGNMENT((#13859));
#13861=STYLED_ITEM('',(#13860),#13858);
#13862=CARTESIAN_POINT('',(7.138107319313E0,-3.818259612568E0,5.75E0));
#13863=DIRECTION('',(1.E0,0.E0,0.E0));
#13864=DIRECTION('',(0.E0,0.E0,1.E0));
#13865=AXIS2_PLACEMENT_3D('',#13862,#13863,#13864);
#13867=CURVE_STYLE('',#67,POSITIVE_LENGTH_MEASURE(2.E-2),#13658);
#13868=PRESENTATION_STYLE_ASSIGNMENT((#13867));
#13869=STYLED_ITEM('',(#13868),#13866);
#13870=DIRECTION('',(-1.E0,-1.301371731549E-9,4.544710034533E-11));
#13871=VECTOR('',#13870,1.427621463865E1);
#13872=CARTESIAN_POINT('',(7.138107319324E0,-4.068107352825E0,
5.758724875346E0));
#13873=LINE('',#13872,#13871);
#13874=CURVE_STYLE('',#67,POSITIVE_LENGTH_MEASURE(2.E-2),#13658);
#13875=PRESENTATION_STYLE_ASSIGNMENT((#13874));
#13876=STYLED_ITEM('',(#13875),#13873);
#13877=CARTESIAN_POINT('',(7.188259612568E0,-3.768107319323E0,
5.999999999995E0));
#13878=CARTESIAN_POINT('',(7.188260694835E0,-3.771345427119E0,
5.999999999995E0));
#13879=CARTESIAN_POINT('',(7.187676969277E0,-3.777407454800E0,
6.000000000003E0));
#13880=CARTESIAN_POINT('',(7.185442708261E0,-3.785787774149E0,
5.999999999999E0));
#13881=CARTESIAN_POINT('',(7.182822041899E0,-3.791885306876E0,6.E0));
#13882=CARTESIAN_POINT('',(7.179959199116E0,-3.796674910233E0,6.E0));
#13883=CARTESIAN_POINT('',(7.176303420968E0,-3.801366236746E0,6.E0));
#13884=CARTESIAN_POINT('',(7.171926234106E0,-3.805826829876E0,6.E0));
#13885=CARTESIAN_POINT('',(7.167121733223E0,-3.809635892175E0,6.E0));
#13886=CARTESIAN_POINT('',(7.162371341926E0,-3.812587314791E0,6.E0));
#13887=CARTESIAN_POINT('',(7.156167162491E0,-3.815315795554E0,
5.999999999999E0));
#13888=CARTESIAN_POINT('',(7.147589527261E0,-3.817659548178E0,
6.000000000003E0));
#13889=CARTESIAN_POINT('',(7.141408117181E0,-3.818257659461E0,
5.999999999994E0));
#13890=CARTESIAN_POINT('',(7.138107319323E0,-3.818259612568E0,
5.999999999994E0));
#13892=CURVE_STYLE('',#67,POSITIVE_LENGTH_MEASURE(2.E-2),#13658);
#13893=PRESENTATION_STYLE_ASSIGNMENT((#13892));
#13894=STYLED_ITEM('',(#13893),#13891);
#13895=CARTESIAN_POINT('',(7.188256741918E0,-3.768109109122E0,5.75E0));
#13896=DIRECTION('',(-4.943864703550E-5,9.999999987779E-1,0.E0));
#13897=DIRECTION('',(1.148295509523E-5,5.677023295902E-10,9.999999999341E-1));
#13898=AXIS2_PLACEMENT_3D('',#13895,#13896,#13897);
#13900=CURVE_STYLE('',#67,POSITIVE_LENGTH_MEASURE(2.E-2),#13658);
#13901=PRESENTATION_STYLE_ASSIGNMENT((#13900));
#13902=STYLED_ITEM('',(#13901),#13899);
#13903=CARTESIAN_POINT('',(7.438107206417E0,-3.768107319318E0,
5.758724870233E0));
#13904=CARTESIAN_POINT('',(7.438087943786E0,-3.786895605452E0,
5.759270858521E0));
#13905=CARTESIAN_POINT('',(7.434523998565E0,-3.822211809710E0,
5.760178870747E0));
#13906=CARTESIAN_POINT('',(7.422550114523E0,-3.866993012800E0,
5.761114883443E0));
#13907=CARTESIAN_POINT('',(7.406050327037E0,-3.905532678030E0,
5.761761203055E0));
#13908=CARTESIAN_POINT('',(7.386339616697E0,-3.938378173454E0,
5.762157517951E0));
#13909=CARTESIAN_POINT('',(7.364271978150E0,-3.966588242801E0,
5.762332494937E0));
#13910=CARTESIAN_POINT('',(7.339723052912E0,-3.991476353983E0,
5.762343248240E0));
#13911=CARTESIAN_POINT('',(7.311633743481E0,-4.014098954799E0,
5.762185417449E0));
#13912=CARTESIAN_POINT('',(7.278555951253E0,-4.034516900559E0,
5.761808947950E0));
#13913=CARTESIAN_POINT('',(7.239304292835E0,-4.051809421070E0,
5.761157977518E0));
#13914=CARTESIAN_POINT('',(7.193443598232E0,-4.064363286150E0,
5.760209410447E0));
#13915=CARTESIAN_POINT('',(7.157308911991E0,-4.068087669589E0,
5.759283255767E0));
#13916=CARTESIAN_POINT('',(7.138107319324E0,-4.068107352825E0,
5.758724875346E0));
#13918=CURVE_STYLE('',#67,POSITIVE_LENGTH_MEASURE(2.E-2),#13658);
#13919=PRESENTATION_STYLE_ASSIGNMENT((#13918));
#13920=STYLED_ITEM('',(#13919),#13917);
#13921=DIRECTION('',(3.487828438951E-2,-3.487826504915E-2,-9.987827651222E-1));
#13922=VECTOR('',#13921,5.215072838782E0);
#13923=CARTESIAN_POINT('',(7.438107206417E0,-3.768107319318E0,
5.758724870233E0));
#13924=LINE('',#13923,#13922);
#13925=CURVE_STYLE('',#67,POSITIVE_LENGTH_MEASURE(2.E-2),#13658);
#13926=PRESENTATION_STYLE_ASSIGNMENT((#13925));
#13927=STYLED_ITEM('',(#13926),#13924);
#13928=CARTESIAN_POINT('',(7.320000033930E0,-4.25E0,5.500000000005E-1));
#13929=CARTESIAN_POINT('',(7.372359911490E0,-4.25E0,5.500000000005E-1));
#13930=CARTESIAN_POINT('',(7.477079616845E0,-4.222584433825E0,
5.499999999998E-1));
#13931=CARTESIAN_POINT('',(7.592584436743E0,-4.107079627061E0,
5.499999999998E-1));
#13932=CARTESIAN_POINT('',(7.62E0,-4.002359889600E0,5.500000000005E-1));
#13933=CARTESIAN_POINT('',(7.62E0,-3.950000012040E0,5.500000000005E-1));
#13935=CURVE_STYLE('',#67,POSITIVE_LENGTH_MEASURE(2.E-2),#13658);
#13936=PRESENTATION_STYLE_ASSIGNMENT((#13935));
#13937=STYLED_ITEM('',(#13936),#13934);
#13938=DIRECTION('',(3.487826924051E-2,-3.487825631034E-2,-9.987827659564E-1));
#13939=VECTOR('',#13938,5.215072839545E0);
#13940=CARTESIAN_POINT('',(7.138107319324E0,-4.068107352825E0,
5.758724875346E0));
#13941=LINE('',#13940,#13939);
#13942=CURVE_STYLE('',#67,POSITIVE_LENGTH_MEASURE(2.E-2),#13658);
#13943=PRESENTATION_STYLE_ASSIGNMENT((#13942));
#13944=STYLED_ITEM('',(#13943),#13941);
#13945=DIRECTION('',(1.E0,0.E0,0.E0));
#13946=VECTOR('',#13945,1.464000006786E1);
#13947=CARTESIAN_POINT('',(-7.320000033930E0,-4.25E0,5.500000000005E-1));
#13948=LINE('',#13947,#13946);
#13949=CURVE_STYLE('',#67,POSITIVE_LENGTH_MEASURE(2.E-2),#13658);
#13950=PRESENTATION_STYLE_ASSIGNMENT((#13949));
#13951=STYLED_ITEM('',(#13950),#13948);
#13952=DIRECTION('',(-3.487826924026E-2,-3.487825274785E-2,-9.987827660808E-1));
#13953=VECTOR('',#13952,5.215072839545E0);
#13954=CARTESIAN_POINT('',(-7.138107319325E0,-4.068107371404E0,
5.758724875994E0));
#13955=LINE('',#13954,#13953);
#13956=CURVE_STYLE('',#67,POSITIVE_LENGTH_MEASURE(2.E-2),#13658);
#13957=PRESENTATION_STYLE_ASSIGNMENT((#13956));
#13958=STYLED_ITEM('',(#13957),#13955);
#13959=CARTESIAN_POINT('',(-7.320000033930E0,-4.25E0,5.500000000005E-1));
#13960=CARTESIAN_POINT('',(-7.372359911490E0,-4.25E0,5.500000000005E-1));
#13961=CARTESIAN_POINT('',(-7.477079616845E0,-4.222584433825E0,
5.499999999998E-1));
#13962=CARTESIAN_POINT('',(-7.592584436743E0,-4.107079627061E0,
5.499999999998E-1));
#13963=CARTESIAN_POINT('',(-7.62E0,-4.002359889600E0,5.500000000005E-1));
#13964=CARTESIAN_POINT('',(-7.62E0,-3.950000012040E0,5.500000000005E-1));
#13966=CURVE_STYLE('',#67,POSITIVE_LENGTH_MEASURE(2.E-2),#13658);
#13967=PRESENTATION_STYLE_ASSIGNMENT((#13966));
#13968=STYLED_ITEM('',(#13967),#13965);
#13969=DIRECTION('',(-3.487828848624E-2,-3.487826504872E-2,-9.987827649792E-1));
#13970=VECTOR('',#13969,5.215072838782E0);
#13971=CARTESIAN_POINT('',(-7.438107185052E0,-3.768107319321E0,
5.758724869487E0));
#13972=LINE('',#13971,#13970);
#13973=CURVE_STYLE('',#67,POSITIVE_LENGTH_MEASURE(2.E-2),#13658);
#13974=PRESENTATION_STYLE_ASSIGNMENT((#13973));
#13975=STYLED_ITEM('',(#13974),#13972);
#13976=DIRECTION('',(-4.856033062470E-8,-1.E0,1.695776518039E-9));
#13977=VECTOR('',#13976,2.765029679076E0);
#13978=CARTESIAN_POINT('',(-7.438107185052E0,3.768107319321E0,
5.758724869487E0));
#13979=LINE('',#13978,#13977);
#13980=CURVE_STYLE('',#67,POSITIVE_LENGTH_MEASURE(2.E-2),#13658);
#13981=PRESENTATION_STYLE_ASSIGNMENT((#13980));
#13982=STYLED_ITEM('',(#13981),#13979);
#13983=CARTESIAN_POINT('',(-7.188259612568E0,3.768107319325E0,5.75E0));
#13984=DIRECTION('',(0.E0,-1.E0,0.E0));
#13985=DIRECTION('',(0.E0,0.E0,1.E0));
#13986=AXIS2_PLACEMENT_3D('',#13983,#13984,#13985);
#13988=CURVE_STYLE('',#67,POSITIVE_LENGTH_MEASURE(2.E-2),#13658);
#13989=PRESENTATION_STYLE_ASSIGNMENT((#13988));
#13990=STYLED_ITEM('',(#13989),#13987);
#13991=DIRECTION('',(0.E0,-1.E0,2.078150060011E-12));
#13992=VECTOR('',#13991,2.752384985538E0);
#13993=CARTESIAN_POINT('',(-7.188259612568E0,3.768107319323E0,
5.999999999994E0));
#13994=LINE('',#13993,#13992);
#13995=CURVE_STYLE('',#67,POSITIVE_LENGTH_MEASURE(2.E-2),#13658);
#13996=PRESENTATION_STYLE_ASSIGNMENT((#13995));
#13997=STYLED_ITEM('',(#13996),#13994);
#13998=CARTESIAN_POINT('',(-7.138107319323E0,3.818259612568E0,
5.999999999995E0));
#13999=CARTESIAN_POINT('',(-7.141408115129E0,3.818257632260E0,
5.999999999995E0));
#14000=CARTESIAN_POINT('',(-7.147589521874E0,3.817659527266E0,
6.000000000002E0));
#14001=CARTESIAN_POINT('',(-7.156167165702E0,3.815315806096E0,
5.999999999999E0));
#14002=CARTESIAN_POINT('',(-7.162371340653E0,3.812587311184E0,6.E0));
#14003=CARTESIAN_POINT('',(-7.167121733648E0,3.809635893256E0,6.E0));
#14004=CARTESIAN_POINT('',(-7.171926233955E0,3.805826829556E0,6.E0));
#14005=CARTESIAN_POINT('',(-7.176303421103E0,3.801366236901E0,6.E0));
#14006=CARTESIAN_POINT('',(-7.179959198753E0,3.796674909957E0,6.E0));
#14007=CARTESIAN_POINT('',(-7.182822042976E0,3.791885307658E0,6.E0));
#14008=CARTESIAN_POINT('',(-7.185442706073E0,3.785787772188E0,
5.999999999999E0));
#14009=CARTESIAN_POINT('',(-7.187676965909E0,3.777407458090E0,
6.000000000003E0));
#14010=CARTESIAN_POINT('',(-7.188260746833E0,3.771345428334E0,
5.999999999994E0));
#14011=CARTESIAN_POINT('',(-7.188259612568E0,3.768107319323E0,
5.999999999994E0));
#14013=CURVE_STYLE('',#67,POSITIVE_LENGTH_MEASURE(2.E-2),#13658);
#14014=PRESENTATION_STYLE_ASSIGNMENT((#14013));
#14015=STYLED_ITEM('',(#14014),#14012);
#14016=CARTESIAN_POINT('',(-7.138107319325E0,4.068107371404E0,
5.758724875994E0));
#14017=CARTESIAN_POINT('',(-7.157308833386E0,4.068087692973E0,
5.759283286275E0));
#14018=CARTESIAN_POINT('',(-7.193442869842E0,4.064363328889E0,
5.760209378197E0));
#14019=CARTESIAN_POINT('',(-7.239304108535E0,4.051809549050E0,
5.761157978510E0));
#14020=CARTESIAN_POINT('',(-7.278555642297E0,4.034517035606E0,
5.761808942401E0));
#14021=CARTESIAN_POINT('',(-7.311633537666E0,4.014099113680E0,
5.762185416066E0));
#14022=CARTESIAN_POINT('',(-7.339722861945E0,3.991476521572E0,
5.762343247572E0));
#14023=CARTESIAN_POINT('',(-7.364271816702E0,3.966588431771E0,
5.762332495907E0));
#14024=CARTESIAN_POINT('',(-7.386339468315E0,3.938378374867E0,
5.762157518682E0));
#14025=CARTESIAN_POINT('',(-7.406050207443E0,3.905532952053E0,
5.761761210657E0));
#14026=CARTESIAN_POINT('',(-7.422550002464E0,3.866993210378E0,
5.761114876198E0));
#14027=CARTESIAN_POINT('',(-7.434523962652E0,3.822212327395E0,
5.760178911890E0));
#14028=CARTESIAN_POINT('',(-7.438087946239E0,3.786895893091E0,
5.759270832374E0));
#14029=CARTESIAN_POINT('',(-7.438107185052E0,3.768107319321E0,
5.758724869487E0));
#14031=CURVE_STYLE('',#67,POSITIVE_LENGTH_MEASURE(2.E-2),#13658);
#14032=PRESENTATION_STYLE_ASSIGNMENT((#14031));
#14033=STYLED_ITEM('',(#14032),#14030);
#14034=CARTESIAN_POINT('',(-7.138108515751E0,3.818256833138E0,5.75E0));
#14035=DIRECTION('',(-9.999999994547E-1,3.302413369823E-5,0.E0));
#14036=DIRECTION('',(3.671587478493E-10,1.111787719665E-5,9.999999999382E-1));
#14037=AXIS2_PLACEMENT_3D('',#14034,#14035,#14036);
#14039=CURVE_STYLE('',#67,POSITIVE_LENGTH_MEASURE(2.E-2),#13658);
#14040=PRESENTATION_STYLE_ASSIGNMENT((#14039));
#14041=STYLED_ITEM('',(#14040),#14038);
#14042=DIRECTION('',(-3.487828848624E-2,3.487826504872E-2,-9.987827649792E-1));
#14043=VECTOR('',#14042,5.215072838782E0);
#14044=CARTESIAN_POINT('',(-7.438107185052E0,3.768107319321E0,
5.758724869487E0));
#14045=LINE('',#14044,#14043);
#14046=CURVE_STYLE('',#67,POSITIVE_LENGTH_MEASURE(2.E-2),#13658);
#14047=PRESENTATION_STYLE_ASSIGNMENT((#14046));
#14048=STYLED_ITEM('',(#14047),#14045);
#14049=CARTESIAN_POINT('',(-7.320000033930E0,4.25E0,5.500000000005E-1));
#14050=CARTESIAN_POINT('',(-7.372359911490E0,4.25E0,5.500000000005E-1));
#14051=CARTESIAN_POINT('',(-7.477079616845E0,4.222584433825E0,
5.499999999998E-1));
#14052=CARTESIAN_POINT('',(-7.592584436743E0,4.107079627061E0,
5.499999999998E-1));
#14053=CARTESIAN_POINT('',(-7.62E0,4.002359889600E0,5.500000000005E-1));
#14054=CARTESIAN_POINT('',(-7.62E0,3.950000012040E0,5.500000000005E-1));
#14056=CURVE_STYLE('',#67,POSITIVE_LENGTH_MEASURE(2.E-2),#13658);
#14057=PRESENTATION_STYLE_ASSIGNMENT((#14056));
#14058=STYLED_ITEM('',(#14057),#14055);
#14059=DIRECTION('',(-3.487826924026E-2,3.487825274785E-2,-9.987827660808E-1));
#14060=VECTOR('',#14059,5.215072839545E0);
#14061=CARTESIAN_POINT('',(-7.138107319325E0,4.068107371404E0,
5.758724875994E0));
#14062=LINE('',#14061,#14060);
#14063=CURVE_STYLE('',#67,POSITIVE_LENGTH_MEASURE(2.E-2),#13658);
#14064=PRESENTATION_STYLE_ASSIGNMENT((#14063));
#14065=STYLED_ITEM('',(#14064),#14062);
#14066=DIRECTION('',(1.E0,0.E0,0.E0));
#14067=VECTOR('',#14066,1.464000006786E1);
#14068=CARTESIAN_POINT('',(-7.320000033930E0,4.25E0,5.500000000005E-1));
#14069=LINE('',#14068,#14067);
#14070=CURVE_STYLE('',#67,POSITIVE_LENGTH_MEASURE(2.E-2),#13658);
#14071=PRESENTATION_STYLE_ASSIGNMENT((#14070));
#14072=STYLED_ITEM('',(#14071),#14069);
#14073=DIRECTION('',(3.487826924051E-2,3.487825631034E-2,-9.987827659564E-1));
#14074=VECTOR('',#14073,5.215072839545E0);
#14075=CARTESIAN_POINT('',(7.138107319324E0,4.068107352825E0,5.758724875346E0));
#14076=LINE('',#14075,#14074);
#14077=CURVE_STYLE('',#67,POSITIVE_LENGTH_MEASURE(2.E-2),#13658);
#14078=PRESENTATION_STYLE_ASSIGNMENT((#14077));
#14079=STYLED_ITEM('',(#14078),#14076);
#14080=DIRECTION('',(-1.E0,0.E0,2.488554402358E-14));
#14081=VECTOR('',#14080,1.427621463865E1);
#14082=CARTESIAN_POINT('',(7.138107319323E0,3.818259612568E0,5.999999999994E0));
#14083=LINE('',#14082,#14081);
#14084=CURVE_STYLE('',#67,POSITIVE_LENGTH_MEASURE(2.E-2),#13658);
#14085=PRESENTATION_STYLE_ASSIGNMENT((#14084));
#14086=STYLED_ITEM('',(#14085),#14083);
#14087=DIRECTION('',(-1.E0,1.301371731549E-9,4.544710034533E-11));
#14088=VECTOR('',#14087,1.427621463865E1);
#14089=CARTESIAN_POINT('',(7.138107319324E0,4.068107352825E0,5.758724875346E0));
#14090=LINE('',#14089,#14088);
#14091=CURVE_STYLE('',#67,POSITIVE_LENGTH_MEASURE(2.E-2),#13658);
#14092=PRESENTATION_STYLE_ASSIGNMENT((#14091));
#14093=STYLED_ITEM('',(#14092),#14090);
#14094=CARTESIAN_POINT('',(7.138107319313E0,3.818259612568E0,5.75E0));
#14095=DIRECTION('',(-1.E0,0.E0,0.E0));
#14096=DIRECTION('',(0.E0,0.E0,1.E0));
#14097=AXIS2_PLACEMENT_3D('',#14094,#14095,#14096);
#14099=CURVE_STYLE('',#67,POSITIVE_LENGTH_MEASURE(2.E-2),#13658);
#14100=PRESENTATION_STYLE_ASSIGNMENT((#14099));
#14101=STYLED_ITEM('',(#14100),#14098);
#14102=CARTESIAN_POINT('',(7.188259612568E0,3.768107319323E0,5.999999999995E0));
#14103=CARTESIAN_POINT('',(7.188260694835E0,3.771345427119E0,5.999999999995E0));
#14104=CARTESIAN_POINT('',(7.187676969277E0,3.777407454800E0,6.000000000003E0));
#14105=CARTESIAN_POINT('',(7.185442708261E0,3.785787774149E0,5.999999999999E0));
#14106=CARTESIAN_POINT('',(7.182822041899E0,3.791885306876E0,6.E0));
#14107=CARTESIAN_POINT('',(7.179959199116E0,3.796674910233E0,6.E0));
#14108=CARTESIAN_POINT('',(7.176303420968E0,3.801366236746E0,6.E0));
#14109=CARTESIAN_POINT('',(7.171926234106E0,3.805826829876E0,6.E0));
#14110=CARTESIAN_POINT('',(7.167121733223E0,3.809635892175E0,6.E0));
#14111=CARTESIAN_POINT('',(7.162371341926E0,3.812587314791E0,6.E0));
#14112=CARTESIAN_POINT('',(7.156167162491E0,3.815315795554E0,5.999999999999E0));
#14113=CARTESIAN_POINT('',(7.147589527261E0,3.817659548178E0,6.000000000003E0));
#14114=CARTESIAN_POINT('',(7.141408117181E0,3.818257659461E0,5.999999999994E0));
#14115=CARTESIAN_POINT('',(7.138107319323E0,3.818259612568E0,5.999999999994E0));
#14117=CURVE_STYLE('',#67,POSITIVE_LENGTH_MEASURE(2.E-2),#13658);
#14118=PRESENTATION_STYLE_ASSIGNMENT((#14117));
#14119=STYLED_ITEM('',(#14118),#14116);
#14120=CARTESIAN_POINT('',(7.438107206417E0,3.768107319318E0,5.758724870233E0));
#14121=CARTESIAN_POINT('',(7.438087943786E0,3.786895605452E0,5.759270858521E0));
#14122=CARTESIAN_POINT('',(7.434523998565E0,3.822211809710E0,5.760178870747E0));
#14123=CARTESIAN_POINT('',(7.422550114523E0,3.866993012800E0,5.761114883443E0));
#14124=CARTESIAN_POINT('',(7.406050327037E0,3.905532678030E0,5.761761203055E0));
#14125=CARTESIAN_POINT('',(7.386339616697E0,3.938378173454E0,5.762157517951E0));
#14126=CARTESIAN_POINT('',(7.364271978150E0,3.966588242801E0,5.762332494937E0));
#14127=CARTESIAN_POINT('',(7.339723052912E0,3.991476353983E0,5.762343248240E0));
#14128=CARTESIAN_POINT('',(7.311633743481E0,4.014098954799E0,5.762185417449E0));
#14129=CARTESIAN_POINT('',(7.278555951253E0,4.034516900559E0,5.761808947950E0));
#14130=CARTESIAN_POINT('',(7.239304292835E0,4.051809421070E0,5.761157977518E0));
#14131=CARTESIAN_POINT('',(7.193443598232E0,4.064363286150E0,5.760209410447E0));
#14132=CARTESIAN_POINT('',(7.157308911991E0,4.068087669589E0,5.759283255767E0));
#14133=CARTESIAN_POINT('',(7.138107319324E0,4.068107352825E0,5.758724875346E0));
#14135=CURVE_STYLE('',#67,POSITIVE_LENGTH_MEASURE(2.E-2),#13658);
#14136=PRESENTATION_STYLE_ASSIGNMENT((#14135));
#14137=STYLED_ITEM('',(#14136),#14134);
#14138=CARTESIAN_POINT('',(7.188256741918E0,3.768109109122E0,5.75E0));
#14139=DIRECTION('',(4.943864703550E-5,9.999999987779E-1,0.E0));
#14140=DIRECTION('',(1.148295509523E-5,-5.677023295902E-10,9.999999999341E-1));
#14141=AXIS2_PLACEMENT_3D('',#14138,#14139,#14140);
#14143=CURVE_STYLE('',#67,POSITIVE_LENGTH_MEASURE(2.E-2),#13658);
#14144=PRESENTATION_STYLE_ASSIGNMENT((#14143));
#14145=STYLED_ITEM('',(#14144),#14142);
#14146=CARTESIAN_POINT('',(7.320000033930E0,4.25E0,5.500000000005E-1));
#14147=CARTESIAN_POINT('',(7.372359911490E0,4.25E0,5.500000000005E-1));
#14148=CARTESIAN_POINT('',(7.477079616845E0,4.222584433825E0,
5.499999999998E-1));
#14149=CARTESIAN_POINT('',(7.592584436743E0,4.107079627061E0,
5.499999999998E-1));
#14150=CARTESIAN_POINT('',(7.62E0,4.002359889600E0,5.500000000005E-1));
#14151=CARTESIAN_POINT('',(7.62E0,3.950000012040E0,5.500000000005E-1));
#14153=CURVE_STYLE('',#67,POSITIVE_LENGTH_MEASURE(2.E-2),#13658);
#14154=PRESENTATION_STYLE_ASSIGNMENT((#14153));
#14155=STYLED_ITEM('',(#14154),#14152);
#14156=DIRECTION('',(3.487828438951E-2,3.487826504915E-2,-9.987827651222E-1));
#14157=VECTOR('',#14156,5.215072838782E0);
#14158=CARTESIAN_POINT('',(7.438107206417E0,3.768107319318E0,5.758724870233E0));
#14159=LINE('',#14158,#14157);
#14160=CURVE_STYLE('',#67,POSITIVE_LENGTH_MEASURE(2.E-2),#13658);
#14161=PRESENTATION_STYLE_ASSIGNMENT((#14160));
#14162=STYLED_ITEM('',(#14161),#14159);
#14163=DIRECTION('',(-1.E0,0.E0,0.E0));
#14164=VECTOR('',#14163,1.384024366919E1);
#14165=CARTESIAN_POINT('',(6.920121834596E0,3.75E0,5.500000000005E-1));
#14166=LINE('',#14165,#14164);
#14167=CURVE_STYLE('',#67,POSITIVE_LENGTH_MEASURE(2.E-2),#13658);
#14168=PRESENTATION_STYLE_ASSIGNMENT((#14167));
#14169=STYLED_ITEM('',(#14168),#14166);
#14170=DIRECTION('',(-1.E0,0.E0,0.E0));
#14171=VECTOR('',#14170,1.357785041109E1);
#14172=CARTESIAN_POINT('',(6.788925205546E0,3.618803370950E0,4.306979899340E0));
#14173=LINE('',#14172,#14171);
#14174=CURVE_STYLE('',#67,POSITIVE_LENGTH_MEASURE(2.E-2),#13658);
#14175=PRESENTATION_STYLE_ASSIGNMENT((#14174));
#14176=STYLED_ITEM('',(#14175),#14173);
#14177=CARTESIAN_POINT('',(-6.788925205546E0,3.418925205546E0,4.3E0));
#14178=DIRECTION('',(-1.E0,0.E0,0.E0));
#14179=DIRECTION('',(0.E0,0.E0,1.E0));
#14180=AXIS2_PLACEMENT_3D('',#14177,#14178,#14179);
#14182=CURVE_STYLE('',#67,POSITIVE_LENGTH_MEASURE(2.E-2),#13658);
#14183=PRESENTATION_STYLE_ASSIGNMENT((#14182));
#14184=STYLED_ITEM('',(#14183),#14181);
#14185=DIRECTION('',(-1.E0,0.E0,0.E0));
#14186=VECTOR('',#14185,1.357785041109E1);
#14187=CARTESIAN_POINT('',(6.788925205546E0,3.418925205546E0,4.5E0));
#14188=LINE('',#14187,#14186);
#14189=CURVE_STYLE('',#67,POSITIVE_LENGTH_MEASURE(2.E-2),#13658);
#14190=PRESENTATION_STYLE_ASSIGNMENT((#14189));
#14191=STYLED_ITEM('',(#14190),#14188);
#14192=CARTESIAN_POINT('',(6.788925205546E0,3.418925205546E0,4.3E0));
#14193=DIRECTION('',(-1.E0,0.E0,0.E0));
#14194=DIRECTION('',(0.E0,0.E0,1.E0));
#14195=AXIS2_PLACEMENT_3D('',#14192,#14193,#14194);
#14197=CURVE_STYLE('',#67,POSITIVE_LENGTH_MEASURE(2.E-2),#13658);
#14198=PRESENTATION_STYLE_ASSIGNMENT((#14197));
#14199=STYLED_ITEM('',(#14198),#14196);
#14200=CARTESIAN_POINT('',(-6.788925205546E0,3.418925205546E0,4.3E0));
#14201=DIRECTION('',(3.487826274237E-2,-3.487826274237E-2,9.987827659587E-1));
#14202=DIRECTION('',(0.E0,9.993908270191E-1,3.489949670250E-2));
#14203=AXIS2_PLACEMENT_3D('',#14200,#14201,#14202);
#14205=CURVE_STYLE('',#67,POSITIVE_LENGTH_MEASURE(2.E-2),#13658);
#14206=PRESENTATION_STYLE_ASSIGNMENT((#14205));
#14207=STYLED_ITEM('',(#14206),#14204);
#14208=DIRECTION('',(-3.487826274237E-2,3.487826274237E-2,-9.987827659587E-1));
#14209=VECTOR('',#14208,3.761558596512E0);
#14210=CARTESIAN_POINT('',(-6.788925205546E0,3.618803370950E0,
4.306979899341E0));
#14211=LINE('',#14210,#14209);
#14212=CURVE_STYLE('',#67,POSITIVE_LENGTH_MEASURE(2.E-2),#13658);
#14213=PRESENTATION_STYLE_ASSIGNMENT((#14212));
#14214=STYLED_ITEM('',(#14213),#14211);
#14215=CARTESIAN_POINT('',(-6.920121834596E0,3.75E0,5.500000000005E-1));
#14216=CARTESIAN_POINT('',(-6.953434862163E0,3.75E0,5.500000000005E-1));
#14217=CARTESIAN_POINT('',(-7.005612643420E0,3.735551726122E0,
5.500000000005E-1));
#14218=CARTESIAN_POINT('',(-7.064416607705E0,3.694416607705E0,
5.500000000005E-1));
#14219=CARTESIAN_POINT('',(-7.105551726122E0,3.635612643420E0,
5.500000000005E-1));
#14220=CARTESIAN_POINT('',(-7.12E0,3.583434862163E0,5.500000000005E-1));
#14221=CARTESIAN_POINT('',(-7.12E0,3.550121834596E0,5.500000000005E-1));
#14223=CURVE_STYLE('',#67,POSITIVE_LENGTH_MEASURE(2.E-2),#13658);
#14224=PRESENTATION_STYLE_ASSIGNMENT((#14223));
#14225=STYLED_ITEM('',(#14224),#14222);
#14226=DIRECTION('',(-3.487826274237E-2,3.487826274237E-2,-9.987827659587E-1));
#14227=VECTOR('',#14226,3.761558596512E0);
#14228=CARTESIAN_POINT('',(-6.988803370950E0,3.418925205546E0,
4.306979899340E0));
#14229=LINE('',#14228,#14227);
#14230=CURVE_STYLE('',#67,POSITIVE_LENGTH_MEASURE(2.E-2),#13658);
#14231=PRESENTATION_STYLE_ASSIGNMENT((#14230));
#14232=STYLED_ITEM('',(#14231),#14229);
#14233=DIRECTION('',(0.E0,-1.E0,0.E0));
#14234=VECTOR('',#14233,6.366782587274E0);
#14235=CARTESIAN_POINT('',(-7.12E0,3.550121834596E0,5.500000000005E-1));
#14236=LINE('',#14235,#14234);
#14237=CURVE_STYLE('',#67,POSITIVE_LENGTH_MEASURE(2.E-2),#13658);
#14238=PRESENTATION_STYLE_ASSIGNMENT((#14237));
#14239=STYLED_ITEM('',(#14238),#14236);
#14240=DIRECTION('',(0.E0,-1.E0,0.E0));
#14241=VECTOR('',#14240,6.104389329174E0);
#14242=CARTESIAN_POINT('',(-6.788925205546E0,3.418925205546E0,4.5E0));
#14243=LINE('',#14242,#14241);
#14244=CURVE_STYLE('',#67,POSITIVE_LENGTH_MEASURE(2.E-2),#13658);
#14245=PRESENTATION_STYLE_ASSIGNMENT((#14244));
#14246=STYLED_ITEM('',(#14245),#14243);
#14247=CARTESIAN_POINT('',(-6.788925205546E0,3.418925205546E0,4.3E0));
#14248=DIRECTION('',(0.E0,-1.E0,0.E0));
#14249=DIRECTION('',(0.E0,0.E0,1.E0));
#14250=AXIS2_PLACEMENT_3D('',#14247,#14248,#14249);
#14252=CURVE_STYLE('',#67,POSITIVE_LENGTH_MEASURE(2.E-2),#13658);
#14253=PRESENTATION_STYLE_ASSIGNMENT((#14252));
#14254=STYLED_ITEM('',(#14253),#14251);
#14255=DIRECTION('',(0.E0,-1.E0,0.E0));
#14256=VECTOR('',#14255,6.104389329174E0);
#14257=CARTESIAN_POINT('',(-6.988803370950E0,3.418925205546E0,
4.306979899340E0));
#14258=LINE('',#14257,#14256);
#14259=CURVE_STYLE('',#67,POSITIVE_LENGTH_MEASURE(2.E-2),#13658);
#14260=PRESENTATION_STYLE_ASSIGNMENT((#14259));
#14261=STYLED_ITEM('',(#14260),#14258);
#14262=CARTESIAN_POINT('',(-6.788925205546E0,-2.685464123628E0,4.3E0));
#14263=DIRECTION('',(0.E0,-1.E0,0.E0));
#14264=DIRECTION('',(0.E0,0.E0,1.E0));
#14265=AXIS2_PLACEMENT_3D('',#14262,#14263,#14264);
#14267=CURVE_STYLE('',#67,POSITIVE_LENGTH_MEASURE(2.E-2),#13658);
#14268=PRESENTATION_STYLE_ASSIGNMENT((#14267));
#14269=STYLED_ITEM('',(#14268),#14266);
#14270=DIRECTION('',(1.E0,0.E0,0.E0));
#14271=VECTOR('',#14270,1.296339431933E1);
#14272=CARTESIAN_POINT('',(-6.481697159665E0,3.311575325069E0,4.5E0));
#14273=LINE('',#14272,#14271);
#14274=CURVE_STYLE('',#67,POSITIVE_LENGTH_MEASURE(2.E-2),#13658);
#14275=PRESENTATION_STYLE_ASSIGNMENT((#14274));
#14276=STYLED_ITEM('',(#14275),#14273);
#14277=DIRECTION('',(1.E0,0.E0,0.E0));
#14278=VECTOR('',#14277,1.222993323741E1);
#14279=CARTESIAN_POINT('',(-5.748236077747E0,-3.311575325069E0,4.5E0));
#14280=LINE('',#14279,#14278);
#14281=CURVE_STYLE('',#67,POSITIVE_LENGTH_MEASURE(2.E-2),#13658);
#14282=PRESENTATION_STYLE_ASSIGNMENT((#14281));
#14283=STYLED_ITEM('',(#14282),#14280);
#14284=DIRECTION('',(-3.487826274237E-2,-3.487826274237E-2,9.987827659587E-1));
#14285=VECTOR('',#14284,9.010968457551E-1);
#14286=CARTESIAN_POINT('',(6.681575325069E0,3.111697159665E0,4.5E0));
#14287=LINE('',#14286,#14285);
#14288=CURVE_STYLE('',#67,POSITIVE_LENGTH_MEASURE(2.E-2),#13658);
#14289=PRESENTATION_STYLE_ASSIGNMENT((#14288));
#14290=STYLED_ITEM('',(#14289),#14287);
#14291=CARTESIAN_POINT('',(6.681575325069E0,3.111697159665E0,4.5E0));
#14292=CARTESIAN_POINT('',(6.681575325069E0,3.145010187232E0,4.5E0));
#14293=CARTESIAN_POINT('',(6.667127051190E0,3.197187968488E0,4.5E0));
#14294=CARTESIAN_POINT('',(6.625991932773E0,3.255991932773E0,4.5E0));
#14295=CARTESIAN_POINT('',(6.567187968488E0,3.297127051190E0,4.5E0));
#14296=CARTESIAN_POINT('',(6.515010187232E0,3.311575325069E0,4.5E0));
#14297=CARTESIAN_POINT('',(6.481697159665E0,3.311575325069E0,4.5E0));
#14299=CURVE_STYLE('',#67,POSITIVE_LENGTH_MEASURE(2.E-2),#13658);
#14300=PRESENTATION_STYLE_ASSIGNMENT((#14299));
#14301=STYLED_ITEM('',(#14300),#14298);
#14302=DIRECTION('',(-3.487826274238E-2,-3.487826274237E-2,9.987827659587E-1));
#14303=VECTOR('',#14302,9.010968457551E-1);
#14304=CARTESIAN_POINT('',(6.481697159665E0,3.311575325069E0,4.5E0));
#14305=LINE('',#14304,#14303);
#14306=CURVE_STYLE('',#67,POSITIVE_LENGTH_MEASURE(2.E-2),#13658);
#14307=PRESENTATION_STYLE_ASSIGNMENT((#14306));
#14308=STYLED_ITEM('',(#14307),#14305);
#14309=CARTESIAN_POINT('',(6.450268467122E0,3.280146632526E0,5.4E0));
#14310=CARTESIAN_POINT('',(6.483581494689E0,3.280146632526E0,5.4E0));
#14311=CARTESIAN_POINT('',(6.535759275946E0,3.265698358648E0,5.4E0));
#14312=CARTESIAN_POINT('',(6.594563240231E0,3.224563240231E0,5.4E0));
#14313=CARTESIAN_POINT('',(6.635698358648E0,3.165759275946E0,5.4E0));
#14314=CARTESIAN_POINT('',(6.650146632526E0,3.113581494689E0,5.4E0));
#14315=CARTESIAN_POINT('',(6.650146632526E0,3.080268467122E0,5.4E0));
#14317=CURVE_STYLE('',#67,POSITIVE_LENGTH_MEASURE(2.E-2),#13658);
#14318=PRESENTATION_STYLE_ASSIGNMENT((#14317));
#14319=STYLED_ITEM('',(#14318),#14316);
#14320=DIRECTION('',(0.E0,1.E0,0.E0));
#14321=VECTOR('',#14320,6.223394319329E0);
#14322=CARTESIAN_POINT('',(6.681575325069E0,-3.111697159665E0,4.5E0));
#14323=LINE('',#14322,#14321);
#14324=CURVE_STYLE('',#67,POSITIVE_LENGTH_MEASURE(2.E-2),#13658);
#14325=PRESENTATION_STYLE_ASSIGNMENT((#14324));
#14326=STYLED_ITEM('',(#14325),#14323);
#14327=DIRECTION('',(0.E0,-1.E0,0.E0));
#14328=VECTOR('',#14327,6.160536934244E0);
#14329=CARTESIAN_POINT('',(6.650146632526E0,3.080268467122E0,5.4E0));
#14330=LINE('',#14329,#14328);
#14331=CURVE_STYLE('',#67,POSITIVE_LENGTH_MEASURE(2.E-2),#13658);
#14332=PRESENTATION_STYLE_ASSIGNMENT((#14331));
#14333=STYLED_ITEM('',(#14332),#14330);
#14334=DIRECTION('',(3.487826274237E-2,-3.487826274237E-2,-9.987827659587E-1));
#14335=VECTOR('',#14334,9.010968457551E-1);
#14336=CARTESIAN_POINT('',(6.650146632526E0,-3.080268467122E0,5.4E0));
#14337=LINE('',#14336,#14335);
#14338=CURVE_STYLE('',#67,POSITIVE_LENGTH_MEASURE(2.E-2),#13658);
#14339=PRESENTATION_STYLE_ASSIGNMENT((#14338));
#14340=STYLED_ITEM('',(#14339),#14337);
#14341=CARTESIAN_POINT('',(6.650146632526E0,-3.080268467122E0,5.4E0));
#14342=CARTESIAN_POINT('',(6.650146632526E0,-3.113581494689E0,5.4E0));
#14343=CARTESIAN_POINT('',(6.635698358648E0,-3.165759275946E0,5.4E0));
#14344=CARTESIAN_POINT('',(6.594563240231E0,-3.224563240231E0,5.4E0));
#14345=CARTESIAN_POINT('',(6.535759275946E0,-3.265698358648E0,5.4E0));
#14346=CARTESIAN_POINT('',(6.483581494689E0,-3.280146632526E0,5.4E0));
#14347=CARTESIAN_POINT('',(6.450268467122E0,-3.280146632526E0,5.4E0));
#14349=CURVE_STYLE('',#67,POSITIVE_LENGTH_MEASURE(2.E-2),#13658);
#14350=PRESENTATION_STYLE_ASSIGNMENT((#14349));
#14351=STYLED_ITEM('',(#14350),#14348);
#14352=DIRECTION('',(3.487826274238E-2,-3.487826274237E-2,-9.987827659587E-1));
#14353=VECTOR('',#14352,9.010968457551E-1);
#14354=CARTESIAN_POINT('',(6.450268467122E0,-3.280146632526E0,5.4E0));
#14355=LINE('',#14354,#14353);
#14356=CURVE_STYLE('',#67,POSITIVE_LENGTH_MEASURE(2.E-2),#13658);
#14357=PRESENTATION_STYLE_ASSIGNMENT((#14356));
#14358=STYLED_ITEM('',(#14357),#14355);
#14359=CARTESIAN_POINT('',(6.481697159665E0,-3.311575325069E0,4.5E0));
#14360=CARTESIAN_POINT('',(6.515010187232E0,-3.311575325069E0,4.5E0));
#14361=CARTESIAN_POINT('',(6.567187968488E0,-3.297127051190E0,4.5E0));
#14362=CARTESIAN_POINT('',(6.625991932773E0,-3.255991932773E0,4.5E0));
#14363=CARTESIAN_POINT('',(6.667127051190E0,-3.197187968488E0,4.5E0));
#14364=CARTESIAN_POINT('',(6.681575325069E0,-3.145010187232E0,4.5E0));
#14365=CARTESIAN_POINT('',(6.681575325069E0,-3.111697159665E0,4.5E0));
#14367=CURVE_STYLE('',#67,POSITIVE_LENGTH_MEASURE(2.E-2),#13658);
#14368=PRESENTATION_STYLE_ASSIGNMENT((#14367));
#14369=STYLED_ITEM('',(#14368),#14366);
#14370=DIRECTION('',(-1.E0,0.E0,0.E0));
#14371=VECTOR('',#14370,1.290053693424E1);
#14372=CARTESIAN_POINT('',(6.450268467122E0,3.280146632526E0,5.4E0));
#14373=LINE('',#14372,#14371);
#14374=CURVE_STYLE('',#67,POSITIVE_LENGTH_MEASURE(2.E-2),#13658);
#14375=PRESENTATION_STYLE_ASSIGNMENT((#14374));
#14376=STYLED_ITEM('',(#14375),#14373);
#14377=DIRECTION('',(-1.E0,0.E0,0.E0));
#14378=VECTOR('',#14377,1.216707585233E1);
#14379=CARTESIAN_POINT('',(6.450268467122E0,-3.280146632526E0,5.4E0));
#14380=LINE('',#14379,#14378);
#14381=CURVE_STYLE('',#67,POSITIVE_LENGTH_MEASURE(2.E-2),#13658);
#14382=PRESENTATION_STYLE_ASSIGNMENT((#14381));
#14383=STYLED_ITEM('',(#14382),#14380);
#14384=DIRECTION('',(-3.487826274237E-2,3.487826274237E-2,-9.987827659587E-1));
#14385=VECTOR('',#14384,9.010968457551E-1);
#14386=CARTESIAN_POINT('',(-6.650146632526E0,3.080268467122E0,5.4E0));
#14387=LINE('',#14386,#14385);
#14388=CURVE_STYLE('',#67,POSITIVE_LENGTH_MEASURE(2.E-2),#13658);
#14389=PRESENTATION_STYLE_ASSIGNMENT((#14388));
#14390=STYLED_ITEM('',(#14389),#14387);
#14391=CARTESIAN_POINT('',(-6.650146632526E0,3.080268467122E0,5.4E0));
#14392=CARTESIAN_POINT('',(-6.650146632526E0,3.113581494689E0,5.4E0));
#14393=CARTESIAN_POINT('',(-6.635698358648E0,3.165759275946E0,5.4E0));
#14394=CARTESIAN_POINT('',(-6.594563240231E0,3.224563240231E0,5.4E0));
#14395=CARTESIAN_POINT('',(-6.535759275946E0,3.265698358648E0,5.4E0));
#14396=CARTESIAN_POINT('',(-6.483581494689E0,3.280146632526E0,5.4E0));
#14397=CARTESIAN_POINT('',(-6.450268467122E0,3.280146632526E0,5.4E0));
#14399=CURVE_STYLE('',#67,POSITIVE_LENGTH_MEASURE(2.E-2),#13658);
#14400=PRESENTATION_STYLE_ASSIGNMENT((#14399));
#14401=STYLED_ITEM('',(#14400),#14398);
#14402=DIRECTION('',(-3.487826274238E-2,3.487826274237E-2,-9.987827659587E-1));
#14403=VECTOR('',#14402,9.010968457551E-1);
#14404=CARTESIAN_POINT('',(-6.450268467122E0,3.280146632526E0,5.4E0));
#14405=LINE('',#14404,#14403);
#14406=CURVE_STYLE('',#67,POSITIVE_LENGTH_MEASURE(2.E-2),#13658);
#14407=PRESENTATION_STYLE_ASSIGNMENT((#14406));
#14408=STYLED_ITEM('',(#14407),#14405);
#14409=CARTESIAN_POINT('',(-6.481697159665E0,3.311575325069E0,4.5E0));
#14410=CARTESIAN_POINT('',(-6.515010187232E0,3.311575325069E0,4.5E0));
#14411=CARTESIAN_POINT('',(-6.567187968488E0,3.297127051190E0,4.5E0));
#14412=CARTESIAN_POINT('',(-6.625991932773E0,3.255991932773E0,4.5E0));
#14413=CARTESIAN_POINT('',(-6.667127051190E0,3.197187968488E0,4.5E0));
#14414=CARTESIAN_POINT('',(-6.681575325069E0,3.145010187232E0,4.5E0));
#14415=CARTESIAN_POINT('',(-6.681575325069E0,3.111697159665E0,4.5E0));
#14417=CURVE_STYLE('',#67,POSITIVE_LENGTH_MEASURE(2.E-2),#13658);
#14418=PRESENTATION_STYLE_ASSIGNMENT((#14417));
#14419=STYLED_ITEM('',(#14418),#14416);
#14420=DIRECTION('',(0.E0,-1.E0,0.E0));
#14421=VECTOR('',#14420,5.489933237412E0);
#14422=CARTESIAN_POINT('',(-6.681575325069E0,3.111697159665E0,4.5E0));
#14423=LINE('',#14422,#14421);
#14424=CURVE_STYLE('',#67,POSITIVE_LENGTH_MEASURE(2.E-2),#13658);
#14425=PRESENTATION_STYLE_ASSIGNMENT((#14424));
#14426=STYLED_ITEM('',(#14425),#14423);
#14427=DIRECTION('',(0.E0,1.E0,0.E0));
#14428=VECTOR('',#14427,5.427075852326E0);
#14429=CARTESIAN_POINT('',(-6.650146632526E0,-2.346807385204E0,5.4E0));
#14430=LINE('',#14429,#14428);
#14431=CURVE_STYLE('',#67,POSITIVE_LENGTH_MEASURE(2.E-2),#13658);
#14432=PRESENTATION_STYLE_ASSIGNMENT((#14431));
#14433=STYLED_ITEM('',(#14432),#14430);
#14434=DIRECTION('',(-3.487826274238E-2,-3.487826274237E-2,-9.987827659587E-1));
#14435=VECTOR('',#14434,9.010968457551E-1);
#14436=CARTESIAN_POINT('',(-6.591618432586E0,-2.488157350668E0,5.4E0));
#14437=LINE('',#14436,#14435);
#14438=CURVE_STYLE('',#67,POSITIVE_LENGTH_MEASURE(2.E-2),#13658);
#14439=PRESENTATION_STYLE_ASSIGNMENT((#14438));
#14440=STYLED_ITEM('',(#14439),#14437);
#14441=CARTESIAN_POINT('',(-6.591618432586E0,-2.488157350668E0,5.4E0));
#14442=CARTESIAN_POINT('',(-6.630649109910E0,-2.449126673344E0,5.4E0));
#14443=CARTESIAN_POINT('',(-6.650146632526E0,-2.402005098424E0,5.4E0));
#14444=CARTESIAN_POINT('',(-6.650146632526E0,-2.346807385204E0,5.4E0));
#14446=CURVE_STYLE('',#67,POSITIVE_LENGTH_MEASURE(2.E-2),#13658);
#14447=PRESENTATION_STYLE_ASSIGNMENT((#14446));
#14448=STYLED_ITEM('',(#14447),#14445);
#14449=DIRECTION('',(-3.487826274237E-2,-3.487826274237E-2,-9.987827659587E-1));
#14450=VECTOR('',#14449,9.010968457551E-1);
#14451=CARTESIAN_POINT('',(-6.650146632526E0,-2.346807385204E0,5.4E0));
#14452=LINE('',#14451,#14450);
#14453=CURVE_STYLE('',#67,POSITIVE_LENGTH_MEASURE(2.E-2),#13658);
#14454=PRESENTATION_STYLE_ASSIGNMENT((#14453));
#14455=STYLED_ITEM('',(#14454),#14452);
#14456=CARTESIAN_POINT('',(-6.681575325069E0,-2.378236077747E0,4.5E0));
#14457=CARTESIAN_POINT('',(-6.681575325069E0,-2.433433790967E0,4.5E0));
#14458=CARTESIAN_POINT('',(-6.662077802453E0,-2.480555365887E0,4.5E0));
#14459=CARTESIAN_POINT('',(-6.623047125129E0,-2.519586043211E0,4.5E0));
#14461=CURVE_STYLE('',#67,POSITIVE_LENGTH_MEASURE(2.E-2),#13658);
#14462=PRESENTATION_STYLE_ASSIGNMENT((#14461));
#14463=STYLED_ITEM('',(#14462),#14460);
#14464=DIRECTION('',(7.071067811865E-1,-7.071067811865E-1,0.E0));
#14465=VECTOR('',#14464,1.037270609521E0);
#14466=CARTESIAN_POINT('',(-6.623047125129E0,-2.519586043211E0,4.5E0));
#14467=LINE('',#14466,#14465);
#14468=CURVE_STYLE('',#67,POSITIVE_LENGTH_MEASURE(2.E-2),#13658);
#14469=PRESENTATION_STYLE_ASSIGNMENT((#14468));
#14470=STYLED_ITEM('',(#14469),#14467);
#14471=DIRECTION('',(7.071067811865E-1,-7.071067811865E-1,0.E0));
#14472=VECTOR('',#14471,1.037270609521E0);
#14473=CARTESIAN_POINT('',(-6.591618432586E0,-2.488157350668E0,5.4E0));
#14474=LINE('',#14473,#14472);
#14475=CURVE_STYLE('',#67,POSITIVE_LENGTH_MEASURE(2.E-2),#13658);
#14476=PRESENTATION_STYLE_ASSIGNMENT((#14475));
#14477=STYLED_ITEM('',(#14476),#14474);
#14478=DIRECTION('',(3.487826274237E-2,3.487826274237E-2,9.987827659587E-1));
#14479=VECTOR('',#14478,9.010968457551E-1);
#14480=CARTESIAN_POINT('',(-5.889586043211E0,-3.253047125129E0,4.5E0));
#14481=LINE('',#14480,#14479);
#14482=CURVE_STYLE('',#67,POSITIVE_LENGTH_MEASURE(2.E-2),#13658);
#14483=PRESENTATION_STYLE_ASSIGNMENT((#14482));
#14484=STYLED_ITEM('',(#14483),#14481);
#14485=CARTESIAN_POINT('',(-5.889586043211E0,-3.253047125129E0,4.5E0));
#14486=CARTESIAN_POINT('',(-5.850555365887E0,-3.292077802453E0,4.5E0));
#14487=CARTESIAN_POINT('',(-5.803433790967E0,-3.311575325069E0,4.5E0));
#14488=CARTESIAN_POINT('',(-5.748236077747E0,-3.311575325069E0,4.5E0));
#14490=CURVE_STYLE('',#67,POSITIVE_LENGTH_MEASURE(2.E-2),#13658);
#14491=PRESENTATION_STYLE_ASSIGNMENT((#14490));
#14492=STYLED_ITEM('',(#14491),#14489);
#14493=DIRECTION('',(3.487826274237E-2,3.487826274237E-2,9.987827659587E-1));
#14494=VECTOR('',#14493,9.010968457551E-1);
#14495=CARTESIAN_POINT('',(-5.748236077747E0,-3.311575325069E0,4.5E0));
#14496=LINE('',#14495,#14494);
#14497=CURVE_STYLE('',#67,POSITIVE_LENGTH_MEASURE(2.E-2),#13658);
#14498=PRESENTATION_STYLE_ASSIGNMENT((#14497));
#14499=STYLED_ITEM('',(#14498),#14496);
#14500=CARTESIAN_POINT('',(-5.716807385204E0,-3.280146632526E0,5.4E0));
#14501=CARTESIAN_POINT('',(-5.772005098424E0,-3.280146632526E0,5.4E0));
#14502=CARTESIAN_POINT('',(-5.819126673344E0,-3.260649109910E0,5.4E0));
#14503=CARTESIAN_POINT('',(-5.858157350668E0,-3.221618432586E0,5.4E0));
#14505=CURVE_STYLE('',#67,POSITIVE_LENGTH_MEASURE(2.E-2),#13658);
#14506=PRESENTATION_STYLE_ASSIGNMENT((#14505));
#14507=STYLED_ITEM('',(#14506),#14504);
#14508=DIRECTION('',(7.071067811865E-1,-7.071067811865E-1,0.E0));
#14509=VECTOR('',#14508,1.037270609521E0);
#14510=CARTESIAN_POINT('',(-6.788925205546E0,-2.685464123628E0,4.5E0));
#14511=LINE('',#14510,#14509);
#14512=CURVE_STYLE('',#67,POSITIVE_LENGTH_MEASURE(2.E-2),#13658);
#14513=PRESENTATION_STYLE_ASSIGNMENT((#14512));
#14514=STYLED_ITEM('',(#14513),#14511);
#14515=CARTESIAN_POINT('',(-6.788925205546E0,-2.685464123628E0,4.3E0));
#14516=DIRECTION('',(7.071067811865E-1,-7.071067811865E-1,0.E0));
#14517=DIRECTION('',(0.E0,0.E0,1.E0));
#14518=AXIS2_PLACEMENT_3D('',#14515,#14516,#14517);
#14520=CURVE_STYLE('',#67,POSITIVE_LENGTH_MEASURE(2.E-2),#13658);
#14521=PRESENTATION_STYLE_ASSIGNMENT((#14520));
#14522=STYLED_ITEM('',(#14521),#14519);
#14523=DIRECTION('',(7.071067811865E-1,-7.071067811865E-1,0.E0));
#14524=VECTOR('',#14523,1.037270609521E0);
#14525=CARTESIAN_POINT('',(-6.930174418895E0,-2.826713336977E0,
4.309865062440E0));
#14526=LINE('',#14525,#14524);
#14527=CURVE_STYLE('',#67,POSITIVE_LENGTH_MEASURE(2.E-2),#13658);
#14528=PRESENTATION_STYLE_ASSIGNMENT((#14527));
#14529=STYLED_ITEM('',(#14528),#14526);
#14530=CARTESIAN_POINT('',(-6.055464123628E0,-3.418925205546E0,4.3E0));
#14531=DIRECTION('',(7.071067811865E-1,-7.071067811865E-1,0.E0));
#14532=DIRECTION('',(0.E0,0.E0,1.E0));
#14533=AXIS2_PLACEMENT_3D('',#14530,#14531,#14532);
#14535=CURVE_STYLE('',#67,POSITIVE_LENGTH_MEASURE(2.E-2),#13658);
#14536=PRESENTATION_STYLE_ASSIGNMENT((#14535));
#14537=STYLED_ITEM('',(#14536),#14534);
#14538=CARTESIAN_POINT('',(-6.788925205546E0,-2.685464123628E0,4.3E0));
#14539=DIRECTION('',(3.487826274237E-2,3.487826274237E-2,9.987827659587E-1));
#14540=DIRECTION('',(-9.993908270191E-1,0.E0,3.489949670250E-2));
#14541=AXIS2_PLACEMENT_3D('',#14538,#14539,#14540);
#14543=CURVE_STYLE('',#67,POSITIVE_LENGTH_MEASURE(2.E-2),#13658);
#14544=PRESENTATION_STYLE_ASSIGNMENT((#14543));
#14545=STYLED_ITEM('',(#14544),#14542);
#14546=DIRECTION('',(-3.487826274238E-2,-3.487826274237E-2,-9.987827659587E-1));
#14547=VECTOR('',#14546,3.761558596512E0);
#14548=CARTESIAN_POINT('',(-6.988803370950E0,-2.685464123628E0,
4.306979899341E0));
#14549=LINE('',#14548,#14547);
#14550=CURVE_STYLE('',#67,POSITIVE_LENGTH_MEASURE(2.E-2),#13658);
#14551=PRESENTATION_STYLE_ASSIGNMENT((#14550));
#14552=STYLED_ITEM('',(#14551),#14549);
#14553=CARTESIAN_POINT('',(-7.12E0,-2.816660752678E0,5.500000000005E-1));
#14554=CARTESIAN_POINT('',(-7.12E0,-2.871858465898E0,5.500000000005E-1));
#14555=CARTESIAN_POINT('',(-7.100502477384E0,-2.918980040818E0,
5.500000000005E-1));
#14556=CARTESIAN_POINT('',(-7.061471800060E0,-2.958010718142E0,
5.500000000005E-1));
#14558=CURVE_STYLE('',#67,POSITIVE_LENGTH_MEASURE(2.E-2),#13658);
#14559=PRESENTATION_STYLE_ASSIGNMENT((#14558));
#14560=STYLED_ITEM('',(#14559),#14557);
#14561=DIRECTION('',(-3.487826274237E-2,-3.487826274237E-2,-9.987827659587E-1));
#14562=VECTOR('',#14561,3.764447275811E0);
#14563=CARTESIAN_POINT('',(-6.930174418895E0,-2.826713336977E0,
4.309865062440E0));
#14564=LINE('',#14563,#14562);
#14565=CURVE_STYLE('',#67,POSITIVE_LENGTH_MEASURE(2.E-2),#13658);
#14566=PRESENTATION_STYLE_ASSIGNMENT((#14565));
#14567=STYLED_ITEM('',(#14566),#14564);
#14568=DIRECTION('',(7.071067811865E-1,-7.071067811865E-1,0.E0));
#14569=VECTOR('',#14568,1.037270609521E0);
#14570=CARTESIAN_POINT('',(-7.061471800060E0,-2.958010718142E0,
5.500000000005E-1));
#14571=LINE('',#14570,#14569);
#14572=CURVE_STYLE('',#67,POSITIVE_LENGTH_MEASURE(2.E-2),#13658);
#14573=PRESENTATION_STYLE_ASSIGNMENT((#14572));
#14574=STYLED_ITEM('',(#14573),#14571);
#14575=DIRECTION('',(3.487826274237E-2,3.487826274237E-2,9.987827659587E-1));
#14576=VECTOR('',#14575,3.764447275811E0);
#14577=CARTESIAN_POINT('',(-6.328010718142E0,-3.691471800060E0,
5.500000000005E-1));
#14578=LINE('',#14577,#14576);
#14579=CURVE_STYLE('',#67,POSITIVE_LENGTH_MEASURE(2.E-2),#13658);
#14580=PRESENTATION_STYLE_ASSIGNMENT((#14579));
#14581=STYLED_ITEM('',(#14580),#14578);
#14582=CARTESIAN_POINT('',(-6.328010718142E0,-3.691471800060E0,
5.500000000005E-1));
#14583=CARTESIAN_POINT('',(-6.288980040818E0,-3.730502477384E0,
5.500000000005E-1));
#14584=CARTESIAN_POINT('',(-6.241858465898E0,-3.75E0,5.500000000005E-1));
#14585=CARTESIAN_POINT('',(-6.186660752678E0,-3.75E0,5.500000000005E-1));
#14587=CURVE_STYLE('',#67,POSITIVE_LENGTH_MEASURE(2.E-2),#13658);
#14588=PRESENTATION_STYLE_ASSIGNMENT((#14587));
#14589=STYLED_ITEM('',(#14588),#14586);
#14590=DIRECTION('',(3.487826274238E-2,3.487826274237E-2,9.987827659587E-1));
#14591=VECTOR('',#14590,3.761558596512E0);
#14592=CARTESIAN_POINT('',(-6.186660752678E0,-3.75E0,5.500000000005E-1));
#14593=LINE('',#14592,#14591);
#14594=CURVE_STYLE('',#67,POSITIVE_LENGTH_MEASURE(2.E-2),#13658);
#14595=PRESENTATION_STYLE_ASSIGNMENT((#14594));
#14596=STYLED_ITEM('',(#14595),#14593);
#14597=CARTESIAN_POINT('',(-6.055464123628E0,-3.418925205546E0,4.3E0));
#14598=DIRECTION('',(3.487826274237E-2,3.487826274237E-2,9.987827659587E-1));
#14599=DIRECTION('',(-7.062460667417E-1,-7.062460667417E-1,4.932531220228E-2));
#14600=AXIS2_PLACEMENT_3D('',#14597,#14598,#14599);
#14602=CURVE_STYLE('',#67,POSITIVE_LENGTH_MEASURE(2.E-2),#13658);
#14603=PRESENTATION_STYLE_ASSIGNMENT((#14602));
#14604=STYLED_ITEM('',(#14603),#14601);
#14605=DIRECTION('',(1.E0,0.E0,0.E0));
#14606=VECTOR('',#14605,1.284438932917E1);
#14607=CARTESIAN_POINT('',(-6.055464123628E0,-3.418925205546E0,4.5E0));
#14608=LINE('',#14607,#14606);
#14609=CURVE_STYLE('',#67,POSITIVE_LENGTH_MEASURE(2.E-2),#13658);
#14610=PRESENTATION_STYLE_ASSIGNMENT((#14609));
#14611=STYLED_ITEM('',(#14610),#14608);
#14612=CARTESIAN_POINT('',(-6.055464123628E0,-3.418925205546E0,4.3E0));
#14613=DIRECTION('',(1.E0,0.E0,0.E0));
#14614=DIRECTION('',(0.E0,0.E0,1.E0));
#14615=AXIS2_PLACEMENT_3D('',#14612,#14613,#14614);
#14617=CURVE_STYLE('',#67,POSITIVE_LENGTH_MEASURE(2.E-2),#13658);
#14618=PRESENTATION_STYLE_ASSIGNMENT((#14617));
#14619=STYLED_ITEM('',(#14618),#14616);
#14620=DIRECTION('',(1.E0,0.E0,0.E0));
#14621=VECTOR('',#14620,1.284438932917E1);
#14622=CARTESIAN_POINT('',(-6.055464123628E0,-3.618803370950E0,
4.306979899340E0));
#14623=LINE('',#14622,#14621);
#14624=CURVE_STYLE('',#67,POSITIVE_LENGTH_MEASURE(2.E-2),#13658);
#14625=PRESENTATION_STYLE_ASSIGNMENT((#14624));
#14626=STYLED_ITEM('',(#14625),#14623);
#14627=CARTESIAN_POINT('',(6.788925205546E0,-3.418925205546E0,4.3E0));
#14628=DIRECTION('',(1.E0,0.E0,0.E0));
#14629=DIRECTION('',(0.E0,0.E0,1.E0));
#14630=AXIS2_PLACEMENT_3D('',#14627,#14628,#14629);
#14632=CURVE_STYLE('',#67,POSITIVE_LENGTH_MEASURE(2.E-2),#13658);
#14633=PRESENTATION_STYLE_ASSIGNMENT((#14632));
#14634=STYLED_ITEM('',(#14633),#14631);
#14635=DIRECTION('',(-1.E0,0.E0,0.E0));
#14636=VECTOR('',#14635,1.310678258727E1);
#14637=CARTESIAN_POINT('',(6.920121834596E0,-3.75E0,5.500000000005E-1));
#14638=LINE('',#14637,#14636);
#14639=CURVE_STYLE('',#67,POSITIVE_LENGTH_MEASURE(2.E-2),#13658);
#14640=PRESENTATION_STYLE_ASSIGNMENT((#14639));
#14641=STYLED_ITEM('',(#14640),#14638);
#14642=DIRECTION('',(3.487826274237E-2,-3.487826274237E-2,-9.987827659587E-1));
#14643=VECTOR('',#14642,3.761558596512E0);
#14644=CARTESIAN_POINT('',(6.788925205546E0,-3.618803370950E0,
4.306979899341E0));
#14645=LINE('',#14644,#14643);
#14646=CURVE_STYLE('',#67,POSITIVE_LENGTH_MEASURE(2.E-2),#13658);
#14647=PRESENTATION_STYLE_ASSIGNMENT((#14646));
#14648=STYLED_ITEM('',(#14647),#14645);
#14649=CARTESIAN_POINT('',(6.920121834596E0,-3.75E0,5.500000000005E-1));
#14650=CARTESIAN_POINT('',(6.953434862163E0,-3.75E0,5.500000000005E-1));
#14651=CARTESIAN_POINT('',(7.005612643420E0,-3.735551726122E0,
5.500000000005E-1));
#14652=CARTESIAN_POINT('',(7.064416607705E0,-3.694416607705E0,
5.500000000005E-1));
#14653=CARTESIAN_POINT('',(7.105551726122E0,-3.635612643420E0,
5.500000000005E-1));
#14654=CARTESIAN_POINT('',(7.12E0,-3.583434862163E0,5.500000000005E-1));
#14655=CARTESIAN_POINT('',(7.12E0,-3.550121834596E0,5.500000000005E-1));
#14657=CURVE_STYLE('',#67,POSITIVE_LENGTH_MEASURE(2.E-2),#13658);
#14658=PRESENTATION_STYLE_ASSIGNMENT((#14657));
#14659=STYLED_ITEM('',(#14658),#14656);
#14660=DIRECTION('',(3.487826274237E-2,-3.487826274237E-2,-9.987827659587E-1));
#14661=VECTOR('',#14660,3.761558596512E0);
#14662=CARTESIAN_POINT('',(6.988803370950E0,-3.418925205546E0,
4.306979899340E0));
#14663=LINE('',#14662,#14661);
#14664=CURVE_STYLE('',#67,POSITIVE_LENGTH_MEASURE(2.E-2),#13658);
#14665=PRESENTATION_STYLE_ASSIGNMENT((#14664));
#14666=STYLED_ITEM('',(#14665),#14663);
#14667=CARTESIAN_POINT('',(6.788925205546E0,-3.418925205546E0,4.3E0));
#14668=DIRECTION('',(-3.487826274237E-2,3.487826274237E-2,9.987827659587E-1));
#14669=DIRECTION('',(0.E0,-9.993908270191E-1,3.489949670250E-2));
#14670=AXIS2_PLACEMENT_3D('',#14667,#14668,#14669);
#14672=CURVE_STYLE('',#67,POSITIVE_LENGTH_MEASURE(2.E-2),#13658);
#14673=PRESENTATION_STYLE_ASSIGNMENT((#14672));
#14674=STYLED_ITEM('',(#14673),#14671);
#14675=DIRECTION('',(0.E0,1.E0,0.E0));
#14676=VECTOR('',#14675,6.837850411092E0);
#14677=CARTESIAN_POINT('',(6.788925205546E0,-3.418925205546E0,4.5E0));
#14678=LINE('',#14677,#14676);
#14679=CURVE_STYLE('',#67,POSITIVE_LENGTH_MEASURE(2.E-2),#13658);
#14680=PRESENTATION_STYLE_ASSIGNMENT((#14679));
#14681=STYLED_ITEM('',(#14680),#14678);
#14682=CARTESIAN_POINT('',(6.788925205546E0,-3.418925205546E0,4.3E0));
#14683=DIRECTION('',(0.E0,1.E0,0.E0));
#14684=DIRECTION('',(0.E0,0.E0,1.E0));
#14685=AXIS2_PLACEMENT_3D('',#14682,#14683,#14684);
#14687=CURVE_STYLE('',#67,POSITIVE_LENGTH_MEASURE(2.E-2),#13658);
#14688=PRESENTATION_STYLE_ASSIGNMENT((#14687));
#14689=STYLED_ITEM('',(#14688),#14686);
#14690=DIRECTION('',(0.E0,1.E0,0.E0));
#14691=VECTOR('',#14690,6.837850411092E0);
#14692=CARTESIAN_POINT('',(6.988803370950E0,-3.418925205546E0,
4.306979899340E0));
#14693=LINE('',#14692,#14691);
#14694=CURVE_STYLE('',#67,POSITIVE_LENGTH_MEASURE(2.E-2),#13658);
#14695=PRESENTATION_STYLE_ASSIGNMENT((#14694));
#14696=STYLED_ITEM('',(#14695),#14693);
#14697=CARTESIAN_POINT('',(6.788925205546E0,3.418925205546E0,4.3E0));
#14698=DIRECTION('',(0.E0,1.E0,0.E0));
#14699=DIRECTION('',(0.E0,0.E0,1.E0));
#14700=AXIS2_PLACEMENT_3D('',#14697,#14698,#14699);
#14702=CURVE_STYLE('',#67,POSITIVE_LENGTH_MEASURE(2.E-2),#13658);
#14703=PRESENTATION_STYLE_ASSIGNMENT((#14702));
#14704=STYLED_ITEM('',(#14703),#14701);
#14705=DIRECTION('',(0.E0,1.E0,0.E0));
#14706=VECTOR('',#14705,7.100243669192E0);
#14707=CARTESIAN_POINT('',(7.12E0,-3.550121834596E0,5.500000000005E-1));
#14708=LINE('',#14707,#14706);
#14709=CURVE_STYLE('',#67,POSITIVE_LENGTH_MEASURE(2.E-2),#13658);
#14710=PRESENTATION_STYLE_ASSIGNMENT((#14709));
#14711=STYLED_ITEM('',(#14710),#14708);
#14712=DIRECTION('',(-3.487826274238E-2,-3.487826274237E-2,9.987827659587E-1));
#14713=VECTOR('',#14712,3.761558596512E0);
#14714=CARTESIAN_POINT('',(7.12E0,3.550121834596E0,5.500000000005E-1));
#14715=LINE('',#14714,#14713);
#14716=CURVE_STYLE('',#67,POSITIVE_LENGTH_MEASURE(2.E-2),#13658);
#14717=PRESENTATION_STYLE_ASSIGNMENT((#14716));
#14718=STYLED_ITEM('',(#14717),#14715);
#14719=CARTESIAN_POINT('',(7.12E0,3.550121834596E0,5.500000000005E-1));
#14720=CARTESIAN_POINT('',(7.12E0,3.583434862163E0,5.500000000005E-1));
#14721=CARTESIAN_POINT('',(7.105551726122E0,3.635612643420E0,
5.500000000005E-1));
#14722=CARTESIAN_POINT('',(7.064416607705E0,3.694416607705E0,
5.500000000005E-1));
#14723=CARTESIAN_POINT('',(7.005612643420E0,3.735551726122E0,
5.500000000005E-1));
#14724=CARTESIAN_POINT('',(6.953434862163E0,3.75E0,5.500000000005E-1));
#14725=CARTESIAN_POINT('',(6.920121834596E0,3.75E0,5.500000000005E-1));
#14727=CURVE_STYLE('',#67,POSITIVE_LENGTH_MEASURE(2.E-2),#13658);
#14728=PRESENTATION_STYLE_ASSIGNMENT((#14727));
#14729=STYLED_ITEM('',(#14728),#14726);
#14730=DIRECTION('',(-3.487826274237E-2,-3.487826274237E-2,9.987827659587E-1));
#14731=VECTOR('',#14730,3.761558596512E0);
#14732=CARTESIAN_POINT('',(6.920121834596E0,3.75E0,5.500000000005E-1));
#14733=LINE('',#14732,#14731);
#14734=CURVE_STYLE('',#67,POSITIVE_LENGTH_MEASURE(2.E-2),#13658);
#14735=PRESENTATION_STYLE_ASSIGNMENT((#14734));
#14736=STYLED_ITEM('',(#14735),#14733);
#14737=CARTESIAN_POINT('',(6.788925205546E0,3.418925205546E0,4.3E0));
#14738=DIRECTION('',(-3.487826274237E-2,-3.487826274237E-2,9.987827659587E-1));
#14739=DIRECTION('',(9.993908270191E-1,0.E0,3.489949670250E-2));
#14740=AXIS2_PLACEMENT_3D('',#14737,#14738,#14739);
#14742=CURVE_STYLE('',#67,POSITIVE_LENGTH_MEASURE(2.E-2),#13658);
#14743=PRESENTATION_STYLE_ASSIGNMENT((#14742));
#14744=STYLED_ITEM('',(#14743),#14741);
#14745=VERTEX_POINT('',#14049);
#14746=VERTEX_POINT('',#14054);
#14747=VERTEX_POINT('',#14146);
#14748=VERTEX_POINT('',#14151);
#14749=VERTEX_POINT('',#13998);
#14750=VERTEX_POINT('',#14011);
#14751=VERTEX_POINT('',#14016);
#14752=VERTEX_POINT('',#14029);
#14753=CARTESIAN_POINT('',(7.138107319323E0,3.818259612568E0,5.999999999994E0));
#14754=VERTEX_POINT('',#14753);
#14755=CARTESIAN_POINT('',(7.138107319324E0,4.068107352825E0,5.758724875346E0));
#14756=VERTEX_POINT('',#14755);
#14757=VERTEX_POINT('',#14102);
#14758=VERTEX_POINT('',#14120);
#14759=VERTEX_POINT('',#13959);
#14760=VERTEX_POINT('',#13964);
#14761=VERTEX_POINT('',#13928);
#14762=VERTEX_POINT('',#13933);
#14763=VERTEX_POINT('',#13811);
#14764=VERTEX_POINT('',#13824);
#14765=VERTEX_POINT('',#13837);
#14766=VERTEX_POINT('',#13850);
#14767=CARTESIAN_POINT('',(7.138107319323E0,-3.818259612568E0,
5.999999999994E0));
#14768=VERTEX_POINT('',#14767);
#14769=CARTESIAN_POINT('',(7.138107319324E0,-4.068107352825E0,
5.758724875346E0));
#14770=VERTEX_POINT('',#14769);
#14771=VERTEX_POINT('',#13877);
#14772=VERTEX_POINT('',#13903);
#14773=CARTESIAN_POINT('',(6.650146632526E0,-3.080268467122E0,5.4E0));
#14774=CARTESIAN_POINT('',(6.681575325069E0,-3.111697159665E0,4.5E0));
#14775=VERTEX_POINT('',#14773);
#14776=VERTEX_POINT('',#14774);
#14777=VERTEX_POINT('',#14347);
#14778=CARTESIAN_POINT('',(6.481697159665E0,-3.311575325069E0,4.5E0));
#14779=VERTEX_POINT('',#14778);
#14780=CARTESIAN_POINT('',(6.681575325069E0,3.111697159665E0,4.5E0));
#14781=CARTESIAN_POINT('',(6.650146632526E0,3.080268467122E0,5.4E0));
#14782=VERTEX_POINT('',#14780);
#14783=VERTEX_POINT('',#14781);
#14784=CARTESIAN_POINT('',(6.481697159665E0,3.311575325069E0,4.5E0));
#14785=CARTESIAN_POINT('',(6.450268467122E0,3.280146632526E0,5.4E0));
#14786=VERTEX_POINT('',#14784);
#14787=VERTEX_POINT('',#14785);
#14788=CARTESIAN_POINT('',(-6.650146632526E0,3.080268467122E0,5.4E0));
#14789=CARTESIAN_POINT('',(-6.681575325069E0,3.111697159665E0,4.5E0));
#14790=VERTEX_POINT('',#14788);
#14791=VERTEX_POINT('',#14789);
#14792=VERTEX_POINT('',#14397);
#14793=CARTESIAN_POINT('',(-6.481697159665E0,3.311575325069E0,4.5E0));
#14794=VERTEX_POINT('',#14793);
#14795=CARTESIAN_POINT('',(-6.591618432586E0,-2.488157350668E0,5.4E0));
#14796=CARTESIAN_POINT('',(-6.623047125129E0,-2.519586043211E0,4.5E0));
#14797=VERTEX_POINT('',#14795);
#14798=VERTEX_POINT('',#14796);
#14799=VERTEX_POINT('',#14444);
#14800=CARTESIAN_POINT('',(-6.681575325069E0,-2.378236077747E0,4.5E0));
#14801=VERTEX_POINT('',#14800);
#14802=CARTESIAN_POINT('',(-5.889586043211E0,-3.253047125129E0,4.5E0));
#14803=CARTESIAN_POINT('',(-5.858157350668E0,-3.221618432586E0,5.4E0));
#14804=VERTEX_POINT('',#14802);
#14805=VERTEX_POINT('',#14803);
#14806=CARTESIAN_POINT('',(-5.748236077747E0,-3.311575325069E0,4.5E0));
#14807=CARTESIAN_POINT('',(-5.716807385204E0,-3.280146632526E0,5.4E0));
#14808=VERTEX_POINT('',#14806);
#14809=VERTEX_POINT('',#14807);
#14810=CARTESIAN_POINT('',(6.920121834596E0,3.75E0,5.500000000005E-1));
#14811=CARTESIAN_POINT('',(-6.920121834596E0,3.75E0,5.500000000005E-1));
#14812=VERTEX_POINT('',#14810);
#14813=VERTEX_POINT('',#14811);
#14814=CARTESIAN_POINT('',(7.12E0,-3.550121834596E0,5.500000000005E-1));
#14815=CARTESIAN_POINT('',(7.12E0,3.550121834596E0,5.500000000005E-1));
#14816=VERTEX_POINT('',#14814);
#14817=VERTEX_POINT('',#14815);
#14818=CARTESIAN_POINT('',(-7.061471800060E0,-2.958010718142E0,
5.500000000005E-1));
#14819=CARTESIAN_POINT('',(-6.328010718142E0,-3.691471800060E0,
5.500000000005E-1));
#14820=VERTEX_POINT('',#14818);
#14821=VERTEX_POINT('',#14819);
#14822=CARTESIAN_POINT('',(-7.12E0,3.550121834596E0,5.500000000005E-1));
#14823=CARTESIAN_POINT('',(-7.12E0,-2.816660752678E0,5.500000000005E-1));
#14824=VERTEX_POINT('',#14822);
#14825=VERTEX_POINT('',#14823);
#14826=CARTESIAN_POINT('',(6.920121834596E0,-3.75E0,5.500000000005E-1));
#14827=CARTESIAN_POINT('',(-6.186660752678E0,-3.75E0,5.500000000005E-1));
#14828=VERTEX_POINT('',#14826);
#14829=VERTEX_POINT('',#14827);
#14830=CARTESIAN_POINT('',(-6.788925205546E0,-2.685464123628E0,4.5E0));
#14831=CARTESIAN_POINT('',(-6.055464123628E0,-3.418925205546E0,4.5E0));
#14832=VERTEX_POINT('',#14830);
#14833=VERTEX_POINT('',#14831);
#14834=CARTESIAN_POINT('',(-6.930174418895E0,-2.826713336977E0,
4.309865062440E0));
#14835=CARTESIAN_POINT('',(-6.196713336977E0,-3.560174418895E0,
4.309865062440E0));
#14836=VERTEX_POINT('',#14834);
#14837=VERTEX_POINT('',#14835);
#14838=CARTESIAN_POINT('',(6.788925205546E0,-3.418925205546E0,4.5E0));
#14839=VERTEX_POINT('',#14838);
#14840=CARTESIAN_POINT('',(-6.055464123628E0,-3.618803370950E0,
4.306979899340E0));
#14841=CARTESIAN_POINT('',(6.788925205546E0,-3.618803370950E0,
4.306979899340E0));
#14842=VERTEX_POINT('',#14840);
#14843=VERTEX_POINT('',#14841);
#14844=CARTESIAN_POINT('',(6.788925205546E0,3.418925205546E0,4.5E0));
#14845=VERTEX_POINT('',#14844);
#14846=CARTESIAN_POINT('',(6.988803370950E0,-3.418925205546E0,
4.306979899340E0));
#14847=CARTESIAN_POINT('',(6.988803370950E0,3.418925205546E0,4.306979899340E0));
#14848=VERTEX_POINT('',#14846);
#14849=VERTEX_POINT('',#14847);
#14850=CARTESIAN_POINT('',(6.788925205546E0,3.618803370950E0,4.306979899340E0));
#14851=CARTESIAN_POINT('',(-6.788925205546E0,3.618803370950E0,
4.306979899340E0));
#14852=VERTEX_POINT('',#14850);
#14853=VERTEX_POINT('',#14851);
#14854=CARTESIAN_POINT('',(-6.788925205546E0,3.418925205546E0,4.5E0));
#14855=VERTEX_POINT('',#14854);
#14856=CARTESIAN_POINT('',(-6.988803370950E0,3.418925205546E0,
4.306979899340E0));
#14857=CARTESIAN_POINT('',(-6.988803370950E0,-2.685464123628E0,
4.306979899340E0));
#14858=VERTEX_POINT('',#14856);
#14859=VERTEX_POINT('',#14857);
#14860=CARTESIAN_POINT('',(-7.188259612568E0,1.015722333785E0,6.E0));
#14861=CARTESIAN_POINT('',(-6.3E0,1.015722333785E0,6.E0));
#14862=VERTEX_POINT('',#14860);
#14863=VERTEX_POINT('',#14861);
#14864=CARTESIAN_POINT('',(-6.3E0,1.E0,5.7E0));
#14865=VERTEX_POINT('',#14864);
#14866=CARTESIAN_POINT('',(-7.438107319323E0,1.003077640244E0,
5.758724874176E0));
#14867=CARTESIAN_POINT('',(-7.440158037117E0,1.E0,5.7E0));
#14868=VERTEX_POINT('',#14866);
#14869=VERTEX_POINT('',#14867);
#14870=CARTESIAN_POINT('',(-7.188259612568E0,-1.015722333785E0,6.E0));
#14871=CARTESIAN_POINT('',(-6.3E0,-1.015722333785E0,6.E0));
#14872=VERTEX_POINT('',#14870);
#14873=VERTEX_POINT('',#14871);
#14874=CARTESIAN_POINT('',(-6.3E0,-1.E0,5.7E0));
#14875=VERTEX_POINT('',#14874);
#14876=CARTESIAN_POINT('',(-7.438107319323E0,-1.003077640244E0,
5.758724874176E0));
#14877=CARTESIAN_POINT('',(-7.440158037117E0,-1.E0,5.7E0));
#14878=VERTEX_POINT('',#14876);
#14879=VERTEX_POINT('',#14877);
#14880=CARTESIAN_POINT('',(0.E0,0.E0,6.E0));
#14881=DIRECTION('',(0.E0,0.E0,1.E0));
#14882=DIRECTION('',(0.E0,1.E0,0.E0));
#14883=AXIS2_PLACEMENT_3D('',#14880,#14881,#14882);
#14884=PLANE('',#14883);
#14886=ORIENTED_EDGE('',*,*,#14885,.F.);
#14888=ORIENTED_EDGE('',*,*,#14887,.T.);
#14890=ORIENTED_EDGE('',*,*,#14889,.T.);
#14892=ORIENTED_EDGE('',*,*,#14891,.T.);
#14894=ORIENTED_EDGE('',*,*,#14893,.T.);
#14896=ORIENTED_EDGE('',*,*,#14895,.T.);
#14898=ORIENTED_EDGE('',*,*,#14897,.F.);
#14900=ORIENTED_EDGE('',*,*,#14899,.F.);
#14902=ORIENTED_EDGE('',*,*,#14901,.F.);
#14904=ORIENTED_EDGE('',*,*,#14903,.F.);
#14906=ORIENTED_EDGE('',*,*,#14905,.F.);
#14908=ORIENTED_EDGE('',*,*,#14907,.F.);
#14909=EDGE_LOOP('',(#14886,#14888,#14890,#14892,#14894,#14896,#14898,#14900,
#14902,#14904,#14906,#14908));
#14910=FACE_OUTER_BOUND('',#14909,.F.);
#14912=CARTESIAN_POINT('',(7.188259612568E0,-2.703547364938E-2,5.75E0));
#14913=DIRECTION('',(0.E0,1.E0,0.E0));
#14914=DIRECTION('',(0.E0,0.E0,1.E0));
#14915=AXIS2_PLACEMENT_3D('',#14912,#14913,#14914);
#14916=CYLINDRICAL_SURFACE('',#14915,2.5E-1);
#14918=ORIENTED_EDGE('',*,*,#14917,.T.);
#14920=ORIENTED_EDGE('',*,*,#14919,.F.);
#14921=ORIENTED_EDGE('',*,*,#14885,.T.);
#14923=ORIENTED_EDGE('',*,*,#14922,.T.);
#14924=EDGE_LOOP('',(#14918,#14920,#14921,#14923));
#14925=FACE_OUTER_BOUND('',#14924,.F.);
#14927=CARTESIAN_POINT('',(7.62E0,0.E0,5.5E-1));
#14928=DIRECTION('',(9.993908270191E-1,0.E0,3.489949670250E-2));
#14929=DIRECTION('',(-3.489949670250E-2,0.E0,9.993908270191E-1));
#14930=AXIS2_PLACEMENT_3D('',#14927,#14928,#14929);
#14931=PLANE('',#14930);
#14933=ORIENTED_EDGE('',*,*,#14932,.T.);
#14935=ORIENTED_EDGE('',*,*,#14934,.F.);
#14936=ORIENTED_EDGE('',*,*,#14917,.F.);
#14938=ORIENTED_EDGE('',*,*,#14937,.T.);
#14939=EDGE_LOOP('',(#14933,#14935,#14936,#14938));
#14940=FACE_OUTER_BOUND('',#14939,.F.);
#14942=CARTESIAN_POINT('',(0.E0,0.E0,5.500000000005E-1));
#14943=DIRECTION('',(0.E0,0.E0,-1.E0));
#14944=DIRECTION('',(0.E0,1.E0,0.E0));
#14945=AXIS2_PLACEMENT_3D('',#14942,#14943,#14944);
#14946=PLANE('',#14945);
#14948=ORIENTED_EDGE('',*,*,#14947,.F.);
#14950=ORIENTED_EDGE('',*,*,#14949,.F.);
#14952=ORIENTED_EDGE('',*,*,#14951,.T.);
#14954=ORIENTED_EDGE('',*,*,#14953,.T.);
#14955=ORIENTED_EDGE('',*,*,#14932,.F.);
#14957=ORIENTED_EDGE('',*,*,#14956,.F.);
#14959=ORIENTED_EDGE('',*,*,#14958,.F.);
#14961=ORIENTED_EDGE('',*,*,#14960,.T.);
#14962=EDGE_LOOP('',(#14948,#14950,#14952,#14954,#14955,#14957,#14959,#14961));
#14963=FACE_OUTER_BOUND('',#14962,.F.);
#14965=ORIENTED_EDGE('',*,*,#14964,.F.);
#14967=ORIENTED_EDGE('',*,*,#14966,.F.);
#14969=ORIENTED_EDGE('',*,*,#14968,.F.);
#14971=ORIENTED_EDGE('',*,*,#14970,.F.);
#14973=ORIENTED_EDGE('',*,*,#14972,.T.);
#14975=ORIENTED_EDGE('',*,*,#14974,.F.);
#14977=ORIENTED_EDGE('',*,*,#14976,.F.);
#14979=ORIENTED_EDGE('',*,*,#14978,.F.);
#14981=ORIENTED_EDGE('',*,*,#14980,.F.);
#14983=ORIENTED_EDGE('',*,*,#14982,.F.);
#14984=EDGE_LOOP('',(#14965,#14967,#14969,#14971,#14973,#14975,#14977,#14979,
#14981,#14983));
#14985=FACE_BOUND('',#14984,.F.);
#14987=CARTESIAN_POINT('',(-7.62E0,0.E0,5.5E-1));
#14988=DIRECTION('',(9.993908270191E-1,0.E0,-3.489949670250E-2));
#14989=DIRECTION('',(3.489949670250E-2,0.E0,9.993908270191E-1));
#14990=AXIS2_PLACEMENT_3D('',#14987,#14988,#14989);
#14991=PLANE('',#14990);
#14993=ORIENTED_EDGE('',*,*,#14992,.T.);
#14995=ORIENTED_EDGE('',*,*,#14994,.F.);
#14997=ORIENTED_EDGE('',*,*,#14996,.F.);
#14999=ORIENTED_EDGE('',*,*,#14998,.T.);
#15000=ORIENTED_EDGE('',*,*,#14947,.T.);
#15002=ORIENTED_EDGE('',*,*,#15001,.F.);
#15004=ORIENTED_EDGE('',*,*,#15003,.T.);
#15006=ORIENTED_EDGE('',*,*,#15005,.T.);
#15007=EDGE_LOOP('',(#14993,#14995,#14997,#14999,#15000,#15002,#15004,#15006));
#15008=FACE_OUTER_BOUND('',#15007,.F.);
#15010=CARTESIAN_POINT('',(0.E0,0.E0,5.7E0));
#15011=DIRECTION('',(0.E0,0.E0,-1.E0));
#15012=DIRECTION('',(0.E0,1.E0,0.E0));
#15013=AXIS2_PLACEMENT_3D('',#15010,#15011,#15012);
#15014=PLANE('',#15013);
#15015=ORIENTED_EDGE('',*,*,#14992,.F.);
#15017=ORIENTED_EDGE('',*,*,#15016,.F.);
#15019=ORIENTED_EDGE('',*,*,#15018,.F.);
#15021=ORIENTED_EDGE('',*,*,#15020,.T.);
#15022=EDGE_LOOP('',(#15015,#15017,#15019,#15021));
#15023=FACE_OUTER_BOUND('',#15022,.F.);
#15025=FILL_AREA_STYLE_COLOUR('',#1);
#15026=FILL_AREA_STYLE('',(#15025));
#15027=SURFACE_STYLE_FILL_AREA(#15026);
#15028=SURFACE_SIDE_STYLE('',(#15027));
#15029=SURFACE_STYLE_USAGE(.POSITIVE.,#15028);
#15030=FILL_AREA_STYLE_COLOUR('',#13658);
#15031=FILL_AREA_STYLE('',(#15030));
#15032=SURFACE_STYLE_FILL_AREA(#15031);
#15033=SURFACE_SIDE_STYLE('',(#15032));
#15034=SURFACE_STYLE_USAGE(.NEGATIVE.,#15033);
#15035=PRESENTATION_STYLE_ASSIGNMENT((#15029,#15034));
#15036=OVER_RIDING_STYLED_ITEM('',(#15035),#15024,#13659);
#15037=CARTESIAN_POINT('',(-5.098666545537E0,1.E0,5.7E0));
#15038=DIRECTION('',(0.E0,9.986295347546E-1,-5.233595624294E-2));
#15039=DIRECTION('',(-1.E0,0.E0,0.E0));
#15040=AXIS2_PLACEMENT_3D('',#15037,#15038,#15039);
#15041=PLANE('',#15040);
#15042=ORIENTED_EDGE('',*,*,#14899,.T.);
#15044=ORIENTED_EDGE('',*,*,#15043,.T.);
#15045=ORIENTED_EDGE('',*,*,#15016,.T.);
#15046=ORIENTED_EDGE('',*,*,#15005,.F.);
#15048=ORIENTED_EDGE('',*,*,#15047,.F.);
#15049=EDGE_LOOP('',(#15042,#15044,#15045,#15046,#15048));
#15050=FACE_OUTER_BOUND('',#15049,.F.);
#15052=CARTESIAN_POINT('',(-6.3E0,0.E0,5.85E0));
#15053=DIRECTION('',(0.E0,0.E0,1.E0));
#15054=DIRECTION('',(0.E0,-1.E0,0.E0));
#15055=AXIS2_PLACEMENT_3D('',#15052,#15053,#15054);
#15056=CONICAL_SURFACE('',#15055,1.007861166892E0,3.E0);
#15057=ORIENTED_EDGE('',*,*,#15018,.T.);
#15058=ORIENTED_EDGE('',*,*,#15043,.F.);
#15059=ORIENTED_EDGE('',*,*,#14897,.T.);
#15061=ORIENTED_EDGE('',*,*,#15060,.T.);
#15062=EDGE_LOOP('',(#15057,#15058,#15059,#15061));
#15063=FACE_OUTER_BOUND('',#15062,.F.);
#15065=CARTESIAN_POINT('',(-5.098666545537E0,-1.E0,5.7E0));
#15066=DIRECTION('',(0.E0,9.986295347546E-1,5.233595624294E-2));
#15067=DIRECTION('',(-1.E0,0.E0,0.E0));
#15068=AXIS2_PLACEMENT_3D('',#15065,#15066,#15067);
#15069=PLANE('',#15068);
#15070=ORIENTED_EDGE('',*,*,#14895,.F.);
#15072=ORIENTED_EDGE('',*,*,#15071,.T.);
#15073=ORIENTED_EDGE('',*,*,#14994,.T.);
#15074=ORIENTED_EDGE('',*,*,#15020,.F.);
#15075=ORIENTED_EDGE('',*,*,#15060,.F.);
#15076=EDGE_LOOP('',(#15070,#15072,#15073,#15074,#15075));
#15077=FACE_OUTER_BOUND('',#15076,.F.);
#15079=CARTESIAN_POINT('',(-7.188259612568E0,-3.972426239384E0,5.75E0));
#15080=DIRECTION('',(0.E0,-1.E0,0.E0));
#15081=DIRECTION('',(0.E0,0.E0,1.E0));
#15082=AXIS2_PLACEMENT_3D('',#15079,#15080,#15081);
#15083=CYLINDRICAL_SURFACE('',#15082,2.5E-1);
#15084=ORIENTED_EDGE('',*,*,#15071,.F.);
#15085=ORIENTED_EDGE('',*,*,#14893,.F.);
#15087=ORIENTED_EDGE('',*,*,#15086,.T.);
#15088=ORIENTED_EDGE('',*,*,#14996,.T.);
#15089=EDGE_LOOP('',(#15084,#15085,#15087,#15088));
#15090=FACE_OUTER_BOUND('',#15089,.F.);
#15092=CARTESIAN_POINT('',(-7.039374309168E0,-4.050673291730E0,
5.736732345610E0));
#15093=CARTESIAN_POINT('',(-7.063112712787E0,-4.059356029624E0,
5.736732345610E0));
#15094=CARTESIAN_POINT('',(-7.106800285063E0,-4.068763387612E0,
5.736732345610E0));
#15095=CARTESIAN_POINT('',(-7.167905202440E0,-4.068032813003E0,
5.736732345610E0));
#15096=CARTESIAN_POINT('',(-7.217960950503E0,-4.058474534899E0,
5.736732345610E0));
#15097=CARTESIAN_POINT('',(-7.260682350882E0,-4.043157581581E0,
5.736732345610E0));
#15098=CARTESIAN_POINT('',(-7.297195514591E0,-4.023715658971E0,
5.736732345610E0));
#15099=CARTESIAN_POINT('',(-7.327980328318E0,-4.001562148395E0,
5.736732345610E0));
#15100=CARTESIAN_POINT('',(-7.354569219406E0,-3.977074523369E0,
5.736732345610E0));
#15101=CARTESIAN_POINT('',(-7.378124481355E0,-3.949640449961E0,
5.736732345610E0));
#15102=CARTESIAN_POINT('',(-7.399223915189E0,-3.917966153701E0,
5.736732345610E0));
#15103=CARTESIAN_POINT('',(-7.417237143933E0,-3.880911889664E0,
5.736732345610E0));
#15104=CARTESIAN_POINT('',(-7.431031127541E0,-3.837827174833E0,
5.736732345610E0));
#15105=CARTESIAN_POINT('',(-7.438901999455E0,-3.787421206138E0,
5.736732345610E0));
#15106=CARTESIAN_POINT('',(-7.437849882612E0,-3.741753378168E0,
5.736732345610E0));
#15107=CARTESIAN_POINT('',(-7.432950713851E0,-3.713398639740E0,
5.736732345610E0));
#15108=CARTESIAN_POINT('',(-7.430915754484E0,-3.704325300751E0,
5.736732345610E0));
#15109=CARTESIAN_POINT('',(-7.036375201611E0,-4.058827733700E0,
5.899892454136E0));
#15110=CARTESIAN_POINT('',(-7.060883644547E0,-4.067774504152E0,
5.899892454136E0));
#15111=CARTESIAN_POINT('',(-7.105902521685E0,-4.077460759157E0,
5.899892454136E0));
#15112=CARTESIAN_POINT('',(-7.168765014707E0,-4.076706843028E0,
5.899892454136E0));
#15113=CARTESIAN_POINT('',(-7.220239284660E0,-4.066877164805E0,
5.899892454136E0));
#15114=CARTESIAN_POINT('',(-7.264184065396E0,-4.051123999873E0,
5.899892454136E0));
#15115=CARTESIAN_POINT('',(-7.301790544761E0,-4.031100015001E0,
5.899892454136E0));
#15116=CARTESIAN_POINT('',(-7.333471460739E0,-4.008300345325E0,
5.899892454136E0));
#15117=CARTESIAN_POINT('',(-7.360820957916E0,-3.983111711853E0,
5.899892454136E0));
#15118=CARTESIAN_POINT('',(-7.385051335427E0,-3.954892576053E0,
5.899892454136E0));
#15119=CARTESIAN_POINT('',(-7.406774811438E0,-3.922282412550E0,
5.899892454136E0));
#15120=CARTESIAN_POINT('',(-7.425320777596E0,-3.884130914939E0,
5.899892454136E0));
#15121=CARTESIAN_POINT('',(-7.439506249960E0,-3.839818000958E0,
5.899892454136E0));
#15122=CARTESIAN_POINT('',(-7.447601007542E0,-3.787982922493E0,
5.899892454136E0));
#15123=CARTESIAN_POINT('',(-7.446520662796E0,-3.740992185028E0,
5.899892454136E0));
#15124=CARTESIAN_POINT('',(-7.441474766693E0,-3.711781890267E0,
5.899892454136E0));
#15125=CARTESIAN_POINT('',(-7.439378205390E0,-3.702430109794E0,
5.899892454136E0));
#15126=CARTESIAN_POINT('',(-7.077026293073E0,-3.948299198109E0,
6.013392876574E0));
#15127=CARTESIAN_POINT('',(-7.091097318182E0,-3.953667166723E0,
6.013392876574E0));
#15128=CARTESIAN_POINT('',(-7.118071162026E0,-3.959573141111E0,
6.013392876574E0));
#15129=CARTESIAN_POINT('',(-7.157110778755E0,-3.959135605179E0,
6.013392876574E0));
#15130=CARTESIAN_POINT('',(-7.189357841284E0,-3.952984591650E0,
6.013392876574E0));
#15131=CARTESIAN_POINT('',(-7.216720440211E0,-3.943144011671E0,
6.013392876574E0));
#15132=CARTESIAN_POINT('',(-7.239507686211E0,-3.931009529194E0,
6.013392876574E0));
#15133=CARTESIAN_POINT('',(-7.259042477441E0,-3.916968155834E0,
6.013392876574E0));
#15134=CARTESIAN_POINT('',(-7.276082418479E0,-3.901281268448E0,
6.013392876574E0));
#15135=CARTESIAN_POINT('',(-7.291162012325E0,-3.883703179178E0,
6.013392876574E0));
#15136=CARTESIAN_POINT('',(-7.304426973557E0,-3.863778130881E0,
6.013392876574E0));
#15137=CARTESIAN_POINT('',(-7.315752005839E0,-3.840498971636E0,
6.013392876574E0));
#15138=CARTESIAN_POINT('',(-7.324631084585E0,-3.812833555298E0,
6.013392876574E0));
#15139=CARTESIAN_POINT('',(-7.329691207154E0,-3.780369196576E0,
6.013392876574E0));
#15140=CARTESIAN_POINT('',(-7.328993474590E0,-3.751309698281E0,
6.013392876574E0));
#15141=CARTESIAN_POINT('',(-7.325936378975E0,-3.733695952850E0,
6.013392876574E0));
#15142=CARTESIAN_POINT('',(-7.324674794712E0,-3.728118278509E0,
6.013392876574E0));
#15143=CARTESIAN_POINT('',(-7.133319243837E0,-3.795241132798E0,
5.999032554221E0));
#15144=CARTESIAN_POINT('',(-7.132936707511E0,-3.795653236554E0,
5.999032554221E0));
#15145=CARTESIAN_POINT('',(-7.134922091409E0,-3.796324341643E0,
5.999032554221E0));
#15146=CARTESIAN_POINT('',(-7.140972187957E0,-3.796324923711E0,
5.999032554221E0));
#15147=CARTESIAN_POINT('',(-7.146593735600E0,-3.795268063452E0,
5.999032554221E0));
#15148=CARTESIAN_POINT('',(-7.150993606823E0,-3.793615132110E0,
5.999032554221E0));
#15149=CARTESIAN_POINT('',(-7.153259426602E0,-3.792405900441E0,
5.999032554220E0));
#15150=CARTESIAN_POINT('',(-7.155974467667E0,-3.790492869165E0,
5.999032554221E0));
#15151=CARTESIAN_POINT('',(-7.158737907994E0,-3.787963840653E0,
5.999032554221E0));
#15152=CARTESIAN_POINT('',(-7.161145649849E0,-3.785121294437E0,
5.999032554220E0));
#15153=CARTESIAN_POINT('',(-7.162697401452E0,-3.782762381267E0,
5.999032554221E0));
#15154=CARTESIAN_POINT('',(-7.164023005415E0,-3.780078187158E0,
5.999032554220E0));
#15155=CARTESIAN_POINT('',(-7.165553879134E0,-3.775465946798E0,
5.999032554221E0));
#15156=CARTESIAN_POINT('',(-7.166411689949E0,-3.769825836415E0,
5.999032554221E0));
#15157=CARTESIAN_POINT('',(-7.166243792330E0,-3.765597217870E0,
5.999032554220E0));
#15158=CARTESIAN_POINT('',(-7.165940754327E0,-3.764042179769E0,
5.999032554221E0));
#15159=CARTESIAN_POINT('',(-7.165835432287E0,-3.763690824401E0,
5.999032554221E0));
#15160=(BOUNDED_SURFACE()B_SPLINE_SURFACE(3,3,((#15092,#15093,#15094,#15095,
#15096,#15097,#15098,#15099,#15100,#15101,#15102,#15103,#15104,#15105,#15106,
#15107,#15108),(#15109,#15110,#15111,#15112,#15113,#15114,#15115,#15116,#15117,
#15118,#15119,#15120,#15121,#15122,#15123,#15124,#15125),(#15126,#15127,#15128,
#15129,#15130,#15131,#15132,#15133,#15134,#15135,#15136,#15137,#15138,#15139,
#15140,#15141,#15142),(#15143,#15144,#15145,#15146,#15147,#15148,#15149,#15150,
#15151,#15152,#15153,#15154,#15155,#15156,#15157,#15158,#15159)),.UNSPECIFIED.,
.F.,.F.,.F.)B_SPLINE_SURFACE_WITH_KNOTS((4,4),(4,1,1,1,1,1,1,1,1,1,1,1,1,1,4),(
0.E0,1.E0),(-1.392125815038E-1,0.E0,1.079445926099E-1,2.029579345776E-1,
2.873820618044E-1,3.631462763092E-1,4.330457154358E-1,4.998702551810E-1,
5.667173264052E-1,6.366155656436E-1,7.123202913219E-1,7.965329670398E-1,
8.913598413140E-1,1.E0,1.051759243472E0),.UNSPECIFIED.)GEOMETRIC_REPRESENTATION_ITEM()RATIONAL_B_SPLINE_SURFACE(((1.208091877029E0,1.208091877029E0,
1.208091877029E0,1.208091877029E0,1.208091877029E0,1.208091877029E0,
1.208091877029E0,1.208091877029E0,1.208091877029E0,1.208091877029E0,
1.208091877029E0,1.208091877029E0,1.208091877029E0,1.208091877029E0,
1.208091877029E0,1.208091877029E0,1.208091877029E0),(9.306360409904E-1,
9.306360409904E-1,9.306360409904E-1,9.306360409904E-1,9.306360409904E-1,
9.306360409904E-1,9.306360409904E-1,9.306360409904E-1,9.306360409904E-1,
9.306360409904E-1,9.306360409904E-1,9.306360409904E-1,9.306360409904E-1,
9.306360409904E-1,9.306360409904E-1,9.306360409904E-1,9.306360409904E-1),(
9.306360409904E-1,9.306360409904E-1,9.306360409904E-1,9.306360409904E-1,
9.306360409904E-1,9.306360409904E-1,9.306360409904E-1,9.306360409904E-1,
9.306360409904E-1,9.306360409904E-1,9.306360409904E-1,9.306360409904E-1,
9.306360409904E-1,9.306360409904E-1,9.306360409904E-1,9.306360409904E-1,
9.306360409904E-1),(1.208091877029E0,1.208091877029E0,1.208091877029E0,
1.208091877029E0,1.208091877029E0,1.208091877029E0,1.208091877029E0,
1.208091877029E0,1.208091877029E0,1.208091877029E0,1.208091877029E0,
1.208091877029E0,1.208091877029E0,1.208091877029E0,1.208091877029E0,
1.208091877029E0,1.208091877029E0)))REPRESENTATION_ITEM('')SURFACE());
#15161=ORIENTED_EDGE('',*,*,#14891,.F.);
#15163=ORIENTED_EDGE('',*,*,#15162,.T.);
#15165=ORIENTED_EDGE('',*,*,#15164,.T.);
#15166=ORIENTED_EDGE('',*,*,#15086,.F.);
#15167=EDGE_LOOP('',(#15161,#15163,#15165,#15166));
#15168=FACE_OUTER_BOUND('',#15167,.F.);
#15170=CARTESIAN_POINT('',(7.358713542300E0,-3.818259612568E0,5.75E0));
#15171=DIRECTION('',(1.E0,0.E0,0.E0));
#15172=DIRECTION('',(0.E0,0.E0,1.E0));
#15173=AXIS2_PLACEMENT_3D('',#15170,#15171,#15172);
#15174=CYLINDRICAL_SURFACE('',#15173,2.5E-1);
#15175=ORIENTED_EDGE('',*,*,#14889,.F.);
#15177=ORIENTED_EDGE('',*,*,#15176,.T.);
#15179=ORIENTED_EDGE('',*,*,#15178,.T.);
#15180=ORIENTED_EDGE('',*,*,#15162,.F.);
#15181=EDGE_LOOP('',(#15175,#15177,#15179,#15180));
#15182=FACE_OUTER_BOUND('',#15181,.F.);
#15184=CARTESIAN_POINT('',(7.430871417042E0,-3.704127981006E0,
5.736732348595E0));
#15185=CARTESIAN_POINT('',(7.432927795996E0,-3.713266569785E0,
5.736732348595E0));
#15186=CARTESIAN_POINT('',(7.437848672081E0,-3.741688607592E0,
5.736732348595E0));
#15187=CARTESIAN_POINT('',(7.438901906366E0,-3.787420797121E0,
5.736732348595E0));
#15188=CARTESIAN_POINT('',(7.431031148386E0,-3.837827265631E0,
5.736732348595E0));
#15189=CARTESIAN_POINT('',(7.417237139401E0,-3.880911869166E0,
5.736732348595E0));
#15190=CARTESIAN_POINT('',(7.399223916402E0,-3.917966158593E0,
5.736732348595E0));
#15191=CARTESIAN_POINT('',(7.378124481290E0,-3.949640448884E0,
5.736732348595E0));
#15192=CARTESIAN_POINT('',(7.354569219311E0,-3.977074523744E0,
5.736732348595E0));
#15193=CARTESIAN_POINT('',(7.327980329465E0,-4.001562148609E0,
5.736732348595E0));
#15194=CARTESIAN_POINT('',(7.297195510349E0,-4.023715658406E0,
5.736732348595E0));
#15195=CARTESIAN_POINT('',(7.260682369461E0,-4.043157584820E0,
5.736732348595E0));
#15196=CARTESIAN_POINT('',(7.217960868661E0,-4.058474521339E0,
5.736732348595E0));
#15197=CARTESIAN_POINT('',(7.167905569804E0,-4.068032874694E0,
5.736732348595E0));
#15198=CARTESIAN_POINT('',(7.119366956261E0,-4.068612901285E0,
5.736732348595E0));
#15199=CARTESIAN_POINT('',(7.088030795353E0,-4.063908221127E0,
5.736732348595E0));
#15200=CARTESIAN_POINT('',(7.075952831243E0,-4.061277806511E0,
5.736732348595E0));
#15201=CARTESIAN_POINT('',(7.439332536273E0,-3.702226708187E0,
5.899892453050E0));
#15202=CARTESIAN_POINT('',(7.441451166184E0,-3.711645822471E0,
5.899892453050E0));
#15203=CARTESIAN_POINT('',(7.446519412724E0,-3.740925553071E0,
5.899892453050E0));
#15204=CARTESIAN_POINT('',(7.447600911227E0,-3.787982497108E0,
5.899892453050E0));
#15205=CARTESIAN_POINT('',(7.439506268913E0,-3.839818094858E0,
5.899892453050E0));
#15206=CARTESIAN_POINT('',(7.425320770987E0,-3.884130892819E0,
5.899892453050E0));
#15207=CARTESIAN_POINT('',(7.406774810770E0,-3.922282416552E0,
5.899892453050E0));
#15208=CARTESIAN_POINT('',(7.385051333627E0,-3.954892573613E0,
5.899892453050E0));
#15209=CARTESIAN_POINT('',(7.360820956245E0,-3.983111710728E0,
5.899892453050E0));
#15210=CARTESIAN_POINT('',(7.333471460553E0,-4.008300343846E0,
5.899892453050E0));
#15211=CARTESIAN_POINT('',(7.301790539190E0,-4.031100012594E0,
5.899892453050E0));
#15212=CARTESIAN_POINT('',(7.264184083859E0,-4.051124001087E0,
5.899892453050E0));
#15213=CARTESIAN_POINT('',(7.220239198878E0,-4.066877149267E0,
5.899892453050E0));
#15214=CARTESIAN_POINT('',(7.168765396970E0,-4.076706901976E0,
5.899892453050E0));
#15215=CARTESIAN_POINT('',(7.118830634796E0,-4.077305471855E0,
5.899892453050E0));
#15216=CARTESIAN_POINT('',(7.086554963147E0,-4.072461540733E0,
5.899892453050E0));
#15217=CARTESIAN_POINT('',(7.074106355165E0,-4.069752376198E0,
5.899892453050E0));
#15218=CARTESIAN_POINT('',(7.324647150379E0,-3.727997318548E0,
6.013392873155E0));
#15219=CARTESIAN_POINT('',(7.325922005980E0,-3.733614078214E0,
6.013392873155E0));
#15220=CARTESIAN_POINT('',(7.328992734575E0,-3.751268298502E0,
6.013392873155E0));
#15221=CARTESIAN_POINT('',(7.329691128601E0,-3.780368991377E0,
6.013392873155E0));
#15222=CARTESIAN_POINT('',(7.324631103868E0,-3.812833601208E0,
6.013392873155E0));
#15223=CARTESIAN_POINT('',(7.315752003256E0,-3.840498961893E0,
6.013392873155E0));
#15224=CARTESIAN_POINT('',(7.304426975834E0,-3.863778134063E0,
6.013392873155E0));
#15225=CARTESIAN_POINT('',(7.291162013364E0,-3.883703179533E0,
6.013392873155E0));
#15226=CARTESIAN_POINT('',(7.276082419518E0,-3.901281269627E0,
6.013392873155E0));
#15227=CARTESIAN_POINT('',(7.259042478917E0,-3.916968157190E0,
6.013392873155E0));
#15228=CARTESIAN_POINT('',(7.239507684940E0,-3.931009529712E0,
6.013392873155E0));
#15229=CARTESIAN_POINT('',(7.216720449786E0,-3.943144016548E0,
6.013392873155E0));
#15230=CARTESIAN_POINT('',(7.189357802100E0,-3.952984577835E0,
6.013392873155E0));
#15231=CARTESIAN_POINT('',(7.157110956517E0,-3.959135675421E0,
6.013392873155E0));
#15232=CARTESIAN_POINT('',(7.126100149915E0,-3.959482902170E0,
6.013392873155E0));
#15233=CARTESIAN_POINT('',(7.106558981693E0,-3.956526434176E0,
6.013392873155E0));
#15234=CARTESIAN_POINT('',(7.099134228637E0,-3.954884677464E0,
6.013392873155E0));
#15235=CARTESIAN_POINT('',(7.165832747326E0,-3.763684028488E0,
5.999032554697E0));
#15236=CARTESIAN_POINT('',(7.165939158384E0,-3.764035351114E0,
5.999032554697E0));
#15237=CARTESIAN_POINT('',(7.166243757557E0,-3.765590759284E0,
5.999032554697E0));
#15238=CARTESIAN_POINT('',(7.166411634917E0,-3.769825936058E0,
5.999032554697E0));
#15239=CARTESIAN_POINT('',(7.165553897823E0,-3.775465926004E0,
5.999032554697E0));
#15240=CARTESIAN_POINT('',(7.164023007406E0,-3.780078194153E0,
5.999032554697E0));
#15241=CARTESIAN_POINT('',(7.162697406870E0,-3.782762382779E0,
5.999032554697E0));
#15242=CARTESIAN_POINT('',(7.161145653963E0,-3.785121298010E0,
5.999032554697E0));
#15243=CARTESIAN_POINT('',(7.158737912011E0,-3.787963844275E0,
5.999032554697E0));
#15244=CARTESIAN_POINT('',(7.155974470764E0,-3.790492873611E0,
5.999032554697E0));
#15245=CARTESIAN_POINT('',(7.153259430717E0,-3.792405904094E0,
5.999032554697E0));
#15246=CARTESIAN_POINT('',(7.150993603655E0,-3.793615141073E0,
5.999032554697E0));
#15247=CARTESIAN_POINT('',(7.146593760662E0,-3.795268050981E0,
5.999032554697E0));
#15248=CARTESIAN_POINT('',(7.140972082423E0,-3.796325008517E0,
5.999032554697E0));
#15249=CARTESIAN_POINT('',(7.136166852791E0,-3.796324179506E0,
5.999032554697E0));
#15250=CARTESIAN_POINT('',(7.134260211796E0,-3.795981438865E0,
5.999032554697E0));
#15251=CARTESIAN_POINT('',(7.133792408963E0,-3.795817810641E0,
5.999032554697E0));
#15252=(BOUNDED_SURFACE()B_SPLINE_SURFACE(3,3,((#15184,#15185,#15186,#15187,
#15188,#15189,#15190,#15191,#15192,#15193,#15194,#15195,#15196,#15197,#15198,
#15199,#15200),(#15201,#15202,#15203,#15204,#15205,#15206,#15207,#15208,#15209,
#15210,#15211,#15212,#15213,#15214,#15215,#15216,#15217),(#15218,#15219,#15220,
#15221,#15222,#15223,#15224,#15225,#15226,#15227,#15228,#15229,#15230,#15231,
#15232,#15233,#15234),(#15235,#15236,#15237,#15238,#15239,#15240,#15241,#15242,
#15243,#15244,#15245,#15246,#15247,#15248,#15249,#15250,#15251)),.UNSPECIFIED.,
.F.,.F.,.F.)B_SPLINE_SURFACE_WITH_KNOTS((4,4),(4,1,1,1,1,1,1,1,1,1,1,1,1,1,4),(
0.E0,1.E0),(-5.212890756576E-2,0.E0,1.086401586860E-1,2.034670329602E-1,
2.876797086781E-1,3.633844343564E-1,4.332826735948E-1,5.001297448190E-1,
5.669542845642E-1,6.368537236909E-1,7.126179381956E-1,7.970420654224E-1,
8.920554073901E-1,1.E0,1.068835281545E0),.UNSPECIFIED.)GEOMETRIC_REPRESENTATION_ITEM()RATIONAL_B_SPLINE_SURFACE(((1.208091867763E0,1.208091867763E0,
1.208091867763E0,1.208091867763E0,1.208091867763E0,1.208091867763E0,
1.208091867763E0,1.208091867763E0,1.208091867763E0,1.208091867763E0,
1.208091867763E0,1.208091867763E0,1.208091867763E0,1.208091867763E0,
1.208091867763E0,1.208091867763E0,1.208091867763E0),(9.306360440791E-1,
9.306360440791E-1,9.306360440791E-1,9.306360440791E-1,9.306360440791E-1,
9.306360440791E-1,9.306360440791E-1,9.306360440791E-1,9.306360440791E-1,
9.306360440791E-1,9.306360440791E-1,9.306360440791E-1,9.306360440791E-1,
9.306360440791E-1,9.306360440791E-1,9.306360440791E-1,9.306360440791E-1),(
9.306360440791E-1,9.306360440791E-1,9.306360440791E-1,9.306360440791E-1,
9.306360440791E-1,9.306360440791E-1,9.306360440791E-1,9.306360440791E-1,
9.306360440791E-1,9.306360440791E-1,9.306360440791E-1,9.306360440791E-1,
9.306360440791E-1,9.306360440791E-1,9.306360440791E-1,9.306360440791E-1,
9.306360440791E-1),(1.208091867763E0,1.208091867763E0,1.208091867763E0,
1.208091867763E0,1.208091867763E0,1.208091867763E0,1.208091867763E0,
1.208091867763E0,1.208091867763E0,1.208091867763E0,1.208091867763E0,
1.208091867763E0,1.208091867763E0,1.208091867763E0,1.208091867763E0,
1.208091867763E0,1.208091867763E0)))REPRESENTATION_ITEM('')SURFACE());
#15253=ORIENTED_EDGE('',*,*,#14887,.F.);
#15254=ORIENTED_EDGE('',*,*,#14919,.T.);
#15256=ORIENTED_EDGE('',*,*,#15255,.T.);
#15257=ORIENTED_EDGE('',*,*,#15176,.F.);
#15258=EDGE_LOOP('',(#15253,#15254,#15256,#15257));
#15259=FACE_OUTER_BOUND('',#15258,.F.);
#15261=CARTESIAN_POINT('',(7.112359306517E0,-4.063530480427E0,
5.866584255506E0));
#15262=CARTESIAN_POINT('',(7.175459169851E0,-4.126630343761E0,
4.059640586968E0));
#15263=CARTESIAN_POINT('',(7.238559033184E0,-4.189730207094E0,
2.252696918430E0));
#15264=CARTESIAN_POINT('',(7.301658896518E0,-4.252830070428E0,
4.457532498925E-1));
#15265=CARTESIAN_POINT('',(7.119673774675E0,-4.064071885177E0,
5.866584255506E0));
#15266=CARTESIAN_POINT('',(7.182773638008E0,-4.127171748510E0,
4.059640586968E0));
#15267=CARTESIAN_POINT('',(7.245873501342E0,-4.190271611844E0,
2.252696918430E0));
#15268=CARTESIAN_POINT('',(7.308973364675E0,-4.253371475177E0,
4.457532498925E-1));
#15269=CARTESIAN_POINT('',(7.179367158262E0,-4.066260694118E0,
5.866584255506E0));
#15270=CARTESIAN_POINT('',(7.242467021596E0,-4.129360557452E0,
4.059640586968E0));
#15271=CARTESIAN_POINT('',(7.305566884929E0,-4.192460420786E0,
2.252696918430E0));
#15272=CARTESIAN_POINT('',(7.368666748263E0,-4.255560284119E0,
4.457532498925E-1));
#15273=CARTESIAN_POINT('',(7.291420419410E0,-4.036925218949E0,
5.866584255506E0));
#15274=CARTESIAN_POINT('',(7.354520282743E0,-4.100025082283E0,
4.059640586968E0));
#15275=CARTESIAN_POINT('',(7.417620146077E0,-4.163124945616E0,
2.252696918430E0));
#15276=CARTESIAN_POINT('',(7.480720009410E0,-4.226224808950E0,
4.457532498925E-1));
#15277=CARTESIAN_POINT('',(7.406925218949E0,-3.921420419410E0,
5.866584255506E0));
#15278=CARTESIAN_POINT('',(7.470025082283E0,-3.984520282743E0,
4.059640586968E0));
#15279=CARTESIAN_POINT('',(7.533124945616E0,-4.047620146077E0,
2.252696918430E0));
#15280=CARTESIAN_POINT('',(7.596224808950E0,-4.110720009410E0,
4.457532498925E-1));
#15281=CARTESIAN_POINT('',(7.436260694118E0,-3.809367158262E0,
5.866584255506E0));
#15282=CARTESIAN_POINT('',(7.499360557452E0,-3.872467021596E0,
4.059640586968E0));
#15283=CARTESIAN_POINT('',(7.562460420786E0,-3.935566884929E0,
2.252696918430E0));
#15284=CARTESIAN_POINT('',(7.625560284119E0,-3.998666748263E0,
4.457532498925E-1));
#15285=CARTESIAN_POINT('',(7.434071885177E0,-3.749673774675E0,
5.866584255506E0));
#15286=CARTESIAN_POINT('',(7.497171748510E0,-3.812773638008E0,
4.059640586968E0));
#15287=CARTESIAN_POINT('',(7.560271611844E0,-3.875873501342E0,
2.252696918430E0));
#15288=CARTESIAN_POINT('',(7.623371475177E0,-3.938973364675E0,
4.457532498925E-1));
#15289=CARTESIAN_POINT('',(7.433530480427E0,-3.742359306517E0,
5.866584255506E0));
#15290=CARTESIAN_POINT('',(7.496630343761E0,-3.805459169851E0,
4.059640586968E0));
#15291=CARTESIAN_POINT('',(7.559730207094E0,-3.868559033184E0,
2.252696918430E0));
#15292=CARTESIAN_POINT('',(7.622830070428E0,-3.931658896518E0,
4.457532498925E-1));
#15293=B_SPLINE_SURFACE_WITH_KNOTS('',3,3,((#15261,#15262,#15263,#15264),
(#15265,#15266,#15267,#15268),(#15269,#15270,#15271,#15272),(#15273,#15274,
#15275,#15276),(#15277,#15278,#15279,#15280),(#15281,#15282,#15283,#15284),(
#15285,#15286,#15287,#15288),(#15289,#15290,#15291,#15292)),.UNSPECIFIED.,.F.,
.F.,.F.,(4,1,1,1,1,4),(4,4),(-4.668654937971E-2,0.E0,3.333333333333E-1,
6.666666666667E-1,1.E0,1.046686549380E0),(2.447995311814E-2,1.019127844056E0),
.UNSPECIFIED.);
#15294=ORIENTED_EDGE('',*,*,#15255,.F.);
#15295=ORIENTED_EDGE('',*,*,#14934,.T.);
#15296=ORIENTED_EDGE('',*,*,#14953,.F.);
#15298=ORIENTED_EDGE('',*,*,#15297,.F.);
#15299=EDGE_LOOP('',(#15294,#15295,#15296,#15298));
#15300=FACE_OUTER_BOUND('',#15299,.F.);
#15302=CARTESIAN_POINT('',(0.E0,-4.059681806270E0,6.E0));
#15303=DIRECTION('',(0.E0,-9.993908270191E-1,3.489949670250E-2));
#15304=DIRECTION('',(0.E0,-3.489949670250E-2,-9.993908270191E-1));
#15305=AXIS2_PLACEMENT_3D('',#15302,#15303,#15304);
#15306=PLANE('',#15305);
#15307=ORIENTED_EDGE('',*,*,#15178,.F.);
#15308=ORIENTED_EDGE('',*,*,#15297,.T.);
#15309=ORIENTED_EDGE('',*,*,#14951,.F.);
#15311=ORIENTED_EDGE('',*,*,#15310,.F.);
#15312=EDGE_LOOP('',(#15307,#15308,#15309,#15311));
#15313=FACE_OUTER_BOUND('',#15312,.F.);
#15315=CARTESIAN_POINT('',(-7.112359306511E0,-4.063530480421E0,
5.866584255685E0));
#15316=CARTESIAN_POINT('',(-7.175459169847E0,-4.126630343756E0,
4.059640587087E0));
#15317=CARTESIAN_POINT('',(-7.238559033182E0,-4.189730207092E0,
2.252696918488E0));
#15318=CARTESIAN_POINT('',(-7.301658896518E0,-4.252830070428E0,
4.457532498890E-1));
#15319=CARTESIAN_POINT('',(-7.119673774668E0,-4.064071885170E0,
5.866584255685E0));
#15320=CARTESIAN_POINT('',(-7.182773638004E0,-4.127171748506E0,
4.059640587087E0));
#15321=CARTESIAN_POINT('',(-7.245873501340E0,-4.190271611842E0,
2.252696918488E0));
#15322=CARTESIAN_POINT('',(-7.308973364676E0,-4.253371475178E0,
4.457532498890E-1));
#15323=CARTESIAN_POINT('',(-7.179367158256E0,-4.066260694112E0,
5.866584255685E0));
#15324=CARTESIAN_POINT('',(-7.242467021592E0,-4.129360557448E0,
4.059640587087E0));
#15325=CARTESIAN_POINT('',(-7.305566884927E0,-4.192460420784E0,
2.252696918488E0));
#15326=CARTESIAN_POINT('',(-7.368666748263E0,-4.255560284119E0,
4.457532498890E-1));
#15327=CARTESIAN_POINT('',(-7.291420419403E0,-4.036925218943E0,
5.866584255685E0));
#15328=CARTESIAN_POINT('',(-7.354520282739E0,-4.100025082279E0,
4.059640587087E0));
#15329=CARTESIAN_POINT('',(-7.417620146075E0,-4.163124945614E0,
2.252696918488E0));
#15330=CARTESIAN_POINT('',(-7.480720009410E0,-4.226224808950E0,
4.457532498890E-1));
#15331=CARTESIAN_POINT('',(-7.406925218943E0,-3.921420419403E0,
5.866584255685E0));
#15332=CARTESIAN_POINT('',(-7.470025082279E0,-3.984520282739E0,
4.059640587087E0));
#15333=CARTESIAN_POINT('',(-7.533124945614E0,-4.047620146075E0,
2.252696918488E0));
#15334=CARTESIAN_POINT('',(-7.596224808950E0,-4.110720009410E0,
4.457532498890E-1));
#15335=CARTESIAN_POINT('',(-7.436260694112E0,-3.809367158256E0,
5.866584255685E0));
#15336=CARTESIAN_POINT('',(-7.499360557448E0,-3.872467021592E0,
4.059640587087E0));
#15337=CARTESIAN_POINT('',(-7.562460420784E0,-3.935566884927E0,
2.252696918488E0));
#15338=CARTESIAN_POINT('',(-7.625560284119E0,-3.998666748263E0,
4.457532498890E-1));
#15339=CARTESIAN_POINT('',(-7.434071885170E0,-3.749673774668E0,
5.866584255685E0));
#15340=CARTESIAN_POINT('',(-7.497171748506E0,-3.812773638004E0,
4.059640587087E0));
#15341=CARTESIAN_POINT('',(-7.560271611842E0,-3.875873501340E0,
2.252696918488E0));
#15342=CARTESIAN_POINT('',(-7.623371475178E0,-3.938973364676E0,
4.457532498890E-1));
#15343=CARTESIAN_POINT('',(-7.433530480421E0,-3.742359306511E0,
5.866584255685E0));
#15344=CARTESIAN_POINT('',(-7.496630343756E0,-3.805459169847E0,
4.059640587087E0));
#15345=CARTESIAN_POINT('',(-7.559730207092E0,-3.868559033182E0,
2.252696918488E0));
#15346=CARTESIAN_POINT('',(-7.622830070428E0,-3.931658896518E0,
4.457532498890E-1));
#15347=B_SPLINE_SURFACE_WITH_KNOTS('',3,3,((#15315,#15316,#15317,#15318),
(#15319,#15320,#15321,#15322),(#15323,#15324,#15325,#15326),(#15327,#15328,
#15329,#15330),(#15331,#15332,#15333,#15334),(#15335,#15336,#15337,#15338),(
#15339,#15340,#15341,#15342),(#15343,#15344,#15345,#15346)),.UNSPECIFIED.,.F.,
.F.,.F.,(4,1,1,1,1,4),(4,4),(-4.668654937971E-2,0.E0,3.333333333333E-1,
6.666666666667E-1,1.E0,1.046686549380E0),(2.447995308524E-2,1.019127844057E0),
.UNSPECIFIED.);
#15348=ORIENTED_EDGE('',*,*,#15164,.F.);
#15349=ORIENTED_EDGE('',*,*,#15310,.T.);
#15350=ORIENTED_EDGE('',*,*,#14949,.T.);
#15351=ORIENTED_EDGE('',*,*,#14998,.F.);
#15352=EDGE_LOOP('',(#15348,#15349,#15350,#15351));
#15353=FACE_OUTER_BOUND('',#15352,.F.);
#15355=CARTESIAN_POINT('',(-7.188259612568E0,3.972426239384E0,5.75E0));
#15356=DIRECTION('',(0.E0,-1.E0,0.E0));
#15357=DIRECTION('',(0.E0,0.E0,1.E0));
#15358=AXIS2_PLACEMENT_3D('',#15355,#15356,#15357);
#15359=CYLINDRICAL_SURFACE('',#15358,2.5E-1);
#15360=ORIENTED_EDGE('',*,*,#15047,.T.);
#15361=ORIENTED_EDGE('',*,*,#15003,.F.);
#15363=ORIENTED_EDGE('',*,*,#15362,.F.);
#15364=ORIENTED_EDGE('',*,*,#14901,.T.);
#15365=EDGE_LOOP('',(#15360,#15361,#15363,#15364));
#15366=FACE_OUTER_BOUND('',#15365,.F.);
#15368=CARTESIAN_POINT('',(-7.133319243837E0,3.795241132798E0,
5.999032554221E0));
#15369=CARTESIAN_POINT('',(-7.132936707511E0,3.795653236554E0,
5.999032554221E0));
#15370=CARTESIAN_POINT('',(-7.134922091409E0,3.796324341643E0,
5.999032554221E0));
#15371=CARTESIAN_POINT('',(-7.140972187957E0,3.796324923711E0,
5.999032554221E0));
#15372=CARTESIAN_POINT('',(-7.146593735600E0,3.795268063452E0,
5.999032554221E0));
#15373=CARTESIAN_POINT('',(-7.150993606823E0,3.793615132110E0,
5.999032554221E0));
#15374=CARTESIAN_POINT('',(-7.153259426602E0,3.792405900441E0,
5.999032554220E0));
#15375=CARTESIAN_POINT('',(-7.155974467667E0,3.790492869165E0,
5.999032554221E0));
#15376=CARTESIAN_POINT('',(-7.158737907994E0,3.787963840653E0,
5.999032554221E0));
#15377=CARTESIAN_POINT('',(-7.161145649849E0,3.785121294437E0,
5.999032554220E0));
#15378=CARTESIAN_POINT('',(-7.162697401452E0,3.782762381267E0,
5.999032554221E0));
#15379=CARTESIAN_POINT('',(-7.164023005415E0,3.780078187158E0,
5.999032554220E0));
#15380=CARTESIAN_POINT('',(-7.165553879134E0,3.775465946798E0,
5.999032554221E0));
#15381=CARTESIAN_POINT('',(-7.166411689949E0,3.769825836415E0,
5.999032554221E0));
#15382=CARTESIAN_POINT('',(-7.166243792330E0,3.765597217870E0,
5.999032554220E0));
#15383=CARTESIAN_POINT('',(-7.165940754327E0,3.764042179769E0,
5.999032554221E0));
#15384=CARTESIAN_POINT('',(-7.165835432287E0,3.763690824401E0,
5.999032554221E0));
#15385=CARTESIAN_POINT('',(-7.077026293073E0,3.948299198109E0,
6.013392876574E0));
#15386=CARTESIAN_POINT('',(-7.091097318182E0,3.953667166723E0,
6.013392876574E0));
#15387=CARTESIAN_POINT('',(-7.118071162026E0,3.959573141111E0,
6.013392876574E0));
#15388=CARTESIAN_POINT('',(-7.157110778755E0,3.959135605179E0,
6.013392876574E0));
#15389=CARTESIAN_POINT('',(-7.189357841284E0,3.952984591650E0,
6.013392876574E0));
#15390=CARTESIAN_POINT('',(-7.216720440211E0,3.943144011671E0,
6.013392876574E0));
#15391=CARTESIAN_POINT('',(-7.239507686211E0,3.931009529194E0,
6.013392876574E0));
#15392=CARTESIAN_POINT('',(-7.259042477441E0,3.916968155834E0,
6.013392876574E0));
#15393=CARTESIAN_POINT('',(-7.276082418479E0,3.901281268448E0,
6.013392876574E0));
#15394=CARTESIAN_POINT('',(-7.291162012325E0,3.883703179178E0,
6.013392876574E0));
#15395=CARTESIAN_POINT('',(-7.304426973557E0,3.863778130881E0,
6.013392876574E0));
#15396=CARTESIAN_POINT('',(-7.315752005839E0,3.840498971636E0,
6.013392876574E0));
#15397=CARTESIAN_POINT('',(-7.324631084585E0,3.812833555298E0,
6.013392876574E0));
#15398=CARTESIAN_POINT('',(-7.329691207154E0,3.780369196576E0,
6.013392876574E0));
#15399=CARTESIAN_POINT('',(-7.328993474590E0,3.751309698281E0,
6.013392876574E0));
#15400=CARTESIAN_POINT('',(-7.325936378975E0,3.733695952850E0,
6.013392876574E0));
#15401=CARTESIAN_POINT('',(-7.324674794712E0,3.728118278509E0,
6.013392876574E0));
#15402=CARTESIAN_POINT('',(-7.036375201611E0,4.058827733700E0,
5.899892454136E0));
#15403=CARTESIAN_POINT('',(-7.060883644547E0,4.067774504152E0,
5.899892454136E0));
#15404=CARTESIAN_POINT('',(-7.105902521685E0,4.077460759157E0,
5.899892454136E0));
#15405=CARTESIAN_POINT('',(-7.168765014707E0,4.076706843028E0,
5.899892454136E0));
#15406=CARTESIAN_POINT('',(-7.220239284660E0,4.066877164805E0,
5.899892454136E0));
#15407=CARTESIAN_POINT('',(-7.264184065396E0,4.051123999873E0,
5.899892454136E0));
#15408=CARTESIAN_POINT('',(-7.301790544761E0,4.031100015001E0,
5.899892454136E0));
#15409=CARTESIAN_POINT('',(-7.333471460739E0,4.008300345325E0,
5.899892454136E0));
#15410=CARTESIAN_POINT('',(-7.360820957916E0,3.983111711853E0,
5.899892454136E0));
#15411=CARTESIAN_POINT('',(-7.385051335427E0,3.954892576053E0,
5.899892454136E0));
#15412=CARTESIAN_POINT('',(-7.406774811438E0,3.922282412550E0,
5.899892454136E0));
#15413=CARTESIAN_POINT('',(-7.425320777596E0,3.884130914939E0,
5.899892454136E0));
#15414=CARTESIAN_POINT('',(-7.439506249960E0,3.839818000958E0,
5.899892454136E0));
#15415=CARTESIAN_POINT('',(-7.447601007542E0,3.787982922493E0,
5.899892454136E0));
#15416=CARTESIAN_POINT('',(-7.446520662796E0,3.740992185028E0,
5.899892454136E0));
#15417=CARTESIAN_POINT('',(-7.441474766693E0,3.711781890267E0,
5.899892454136E0));
#15418=CARTESIAN_POINT('',(-7.439378205390E0,3.702430109794E0,
5.899892454136E0));
#15419=CARTESIAN_POINT('',(-7.039374309168E0,4.050673291730E0,
5.736732345610E0));
#15420=CARTESIAN_POINT('',(-7.063112712787E0,4.059356029624E0,
5.736732345610E0));
#15421=CARTESIAN_POINT('',(-7.106800285063E0,4.068763387612E0,
5.736732345610E0));
#15422=CARTESIAN_POINT('',(-7.167905202440E0,4.068032813003E0,
5.736732345610E0));
#15423=CARTESIAN_POINT('',(-7.217960950503E0,4.058474534899E0,
5.736732345610E0));
#15424=CARTESIAN_POINT('',(-7.260682350882E0,4.043157581581E0,
5.736732345610E0));
#15425=CARTESIAN_POINT('',(-7.297195514591E0,4.023715658971E0,
5.736732345610E0));
#15426=CARTESIAN_POINT('',(-7.327980328318E0,4.001562148395E0,
5.736732345610E0));
#15427=CARTESIAN_POINT('',(-7.354569219406E0,3.977074523369E0,
5.736732345610E0));
#15428=CARTESIAN_POINT('',(-7.378124481355E0,3.949640449961E0,
5.736732345610E0));
#15429=CARTESIAN_POINT('',(-7.399223915189E0,3.917966153701E0,
5.736732345610E0));
#15430=CARTESIAN_POINT('',(-7.417237143933E0,3.880911889664E0,
5.736732345610E0));
#15431=CARTESIAN_POINT('',(-7.431031127541E0,3.837827174833E0,
5.736732345610E0));
#15432=CARTESIAN_POINT('',(-7.438901999455E0,3.787421206138E0,
5.736732345610E0));
#15433=CARTESIAN_POINT('',(-7.437849882612E0,3.741753378168E0,
5.736732345610E0));
#15434=CARTESIAN_POINT('',(-7.432950713851E0,3.713398639740E0,
5.736732345610E0));
#15435=CARTESIAN_POINT('',(-7.430915754484E0,3.704325300751E0,
5.736732345610E0));
#15436=(BOUNDED_SURFACE()B_SPLINE_SURFACE(3,3,((#15368,#15369,#15370,#15371,
#15372,#15373,#15374,#15375,#15376,#15377,#15378,#15379,#15380,#15381,#15382,
#15383,#15384),(#15385,#15386,#15387,#15388,#15389,#15390,#15391,#15392,#15393,
#15394,#15395,#15396,#15397,#15398,#15399,#15400,#15401),(#15402,#15403,#15404,
#15405,#15406,#15407,#15408,#15409,#15410,#15411,#15412,#15413,#15414,#15415,
#15416,#15417,#15418),(#15419,#15420,#15421,#15422,#15423,#15424,#15425,#15426,
#15427,#15428,#15429,#15430,#15431,#15432,#15433,#15434,#15435)),.UNSPECIFIED.,
.F.,.F.,.F.)B_SPLINE_SURFACE_WITH_KNOTS((4,4),(4,1,1,1,1,1,1,1,1,1,1,1,1,1,4),(
0.E0,1.E0),(-1.392125815038E-1,0.E0,1.079445926099E-1,2.029579345776E-1,
2.873820618044E-1,3.631462763092E-1,4.330457154358E-1,4.998702551810E-1,
5.667173264052E-1,6.366155656436E-1,7.123202913219E-1,7.965329670398E-1,
8.913598413140E-1,1.E0,1.051759243472E0),.UNSPECIFIED.)GEOMETRIC_REPRESENTATION_ITEM()RATIONAL_B_SPLINE_SURFACE(((1.208091877029E0,1.208091877029E0,
1.208091877029E0,1.208091877029E0,1.208091877029E0,1.208091877029E0,
1.208091877029E0,1.208091877029E0,1.208091877029E0,1.208091877029E0,
1.208091877029E0,1.208091877029E0,1.208091877029E0,1.208091877029E0,
1.208091877029E0,1.208091877029E0,1.208091877029E0),(9.306360409904E-1,
9.306360409904E-1,9.306360409904E-1,9.306360409904E-1,9.306360409904E-1,
9.306360409904E-1,9.306360409904E-1,9.306360409904E-1,9.306360409904E-1,
9.306360409904E-1,9.306360409904E-1,9.306360409904E-1,9.306360409904E-1,
9.306360409904E-1,9.306360409904E-1,9.306360409904E-1,9.306360409904E-1),(
9.306360409904E-1,9.306360409904E-1,9.306360409904E-1,9.306360409904E-1,
9.306360409904E-1,9.306360409904E-1,9.306360409904E-1,9.306360409904E-1,
9.306360409904E-1,9.306360409904E-1,9.306360409904E-1,9.306360409904E-1,
9.306360409904E-1,9.306360409904E-1,9.306360409904E-1,9.306360409904E-1,
9.306360409904E-1),(1.208091877029E0,1.208091877029E0,1.208091877029E0,
1.208091877029E0,1.208091877029E0,1.208091877029E0,1.208091877029E0,
1.208091877029E0,1.208091877029E0,1.208091877029E0,1.208091877029E0,
1.208091877029E0,1.208091877029E0,1.208091877029E0,1.208091877029E0,
1.208091877029E0,1.208091877029E0)))REPRESENTATION_ITEM('')SURFACE());
#15437=ORIENTED_EDGE('',*,*,#14903,.T.);
#15438=ORIENTED_EDGE('',*,*,#15362,.T.);
#15440=ORIENTED_EDGE('',*,*,#15439,.F.);
#15442=ORIENTED_EDGE('',*,*,#15441,.F.);
#15443=EDGE_LOOP('',(#15437,#15438,#15440,#15442));
#15444=FACE_OUTER_BOUND('',#15443,.F.);
#15446=CARTESIAN_POINT('',(-7.112359306511E0,4.063530480421E0,
5.866584255685E0));
#15447=CARTESIAN_POINT('',(-7.175459169847E0,4.126630343756E0,
4.059640587087E0));
#15448=CARTESIAN_POINT('',(-7.238559033182E0,4.189730207092E0,
2.252696918488E0));
#15449=CARTESIAN_POINT('',(-7.301658896518E0,4.252830070428E0,
4.457532498890E-1));
#15450=CARTESIAN_POINT('',(-7.119673774668E0,4.064071885170E0,
5.866584255685E0));
#15451=CARTESIAN_POINT('',(-7.182773638004E0,4.127171748506E0,
4.059640587087E0));
#15452=CARTESIAN_POINT('',(-7.245873501340E0,4.190271611842E0,
2.252696918488E0));
#15453=CARTESIAN_POINT('',(-7.308973364676E0,4.253371475178E0,
4.457532498890E-1));
#15454=CARTESIAN_POINT('',(-7.179367158256E0,4.066260694112E0,
5.866584255685E0));
#15455=CARTESIAN_POINT('',(-7.242467021592E0,4.129360557448E0,
4.059640587087E0));
#15456=CARTESIAN_POINT('',(-7.305566884927E0,4.192460420784E0,
2.252696918488E0));
#15457=CARTESIAN_POINT('',(-7.368666748263E0,4.255560284119E0,
4.457532498890E-1));
#15458=CARTESIAN_POINT('',(-7.291420419403E0,4.036925218943E0,
5.866584255685E0));
#15459=CARTESIAN_POINT('',(-7.354520282739E0,4.100025082279E0,
4.059640587087E0));
#15460=CARTESIAN_POINT('',(-7.417620146075E0,4.163124945614E0,
2.252696918488E0));
#15461=CARTESIAN_POINT('',(-7.480720009410E0,4.226224808950E0,
4.457532498890E-1));
#15462=CARTESIAN_POINT('',(-7.406925218943E0,3.921420419403E0,
5.866584255685E0));
#15463=CARTESIAN_POINT('',(-7.470025082279E0,3.984520282739E0,
4.059640587087E0));
#15464=CARTESIAN_POINT('',(-7.533124945614E0,4.047620146075E0,
2.252696918488E0));
#15465=CARTESIAN_POINT('',(-7.596224808950E0,4.110720009410E0,
4.457532498890E-1));
#15466=CARTESIAN_POINT('',(-7.436260694112E0,3.809367158256E0,
5.866584255685E0));
#15467=CARTESIAN_POINT('',(-7.499360557448E0,3.872467021592E0,
4.059640587087E0));
#15468=CARTESIAN_POINT('',(-7.562460420784E0,3.935566884927E0,
2.252696918488E0));
#15469=CARTESIAN_POINT('',(-7.625560284119E0,3.998666748263E0,
4.457532498890E-1));
#15470=CARTESIAN_POINT('',(-7.434071885170E0,3.749673774668E0,
5.866584255685E0));
#15471=CARTESIAN_POINT('',(-7.497171748506E0,3.812773638004E0,
4.059640587087E0));
#15472=CARTESIAN_POINT('',(-7.560271611842E0,3.875873501340E0,
2.252696918488E0));
#15473=CARTESIAN_POINT('',(-7.623371475178E0,3.938973364676E0,
4.457532498890E-1));
#15474=CARTESIAN_POINT('',(-7.433530480421E0,3.742359306511E0,
5.866584255685E0));
#15475=CARTESIAN_POINT('',(-7.496630343756E0,3.805459169847E0,
4.059640587087E0));
#15476=CARTESIAN_POINT('',(-7.559730207092E0,3.868559033182E0,
2.252696918488E0));
#15477=CARTESIAN_POINT('',(-7.622830070428E0,3.931658896518E0,
4.457532498890E-1));
#15478=B_SPLINE_SURFACE_WITH_KNOTS('',3,3,((#15446,#15447,#15448,#15449),
(#15450,#15451,#15452,#15453),(#15454,#15455,#15456,#15457),(#15458,#15459,
#15460,#15461),(#15462,#15463,#15464,#15465),(#15466,#15467,#15468,#15469),(
#15470,#15471,#15472,#15473),(#15474,#15475,#15476,#15477)),.UNSPECIFIED.,.F.,
.F.,.F.,(4,1,1,1,1,4),(4,4),(-4.668654937971E-2,0.E0,3.333333333333E-1,
6.666666666667E-1,1.E0,1.046686549380E0),(2.447995308524E-2,1.019127844057E0),
.UNSPECIFIED.);
#15479=ORIENTED_EDGE('',*,*,#15439,.T.);
#15480=ORIENTED_EDGE('',*,*,#15001,.T.);
#15481=ORIENTED_EDGE('',*,*,#14960,.F.);
#15483=ORIENTED_EDGE('',*,*,#15482,.F.);
#15484=EDGE_LOOP('',(#15479,#15480,#15481,#15483));
#15485=FACE_OUTER_BOUND('',#15484,.F.);
#15487=CARTESIAN_POINT('',(0.E0,4.059681806270E0,6.E0));
#15488=DIRECTION('',(0.E0,-9.993908270191E-1,-3.489949670250E-2));
#15489=DIRECTION('',(0.E0,3.489949670250E-2,-9.993908270191E-1));
#15490=AXIS2_PLACEMENT_3D('',#15487,#15488,#15489);
#15491=PLANE('',#15490);
#15493=ORIENTED_EDGE('',*,*,#15492,.T.);
#15494=ORIENTED_EDGE('',*,*,#15482,.T.);
#15495=ORIENTED_EDGE('',*,*,#14958,.T.);
#15497=ORIENTED_EDGE('',*,*,#15496,.F.);
#15498=EDGE_LOOP('',(#15493,#15494,#15495,#15497));
#15499=FACE_OUTER_BOUND('',#15498,.F.);
#15501=CARTESIAN_POINT('',(7.358713542300E0,3.818259612568E0,5.75E0));
#15502=DIRECTION('',(-1.E0,0.E0,0.E0));
#15503=DIRECTION('',(0.E0,0.E0,1.E0));
#15504=AXIS2_PLACEMENT_3D('',#15501,#15502,#15503);
#15505=CYLINDRICAL_SURFACE('',#15504,2.5E-1);
#15506=ORIENTED_EDGE('',*,*,#14905,.T.);
#15507=ORIENTED_EDGE('',*,*,#15441,.T.);
#15508=ORIENTED_EDGE('',*,*,#15492,.F.);
#15510=ORIENTED_EDGE('',*,*,#15509,.F.);
#15511=EDGE_LOOP('',(#15506,#15507,#15508,#15510));
#15512=FACE_OUTER_BOUND('',#15511,.F.);
#15514=CARTESIAN_POINT('',(7.165832747326E0,3.763684028488E0,5.999032554697E0));
#15515=CARTESIAN_POINT('',(7.165939158384E0,3.764035351114E0,5.999032554697E0));
#15516=CARTESIAN_POINT('',(7.166243757557E0,3.765590759284E0,5.999032554697E0));
#15517=CARTESIAN_POINT('',(7.166411634917E0,3.769825936058E0,5.999032554697E0));
#15518=CARTESIAN_POINT('',(7.165553897823E0,3.775465926004E0,5.999032554697E0));
#15519=CARTESIAN_POINT('',(7.164023007406E0,3.780078194153E0,5.999032554697E0));
#15520=CARTESIAN_POINT('',(7.162697406870E0,3.782762382779E0,5.999032554697E0));
#15521=CARTESIAN_POINT('',(7.161145653963E0,3.785121298010E0,5.999032554697E0));
#15522=CARTESIAN_POINT('',(7.158737912011E0,3.787963844275E0,5.999032554697E0));
#15523=CARTESIAN_POINT('',(7.155974470764E0,3.790492873611E0,5.999032554697E0));
#15524=CARTESIAN_POINT('',(7.153259430717E0,3.792405904094E0,5.999032554697E0));
#15525=CARTESIAN_POINT('',(7.150993603655E0,3.793615141073E0,5.999032554697E0));
#15526=CARTESIAN_POINT('',(7.146593760662E0,3.795268050981E0,5.999032554697E0));
#15527=CARTESIAN_POINT('',(7.140972082423E0,3.796325008517E0,5.999032554697E0));
#15528=CARTESIAN_POINT('',(7.136166852791E0,3.796324179506E0,5.999032554697E0));
#15529=CARTESIAN_POINT('',(7.134260211796E0,3.795981438865E0,5.999032554697E0));
#15530=CARTESIAN_POINT('',(7.133792408963E0,3.795817810641E0,5.999032554697E0));
#15531=CARTESIAN_POINT('',(7.324647150379E0,3.727997318548E0,6.013392873155E0));
#15532=CARTESIAN_POINT('',(7.325922005980E0,3.733614078214E0,6.013392873155E0));
#15533=CARTESIAN_POINT('',(7.328992734575E0,3.751268298502E0,6.013392873155E0));
#15534=CARTESIAN_POINT('',(7.329691128601E0,3.780368991377E0,6.013392873155E0));
#15535=CARTESIAN_POINT('',(7.324631103868E0,3.812833601208E0,6.013392873155E0));
#15536=CARTESIAN_POINT('',(7.315752003256E0,3.840498961893E0,6.013392873155E0));
#15537=CARTESIAN_POINT('',(7.304426975834E0,3.863778134063E0,6.013392873155E0));
#15538=CARTESIAN_POINT('',(7.291162013364E0,3.883703179533E0,6.013392873155E0));
#15539=CARTESIAN_POINT('',(7.276082419518E0,3.901281269627E0,6.013392873155E0));
#15540=CARTESIAN_POINT('',(7.259042478917E0,3.916968157190E0,6.013392873155E0));
#15541=CARTESIAN_POINT('',(7.239507684940E0,3.931009529712E0,6.013392873155E0));
#15542=CARTESIAN_POINT('',(7.216720449786E0,3.943144016548E0,6.013392873155E0));
#15543=CARTESIAN_POINT('',(7.189357802100E0,3.952984577835E0,6.013392873155E0));
#15544=CARTESIAN_POINT('',(7.157110956517E0,3.959135675421E0,6.013392873155E0));
#15545=CARTESIAN_POINT('',(7.126100149915E0,3.959482902170E0,6.013392873155E0));
#15546=CARTESIAN_POINT('',(7.106558981693E0,3.956526434176E0,6.013392873155E0));
#15547=CARTESIAN_POINT('',(7.099134228637E0,3.954884677464E0,6.013392873155E0));
#15548=CARTESIAN_POINT('',(7.439332536273E0,3.702226708187E0,5.899892453050E0));
#15549=CARTESIAN_POINT('',(7.441451166184E0,3.711645822471E0,5.899892453050E0));
#15550=CARTESIAN_POINT('',(7.446519412724E0,3.740925553071E0,5.899892453050E0));
#15551=CARTESIAN_POINT('',(7.447600911227E0,3.787982497108E0,5.899892453050E0));
#15552=CARTESIAN_POINT('',(7.439506268913E0,3.839818094858E0,5.899892453050E0));
#15553=CARTESIAN_POINT('',(7.425320770987E0,3.884130892819E0,5.899892453050E0));
#15554=CARTESIAN_POINT('',(7.406774810770E0,3.922282416552E0,5.899892453050E0));
#15555=CARTESIAN_POINT('',(7.385051333627E0,3.954892573613E0,5.899892453050E0));
#15556=CARTESIAN_POINT('',(7.360820956245E0,3.983111710728E0,5.899892453050E0));
#15557=CARTESIAN_POINT('',(7.333471460553E0,4.008300343846E0,5.899892453050E0));
#15558=CARTESIAN_POINT('',(7.301790539190E0,4.031100012594E0,5.899892453050E0));
#15559=CARTESIAN_POINT('',(7.264184083859E0,4.051124001087E0,5.899892453050E0));
#15560=CARTESIAN_POINT('',(7.220239198878E0,4.066877149267E0,5.899892453050E0));
#15561=CARTESIAN_POINT('',(7.168765396970E0,4.076706901976E0,5.899892453050E0));
#15562=CARTESIAN_POINT('',(7.118830634796E0,4.077305471855E0,5.899892453050E0));
#15563=CARTESIAN_POINT('',(7.086554963147E0,4.072461540733E0,5.899892453050E0));
#15564=CARTESIAN_POINT('',(7.074106355165E0,4.069752376198E0,5.899892453050E0));
#15565=CARTESIAN_POINT('',(7.430871417042E0,3.704127981006E0,5.736732348595E0));
#15566=CARTESIAN_POINT('',(7.432927795996E0,3.713266569785E0,5.736732348595E0));
#15567=CARTESIAN_POINT('',(7.437848672081E0,3.741688607592E0,5.736732348595E0));
#15568=CARTESIAN_POINT('',(7.438901906366E0,3.787420797121E0,5.736732348595E0));
#15569=CARTESIAN_POINT('',(7.431031148386E0,3.837827265631E0,5.736732348595E0));
#15570=CARTESIAN_POINT('',(7.417237139401E0,3.880911869166E0,5.736732348595E0));
#15571=CARTESIAN_POINT('',(7.399223916402E0,3.917966158593E0,5.736732348595E0));
#15572=CARTESIAN_POINT('',(7.378124481290E0,3.949640448884E0,5.736732348595E0));
#15573=CARTESIAN_POINT('',(7.354569219311E0,3.977074523744E0,5.736732348595E0));
#15574=CARTESIAN_POINT('',(7.327980329465E0,4.001562148609E0,5.736732348595E0));
#15575=CARTESIAN_POINT('',(7.297195510349E0,4.023715658406E0,5.736732348595E0));
#15576=CARTESIAN_POINT('',(7.260682369461E0,4.043157584820E0,5.736732348595E0));
#15577=CARTESIAN_POINT('',(7.217960868661E0,4.058474521339E0,5.736732348595E0));
#15578=CARTESIAN_POINT('',(7.167905569804E0,4.068032874694E0,5.736732348595E0));
#15579=CARTESIAN_POINT('',(7.119366956261E0,4.068612901285E0,5.736732348595E0));
#15580=CARTESIAN_POINT('',(7.088030795353E0,4.063908221127E0,5.736732348595E0));
#15581=CARTESIAN_POINT('',(7.075952831243E0,4.061277806511E0,5.736732348595E0));
#15582=(BOUNDED_SURFACE()B_SPLINE_SURFACE(3,3,((#15514,#15515,#15516,#15517,
#15518,#15519,#15520,#15521,#15522,#15523,#15524,#15525,#15526,#15527,#15528,
#15529,#15530),(#15531,#15532,#15533,#15534,#15535,#15536,#15537,#15538,#15539,
#15540,#15541,#15542,#15543,#15544,#15545,#15546,#15547),(#15548,#15549,#15550,
#15551,#15552,#15553,#15554,#15555,#15556,#15557,#15558,#15559,#15560,#15561,
#15562,#15563,#15564),(#15565,#15566,#15567,#15568,#15569,#15570,#15571,#15572,
#15573,#15574,#15575,#15576,#15577,#15578,#15579,#15580,#15581)),.UNSPECIFIED.,
.F.,.F.,.F.)B_SPLINE_SURFACE_WITH_KNOTS((4,4),(4,1,1,1,1,1,1,1,1,1,1,1,1,1,4),(
0.E0,1.E0),(-5.212890756576E-2,0.E0,1.086401586860E-1,2.034670329602E-1,
2.876797086781E-1,3.633844343564E-1,4.332826735948E-1,5.001297448190E-1,
5.669542845642E-1,6.368537236909E-1,7.126179381956E-1,7.970420654224E-1,
8.920554073901E-1,1.E0,1.068835281545E0),.UNSPECIFIED.)GEOMETRIC_REPRESENTATION_ITEM()RATIONAL_B_SPLINE_SURFACE(((1.208091867763E0,1.208091867763E0,
1.208091867763E0,1.208091867763E0,1.208091867763E0,1.208091867763E0,
1.208091867763E0,1.208091867763E0,1.208091867763E0,1.208091867763E0,
1.208091867763E0,1.208091867763E0,1.208091867763E0,1.208091867763E0,
1.208091867763E0,1.208091867763E0,1.208091867763E0),(9.306360440791E-1,
9.306360440791E-1,9.306360440791E-1,9.306360440791E-1,9.306360440791E-1,
9.306360440791E-1,9.306360440791E-1,9.306360440791E-1,9.306360440791E-1,
9.306360440791E-1,9.306360440791E-1,9.306360440791E-1,9.306360440791E-1,
9.306360440791E-1,9.306360440791E-1,9.306360440791E-1,9.306360440791E-1),(
9.306360440791E-1,9.306360440791E-1,9.306360440791E-1,9.306360440791E-1,
9.306360440791E-1,9.306360440791E-1,9.306360440791E-1,9.306360440791E-1,
9.306360440791E-1,9.306360440791E-1,9.306360440791E-1,9.306360440791E-1,
9.306360440791E-1,9.306360440791E-1,9.306360440791E-1,9.306360440791E-1,
9.306360440791E-1),(1.208091867763E0,1.208091867763E0,1.208091867763E0,
1.208091867763E0,1.208091867763E0,1.208091867763E0,1.208091867763E0,
1.208091867763E0,1.208091867763E0,1.208091867763E0,1.208091867763E0,
1.208091867763E0,1.208091867763E0,1.208091867763E0,1.208091867763E0,
1.208091867763E0,1.208091867763E0)))REPRESENTATION_ITEM('')SURFACE());
#15583=ORIENTED_EDGE('',*,*,#14907,.T.);
#15584=ORIENTED_EDGE('',*,*,#15509,.T.);
#15586=ORIENTED_EDGE('',*,*,#15585,.F.);
#15587=ORIENTED_EDGE('',*,*,#14922,.F.);
#15588=EDGE_LOOP('',(#15583,#15584,#15586,#15587));
#15589=FACE_OUTER_BOUND('',#15588,.F.);
#15591=CARTESIAN_POINT('',(7.112359306517E0,4.063530480427E0,5.866584255506E0));
#15592=CARTESIAN_POINT('',(7.175459169851E0,4.126630343761E0,4.059640586968E0));
#15593=CARTESIAN_POINT('',(7.238559033184E0,4.189730207094E0,2.252696918430E0));
#15594=CARTESIAN_POINT('',(7.301658896518E0,4.252830070428E0,
4.457532498925E-1));
#15595=CARTESIAN_POINT('',(7.119673774675E0,4.064071885177E0,5.866584255506E0));
#15596=CARTESIAN_POINT('',(7.182773638008E0,4.127171748510E0,4.059640586968E0));
#15597=CARTESIAN_POINT('',(7.245873501342E0,4.190271611844E0,2.252696918430E0));
#15598=CARTESIAN_POINT('',(7.308973364675E0,4.253371475177E0,
4.457532498925E-1));
#15599=CARTESIAN_POINT('',(7.179367158262E0,4.066260694118E0,5.866584255506E0));
#15600=CARTESIAN_POINT('',(7.242467021596E0,4.129360557452E0,4.059640586968E0));
#15601=CARTESIAN_POINT('',(7.305566884929E0,4.192460420786E0,2.252696918430E0));
#15602=CARTESIAN_POINT('',(7.368666748263E0,4.255560284119E0,
4.457532498925E-1));
#15603=CARTESIAN_POINT('',(7.291420419410E0,4.036925218949E0,5.866584255506E0));
#15604=CARTESIAN_POINT('',(7.354520282743E0,4.100025082283E0,4.059640586968E0));
#15605=CARTESIAN_POINT('',(7.417620146077E0,4.163124945616E0,2.252696918430E0));
#15606=CARTESIAN_POINT('',(7.480720009410E0,4.226224808950E0,
4.457532498925E-1));
#15607=CARTESIAN_POINT('',(7.406925218949E0,3.921420419410E0,5.866584255506E0));
#15608=CARTESIAN_POINT('',(7.470025082283E0,3.984520282743E0,4.059640586968E0));
#15609=CARTESIAN_POINT('',(7.533124945616E0,4.047620146077E0,2.252696918430E0));
#15610=CARTESIAN_POINT('',(7.596224808950E0,4.110720009410E0,
4.457532498925E-1));
#15611=CARTESIAN_POINT('',(7.436260694118E0,3.809367158262E0,5.866584255506E0));
#15612=CARTESIAN_POINT('',(7.499360557452E0,3.872467021596E0,4.059640586968E0));
#15613=CARTESIAN_POINT('',(7.562460420786E0,3.935566884929E0,2.252696918430E0));
#15614=CARTESIAN_POINT('',(7.625560284119E0,3.998666748263E0,
4.457532498925E-1));
#15615=CARTESIAN_POINT('',(7.434071885177E0,3.749673774675E0,5.866584255506E0));
#15616=CARTESIAN_POINT('',(7.497171748510E0,3.812773638008E0,4.059640586968E0));
#15617=CARTESIAN_POINT('',(7.560271611844E0,3.875873501342E0,2.252696918430E0));
#15618=CARTESIAN_POINT('',(7.623371475177E0,3.938973364675E0,
4.457532498925E-1));
#15619=CARTESIAN_POINT('',(7.433530480427E0,3.742359306517E0,5.866584255506E0));
#15620=CARTESIAN_POINT('',(7.496630343761E0,3.805459169851E0,4.059640586968E0));
#15621=CARTESIAN_POINT('',(7.559730207094E0,3.868559033184E0,2.252696918430E0));
#15622=CARTESIAN_POINT('',(7.622830070428E0,3.931658896518E0,
4.457532498925E-1));
#15623=B_SPLINE_SURFACE_WITH_KNOTS('',3,3,((#15591,#15592,#15593,#15594),
(#15595,#15596,#15597,#15598),(#15599,#15600,#15601,#15602),(#15603,#15604,
#15605,#15606),(#15607,#15608,#15609,#15610),(#15611,#15612,#15613,#15614),(
#15615,#15616,#15617,#15618),(#15619,#15620,#15621,#15622)),.UNSPECIFIED.,.F.,
.F.,.F.,(4,1,1,1,1,4),(4,4),(-4.668654937971E-2,0.E0,3.333333333333E-1,
6.666666666667E-1,1.E0,1.046686549380E0),(2.447995311814E-2,1.019127844056E0),
.UNSPECIFIED.);
#15624=ORIENTED_EDGE('',*,*,#15585,.T.);
#15625=ORIENTED_EDGE('',*,*,#15496,.T.);
#15626=ORIENTED_EDGE('',*,*,#14956,.T.);
#15627=ORIENTED_EDGE('',*,*,#14937,.F.);
#15628=EDGE_LOOP('',(#15624,#15625,#15626,#15627));
#15629=FACE_OUTER_BOUND('',#15628,.F.);
#15631=CARTESIAN_POINT('',(2.589022202136E-1,3.75E0,5.500000000005E-1));
#15632=DIRECTION('',(0.E0,9.993908270191E-1,3.489949670250E-2));
#15633=DIRECTION('',(-1.E0,0.E0,0.E0));
#15634=AXIS2_PLACEMENT_3D('',#15631,#15632,#15633);
#15635=PLANE('',#15634);
#15637=ORIENTED_EDGE('',*,*,#15636,.F.);
#15639=ORIENTED_EDGE('',*,*,#15638,.F.);
#15640=ORIENTED_EDGE('',*,*,#14964,.T.);
#15642=ORIENTED_EDGE('',*,*,#15641,.F.);
#15643=EDGE_LOOP('',(#15637,#15639,#15640,#15642));
#15644=FACE_OUTER_BOUND('',#15643,.F.);
#15646=CARTESIAN_POINT('',(7.022165979097E0,3.418925205546E0,4.3E0));
#15647=DIRECTION('',(-1.E0,0.E0,0.E0));
#15648=DIRECTION('',(0.E0,0.E0,1.E0));
#15649=AXIS2_PLACEMENT_3D('',#15646,#15647,#15648);
#15650=CYLINDRICAL_SURFACE('',#15649,2.E-1);
#15651=ORIENTED_EDGE('',*,*,#15636,.T.);
#15653=ORIENTED_EDGE('',*,*,#15652,.F.);
#15655=ORIENTED_EDGE('',*,*,#15654,.F.);
#15657=ORIENTED_EDGE('',*,*,#15656,.T.);
#15658=EDGE_LOOP('',(#15651,#15653,#15655,#15657));
#15659=FACE_OUTER_BOUND('',#15658,.F.);
#15661=CARTESIAN_POINT('',(-6.788925205546E0,3.418925205546E0,4.3E0));
#15662=DIRECTION('',(0.E0,7.193398003387E-1,-6.946583704590E-1));
#15663=DIRECTION('',(0.E0,6.946583704590E-1,7.193398003387E-1));
#15664=AXIS2_PLACEMENT_3D('',#15661,#15662,#15663);
#15665=SPHERICAL_SURFACE('',#15664,2.E-1);
#15667=ORIENTED_EDGE('',*,*,#15666,.T.);
#15669=ORIENTED_EDGE('',*,*,#15668,.F.);
#15670=ORIENTED_EDGE('',*,*,#15652,.T.);
#15671=EDGE_LOOP('',(#15667,#15669,#15670));
#15672=FACE_OUTER_BOUND('',#15671,.F.);
#15674=CARTESIAN_POINT('',(-6.781183614814E0,3.411183614814E0,
4.521690153026E0));
#15675=DIRECTION('',(-3.487826274237E-2,3.487826274237E-2,-9.987827659587E-1));
#15676=DIRECTION('',(-9.993908270191E-1,0.E0,3.489949670250E-2));
#15677=AXIS2_PLACEMENT_3D('',#15674,#15675,#15676);
#15678=CYLINDRICAL_SURFACE('',#15677,2.E-1);
#15679=ORIENTED_EDGE('',*,*,#15666,.F.);
#15680=ORIENTED_EDGE('',*,*,#15641,.T.);
#15681=ORIENTED_EDGE('',*,*,#14982,.T.);
#15683=ORIENTED_EDGE('',*,*,#15682,.F.);
#15684=EDGE_LOOP('',(#15679,#15680,#15681,#15683));
#15685=FACE_OUTER_BOUND('',#15684,.F.);
#15687=CARTESIAN_POINT('',(-7.12E0,4.008902220214E0,5.500000000005E-1));
#15688=DIRECTION('',(-9.993908270191E-1,0.E0,3.489949670250E-2));
#15689=DIRECTION('',(0.E0,-1.E0,0.E0));
#15690=AXIS2_PLACEMENT_3D('',#15687,#15688,#15689);
#15691=PLANE('',#15690);
#15693=ORIENTED_EDGE('',*,*,#15692,.F.);
#15694=ORIENTED_EDGE('',*,*,#15682,.T.);
#15695=ORIENTED_EDGE('',*,*,#14980,.T.);
#15697=ORIENTED_EDGE('',*,*,#15696,.F.);
#15698=EDGE_LOOP('',(#15693,#15694,#15695,#15697));
#15699=FACE_OUTER_BOUND('',#15698,.F.);
#15701=CARTESIAN_POINT('',(-6.788925205546E0,3.651620215909E0,4.3E0));
#15702=DIRECTION('',(0.E0,-1.E0,0.E0));
#15703=DIRECTION('',(0.E0,0.E0,1.E0));
#15704=AXIS2_PLACEMENT_3D('',#15701,#15702,#15703);
#15705=CYLINDRICAL_SURFACE('',#15704,2.E-1);
#15707=ORIENTED_EDGE('',*,*,#15706,.F.);
#15708=ORIENTED_EDGE('',*,*,#15668,.T.);
#15709=ORIENTED_EDGE('',*,*,#15692,.T.);
#15711=ORIENTED_EDGE('',*,*,#15710,.F.);
#15712=EDGE_LOOP('',(#15707,#15708,#15709,#15711));
#15713=FACE_OUTER_BOUND('',#15712,.F.);
#15715=CARTESIAN_POINT('',(0.E0,0.E0,4.5E0));
#15716=DIRECTION('',(0.E0,0.E0,1.E0));
#15717=DIRECTION('',(1.E0,0.E0,0.E0));
#15718=AXIS2_PLACEMENT_3D('',#15715,#15716,#15717);
#15719=PLANE('',#15718);
#15721=ORIENTED_EDGE('',*,*,#15720,.T.);
#15723=ORIENTED_EDGE('',*,*,#15722,.T.);
#15725=ORIENTED_EDGE('',*,*,#15724,.T.);
#15726=ORIENTED_EDGE('',*,*,#15654,.T.);
#15727=ORIENTED_EDGE('',*,*,#15706,.T.);
#15728=EDGE_LOOP('',(#15721,#15723,#15725,#15726,#15727));
#15729=FACE_OUTER_BOUND('',#15728,.F.);
#15731=ORIENTED_EDGE('',*,*,#15730,.T.);
#15733=ORIENTED_EDGE('',*,*,#15732,.F.);
#15735=ORIENTED_EDGE('',*,*,#15734,.F.);
#15737=ORIENTED_EDGE('',*,*,#15736,.F.);
#15739=ORIENTED_EDGE('',*,*,#15738,.F.);
#15741=ORIENTED_EDGE('',*,*,#15740,.F.);
#15743=ORIENTED_EDGE('',*,*,#15742,.F.);
#15745=ORIENTED_EDGE('',*,*,#15744,.F.);
#15747=ORIENTED_EDGE('',*,*,#15746,.F.);
#15749=ORIENTED_EDGE('',*,*,#15748,.F.);
#15750=EDGE_LOOP('',(#15731,#15733,#15735,#15737,#15739,#15741,#15743,#15745,
#15747,#15749));
#15751=FACE_BOUND('',#15750,.F.);
#15753=CARTESIAN_POINT('',(0.E0,3.260169144655E0,5.972080402638E0));
#15754=DIRECTION('',(0.E0,-9.993908270191E-1,-3.489949670250E-2));
#15755=DIRECTION('',(0.E0,3.489949670250E-2,-9.993908270191E-1));
#15756=AXIS2_PLACEMENT_3D('',#15753,#15754,#15755);
#15757=PLANE('',#15756);
#15759=ORIENTED_EDGE('',*,*,#15758,.F.);
#15760=ORIENTED_EDGE('',*,*,#15730,.F.);
#15762=ORIENTED_EDGE('',*,*,#15761,.F.);
#15764=ORIENTED_EDGE('',*,*,#15763,.F.);
#15765=EDGE_LOOP('',(#15759,#15760,#15762,#15764));
#15766=FACE_OUTER_BOUND('',#15765,.F.);
#15768=CARTESIAN_POINT('',(6.482728436786E0,3.112728436786E0,4.463488187823E0));
#15769=DIRECTION('',(-3.487826274238E-2,-3.487826274237E-2,9.987827659587E-1));
#15770=DIRECTION('',(9.993908270191E-1,0.E0,3.489949670250E-2));
#15771=AXIS2_PLACEMENT_3D('',#15768,#15769,#15770);
#15772=CYLINDRICAL_SURFACE('',#15771,2.E-1);
#15774=ORIENTED_EDGE('',*,*,#15773,.F.);
#15775=ORIENTED_EDGE('',*,*,#15732,.T.);
#15776=ORIENTED_EDGE('',*,*,#15758,.T.);
#15778=ORIENTED_EDGE('',*,*,#15777,.T.);
#15779=EDGE_LOOP('',(#15774,#15775,#15776,#15778));
#15780=FACE_OUTER_BOUND('',#15779,.F.);
#15782=CARTESIAN_POINT('',(6.820487338385E0,0.E0,5.220804026380E-1));
#15783=DIRECTION('',(-9.993908270191E-1,0.E0,-3.489949670250E-2));
#15784=DIRECTION('',(-3.489949670250E-2,0.E0,9.993908270191E-1));
#15785=AXIS2_PLACEMENT_3D('',#15782,#15783,#15784);
#15786=PLANE('',#15785);
#15788=ORIENTED_EDGE('',*,*,#15787,.T.);
#15789=ORIENTED_EDGE('',*,*,#15734,.T.);
#15790=ORIENTED_EDGE('',*,*,#15773,.T.);
#15792=ORIENTED_EDGE('',*,*,#15791,.T.);
#15793=EDGE_LOOP('',(#15788,#15789,#15790,#15792));
#15794=FACE_OUTER_BOUND('',#15793,.F.);
#15796=CARTESIAN_POINT('',(6.449322489948E0,-3.079322489948E0,
5.420109342623E0));
#15797=DIRECTION('',(3.487826274238E-2,-3.487826274237E-2,-9.987827659587E-1));
#15798=DIRECTION('',(9.993908270191E-1,0.E0,3.489949670250E-2));
#15799=AXIS2_PLACEMENT_3D('',#15796,#15797,#15798);
#15800=CYLINDRICAL_SURFACE('',#15799,2.E-1);
#15801=ORIENTED_EDGE('',*,*,#15787,.F.);
#15803=ORIENTED_EDGE('',*,*,#15802,.T.);
#15805=ORIENTED_EDGE('',*,*,#15804,.T.);
#15806=ORIENTED_EDGE('',*,*,#15736,.T.);
#15807=EDGE_LOOP('',(#15801,#15803,#15805,#15806));
#15808=FACE_OUTER_BOUND('',#15807,.F.);
#15810=CARTESIAN_POINT('',(0.E0,0.E0,5.4E0));
#15811=DIRECTION('',(0.E0,0.E0,1.E0));
#15812=DIRECTION('',(0.E0,1.E0,0.E0));
#15813=AXIS2_PLACEMENT_3D('',#15810,#15811,#15812);
#15814=PLANE('',#15813);
#15815=ORIENTED_EDGE('',*,*,#15802,.F.);
#15816=ORIENTED_EDGE('',*,*,#15791,.F.);
#15817=ORIENTED_EDGE('',*,*,#15777,.F.);
#15818=ORIENTED_EDGE('',*,*,#15763,.T.);
#15820=ORIENTED_EDGE('',*,*,#15819,.F.);
#15822=ORIENTED_EDGE('',*,*,#15821,.F.);
#15824=ORIENTED_EDGE('',*,*,#15823,.F.);
#15826=ORIENTED_EDGE('',*,*,#15825,.T.);
#15828=ORIENTED_EDGE('',*,*,#15827,.F.);
#15830=ORIENTED_EDGE('',*,*,#15829,.F.);
#15831=EDGE_LOOP('',(#15815,#15816,#15817,#15818,#15820,#15822,#15824,#15826,
#15828,#15830));
#15832=FACE_OUTER_BOUND('',#15831,.F.);
#15834=CARTESIAN_POINT('',(-6.449322489948E0,3.079322489948E0,
5.420109342623E0));
#15835=DIRECTION('',(-3.487826274238E-2,3.487826274237E-2,-9.987827659587E-1));
#15836=DIRECTION('',(-9.993908270191E-1,0.E0,3.489949670250E-2));
#15837=AXIS2_PLACEMENT_3D('',#15834,#15835,#15836);
#15838=CYLINDRICAL_SURFACE('',#15837,2.E-1);
#15840=ORIENTED_EDGE('',*,*,#15839,.F.);
#15841=ORIENTED_EDGE('',*,*,#15819,.T.);
#15842=ORIENTED_EDGE('',*,*,#15761,.T.);
#15843=ORIENTED_EDGE('',*,*,#15748,.T.);
#15844=EDGE_LOOP('',(#15840,#15841,#15842,#15843));
#15845=FACE_OUTER_BOUND('',#15844,.F.);
#15847=CARTESIAN_POINT('',(-6.820487338385E0,0.E0,5.220804026380E-1));
#15848=DIRECTION('',(-9.993908270191E-1,0.E0,3.489949670250E-2));
#15849=DIRECTION('',(3.489949670250E-2,0.E0,9.993908270191E-1));
#15850=AXIS2_PLACEMENT_3D('',#15847,#15848,#15849);
#15851=PLANE('',#15850);
#15852=ORIENTED_EDGE('',*,*,#15839,.T.);
#15853=ORIENTED_EDGE('',*,*,#15746,.T.);
#15855=ORIENTED_EDGE('',*,*,#15854,.F.);
#15856=ORIENTED_EDGE('',*,*,#15821,.T.);
#15857=EDGE_LOOP('',(#15852,#15853,#15855,#15856));
#15858=FACE_OUTER_BOUND('',#15857,.F.);
#15860=CARTESIAN_POINT('',(-6.449338569579E0,-2.345877487661E0,
5.419648882244E0));
#15861=DIRECTION('',(-3.487826274237E-2,-3.487826274237E-2,-9.987827659587E-1));
#15862=DIRECTION('',(-7.062460667417E-1,-7.062460667417E-1,4.932531220228E-2));
#15863=AXIS2_PLACEMENT_3D('',#15860,#15861,#15862);
#15864=CYLINDRICAL_SURFACE('',#15863,2.E-1);
#15866=ORIENTED_EDGE('',*,*,#15865,.F.);
#15867=ORIENTED_EDGE('',*,*,#15823,.T.);
#15868=ORIENTED_EDGE('',*,*,#15854,.T.);
#15869=ORIENTED_EDGE('',*,*,#15744,.T.);
#15870=EDGE_LOOP('',(#15866,#15867,#15868,#15869));
#15871=FACE_OUTER_BOUND('',#15870,.F.);
#15873=CARTESIAN_POINT('',(-6.650146632526E0,-2.429629150728E0,5.4E0));
#15874=DIRECTION('',(-7.062460667417E-1,-7.062460667417E-1,4.932531220228E-2));
#15875=DIRECTION('',(-3.487826274238E-2,-3.487826274237E-2,-9.987827659587E-1));
#15876=AXIS2_PLACEMENT_3D('',#15873,#15874,#15875);
#15877=PLANE('',#15876);
#15878=ORIENTED_EDGE('',*,*,#15865,.T.);
#15879=ORIENTED_EDGE('',*,*,#15742,.T.);
#15881=ORIENTED_EDGE('',*,*,#15880,.T.);
#15882=ORIENTED_EDGE('',*,*,#15825,.F.);
#15883=EDGE_LOOP('',(#15878,#15879,#15881,#15882));
#15884=FACE_OUTER_BOUND('',#15883,.F.);
#15886=CARTESIAN_POINT('',(-5.749282231474E0,-3.112743313392E0,
4.463062177550E0));
#15887=DIRECTION('',(3.487826274237E-2,3.487826274237E-2,9.987827659587E-1));
#15888=DIRECTION('',(-7.062460667417E-1,-7.062460667417E-1,4.932531220228E-2));
#15889=AXIS2_PLACEMENT_3D('',#15886,#15887,#15888);
#15890=CYLINDRICAL_SURFACE('',#15889,2.E-1);
#15891=ORIENTED_EDGE('',*,*,#15880,.F.);
#15892=ORIENTED_EDGE('',*,*,#15740,.T.);
#15894=ORIENTED_EDGE('',*,*,#15893,.T.);
#15895=ORIENTED_EDGE('',*,*,#15827,.T.);
#15896=EDGE_LOOP('',(#15891,#15892,#15894,#15895));
#15897=FACE_OUTER_BOUND('',#15896,.F.);
#15899=CARTESIAN_POINT('',(0.E0,-3.260169144655E0,5.972080402638E0));
#15900=DIRECTION('',(0.E0,-9.993908270191E-1,3.489949670250E-2));
#15901=DIRECTION('',(0.E0,-3.489949670250E-2,-9.993908270191E-1));
#15902=AXIS2_PLACEMENT_3D('',#15899,#15900,#15901);
#15903=PLANE('',#15902);
#15904=ORIENTED_EDGE('',*,*,#15804,.F.);
#15905=ORIENTED_EDGE('',*,*,#15829,.T.);
#15906=ORIENTED_EDGE('',*,*,#15893,.F.);
#15907=ORIENTED_EDGE('',*,*,#15738,.T.);
#15908=EDGE_LOOP('',(#15904,#15905,#15906,#15907));
#15909=FACE_OUTER_BOUND('',#15908,.F.);
#15911=CARTESIAN_POINT('',(-7.026432840492E0,-2.447956488682E0,4.3E0));
#15912=DIRECTION('',(7.071067811865E-1,-7.071067811865E-1,0.E0));
#15913=DIRECTION('',(0.E0,0.E0,1.E0));
#15914=AXIS2_PLACEMENT_3D('',#15911,#15912,#15913);
#15915=CYLINDRICAL_SURFACE('',#15914,2.E-1);
#15916=ORIENTED_EDGE('',*,*,#15720,.F.);
#15918=ORIENTED_EDGE('',*,*,#15917,.T.);
#15920=ORIENTED_EDGE('',*,*,#15919,.T.);
#15922=ORIENTED_EDGE('',*,*,#15921,.F.);
#15923=EDGE_LOOP('',(#15916,#15918,#15920,#15922));
#15924=FACE_OUTER_BOUND('',#15923,.F.);
#15926=CARTESIAN_POINT('',(-6.788925205546E0,-2.685464123628E0,4.3E0));
#15927=DIRECTION('',(5.121829048793E-1,5.121829048793E-1,6.894471291541E-1));
#15928=DIRECTION('',(-4.875127402945E-1,-4.875127402945E-1,7.243360104959E-1));
#15929=AXIS2_PLACEMENT_3D('',#15926,#15927,#15928);
#15930=SPHERICAL_SURFACE('',#15929,2.E-1);
#15932=ORIENTED_EDGE('',*,*,#15931,.T.);
#15933=ORIENTED_EDGE('',*,*,#15917,.F.);
#15934=ORIENTED_EDGE('',*,*,#15710,.T.);
#15935=EDGE_LOOP('',(#15932,#15933,#15934));
#15936=FACE_OUTER_BOUND('',#15935,.F.);
#15938=CARTESIAN_POINT('',(-6.781254897560E0,-2.677793815642E0,
4.519648882244E0));
#15939=DIRECTION('',(-3.487826274237E-2,-3.487826274237E-2,-9.987827659587E-1));
#15940=DIRECTION('',(-7.062460667417E-1,-7.062460667417E-1,4.932531220228E-2));
#15941=AXIS2_PLACEMENT_3D('',#15938,#15939,#15940);
#15942=CYLINDRICAL_SURFACE('',#15941,2.E-1);
#15943=ORIENTED_EDGE('',*,*,#15931,.F.);
#15944=ORIENTED_EDGE('',*,*,#15696,.T.);
#15945=ORIENTED_EDGE('',*,*,#14978,.T.);
#15947=ORIENTED_EDGE('',*,*,#15946,.F.);
#15948=EDGE_LOOP('',(#15943,#15944,#15945,#15947));
#15949=FACE_OUTER_BOUND('',#15948,.F.);
#15951=CARTESIAN_POINT('',(-6.982062960508E0,-2.761545478710E0,4.5E0));
#15952=DIRECTION('',(-7.062460667417E-1,-7.062460667417E-1,4.932531220228E-2));
#15953=DIRECTION('',(-3.487826274237E-2,-3.487826274237E-2,-9.987827659587E-1));
#15954=AXIS2_PLACEMENT_3D('',#15951,#15952,#15953);
#15955=PLANE('',#15954);
#15956=ORIENTED_EDGE('',*,*,#15919,.F.);
#15957=ORIENTED_EDGE('',*,*,#15946,.T.);
#15958=ORIENTED_EDGE('',*,*,#14976,.T.);
#15960=ORIENTED_EDGE('',*,*,#15959,.T.);
#15961=EDGE_LOOP('',(#15956,#15957,#15958,#15960));
#15962=FACE_OUTER_BOUND('',#15961,.F.);
#15964=CARTESIAN_POINT('',(-6.187516209027E0,-3.550977290945E0,
5.185230359772E-1));
#15965=DIRECTION('',(3.487826274237E-2,3.487826274237E-2,9.987827659587E-1));
#15966=DIRECTION('',(-7.062460667417E-1,-7.062460667417E-1,4.932531220228E-2));
#15967=AXIS2_PLACEMENT_3D('',#15964,#15965,#15966);
#15968=CYLINDRICAL_SURFACE('',#15967,2.E-1);
#15970=ORIENTED_EDGE('',*,*,#15969,.F.);
#15971=ORIENTED_EDGE('',*,*,#15959,.F.);
#15972=ORIENTED_EDGE('',*,*,#14974,.T.);
#15974=ORIENTED_EDGE('',*,*,#15973,.T.);
#15975=EDGE_LOOP('',(#15970,#15971,#15972,#15974));
#15976=FACE_OUTER_BOUND('',#15975,.F.);
#15978=CARTESIAN_POINT('',(-6.055464123628E0,-3.418925205546E0,4.3E0));
#15979=DIRECTION('',(0.E0,7.193398003387E-1,6.946583704590E-1));
#15980=DIRECTION('',(0.E0,-6.946583704590E-1,7.193398003387E-1));
#15981=AXIS2_PLACEMENT_3D('',#15978,#15979,#15980);
#15982=SPHERICAL_SURFACE('',#15981,2.E-1);
#15983=ORIENTED_EDGE('',*,*,#15969,.T.);
#15985=ORIENTED_EDGE('',*,*,#15984,.F.);
#15986=ORIENTED_EDGE('',*,*,#15921,.T.);
#15987=EDGE_LOOP('',(#15983,#15985,#15986));
#15988=FACE_OUTER_BOUND('',#15987,.F.);
#15990=CARTESIAN_POINT('',(-7.026432840492E0,-3.418925205546E0,4.3E0));
#15991=DIRECTION('',(1.E0,0.E0,0.E0));
#15992=DIRECTION('',(0.E0,0.E0,1.E0));
#15993=AXIS2_PLACEMENT_3D('',#15990,#15991,#15992);
#15994=CYLINDRICAL_SURFACE('',#15993,2.E-1);
#15995=ORIENTED_EDGE('',*,*,#15722,.F.);
#15996=ORIENTED_EDGE('',*,*,#15984,.T.);
#15998=ORIENTED_EDGE('',*,*,#15997,.T.);
#16000=ORIENTED_EDGE('',*,*,#15999,.F.);
#16001=EDGE_LOOP('',(#15995,#15996,#15998,#16000));
#16002=FACE_OUTER_BOUND('',#16001,.F.);
#16004=CARTESIAN_POINT('',(2.589022202136E-1,-3.75E0,5.500000000005E-1));
#16005=DIRECTION('',(0.E0,9.993908270191E-1,-3.489949670250E-2));
#16006=DIRECTION('',(-1.E0,0.E0,0.E0));
#16007=AXIS2_PLACEMENT_3D('',#16004,#16005,#16006);
#16008=PLANE('',#16007);
#16009=ORIENTED_EDGE('',*,*,#15997,.F.);
#16010=ORIENTED_EDGE('',*,*,#15973,.F.);
#16011=ORIENTED_EDGE('',*,*,#14972,.F.);
#16013=ORIENTED_EDGE('',*,*,#16012,.F.);
#16014=EDGE_LOOP('',(#16009,#16010,#16011,#16013));
#16015=FACE_OUTER_BOUND('',#16014,.F.);
#16017=CARTESIAN_POINT('',(6.781183614814E0,-3.411183614814E0,
4.521690153026E0));
#16018=DIRECTION('',(3.487826274237E-2,-3.487826274237E-2,-9.987827659587E-1));
#16019=DIRECTION('',(9.993908270191E-1,0.E0,3.489949670250E-2));
#16020=AXIS2_PLACEMENT_3D('',#16017,#16018,#16019);
#16021=CYLINDRICAL_SURFACE('',#16020,2.E-1);
#16023=ORIENTED_EDGE('',*,*,#16022,.F.);
#16024=ORIENTED_EDGE('',*,*,#16012,.T.);
#16025=ORIENTED_EDGE('',*,*,#14970,.T.);
#16027=ORIENTED_EDGE('',*,*,#16026,.F.);
#16028=EDGE_LOOP('',(#16023,#16024,#16025,#16027));
#16029=FACE_OUTER_BOUND('',#16028,.F.);
#16031=CARTESIAN_POINT('',(6.788925205546E0,-3.418925205546E0,4.3E0));
#16032=DIRECTION('',(-7.193398003387E-1,0.E0,6.946583704590E-1));
#16033=DIRECTION('',(6.946583704590E-1,0.E0,7.193398003387E-1));
#16034=AXIS2_PLACEMENT_3D('',#16031,#16032,#16033);
#16035=SPHERICAL_SURFACE('',#16034,2.E-1);
#16036=ORIENTED_EDGE('',*,*,#16022,.T.);
#16038=ORIENTED_EDGE('',*,*,#16037,.F.);
#16039=ORIENTED_EDGE('',*,*,#15999,.T.);
#16040=EDGE_LOOP('',(#16036,#16038,#16039));
#16041=FACE_OUTER_BOUND('',#16040,.F.);
#16043=CARTESIAN_POINT('',(6.788925205546E0,-3.647740253475E0,4.3E0));
#16044=DIRECTION('',(0.E0,1.E0,0.E0));
#16045=DIRECTION('',(0.E0,0.E0,1.E0));
#16046=AXIS2_PLACEMENT_3D('',#16043,#16044,#16045);
#16047=CYLINDRICAL_SURFACE('',#16046,2.E-1);
#16048=ORIENTED_EDGE('',*,*,#15724,.F.);
#16049=ORIENTED_EDGE('',*,*,#16037,.T.);
#16051=ORIENTED_EDGE('',*,*,#16050,.T.);
#16053=ORIENTED_EDGE('',*,*,#16052,.F.);
#16054=EDGE_LOOP('',(#16048,#16049,#16051,#16053));
#16055=FACE_OUTER_BOUND('',#16054,.F.);
#16057=CARTESIAN_POINT('',(7.12E0,4.008902220214E0,5.500000000005E-1));
#16058=DIRECTION('',(-9.993908270191E-1,0.E0,-3.489949670250E-2));
#16059=DIRECTION('',(0.E0,-1.E0,0.E0));
#16060=AXIS2_PLACEMENT_3D('',#16057,#16058,#16059);
#16061=PLANE('',#16060);
#16062=ORIENTED_EDGE('',*,*,#16050,.F.);
#16063=ORIENTED_EDGE('',*,*,#16026,.T.);
#16064=ORIENTED_EDGE('',*,*,#14968,.T.);
#16066=ORIENTED_EDGE('',*,*,#16065,.T.);
#16067=EDGE_LOOP('',(#16062,#16063,#16064,#16066));
#16068=FACE_OUTER_BOUND('',#16067,.F.);
#16070=CARTESIAN_POINT('',(6.920977290945E0,3.550977290945E0,
5.185230359772E-1));
#16071=DIRECTION('',(-3.487826274237E-2,-3.487826274237E-2,9.987827659587E-1));
#16072=DIRECTION('',(9.993908270191E-1,0.E0,3.489949670250E-2));
#16073=AXIS2_PLACEMENT_3D('',#16070,#16071,#16072);
#16074=CYLINDRICAL_SURFACE('',#16073,2.E-1);
#16076=ORIENTED_EDGE('',*,*,#16075,.F.);
#16077=ORIENTED_EDGE('',*,*,#16065,.F.);
#16078=ORIENTED_EDGE('',*,*,#14966,.T.);
#16079=ORIENTED_EDGE('',*,*,#15638,.T.);
#16080=EDGE_LOOP('',(#16076,#16077,#16078,#16079));
#16081=FACE_OUTER_BOUND('',#16080,.F.);
#16083=CARTESIAN_POINT('',(6.788925205546E0,3.418925205546E0,4.3E0));
#16084=DIRECTION('',(0.E0,-7.193398003387E-1,6.946583704590E-1));
#16085=DIRECTION('',(0.E0,6.946583704590E-1,7.193398003387E-1));
#16086=AXIS2_PLACEMENT_3D('',#16083,#16084,#16085);
#16087=SPHERICAL_SURFACE('',#16086,2.E-1);
#16088=ORIENTED_EDGE('',*,*,#16075,.T.);
#16089=ORIENTED_EDGE('',*,*,#15656,.F.);
#16090=ORIENTED_EDGE('',*,*,#16052,.T.);
#16091=EDGE_LOOP('',(#16088,#16089,#16090));
#16092=FACE_OUTER_BOUND('',#16091,.F.);
#16094=CLOSED_SHELL('',(#14911,#14926,#14941,#14986,#15009,#15024,#15051,#15064,
#15078,#15091,#15169,#15183,#15260,#15301,#15314,#15354,#15367,#15445,#15486,
#15500,#15513,#15590,#15630,#15645,#15660,#15673,#15686,#15700,#15714,#15752,
#15767,#15781,#15795,#15809,#15833,#15846,#15859,#15872,#15885,#15898,#15910,
#15925,#15937,#15950,#15963,#15977,#15989,#16003,#16016,#16030,#16042,#16056,
#16069,#16082,#16093));
#16095=MANIFOLD_SOLID_BREP('',#16094);
#16096=FILL_AREA_STYLE_COLOUR('',#13658);
#16097=FILL_AREA_STYLE('',(#16096));
#16098=SURFACE_STYLE_FILL_AREA(#16097);
#16099=SURFACE_SIDE_STYLE('',(#16098));
#16100=SURFACE_STYLE_USAGE(.BOTH.,#16099);
#16101=PRESENTATION_STYLE_ASSIGNMENT((#16100));
#13659=STYLED_ITEM('',(#16101),#16095);
#16104=PLANE_ANGLE_MEASURE_WITH_UNIT(PLANE_ANGLE_MEASURE(1.745329251994E-2),
#16103);
#16105=(CONVERSION_BASED_UNIT('DEGREE',#16104)NAMED_UNIT(*)PLANE_ANGLE_UNIT());
#16107=UNCERTAINTY_MEASURE_WITH_UNIT(LENGTH_MEASURE(1.833303171849E-3),#16102,
'distance_accuracy_value',
'Maximum model space distance between geometric entities at asserted connectivities');
#16109=CARTESIAN_POINT('',(0.E0,0.E0,0.E0));
#16110=DIRECTION('',(0.E0,0.E0,1.E0));
#16111=DIRECTION('',(1.E0,0.E0,0.E0));
#16114=PRODUCT_CONTEXT('',#13570,'mechanical');
#16115=PRODUCT('TOP-CAB','TOP-CAB','NOT SPECIFIED',(#16114));
#16116=PRODUCT_DEFINITION_FORMATION('1','LAST_VERSION',#16115);
#16124=DERIVED_UNIT_ELEMENT(#16123,2.E0);
#16125=DERIVED_UNIT((#16124));
#16126=MEASURE_REPRESENTATION_ITEM('surface area measure',AREA_MEASURE(
6.899682104598E2),#16125);
#16131=DERIVED_UNIT_ELEMENT(#16130,3.E0);
#16132=DERIVED_UNIT((#16131));
#16133=MEASURE_REPRESENTATION_ITEM('volume measure',VOLUME_MEASURE(
1.925236104677E2),#16132);
#16137=CARTESIAN_POINT('centre point',(-2.153751909433E-2,-2.960066269740E-2,
4.086752052902E0));
#16142=DERIVED_UNIT_ELEMENT(#16141,2.E0);
#16143=DERIVED_UNIT((#16142));
#16144=MEASURE_REPRESENTATION_ITEM('surface area measure',AREA_MEASURE(
6.899682104598E2),#16143);
#16149=DERIVED_UNIT_ELEMENT(#16148,3.E0);
#16150=DERIVED_UNIT((#16149));
#16151=MEASURE_REPRESENTATION_ITEM('volume measure',VOLUME_MEASURE(
1.925236104677E2),#16150);
#16155=CARTESIAN_POINT('centre point',(-2.153751909433E-2,-2.960066269740E-2,
4.086752052902E0));
#16161=GENERAL_PROPERTY('','DESCRIPTION','user defined attribute');
#16162=GENERAL_PROPERTY_ASSOCIATION('user defined attribute','',#16161,#16160);
#16163=DESCRIPTIVE_REPRESENTATION_ITEM('DESCRIPTION','');
#16167=GENERAL_PROPERTY('','MODELED_BY','user defined attribute');
#16168=GENERAL_PROPERTY_ASSOCIATION('user defined attribute','',#16167,#16166);
#16169=DESCRIPTIVE_REPRESENTATION_ITEM('MODELED_BY','');
#16174=CARTESIAN_POINT('centre point',(-2.153751909433E-2,-2.960066269740E-2,
4.086752052902E0));
#16178=CARTESIAN_POINT('',(0.E0,0.E0,0.E0));
#16179=DIRECTION('',(0.E0,0.E0,1.E0));
#16180=DIRECTION('',(1.E0,0.E0,0.E0));
#16181=AXIS2_PLACEMENT_3D('',#16178,#16179,#16180);
#16182=ITEM_DEFINED_TRANSFORMATION('','',#16112,#16181);
#16183=(REPRESENTATION_RELATIONSHIP('','',#16113,#13644)REPRESENTATION_RELATIONSHIP_WITH_TRANSFORMATION(#16182)SHAPE_REPRESENTATION_RELATIONSHIP());
#16184=CONTEXT_DEPENDENT_SHAPE_REPRESENTATION(#16183,#16173);
#16187=PLANE_ANGLE_MEASURE_WITH_UNIT(PLANE_ANGLE_MEASURE(1.745329251994E-2),
#16186);
#16188=(CONVERSION_BASED_UNIT('DEGREE',#16187)NAMED_UNIT(*)PLANE_ANGLE_UNIT());
#16190=UNCERTAINTY_MEASURE_WITH_UNIT(LENGTH_MEASURE(2.856515449748E-3),#16185,
'distance_accuracy_value',
'Maximum model space distance between geometric entities at asserted connectivities');
#16192=CARTESIAN_POINT('',(0.E0,0.E0,0.E0));
#16193=DIRECTION('',(0.E0,0.E0,1.E0));
#16194=DIRECTION('',(1.E0,0.E0,0.E0));
#16196=MECHANICAL_DESIGN_GEOMETRIC_PRESENTATION_REPRESENTATION('',(#70,#77,#84,
#91,#99,#106,#115,#122,#129,#136,#143,#150,#157,#164,#172,#179,#188,#205,#222,
#230,#237,#244,#251,#258,#265,#272,#280,#300,#320,#328,#335,#346,#353,#360,#367,
#374,#381,#388,#395,#402,#409,#416,#423,#430,#437,#444,#451,#459,#479,#499,#507,
#514,#521,#529,#536,#547,#554,#571,#588,#596,#603,#610,#619,#626,#633,#640,#647,
#657,#676,#684,#703,#710,#718,#725,#732,#739,#746,#753,#760,#767,#774,#781,#788,
#795,#802,#809,#816,#823,#830,#837,#844,#851,#858,#865,#872,#879,#886,#893,#900,
#907,#914,#921,#928,#935,#942,#949,#956,#963,#970,#977,#984,#991,#998,#1005,
#1012,#1019,#1026,#1033,#1040,#1047,#1054,#1061,#1068,#1075,#1082,#1089,#1096,
#1104,#1111,#1119,#1126,#1133,#1140,#1147,#1154,#1161,#1168,#1175,#1182,#1189,
#1197,#1204,#1212,#1219,#1226,#1233,#1240,#1247,#1254,#1261,#1268,#1275,#1282,
#1290,#1297,#1305,#1312,#1319,#1326,#1333,#1340,#1347,#1354,#1361,#1368,#1375,
#1382,#1389,#1396,#1403,#1410,#1417,#1424,#1432,#1439,#1447,#1454,#1462,#1469,
#1477,#1484,#1491,#1498,#1506,#1513,#1521,#1528,#1535,#1542,#1549,#1556,#1563,
#1571,#1578,#1586,#1593,#1600,#1607,#1614,#1621,#1628,#1635,#1642,#1649,#1656,
#1663,#1670,#1677,#1685,#1692,#1700,#1707,#1714,#1722,#1729,#1737,#1744,#1751,
#1758,#1765,#1772,#1779,#1786,#1793,#1800,#1807,#1814,#1822,#1829,#1837,#1844,
#1852,#1859,#1867,#1874,#1881,#1888,#1895,#1902,#1909,#1916,#1923,#1931,#1938,
#1946,#1953,#1960,#1967,#1975,#1982,#1990,#1998,#2005,#2013,#2020,#2027,#2035,
#2042,#2050,#2057,#2064,#2071,#2078,#2085,#2092,#2100,#2107,#2115,#2122,#2129,
#2136,#2143,#2150,#2157,#2164,#2171,#2178,#2186,#2193,#2201,#2208,#2216,#2223,
#2231,#2238,#2245,#2252,#2260,#2267,#2275,#2283,#2290,#2298,#2305,#2312,#2319,
#2327,#2334,#2342,#2349,#2357,#2364,#2372,#2379,#2386,#2393,#2400,#2407,#2414,
#2421,#2428,#2436,#2443,#2451,#2458,#2465,#2472,#2479,#2486,#2493,#2501,#2508,
#2516,#2523,#2531,#2538,#2546,#2553,#2560,#2567,#2575,#2582,#2590,#2597,#2604,
#2612,#2619,#2627,#2635,#2642,#2650,#2657,#2664,#2671,#2678,#2686,#2693,#2701,
#2708,#2716,#2723,#2731,#2738,#2749,#2756,#2767,#2774,#2785,#2792,#2803,#2810,
#2817,#2832,#2839,#2848,#2855,#2862,#2869,#2876,#2883,#2890,#2897,#2904,#2911,
#2918,#2925,#2932,#2939,#2946,#2953,#2960,#2967,#2978,#2985,#2996,#3003,#3014,
#3021,#3032,#3039,#3046,#3053,#3061,#3068,#3076,#3083,#3090,#3097,#3104,#3111,
#3118,#3125,#3135,#3142,#3152,#3159,#3166,#3173,#3180,#3187,#3194,#3201,#3208,
#3215,#3222,#3229,#3236,#3243,#3250,#3257,#3264,#3271,#3278,#3285,#3292,#3299,
#3306,#3313,#3320,#3327,#3334,#3341,#3348,#3355,#3362,#3369,#3376,#3383,#3390,
#3397,#3404,#3411,#3418,#3425,#3432,#3439,#3446,#3453,#3460,#3467,#3474,#3482,
#3489,#3497,#3504,#3511,#3518,#3525,#3532,#3539,#3546,#3553,#3560,#3568,#3575,
#3583,#3590,#3597,#3604,#3611,#3618,#3625,#3633,#3640,#3648,#3655,#3662,#3669,
#3676,#3683,#3690,#3697,#3704,#3712,#3719,#3727,#3734,#3741,#3748,#3755,#3762,
#3769,#3776,#3783,#3790,#3797,#3804,#3811,#3818,#3826,#3833,#3841,#3848,#3855,
#3862,#3869,#3877,#3884,#3892,#3899,#3906,#3913,#3920,#3927,#3934,#3941,#3948,
#3955,#3962,#3969,#3976,#3983,#3990,#3998,#4005,#4013,#4021,#4028,#4036,#4043,
#4050,#4058,#4065,#4073,#4080,#4087,#4094,#4102,#4109,#4117,#4124,#4132,#4139,
#4147,#4154,#4162,#4169,#4177,#4184,#4191,#4198,#4206,#4213,#4221,#4228,#4236,
#4243,#4251,#4258,#4266,#4273,#4281,#4288,#4295,#4302,#4310,#4317,#4325,#4332,
#4340,#4347,#4355,#4362,#4369,#4377,#4384,#4392,#4399,#4410,#4417,#4428,#4435,
#4446,#4453,#4464,#4471,#4478,#4485,#4496,#4503,#4514,#4521,#4529,#4536,#4544,
#4551,#4558,#4565,#4576,#4583,#4594,#4601,#4608,#4619,#4626,#4637,#4644,#4655,
#4662,#4673,#4680,#4691,#4698,#4709,#4716,#4723,#4730,#4737,#4744,#4753,#4760,
#4769,#4776,#4783,#4790,#4805,#4812,#4821,#4828,#4835,#4842,#4851,#4858,#4867,
#4874,#4884,#4903,#4922,#4930,#4937,#4945,#4952,#4959,#4967,#4974,#4991,#5008,
#5016,#5023,#5030,#5038,#5058,#5078,#5086,#5093,#5104,#5111,#5118,#5125,#5133,
#5153,#5173,#5181,#5188,#5199,#5206,#5213,#5220,#5228,#5245,#5262,#5270,#5277,
#5284,#5293,#5312,#5320,#5339,#5349,#5356,#5366,#5373,#5380,#5387,#5397,#5404,
#5411,#5418,#5426,#5445,#5464,#5472,#5482,#5489,#7261,#7299,#7397,#7418,#7442,
#7462,#7500,#7525,#7544,#7567,#7590,#7613,#7636,#7658,#7682,#7720,#7740,#7760,
#7781,#7803,#7825,#7847,#7867,#7887,#7907,#7927,#7947,#7967,#7987,#8015,#8043,
#8068,#8095,#8123,#8150,#8172,#8207,#8231,#8252,#8287,#8310,#8329,#8353,#8378,
#8404,#8431,#8456,#8483,#8507,#8532,#8566,#8587,#8612,#8637,#8657,#8677,#8697,
#8717,#8736,#8761,#8782,#8817,#8839,#8860,#8894,#8916,#8935,#8960,#8985,#9005,
#9025,#9045,#9064,#9087,#9107,#9129,#9153,#9177,#9212,#9234,#9259,#9293,#9315,
#9335,#9355,#9375,#9395,#9415,#9440,#9464,#9487,#9512,#9534,#9553,#9578,#9598,
#9618,#9638,#9658,#9677,#10141,#10163,#10185,#10208,#10245,#10331,#10352,#10376,
#10396,#10433,#10458,#10477,#10500,#10523,#10545,#10569,#10606,#10627,#10648,
#10684,#10704,#10729,#10754,#10781,#10806,#10834,#10859,#10885,#10912,#10934,
#10968,#10992,#11013,#11047,#11070,#11094,#11113,#11137,#11162,#11182,#11202,
#11222,#11242,#11261,#11281,#11306,#11326,#11346,#11366,#11386,#11405,#11430,
#11455,#11475,#11495,#11515,#11534,#11558,#11580,#11604,#12830,#12837,#12844,
#12851,#12858,#12865,#12872,#12879,#12886,#12893,#12900,#12907,#62,#13022,
#13029,#13036,#13043,#13050,#13057,#13064,#13071,#13078,#13085,#13092,#13099,
#13106,#13113,#13123,#13130,#13137,#13144,#13154,#13161,#13168,#13175,#13182,
#13189,#13196,#13203,#13210,#13217,#13224,#13231,#13238,#13245,#13252,#13015,
#13540,#13666,#13673,#13680,#13687,#13694,#13701,#13708,#13715,#13722,#13729,
#13736,#13743,#13754,#13762,#13770,#13781,#13788,#13795,#13803,#13810,#13828,
#13836,#13854,#13861,#13869,#13876,#13894,#13902,#13920,#13927,#13937,#13944,
#13951,#13958,#13968,#13975,#13982,#13990,#13997,#14015,#14033,#14041,#14048,
#14058,#14065,#14072,#14079,#14086,#14093,#14101,#14119,#14137,#14145,#14155,
#14162,#14169,#14176,#14184,#14191,#14199,#14207,#14214,#14225,#14232,#14239,
#14246,#14254,#14261,#14269,#14276,#14283,#14290,#14301,#14308,#14319,#14326,
#14333,#14340,#14351,#14358,#14369,#14376,#14383,#14390,#14401,#14408,#14419,
#14426,#14433,#14440,#14448,#14455,#14463,#14470,#14477,#14484,#14492,#14499,
#14507,#14514,#14522,#14529,#14537,#14545,#14552,#14560,#14567,#14574,#14581,
#14589,#14596,#14604,#14611,#14619,#14626,#14634,#14641,#14648,#14659,#14666,
#14674,#14681,#14689,#14696,#14704,#14711,#14718,#14729,#14736,#14744,#15036,
#13659),#16191);
#16197=PRODUCT_DEFINITION_CONTEXT('part definition',#13570,'design');
#16198=PRODUCT_CONTEXT('',#13570,'mechanical');
#16199=PRODUCT('00-ASSY_ASM','00-ASSY_ASM','NOT SPECIFIED',(#16198));
#16200=PRODUCT_DEFINITION_FORMATION('1','LAST_VERSION',#16199);
#16203=DERIVED_UNIT_ELEMENT(#16202,2.E0);
#16204=DERIVED_UNIT((#16203));
#16205=MEASURE_REPRESENTATION_ITEM('surface area measure',AREA_MEASURE(
1.634170307482E3),#16204);
#16210=DERIVED_UNIT_ELEMENT(#16209,3.E0);
#16211=DERIVED_UNIT((#16210));
#16212=MEASURE_REPRESENTATION_ITEM('volume measure',VOLUME_MEASURE(
4.468302744375E2),#16211);
#16216=CARTESIAN_POINT('centre point',(5.245688160908E-2,-1.313755738114E-1,
1.664203329841E0));
#16220=PRODUCT_RELATED_PRODUCT_CATEGORY('part','',(#16199,#13574,#16115));
#16222=GENERAL_PROPERTY('','DESCRIPTION','user defined attribute');
#16223=GENERAL_PROPERTY_ASSOCIATION('user defined attribute','',#16222,#16221);
#16224=DESCRIPTIVE_REPRESENTATION_ITEM('DESCRIPTION','');
#16228=GENERAL_PROPERTY('','MODELED_BY','user defined attribute');
#16229=GENERAL_PROPERTY_ASSOCIATION('user defined attribute','',#16228,#16227);
#16230=DESCRIPTIVE_REPRESENTATION_ITEM('MODELED_BY','');
#16234=GENERAL_PROPERTY('','MC_INTF','user defined attribute');
#16235=GENERAL_PROPERTY_ASSOCIATION('user defined attribute','',#16234,#16233);
#16236=DESCRIPTIVE_REPRESENTATION_ITEM('MC_INTF','06/04/2017 155');
#1=DRAUGHTING_PRE_DEFINED_COLOUR('black');
#2=COLOUR_RGB('',0.E0,5.019607843137E-1,0.E0);
#3=COLOUR_RGB('',0.E0,6.588235294118E-1,1.E0);
#4=DRAUGHTING_PRE_DEFINED_COLOUR('green');
#5=COLOUR_RGB('',1.1E-2,1.2E-2,1.E0);
#6=COLOUR_RGB('',6.666666666667E-2,8.E-1,1.E0);
#7=COLOUR_RGB('',1.215686274510E-1,8.117647058824E-1,4.705882352941E-2);
#8=COLOUR_RGB('',1.372549019608E-1,8.313725490196E-1,6.509803921569E-1);
#9=COLOUR_RGB('',1.411764705882E-1,4.705882352941E-1,1.960784313725E-1);
#10=COLOUR_RGB('',1.803921568627E-1,1.803921568627E-1,1.803921568627E-1);
#11=COLOUR_RGB('',2.078431372549E-1,2.588235294118E-1,1.E0);
#12=COLOUR_RGB('',2.117647058824E-1,7.607843137255E-1,7.411764705882E-1);
#13=COLOUR_RGB('',2.509803921569E-1,2.509803921569E-1,2.509803921569E-1);
#14=COLOUR_RGB('',2.588235294118E-1,6.901960784314E-1,1.E0);
#15=COLOUR_RGB('',2.666666666667E-1,3.490196078431E-1,1.E0);
#16=COLOUR_RGB('',3.098039215686E-1,3.215686274510E-1,3.098039215686E-1);
#17=COLOUR_RGB('',3.137254901961E-1,1.E0,2.666666666667E-1);
#18=COLOUR_RGB('',3.843137254902E-1,6.196078431373E-1,6.039215686275E-1);
#19=COLOUR_RGB('',3.92E-1,1.2E-2,1.2E-2);
#20=COLOUR_RGB('',4.E-1,4.509803921569E-1,1.E0);
#21=COLOUR_RGB('',4.1E-1,0.E0,2.2E-1);
#22=COLOUR_RGB('',4.431372549020E-1,6.352941176471E-1,1.E0);
#23=COLOUR_RGB('',4.509803921569E-1,4.509803921569E-1,4.509803921569E-1);
#24=COLOUR_RGB('',5.137254901961E-1,0.E0,0.E0);
#25=COLOUR_RGB('',5.921568627451E-1,2.156862745098E-1,8.313725490196E-1);
#26=COLOUR_RGB('',6.117647058824E-1,5.647058823529E-1,3.647058823529E-1);
#27=COLOUR_RGB('',6.392156862745E-1,4.E-1,2.078431372549E-1);
#28=COLOUR_RGB('',6.431372549020E-1,3.803921568627E-1,1.E0);
#29=COLOUR_RGB('',6.470588235294E-1,6.196078431373E-1,5.882352941176E-1);
#30=COLOUR_RGB('',6.627450980392E-1,9.411764705882E-1,5.843137254902E-1);
#31=COLOUR_RGB('',6.862745098039E-1,6.627450980392E-1,1.E0);
#32=COLOUR_RGB('',6.952E-1,7.426E-1,7.9E-1);
#33=COLOUR_RGB('',6.980392156863E-1,4.392156862745E-1,3.803921568627E-1);
#34=COLOUR_RGB('',7.058823529412E-1,9.333333333333E-1,1.E0);
#35=COLOUR_RGB('',7.333333333333E-1,3.529411764706E-1,8.313725490196E-1);
#36=COLOUR_RGB('',7.568627450980E-1,7.882352941176E-1,1.098039215686E-1);
#37=COLOUR_RGB('',7.607843137255E-1,5.176470588235E-1,6.274509803922E-1);
#38=COLOUR_RGB('',7.686274509804E-1,5.647058823529E-1,2.156862745098E-1);
#39=COLOUR_RGB('',7.84314E-1,7.84314E-1,7.84314E-1);
#40=COLOUR_RGB('',7.960784313725E-1,8.235294117647E-1,9.372549019608E-1);
#41=COLOUR_RGB('',8.E-1,5.294117647059E-1,8.588235294118E-1);
#42=COLOUR_RGB('',8.235294117647E-1,1.E0,1.137254901961E-1);
#43=COLOUR_RGB('',8.784E-1,9.49E-1,1.E0);
#44=COLOUR_RGB('',9.098039215686E-1,4.431372549020E-1,3.137254901961E-2);
#45=COLOUR_RGB('',9.490196078431E-1,7.568627450980E-1,1.764705882353E-1);
#46=COLOUR_RGB('',9.6E-1,9.6E-1,9.6E-1);
#47=COLOUR_RGB('',9.8E-1,6.27E-1,0.E0);
#48=COLOUR_RGB('',9.882352941176E-1,7.686274509804E-1,8.E-1);
#49=DRAUGHTING_PRE_DEFINED_COLOUR('red');
#50=COLOUR_RGB('',1.E0,1.921568627451E-1,2.745098039216E-1);
#51=COLOUR_RGB('',1.E0,2.862745098039E-1,9.490196078431E-1);
#52=COLOUR_RGB('',1.E0,7.450980392157E-1,2.745098039216E-2);
#53=COLOUR_RGB('',1.E0,8.078431372549E-1,4.588235294118E-1);
#54=COLOUR_RGB('',1.E0,8.705882352941E-1,2.745098039216E-2);
#55=COLOUR_RGB('',1.E0,9.882352941176E-1,2.352941176471E-1);
#56=DRAUGHTING_PRE_DEFINED_COLOUR('yellow');
#57=COLOUR_RGB('',1.E0,1.E0,9.49E-1);
#58=DRAUGHTING_PRE_DEFINED_COLOUR('white');
#59=COLOUR_RGB('',2.647058823529E-1,3.488958044834E-1,1.E0);
#60=COLOUR_RGB('',8.E-1,8.E-1,8.E-1);
#61=COLOUR_RGB('',8.980389833450E-1,9.176470041280E-1,9.294120073320E-1);
#96=CIRCLE('',#95,1.E-1);
#112=B_SPLINE_CURVE_WITH_KNOTS('',3,(#107,#108,#109,#110,#111),.UNSPECIFIED.,
.F.,.F.,(4,1,4),(0.E0,5.E-1,1.E0),.UNSPECIFIED.);
#169=CIRCLE('',#168,1.E-1);
#185=B_SPLINE_CURVE_WITH_KNOTS('',3,(#180,#181,#182,#183,#184),.UNSPECIFIED.,
.F.,.F.,(4,1,4),(0.E0,5.E-1,1.E0),.UNSPECIFIED.);
#202=B_SPLINE_CURVE_WITH_KNOTS('',3,(#189,#190,#191,#192,#193,#194,#195,#196,
#197,#198,#199,#200,#201),.UNSPECIFIED.,.F.,.F.,(4,1,1,1,1,1,1,1,1,1,4),(0.E0,
1.E-1,2.E-1,3.E-1,4.E-1,5.E-1,6.E-1,7.E-1,8.E-1,9.E-1,1.E0),.UNSPECIFIED.);
#219=B_SPLINE_CURVE_WITH_KNOTS('',3,(#206,#207,#208,#209,#210,#211,#212,#213,
#214,#215,#216,#217,#218),.UNSPECIFIED.,.F.,.F.,(4,1,1,1,1,1,1,1,1,1,4),(0.E0,
1.E-1,2.E-1,3.E-1,4.E-1,5.E-1,6.E-1,7.E-1,8.E-1,9.E-1,1.E0),.UNSPECIFIED.);
#227=CIRCLE('',#226,1.E-1);
#277=CIRCLE('',#276,1.E-1);
#297=B_SPLINE_CURVE_WITH_KNOTS('',3,(#281,#282,#283,#284,#285,#286,#287,#288,
#289,#290,#291,#292,#293,#294,#295,#296),.UNSPECIFIED.,.F.,.F.,(4,1,1,1,1,1,1,1,
1,1,1,1,1,4),(0.E0,7.692307692308E-2,1.538461538462E-1,2.307692307692E-1,
3.076923076923E-1,3.846153846154E-1,4.615384615385E-1,5.384615384615E-1,
6.153846153846E-1,6.923076923077E-1,7.692307692308E-1,8.461538461538E-1,
9.230769230769E-1,1.E0),.UNSPECIFIED.);
#317=B_SPLINE_CURVE_WITH_KNOTS('',3,(#301,#302,#303,#304,#305,#306,#307,#308,
#309,#310,#311,#312,#313,#314,#315,#316),.UNSPECIFIED.,.F.,.F.,(4,1,1,1,1,1,1,1,
1,1,1,1,1,4),(0.E0,7.692307692308E-2,1.538461538462E-1,2.307692307692E-1,
3.076923076923E-1,3.846153846154E-1,4.615384615385E-1,5.384615384615E-1,
6.153846153846E-1,6.923076923077E-1,7.692307692308E-1,8.461538461538E-1,
9.230769230769E-1,1.E0),.UNSPECIFIED.);
#325=CIRCLE('',#324,9.999998795489E-2);
#343=B_SPLINE_CURVE_WITH_KNOTS('',3,(#336,#337,#338,#339,#340,#341,#342),
.UNSPECIFIED.,.F.,.F.,(4,1,1,1,4),(0.E0,2.5E-1,5.E-1,7.5E-1,1.E0),
.UNSPECIFIED.);
#456=CIRCLE('',#455,1.E-1);
#476=B_SPLINE_CURVE_WITH_KNOTS('',3,(#460,#461,#462,#463,#464,#465,#466,#467,
#468,#469,#470,#471,#472,#473,#474,#475),.UNSPECIFIED.,.F.,.F.,(4,1,1,1,1,1,1,1,
1,1,1,1,1,4),(0.E0,7.692307692308E-2,1.538461538462E-1,2.307692307692E-1,
3.076923076923E-1,3.846153846154E-1,4.615384615385E-1,5.384615384615E-1,
6.153846153846E-1,6.923076923077E-1,7.692307692308E-1,8.461538461538E-1,
9.230769230769E-1,1.E0),.UNSPECIFIED.);
#496=B_SPLINE_CURVE_WITH_KNOTS('',3,(#480,#481,#482,#483,#484,#485,#486,#487,
#488,#489,#490,#491,#492,#493,#494,#495),.UNSPECIFIED.,.F.,.F.,(4,1,1,1,1,1,1,1,
1,1,1,1,1,4),(0.E0,7.692307692308E-2,1.538461538462E-1,2.307692307692E-1,
3.076923076923E-1,3.846153846154E-1,4.615384615385E-1,5.384615384615E-1,
6.153846153846E-1,6.923076923077E-1,7.692307692308E-1,8.461538461538E-1,
9.230769230769E-1,1.E0),.UNSPECIFIED.);
#504=CIRCLE('',#503,9.999998795489E-2);
#526=CIRCLE('',#525,1.E-1);
#544=B_SPLINE_CURVE_WITH_KNOTS('',3,(#537,#538,#539,#540,#541,#542,#543),
.UNSPECIFIED.,.F.,.F.,(4,1,1,1,4),(0.E0,2.5E-1,5.E-1,7.5E-1,1.E0),
.UNSPECIFIED.);
#568=B_SPLINE_CURVE_WITH_KNOTS('',3,(#555,#556,#557,#558,#559,#560,#561,#562,
#563,#564,#565,#566,#567),.UNSPECIFIED.,.F.,.F.,(4,1,1,1,1,1,1,1,1,1,4),(0.E0,
1.E-1,2.E-1,3.E-1,4.E-1,5.E-1,6.E-1,7.E-1,8.E-1,9.E-1,1.E0),.UNSPECIFIED.);
#585=B_SPLINE_CURVE_WITH_KNOTS('',3,(#572,#573,#574,#575,#576,#577,#578,#579,
#580,#581,#582,#583,#584),.UNSPECIFIED.,.F.,.F.,(4,1,1,1,1,1,1,1,1,1,4),(0.E0,
1.E-1,2.E-1,3.E-1,4.E-1,5.E-1,6.E-1,7.E-1,8.E-1,9.E-1,1.E0),.UNSPECIFIED.);
#593=CIRCLE('',#592,1.E-1);
#616=B_SPLINE_CURVE_WITH_KNOTS('',3,(#611,#612,#613,#614,#615),.UNSPECIFIED.,
.F.,.F.,(4,1,4),(0.E0,5.E-1,1.E0),.UNSPECIFIED.);
#654=B_SPLINE_CURVE_WITH_KNOTS('',3,(#648,#649,#650,#651,#652,#653),
.UNSPECIFIED.,.F.,.F.,(4,1,1,4),(0.E0,3.333333333333E-1,6.666666666667E-1,1.E0),
.UNSPECIFIED.);
#673=B_SPLINE_CURVE_WITH_KNOTS('',3,(#658,#659,#660,#661,#662,#663,#664,#665,
#666,#667,#668,#669,#670,#671,#672),.UNSPECIFIED.,.F.,.F.,(4,1,1,1,1,1,1,1,1,1,
1,1,4),(0.E0,8.333333333333E-2,1.666666666667E-1,2.5E-1,3.333333333333E-1,
4.166666666667E-1,5.E-1,5.833333333333E-1,6.666666666667E-1,7.5E-1,
8.333333333333E-1,9.166666666667E-1,1.E0),.UNSPECIFIED.);
#681=CIRCLE('',#680,2.E-1);
#700=B_SPLINE_CURVE_WITH_KNOTS('',3,(#685,#686,#687,#688,#689,#690,#691,#692,
#693,#694,#695,#696,#697,#698,#699),.UNSPECIFIED.,.F.,.F.,(4,1,1,1,1,1,1,1,1,1,
1,1,4),(0.E0,8.333333333333E-2,1.666666666667E-1,2.5E-1,3.333333333333E-1,
4.166666666667E-1,5.E-1,5.833333333333E-1,6.666666666667E-1,7.5E-1,
8.333333333333E-1,9.166666666667E-1,1.E0),.UNSPECIFIED.);
#715=CIRCLE('',#714,2.E-1);
#1101=CIRCLE('',#1100,2.E-1);
#1116=CIRCLE('',#1115,2.E-1);
#1194=CIRCLE('',#1193,2.E-1);
#1209=CIRCLE('',#1208,2.E-1);
#1287=CIRCLE('',#1286,2.E-1);
#1302=CIRCLE('',#1301,2.E-1);
#1429=CIRCLE('',#1428,2.5E-1);
#1444=CIRCLE('',#1443,2.5E-1);
#1459=CIRCLE('',#1458,4.E-1);
#1474=CIRCLE('',#1473,4.E-1);
#1503=CIRCLE('',#1502,1.5E-1);
#1518=CIRCLE('',#1517,1.5E-1);
#1568=CIRCLE('',#1567,1.5E-1);
#1583=CIRCLE('',#1582,1.5E-1);
#1682=CIRCLE('',#1681,2.E-1);
#1697=CIRCLE('',#1696,2.E-1);
#1719=CIRCLE('',#1718,2.E-1);
#1734=CIRCLE('',#1733,2.E-1);
#1819=CIRCLE('',#1818,5.E-1);
#1834=CIRCLE('',#1833,5.E-1);
#1849=CIRCLE('',#1848,5.E-1);
#1864=CIRCLE('',#1863,5.E-1);
#1928=CIRCLE('',#1927,1.5E-1);
#1943=CIRCLE('',#1942,1.5E-1);
#1972=CIRCLE('',#1971,4.E-1);
#1987=CIRCLE('',#1986,4.E-1);
#1995=CIRCLE('',#1994,2.5E-1);
#2010=CIRCLE('',#2009,2.5E-1);
#2032=CIRCLE('',#2031,2.E-1);
#2047=CIRCLE('',#2046,2.E-1);
#2097=CIRCLE('',#2096,2.5E-1);
#2112=CIRCLE('',#2111,2.5E-1);
#2183=CIRCLE('',#2182,5.E-1);
#2198=CIRCLE('',#2197,5.E-1);
#2213=CIRCLE('',#2212,1.5E-1);
#2228=CIRCLE('',#2227,1.5E-1);
#2257=CIRCLE('',#2256,4.E-1);
#2272=CIRCLE('',#2271,4.E-1);
#2280=CIRCLE('',#2279,2.E-1);
#2295=CIRCLE('',#2294,2.E-1);
#2324=CIRCLE('',#2323,2.E-1);
#2339=CIRCLE('',#2338,2.E-1);
#2354=CIRCLE('',#2353,5.E-1);
#2369=CIRCLE('',#2368,5.E-1);
#2433=CIRCLE('',#2432,5.E-1);
#2448=CIRCLE('',#2447,5.E-1);
#2498=CIRCLE('',#2497,2.5E-1);
#2513=CIRCLE('',#2512,2.5E-1);
#2528=CIRCLE('',#2527,4.E-1);
#2543=CIRCLE('',#2542,4.E-1);
#2572=CIRCLE('',#2571,1.5E-1);
#2587=CIRCLE('',#2586,1.5E-1);
#2609=CIRCLE('',#2608,2.E-1);
#2624=CIRCLE('',#2623,2.E-1);
#2632=CIRCLE('',#2631,2.E-1);
#2647=CIRCLE('',#2646,2.E-1);
#2683=CIRCLE('',#2682,4.E-1);
#2698=CIRCLE('',#2697,4.E-1);
#2713=CIRCLE('',#2712,2.5E-1);
#2728=CIRCLE('',#2727,2.5E-1);
#2746=B_SPLINE_CURVE_WITH_KNOTS('',3,(#2739,#2740,#2741,#2742,#2743,#2744,
#2745),.UNSPECIFIED.,.F.,.F.,(4,1,1,1,4),(0.E0,2.5E-1,5.E-1,7.5E-1,1.E0),
.UNSPECIFIED.);
#2764=B_SPLINE_CURVE_WITH_KNOTS('',3,(#2757,#2758,#2759,#2760,#2761,#2762,
#2763),.UNSPECIFIED.,.F.,.F.,(4,1,1,1,4),(0.E0,2.5E-1,5.E-1,7.5E-1,1.E0),
.UNSPECIFIED.);
#2782=B_SPLINE_CURVE_WITH_KNOTS('',3,(#2775,#2776,#2777,#2778,#2779,#2780,
#2781),.UNSPECIFIED.,.F.,.F.,(4,1,1,1,4),(0.E0,2.5E-1,5.E-1,7.5E-1,1.E0),
.UNSPECIFIED.);
#2800=B_SPLINE_CURVE_WITH_KNOTS('',3,(#2793,#2794,#2795,#2796,#2797,#2798,
#2799),.UNSPECIFIED.,.F.,.F.,(4,1,1,1,4),(0.E0,2.5E-1,5.E-1,7.5E-1,1.E0),
.UNSPECIFIED.);
#2829=B_SPLINE_CURVE_WITH_KNOTS('',3,(#2818,#2819,#2820,#2821,#2822,#2823,#2824,
#2825,#2826,#2827,#2828),.UNSPECIFIED.,.F.,.F.,(4,1,1,1,1,1,1,1,4),(0.E0,
1.25E-1,2.5E-1,3.75E-1,5.E-1,6.25E-1,7.5E-1,8.75E-1,1.E0),.UNSPECIFIED.);
#2845=B_SPLINE_CURVE_WITH_KNOTS('',3,(#2840,#2841,#2842,#2843,#2844),
.UNSPECIFIED.,.F.,.F.,(4,1,4),(0.E0,5.E-1,1.E0),.UNSPECIFIED.);
#2975=B_SPLINE_CURVE_WITH_KNOTS('',3,(#2968,#2969,#2970,#2971,#2972,#2973,
#2974),.UNSPECIFIED.,.F.,.F.,(4,1,1,1,4),(0.E0,2.5E-1,5.E-1,7.5E-1,1.E0),
.UNSPECIFIED.);
#2993=B_SPLINE_CURVE_WITH_KNOTS('',3,(#2986,#2987,#2988,#2989,#2990,#2991,
#2992),.UNSPECIFIED.,.F.,.F.,(4,1,1,1,4),(0.E0,2.5E-1,5.E-1,7.5E-1,1.E0),
.UNSPECIFIED.);
#3011=B_SPLINE_CURVE_WITH_KNOTS('',3,(#3004,#3005,#3006,#3007,#3008,#3009,
#3010),.UNSPECIFIED.,.F.,.F.,(4,1,1,1,4),(0.E0,2.5E-1,5.E-1,7.5E-1,1.E0),
.UNSPECIFIED.);
#3029=B_SPLINE_CURVE_WITH_KNOTS('',3,(#3022,#3023,#3024,#3025,#3026,#3027,
#3028),.UNSPECIFIED.,.F.,.F.,(4,1,1,1,4),(0.E0,2.5E-1,5.E-1,7.5E-1,1.E0),
.UNSPECIFIED.);
#3058=B_SPLINE_CURVE_WITH_KNOTS('',3,(#3054,#3055,#3056,#3057),.UNSPECIFIED.,
.F.,.F.,(4,4),(0.E0,1.E0),.UNSPECIFIED.);
#3073=B_SPLINE_CURVE_WITH_KNOTS('',3,(#3069,#3070,#3071,#3072),.UNSPECIFIED.,
.F.,.F.,(4,4),(0.E0,1.E0),.UNSPECIFIED.);
#3132=B_SPLINE_CURVE_WITH_KNOTS('',3,(#3126,#3127,#3128,#3129,#3130,#3131),
.UNSPECIFIED.,.F.,.F.,(4,1,1,4),(0.E0,3.333333333333E-1,6.666666666667E-1,1.E0),
.UNSPECIFIED.);
#3149=B_SPLINE_CURVE_WITH_KNOTS('',3,(#3143,#3144,#3145,#3146,#3147,#3148),
.UNSPECIFIED.,.F.,.F.,(4,1,1,4),(0.E0,3.333333333333E-1,6.666666666667E-1,1.E0),
.UNSPECIFIED.);
#3479=CIRCLE('',#3478,2.E-1);
#3494=CIRCLE('',#3493,2.E-1);
#3565=CIRCLE('',#3564,2.E-1);
#3580=CIRCLE('',#3579,2.E-1);
#3630=CIRCLE('',#3629,2.E-1);
#3645=CIRCLE('',#3644,2.E-1);
#3709=CIRCLE('',#3708,2.5E-1);
#3724=CIRCLE('',#3723,2.5E-1);
#3823=CIRCLE('',#3822,5.E-1);
#3838=CIRCLE('',#3837,5.E-1);
#3874=CIRCLE('',#3873,1.5E-1);
#3889=CIRCLE('',#3888,1.5E-1);
#3995=CIRCLE('',#3994,2.E-1);
#4010=CIRCLE('',#4009,2.E-1);
#4018=CIRCLE('',#4017,2.E-1);
#4033=CIRCLE('',#4032,2.E-1);
#4055=CIRCLE('',#4054,5.E-1);
#4070=CIRCLE('',#4069,5.E-1);
#4099=CIRCLE('',#4098,4.E-1);
#4114=CIRCLE('',#4113,4.E-1);
#4129=CIRCLE('',#4128,2.5E-1);
#4144=CIRCLE('',#4143,2.5E-1);
#4159=CIRCLE('',#4158,1.5E-1);
#4174=CIRCLE('',#4173,1.5E-1);
#4203=CIRCLE('',#4202,4.E-1);
#4218=CIRCLE('',#4217,4.E-1);
#4233=CIRCLE('',#4232,2.5E-1);
#4248=CIRCLE('',#4247,2.5E-1);
#4263=CIRCLE('',#4262,1.5E-1);
#4278=CIRCLE('',#4277,1.5E-1);
#4307=CIRCLE('',#4306,4.E-1);
#4322=CIRCLE('',#4321,4.E-1);
#4337=CIRCLE('',#4336,5.E-1);
#4352=CIRCLE('',#4351,5.E-1);
#4374=CIRCLE('',#4373,2.E-1);
#4389=CIRCLE('',#4388,2.E-1);
#4407=B_SPLINE_CURVE_WITH_KNOTS('',3,(#4400,#4401,#4402,#4403,#4404,#4405,
#4406),.UNSPECIFIED.,.F.,.F.,(4,1,1,1,4),(0.E0,2.5E-1,5.E-1,7.5E-1,1.E0),
.UNSPECIFIED.);
#4425=B_SPLINE_CURVE_WITH_KNOTS('',3,(#4418,#4419,#4420,#4421,#4422,#4423,
#4424),.UNSPECIFIED.,.F.,.F.,(4,1,1,1,4),(0.E0,2.5E-1,5.E-1,7.5E-1,1.E0),
.UNSPECIFIED.);
#4443=B_SPLINE_CURVE_WITH_KNOTS('',3,(#4436,#4437,#4438,#4439,#4440,#4441,
#4442),.UNSPECIFIED.,.F.,.F.,(4,1,1,1,4),(0.E0,2.5E-1,5.E-1,7.5E-1,1.E0),
.UNSPECIFIED.);
#4461=B_SPLINE_CURVE_WITH_KNOTS('',3,(#4454,#4455,#4456,#4457,#4458,#4459,
#4460),.UNSPECIFIED.,.F.,.F.,(4,1,1,1,4),(0.E0,2.5E-1,5.E-1,7.5E-1,1.E0),
.UNSPECIFIED.);
#4493=B_SPLINE_CURVE_WITH_KNOTS('',3,(#4486,#4487,#4488,#4489,#4490,#4491,
#4492),.UNSPECIFIED.,.F.,.F.,(4,1,1,1,4),(0.E0,2.5E-1,5.E-1,7.5E-1,1.E0),
.UNSPECIFIED.);
#4511=B_SPLINE_CURVE_WITH_KNOTS('',3,(#4504,#4505,#4506,#4507,#4508,#4509,
#4510),.UNSPECIFIED.,.F.,.F.,(4,1,1,1,4),(0.E0,2.5E-1,5.E-1,7.5E-1,1.E0),
.UNSPECIFIED.);
#4526=B_SPLINE_CURVE_WITH_KNOTS('',3,(#4522,#4523,#4524,#4525),.UNSPECIFIED.,
.F.,.F.,(4,4),(0.E0,1.E0),.UNSPECIFIED.);
#4541=B_SPLINE_CURVE_WITH_KNOTS('',3,(#4537,#4538,#4539,#4540),.UNSPECIFIED.,
.F.,.F.,(4,4),(0.E0,1.E0),.UNSPECIFIED.);
#4573=B_SPLINE_CURVE_WITH_KNOTS('',3,(#4566,#4567,#4568,#4569,#4570,#4571,
#4572),.UNSPECIFIED.,.F.,.F.,(4,1,1,1,4),(0.E0,2.5E-1,5.E-1,7.5E-1,1.E0),
.UNSPECIFIED.);
#4591=B_SPLINE_CURVE_WITH_KNOTS('',3,(#4584,#4585,#4586,#4587,#4588,#4589,
#4590),.UNSPECIFIED.,.F.,.F.,(4,1,1,1,4),(0.E0,2.5E-1,5.E-1,7.5E-1,1.E0),
.UNSPECIFIED.);
#4616=B_SPLINE_CURVE_WITH_KNOTS('',3,(#4609,#4610,#4611,#4612,#4613,#4614,
#4615),.UNSPECIFIED.,.F.,.F.,(4,1,1,1,4),(0.E0,2.5E-1,5.E-1,7.5E-1,1.E0),
.UNSPECIFIED.);
#4634=B_SPLINE_CURVE_WITH_KNOTS('',3,(#4627,#4628,#4629,#4630,#4631,#4632,
#4633),.UNSPECIFIED.,.F.,.F.,(4,1,1,1,4),(0.E0,2.5E-1,5.E-1,7.5E-1,1.E0),
.UNSPECIFIED.);
#4652=B_SPLINE_CURVE_WITH_KNOTS('',3,(#4645,#4646,#4647,#4648,#4649,#4650,
#4651),.UNSPECIFIED.,.F.,.F.,(4,1,1,1,4),(0.E0,2.5E-1,5.E-1,7.5E-1,1.E0),
.UNSPECIFIED.);
#4670=B_SPLINE_CURVE_WITH_KNOTS('',3,(#4663,#4664,#4665,#4666,#4667,#4668,
#4669),.UNSPECIFIED.,.F.,.F.,(4,1,1,1,4),(0.E0,2.5E-1,5.E-1,7.5E-1,1.E0),
.UNSPECIFIED.);
#4688=B_SPLINE_CURVE_WITH_KNOTS('',3,(#4681,#4682,#4683,#4684,#4685,#4686,
#4687),.UNSPECIFIED.,.F.,.F.,(4,1,1,1,4),(0.E0,2.5E-1,5.E-1,7.5E-1,1.E0),
.UNSPECIFIED.);
#4706=B_SPLINE_CURVE_WITH_KNOTS('',3,(#4699,#4700,#4701,#4702,#4703,#4704,
#4705),.UNSPECIFIED.,.F.,.F.,(4,1,1,1,4),(0.E0,2.5E-1,5.E-1,7.5E-1,1.E0),
.UNSPECIFIED.);
#4750=B_SPLINE_CURVE_WITH_KNOTS('',3,(#4745,#4746,#4747,#4748,#4749),
.UNSPECIFIED.,.F.,.F.,(4,1,4),(0.E0,5.E-1,1.E0),.UNSPECIFIED.);
#4766=B_SPLINE_CURVE_WITH_KNOTS('',3,(#4761,#4762,#4763,#4764,#4765),
.UNSPECIFIED.,.F.,.F.,(4,1,4),(0.E0,5.E-1,1.E0),.UNSPECIFIED.);
#4802=B_SPLINE_CURVE_WITH_KNOTS('',3,(#4791,#4792,#4793,#4794,#4795,#4796,#4797,
#4798,#4799,#4800,#4801),.UNSPECIFIED.,.F.,.F.,(4,1,1,1,1,1,1,1,4),(0.E0,
1.25E-1,2.5E-1,3.75E-1,5.E-1,6.25E-1,7.5E-1,8.75E-1,1.E0),.UNSPECIFIED.);
#4818=B_SPLINE_CURVE_WITH_KNOTS('',3,(#4813,#4814,#4815,#4816,#4817),
.UNSPECIFIED.,.F.,.F.,(4,1,4),(0.E0,5.E-1,1.E0),.UNSPECIFIED.);
#4848=B_SPLINE_CURVE_WITH_KNOTS('',3,(#4843,#4844,#4845,#4846,#4847),
.UNSPECIFIED.,.F.,.F.,(4,1,4),(0.E0,5.E-1,1.E0),.UNSPECIFIED.);
#4864=B_SPLINE_CURVE_WITH_KNOTS('',3,(#4859,#4860,#4861,#4862,#4863),
.UNSPECIFIED.,.F.,.F.,(4,1,4),(0.E0,5.E-1,1.E0),.UNSPECIFIED.);
#4881=B_SPLINE_CURVE_WITH_KNOTS('',3,(#4875,#4876,#4877,#4878,#4879,#4880),
.UNSPECIFIED.,.F.,.F.,(4,1,1,4),(0.E0,3.333333333333E-1,6.666666666667E-1,1.E0),
.UNSPECIFIED.);
#4900=B_SPLINE_CURVE_WITH_KNOTS('',3,(#4885,#4886,#4887,#4888,#4889,#4890,#4891,
#4892,#4893,#4894,#4895,#4896,#4897,#4898,#4899),.UNSPECIFIED.,.F.,.F.,(4,1,1,1,
1,1,1,1,1,1,1,1,4),(0.E0,8.333333333333E-2,1.666666666667E-1,2.5E-1,
3.333333333333E-1,4.166666666667E-1,5.E-1,5.833333333333E-1,6.666666666667E-1,
7.5E-1,8.333333333333E-1,9.166666666667E-1,1.E0),.UNSPECIFIED.);
#4919=B_SPLINE_CURVE_WITH_KNOTS('',3,(#4904,#4905,#4906,#4907,#4908,#4909,#4910,
#4911,#4912,#4913,#4914,#4915,#4916,#4917,#4918),.UNSPECIFIED.,.F.,.F.,(4,1,1,1,
1,1,1,1,1,1,1,1,4),(0.E0,8.333333333333E-2,1.666666666667E-1,2.5E-1,
3.333333333333E-1,4.166666666667E-1,5.E-1,5.833333333333E-1,6.666666666667E-1,
7.5E-1,8.333333333333E-1,9.166666666667E-1,1.E0),.UNSPECIFIED.);
#4927=CIRCLE('',#4926,2.E-1);
#4942=CIRCLE('',#4941,2.E-1);
#4964=CIRCLE('',#4963,2.E-1);
#4988=B_SPLINE_CURVE_WITH_KNOTS('',3,(#4975,#4976,#4977,#4978,#4979,#4980,#4981,
#4982,#4983,#4984,#4985,#4986,#4987),.UNSPECIFIED.,.F.,.F.,(4,1,1,1,1,1,1,1,1,1,
4),(0.E0,1.E-1,2.E-1,3.E-1,4.E-1,5.E-1,6.E-1,7.E-1,8.E-1,9.E-1,1.E0),
.UNSPECIFIED.);
#5005=B_SPLINE_CURVE_WITH_KNOTS('',3,(#4992,#4993,#4994,#4995,#4996,#4997,#4998,
#4999,#5000,#5001,#5002,#5003,#5004),.UNSPECIFIED.,.F.,.F.,(4,1,1,1,1,1,1,1,1,1,
4),(0.E0,1.E-1,2.E-1,3.E-1,4.E-1,5.E-1,6.E-1,7.E-1,8.E-1,9.E-1,1.E0),
.UNSPECIFIED.);
#5013=CIRCLE('',#5012,1.E-1);
#5035=CIRCLE('',#5034,1.E-1);
#5055=B_SPLINE_CURVE_WITH_KNOTS('',3,(#5039,#5040,#5041,#5042,#5043,#5044,#5045,
#5046,#5047,#5048,#5049,#5050,#5051,#5052,#5053,#5054),.UNSPECIFIED.,.F.,.F.,(4,
1,1,1,1,1,1,1,1,1,1,1,1,4),(0.E0,7.692307692308E-2,1.538461538462E-1,
2.307692307692E-1,3.076923076923E-1,3.846153846154E-1,4.615384615385E-1,
5.384615384615E-1,6.153846153846E-1,6.923076923077E-1,7.692307692308E-1,
8.461538461538E-1,9.230769230769E-1,1.E0),.UNSPECIFIED.);
#5075=B_SPLINE_CURVE_WITH_KNOTS('',3,(#5059,#5060,#5061,#5062,#5063,#5064,#5065,
#5066,#5067,#5068,#5069,#5070,#5071,#5072,#5073,#5074),.UNSPECIFIED.,.F.,.F.,(4,
1,1,1,1,1,1,1,1,1,1,1,1,4),(0.E0,7.692307692308E-2,1.538461538462E-1,
2.307692307692E-1,3.076923076923E-1,3.846153846154E-1,4.615384615385E-1,
5.384615384615E-1,6.153846153846E-1,6.923076923077E-1,7.692307692308E-1,
8.461538461538E-1,9.230769230769E-1,1.E0),.UNSPECIFIED.);
#5083=CIRCLE('',#5082,9.999998795489E-2);
#5101=B_SPLINE_CURVE_WITH_KNOTS('',3,(#5094,#5095,#5096,#5097,#5098,#5099,
#5100),.UNSPECIFIED.,.F.,.F.,(4,1,1,1,4),(0.E0,2.5E-1,5.E-1,7.5E-1,1.E0),
.UNSPECIFIED.);
#5130=CIRCLE('',#5129,1.E-1);
#5150=B_SPLINE_CURVE_WITH_KNOTS('',3,(#5134,#5135,#5136,#5137,#5138,#5139,#5140,
#5141,#5142,#5143,#5144,#5145,#5146,#5147,#5148,#5149),.UNSPECIFIED.,.F.,.F.,(4,
1,1,1,1,1,1,1,1,1,1,1,1,4),(0.E0,7.692307692308E-2,1.538461538462E-1,
2.307692307692E-1,3.076923076923E-1,3.846153846154E-1,4.615384615385E-1,
5.384615384615E-1,6.153846153846E-1,6.923076923077E-1,7.692307692308E-1,
8.461538461538E-1,9.230769230769E-1,1.E0),.UNSPECIFIED.);
#5170=B_SPLINE_CURVE_WITH_KNOTS('',3,(#5154,#5155,#5156,#5157,#5158,#5159,#5160,
#5161,#5162,#5163,#5164,#5165,#5166,#5167,#5168,#5169),.UNSPECIFIED.,.F.,.F.,(4,
1,1,1,1,1,1,1,1,1,1,1,1,4),(0.E0,7.692307692308E-2,1.538461538462E-1,
2.307692307692E-1,3.076923076923E-1,3.846153846154E-1,4.615384615385E-1,
5.384615384615E-1,6.153846153846E-1,6.923076923077E-1,7.692307692308E-1,
8.461538461538E-1,9.230769230769E-1,1.E0),.UNSPECIFIED.);
#5178=CIRCLE('',#5177,9.999998795489E-2);
#5196=B_SPLINE_CURVE_WITH_KNOTS('',3,(#5189,#5190,#5191,#5192,#5193,#5194,
#5195),.UNSPECIFIED.,.F.,.F.,(4,1,1,1,4),(0.E0,2.5E-1,5.E-1,7.5E-1,1.E0),
.UNSPECIFIED.);
#5225=CIRCLE('',#5224,1.E-1);
#5242=B_SPLINE_CURVE_WITH_KNOTS('',3,(#5229,#5230,#5231,#5232,#5233,#5234,#5235,
#5236,#5237,#5238,#5239,#5240,#5241),.UNSPECIFIED.,.F.,.F.,(4,1,1,1,1,1,1,1,1,1,
4),(0.E0,1.E-1,2.E-1,3.E-1,4.E-1,5.E-1,6.E-1,7.E-1,8.E-1,9.E-1,1.E0),
.UNSPECIFIED.);
#5259=B_SPLINE_CURVE_WITH_KNOTS('',3,(#5246,#5247,#5248,#5249,#5250,#5251,#5252,
#5253,#5254,#5255,#5256,#5257,#5258),.UNSPECIFIED.,.F.,.F.,(4,1,1,1,1,1,1,1,1,1,
4),(0.E0,1.E-1,2.E-1,3.E-1,4.E-1,5.E-1,6.E-1,7.E-1,8.E-1,9.E-1,1.E0),
.UNSPECIFIED.);
#5267=CIRCLE('',#5266,1.E-1);
#5290=B_SPLINE_CURVE_WITH_KNOTS('',3,(#5285,#5286,#5287,#5288,#5289),
.UNSPECIFIED.,.F.,.F.,(4,1,4),(0.E0,5.E-1,1.E0),.UNSPECIFIED.);
#5309=B_SPLINE_CURVE_WITH_KNOTS('',3,(#5294,#5295,#5296,#5297,#5298,#5299,#5300,
#5301,#5302,#5303,#5304,#5305,#5306,#5307,#5308),.UNSPECIFIED.,.F.,.F.,(4,1,1,1,
1,1,1,1,1,1,1,1,4),(0.E0,8.333333333333E-2,1.666666666667E-1,2.5E-1,
3.333333333333E-1,4.166666666667E-1,5.E-1,5.833333333333E-1,6.666666666667E-1,
7.5E-1,8.333333333333E-1,9.166666666667E-1,1.E0),.UNSPECIFIED.);
#5317=CIRCLE('',#5316,2.E-1);
#5336=B_SPLINE_CURVE_WITH_KNOTS('',3,(#5321,#5322,#5323,#5324,#5325,#5326,#5327,
#5328,#5329,#5330,#5331,#5332,#5333,#5334,#5335),.UNSPECIFIED.,.F.,.F.,(4,1,1,1,
1,1,1,1,1,1,1,1,4),(0.E0,8.333333333333E-2,1.666666666667E-1,2.5E-1,
3.333333333333E-1,4.166666666667E-1,5.E-1,5.833333333333E-1,6.666666666667E-1,
7.5E-1,8.333333333333E-1,9.166666666667E-1,1.E0),.UNSPECIFIED.);
#5346=B_SPLINE_CURVE_WITH_KNOTS('',3,(#5340,#5341,#5342,#5343,#5344,#5345),
.UNSPECIFIED.,.F.,.F.,(4,1,1,4),(0.E0,3.333333333333E-1,6.666666666667E-1,1.E0),
.UNSPECIFIED.);
#5363=B_SPLINE_CURVE_WITH_KNOTS('',3,(#5357,#5358,#5359,#5360,#5361,#5362),
.UNSPECIFIED.,.F.,.F.,(4,1,1,4),(0.E0,3.333333333333E-1,6.666666666667E-1,1.E0),
.UNSPECIFIED.);
#5394=B_SPLINE_CURVE_WITH_KNOTS('',3,(#5388,#5389,#5390,#5391,#5392,#5393),
.UNSPECIFIED.,.F.,.F.,(4,1,1,4),(0.E0,3.333333333333E-1,6.666666666667E-1,1.E0),
.UNSPECIFIED.);
#5423=CIRCLE('',#5422,2.E-1);
#5442=B_SPLINE_CURVE_WITH_KNOTS('',3,(#5427,#5428,#5429,#5430,#5431,#5432,#5433,
#5434,#5435,#5436,#5437,#5438,#5439,#5440,#5441),.UNSPECIFIED.,.F.,.F.,(4,1,1,1,
1,1,1,1,1,1,1,1,4),(0.E0,8.333333333333E-2,1.666666666667E-1,2.5E-1,
3.333333333333E-1,4.166666666667E-1,5.E-1,5.833333333333E-1,6.666666666667E-1,
7.5E-1,8.333333333333E-1,9.166666666667E-1,1.E0),.UNSPECIFIED.);
#5461=B_SPLINE_CURVE_WITH_KNOTS('',3,(#5446,#5447,#5448,#5449,#5450,#5451,#5452,
#5453,#5454,#5455,#5456,#5457,#5458,#5459,#5460),.UNSPECIFIED.,.F.,.F.,(4,1,1,1,
1,1,1,1,1,1,1,1,4),(0.E0,8.333333333333E-2,1.666666666667E-1,2.5E-1,
3.333333333333E-1,4.166666666667E-1,5.E-1,5.833333333333E-1,6.666666666667E-1,
7.5E-1,8.333333333333E-1,9.166666666667E-1,1.E0),.UNSPECIFIED.);
#5469=CIRCLE('',#5468,2.E-1);
#5479=B_SPLINE_CURVE_WITH_KNOTS('',3,(#5473,#5474,#5475,#5476,#5477,#5478),
.UNSPECIFIED.,.F.,.F.,(4,1,1,4),(0.E0,3.333333333333E-1,6.666666666667E-1,1.E0),
.UNSPECIFIED.);
#6340=EDGE_CURVE('',#6309,#6310,#103,.T.);
#6342=EDGE_CURVE('',#5655,#6309,#4949,.T.);
#6344=EDGE_CURVE('',#5655,#5492,#66,.T.);
#6346=EDGE_CURVE('',#5492,#5493,#74,.T.);
#6348=EDGE_CURVE('',#5665,#5493,#81,.T.);
#6350=EDGE_CURVE('',#6329,#5665,#4956,.T.);
#6352=EDGE_CURVE('',#6332,#6329,#5274,.T.);
#6354=EDGE_CURVE('',#6310,#6332,#140,.T.);
#6358=ADVANCED_FACE('',(#6357),#6339,.T.);
#6364=EDGE_CURVE('',#6305,#6306,#88,.T.);
#6366=EDGE_CURVE('',#6309,#6305,#96,.T.);
#6369=EDGE_CURVE('',#6310,#6306,#112,.T.);
#6373=ADVANCED_FACE('',(#6372),#6363,.T.);
#6380=EDGE_CURVE('',#6250,#6306,#154,.T.);
#6382=EDGE_CURVE('',#6250,#6264,#399,.T.);
#6384=EDGE_CURVE('',#6264,#6316,#5090,.T.);
#6386=EDGE_CURVE('',#6316,#6312,#5027,.T.);
#6388=EDGE_CURVE('',#6312,#6305,#5005,.T.);
#6392=ADVANCED_FACE('',(#6391),#6378,.F.);
#6398=EDGE_CURVE('',#6253,#6274,#119,.T.);
#6400=EDGE_CURVE('',#6278,#6274,#185,.T.);
#6402=EDGE_CURVE('',#6278,#6300,#126,.T.);
#6404=EDGE_CURVE('',#6302,#6300,#616,.T.);
#6406=EDGE_CURVE('',#6302,#6254,#133,.T.);
#6408=EDGE_CURVE('',#6253,#6254,#4825,.T.);
#6412=ADVANCED_FACE('',(#6411),#6397,.F.);
#6419=EDGE_CURVE('',#6334,#6332,#5290,.T.);
#6421=EDGE_CURVE('',#6334,#6249,#147,.T.);
#6423=EDGE_CURVE('',#6249,#6250,#2852,.T.);
#6429=ADVANCED_FACE('',(#6428),#6417,.F.);
#6435=EDGE_CURVE('',#6273,#6274,#161,.T.);
#6438=EDGE_CURVE('',#6253,#6260,#371,.T.);
#6440=EDGE_CURVE('',#6260,#6284,#332,.T.);
#6442=EDGE_CURVE('',#6284,#6280,#269,.T.);
#6444=EDGE_CURVE('',#6280,#6273,#219,.T.);
#6448=ADVANCED_FACE('',(#6447),#6434,.F.);
#6455=EDGE_CURVE('',#6277,#6273,#169,.T.);
#6457=EDGE_CURVE('',#6277,#6278,#176,.T.);
#6462=ADVANCED_FACE('',(#6461),#6453,.T.);
#6528=EDGE_CURVE('',#6279,#6277,#202,.T.);
#6532=EDGE_CURVE('',#6279,#6280,#227,.T.);
#6536=ADVANCED_FACE('',(#6535),#6527,.T.);
#6543=EDGE_CURVE('',#6279,#5673,#234,.T.);
#6545=EDGE_CURVE('',#5672,#5673,#681,.T.);
#6547=EDGE_CURVE('',#5672,#6277,#241,.T.);
#6551=ADVANCED_FACE('',(#6550),#6541,.T.);
#6557=EDGE_CURVE('',#6297,#6294,#568,.T.);
#6559=EDGE_CURVE('',#6297,#5662,#248,.T.);
#6561=EDGE_CURVE('',#5662,#5663,#5469,.T.);
#6563=EDGE_CURVE('',#5663,#6294,#255,.T.);
#6567=ADVANCED_FACE('',(#6566),#6556,.T.);
#6573=EDGE_CURVE('',#6282,#6279,#262,.T.);
#6575=EDGE_CURVE('',#6285,#6282,#297,.T.);
#6577=EDGE_CURVE('',#6288,#6285,#511,.T.);
#6579=EDGE_CURVE('',#6291,#6288,#476,.T.);
#6581=EDGE_CURVE('',#6294,#6291,#441,.T.);
#6584=EDGE_CURVE('',#5663,#5661,#5461,.T.);
#6586=EDGE_CURVE('',#5661,#5656,#5415,.T.);
#6588=EDGE_CURVE('',#5656,#5657,#4919,.T.);
#6590=EDGE_CURVE('',#6311,#5657,#4934,.T.);
#6592=EDGE_CURVE('',#6314,#6311,#5020,.T.);
#6594=EDGE_CURVE('',#6317,#6314,#5055,.T.);
#6596=EDGE_CURVE('',#6320,#6317,#5115,.T.);
#6598=EDGE_CURVE('',#6323,#6320,#5150,.T.);
#6600=EDGE_CURVE('',#6326,#6323,#5210,.T.);
#6602=EDGE_CURVE('',#5667,#6326,#4971,.T.);
#6604=EDGE_CURVE('',#5666,#5667,#5336,.T.);
#6606=EDGE_CURVE('',#5671,#5666,#722,.T.);
#6608=EDGE_CURVE('',#5673,#5671,#700,.T.);
#6613=ADVANCED_FACE('',(#6612),#6572,.T.);
#6622=EDGE_CURVE('',#6282,#6284,#277,.T.);
#6626=ADVANCED_FACE('',(#6625),#6618,.T.);
#6698=EDGE_CURVE('',#6286,#6284,#317,.T.);
#6700=EDGE_CURVE('',#6285,#6286,#325,.T.);
#6704=ADVANCED_FACE('',(#6703),#6695,.T.);
#6712=EDGE_CURVE('',#6260,#6258,#343,.T.);
#6714=EDGE_CURVE('',#6258,#6286,#350,.T.);
#6718=ADVANCED_FACE('',(#6717),#6709,.F.);
#6724=EDGE_CURVE('',#6254,#6262,#357,.T.);
#6726=EDGE_CURVE('',#6257,#6262,#544,.T.);
#6728=EDGE_CURVE('',#6257,#6258,#364,.T.);
#6732=EDGE_CURVE('',#6234,#6253,#4864,.T.);
#6734=EDGE_CURVE('',#6234,#6229,#378,.T.);
#6736=EDGE_CURVE('',#6249,#6229,#2829,.T.);
#6738=EDGE_CURVE('',#6249,#6266,#385,.T.);
#6740=EDGE_CURVE('',#6269,#6266,#5196,.T.);
#6742=EDGE_CURVE('',#6269,#6270,#392,.T.);
#6744=EDGE_CURVE('',#6264,#6270,#5101,.T.);
#6747=EDGE_CURVE('',#6226,#6250,#4766,.T.);
#6749=EDGE_CURVE('',#6085,#6226,#406,.T.);
#6751=EDGE_CURVE('',#6073,#6085,#413,.T.);
#6753=EDGE_CURVE('',#6072,#6073,#420,.T.);
#6755=EDGE_CURVE('',#6083,#6072,#427,.T.);
#6757=EDGE_CURVE('',#6237,#6083,#434,.T.);
#6759=EDGE_CURVE('',#6254,#6237,#4802,.T.);
#6763=ADVANCED_FACE('',(#6762),#6723,.T.);
#6769=EDGE_CURVE('',#6296,#6292,#448,.T.);
#6771=EDGE_CURVE('',#6262,#6292,#551,.T.);
#6775=EDGE_CURVE('',#6302,#6298,#607,.T.);
#6777=EDGE_CURVE('',#6298,#6296,#585,.T.);
#6781=ADVANCED_FACE('',(#6780),#6768,.F.);
#6788=EDGE_CURVE('',#6291,#6292,#504,.T.);
#6791=EDGE_CURVE('',#6294,#6296,#456,.T.);
#6795=ADVANCED_FACE('',(#6794),#6786,.T.);
#6866=EDGE_CURVE('',#6288,#6290,#526,.T.);
#6868=EDGE_CURVE('',#6292,#6290,#496,.T.);
#6873=ADVANCED_FACE('',(#6872),#6864,.T.);
#6881=EDGE_CURVE('',#6290,#6286,#518,.T.);
#6886=ADVANCED_FACE('',(#6885),#6878,.T.);
#6895=EDGE_CURVE('',#6257,#6290,#533,.T.);
#6899=ADVANCED_FACE('',(#6898),#6891,.F.);
#6911=ADVANCED_FACE('',(#6910),#6904,.F.);
#6980=EDGE_CURVE('',#6297,#6298,#593,.T.);
#6984=ADVANCED_FACE('',(#6983),#6976,.T.);
#6990=EDGE_CURVE('',#6300,#6297,#600,.T.);
#6997=ADVANCED_FACE('',(#6996),#6989,.T.);
#7005=EDGE_CURVE('',#5672,#5496,#623,.T.);
#7007=EDGE_CURVE('',#5496,#5497,#630,.T.);
#7009=EDGE_CURVE('',#5662,#5497,#637,.T.);
#7016=ADVANCED_FACE('',(#7015),#7002,.F.);
#7050=EDGE_CURVE('',#5672,#5669,#673,.T.);
#7052=EDGE_CURVE('',#5669,#5681,#644,.T.);
#7054=EDGE_CURVE('',#5496,#5681,#654,.T.);
#7059=ADVANCED_FACE('',(#7058),#7049,.F.);
#7136=EDGE_CURVE('',#5669,#5671,#715,.T.);
#7140=ADVANCED_FACE('',(#7139),#7132,.T.);
#7146=EDGE_CURVE('',#5669,#5664,#707,.T.);
#7150=EDGE_CURVE('',#5664,#5666,#5317,.T.);
#7154=ADVANCED_FACE('',(#7153),#7145,.T.);
#7160=EDGE_CURVE('',#5681,#5689,#729,.T.);
#7164=EDGE_CURVE('',#5664,#5679,#5353,.T.);
#7166=EDGE_CURVE('',#5758,#5679,#736,.T.);
#7168=EDGE_CURVE('',#5754,#5758,#743,.T.);
#7170=EDGE_CURVE('',#5762,#5754,#750,.T.);
#7172=EDGE_CURVE('',#5701,#5762,#757,.T.);
#7174=EDGE_CURVE('',#5700,#5701,#764,.T.);
#7176=EDGE_CURVE('',#5697,#5700,#771,.T.);
#7178=EDGE_CURVE('',#5696,#5697,#778,.T.);
#7180=EDGE_CURVE('',#5693,#5696,#785,.T.);
#7182=EDGE_CURVE('',#5692,#5693,#792,.T.);
#7184=EDGE_CURVE('',#5689,#5692,#799,.T.);
#7188=ADVANCED_FACE('',(#7187),#7159,.T.);
#7195=EDGE_CURVE('',#5689,#5749,#806,.T.);
#7197=EDGE_CURVE('',#5749,#5751,#813,.T.);
#7199=EDGE_CURVE('',#5692,#5751,#820,.T.);
#7202=EDGE_CURVE('',#5693,#5768,#827,.T.);
#7204=EDGE_CURVE('',#5768,#5769,#834,.T.);
#7206=EDGE_CURVE('',#5696,#5769,#841,.T.);
#7209=EDGE_CURVE('',#5697,#5772,#848,.T.);
#7211=EDGE_CURVE('',#5772,#5773,#855,.T.);
#7213=EDGE_CURVE('',#5700,#5773,#862,.T.);
#7216=EDGE_CURVE('',#5701,#5765,#869,.T.);
#7218=EDGE_CURVE('',#5765,#5763,#876,.T.);
#7220=EDGE_CURVE('',#5762,#5763,#883,.T.);
#7223=EDGE_CURVE('',#5754,#5755,#890,.T.);
#7225=EDGE_CURVE('',#5755,#5759,#897,.T.);
#7227=EDGE_CURVE('',#5758,#5759,#904,.T.);
#7230=EDGE_CURVE('',#5679,#6103,#5370,.T.);
#7232=EDGE_CURVE('',#6103,#6105,#3087,.T.);
#7234=EDGE_CURVE('',#5681,#6105,#3139,.T.);
#7238=ADVANCED_FACE('',(#7237),#7193,.T.);
#7244=EDGE_CURVE('',#5636,#5637,#946,.T.);
#7246=EDGE_CURVE('',#5972,#5636,#1130,.T.);
#7248=EDGE_CURVE('',#5969,#5972,#1108,.T.);
#7250=EDGE_CURVE('',#5969,#5637,#911,.T.);
#7254=ADVANCED_FACE('',(#7253),#7243,.F.);
#7268=EDGE_CURVE('',#5580,#5689,#1358,.T.);
#7270=EDGE_CURVE('',#5580,#5581,#1444,.T.);
#7272=EDGE_CURVE('',#5581,#5848,#918,.T.);
#7274=EDGE_CURVE('',#5848,#5851,#1474,.T.);
#7276=EDGE_CURVE('',#5851,#5556,#925,.T.);
#7278=EDGE_CURVE('',#5556,#5557,#932,.T.);
#7280=EDGE_CURVE('',#5557,#5837,#939,.T.);
#7282=EDGE_CURVE('',#5837,#5833,#1503,.T.);
#7284=EDGE_CURVE('',#5704,#5833,#1539,.T.);
#7286=EDGE_CURVE('',#5704,#5708,#1834,.T.);
#7288=EDGE_CURVE('',#5708,#5749,#1741,.T.);
#7292=ADVANCED_FACE('',(#7291),#7266,.F.);
#7305=EDGE_CURVE('',#6133,#6129,#2764,.T.);
#7307=EDGE_CURVE('',#6133,#6160,#3036,.T.);
#7309=EDGE_CURVE('',#6158,#6160,#3011,.T.);
#7311=EDGE_CURVE('',#6158,#6166,#1086,.T.);
#7313=EDGE_CURVE('',#6170,#6166,#2993,.T.);
#7315=EDGE_CURVE('',#6170,#6138,#2807,.T.);
#7317=EDGE_CURVE('',#6136,#6138,#2782,.T.);
#7319=EDGE_CURVE('',#6129,#6136,#1093,.T.);
#7323=EDGE_CURVE('',#5644,#5645,#974,.T.);
#7325=EDGE_CURVE('',#5645,#5649,#981,.T.);
#7327=EDGE_CURVE('',#5648,#5649,#988,.T.);
#7329=EDGE_CURVE('',#5648,#5644,#995,.T.);
#7333=EDGE_CURVE('',#5652,#5653,#1002,.T.);
#7335=EDGE_CURVE('',#5653,#5873,#1009,.T.);
#7337=EDGE_CURVE('',#5873,#5871,#1016,.T.);
#7339=EDGE_CURVE('',#5652,#5871,#1023,.T.);
#7343=EDGE_CURVE('',#5936,#5937,#1030,.T.);
#7345=EDGE_CURVE('',#5939,#5937,#1037,.T.);
#7347=EDGE_CURVE('',#5941,#5939,#1044,.T.);
#7349=EDGE_CURVE('',#5941,#5936,#1051,.T.);
#7353=EDGE_CURVE('',#6060,#6061,#1058,.T.);
#7355=EDGE_CURVE('',#6061,#6063,#1065,.T.);
#7357=EDGE_CURVE('',#6065,#6063,#1072,.T.);
#7359=EDGE_CURVE('',#6060,#6065,#1079,.T.);
#7364=EDGE_CURVE('',#5637,#5641,#953,.T.);
#7366=EDGE_CURVE('',#5640,#5641,#960,.T.);
#7368=EDGE_CURVE('',#5640,#5636,#967,.T.);
#7372=ADVANCED_FACE('',(#7322,#7332,#7342,#7352,#7362,#7371),#7304,.F.);
#7380=EDGE_CURVE('',#5968,#5969,#1101,.T.);
#7382=EDGE_CURVE('',#6109,#5968,#1223,.T.);
#7384=EDGE_CURVE('',#6109,#6017,#1194,.T.);
#7386=EDGE_CURVE('',#5641,#6017,#1137,.T.);
#7390=ADVANCED_FACE('',(#7389),#7377,.F.);
#7405=EDGE_CURVE('',#5972,#5973,#1116,.T.);
#7407=EDGE_CURVE('',#5968,#5973,#1123,.T.);
#7411=ADVANCED_FACE('',(#7410),#7402,.T.);
#7425=EDGE_CURVE('',#6011,#5640,#1144,.T.);
#7427=EDGE_CURVE('',#6011,#6107,#1209,.T.);
#7429=EDGE_CURVE('',#5973,#6107,#1216,.T.);
#7435=ADVANCED_FACE('',(#7434),#7423,.F.);
#7450=EDGE_CURVE('',#6011,#6017,#1186,.T.);
#7455=ADVANCED_FACE('',(#7454),#7447,.F.);
#7469=EDGE_CURVE('',#5751,#5709,#1748,.T.);
#7471=EDGE_CURVE('',#5709,#5705,#1819,.T.);
#7473=EDGE_CURVE('',#5705,#5832,#1151,.T.);
#7475=EDGE_CURVE('',#5832,#5836,#1518,.T.);
#7477=EDGE_CURVE('',#5561,#5836,#1158,.T.);
#7479=EDGE_CURVE('',#5560,#5561,#1165,.T.);
#7481=EDGE_CURVE('',#5853,#5560,#1172,.T.);
#7483=EDGE_CURVE('',#5853,#5849,#1459,.T.);
#7485=EDGE_CURVE('',#5584,#5849,#1179,.T.);
#7487=EDGE_CURVE('',#5584,#5585,#1429,.T.);
#7489=EDGE_CURVE('',#5692,#5585,#1351,.T.);
#7493=ADVANCED_FACE('',(#7492),#7467,.F.);
#7508=EDGE_CURVE('',#6107,#6109,#1201,.T.);
#7513=ADVANCED_FACE('',(#7512),#7505,.T.);
#7537=ADVANCED_FACE('',(#7536),#7530,.F.);
#7550=EDGE_CURVE('',#5976,#5981,#1309,.T.);
#7552=EDGE_CURVE('',#5981,#6111,#1230,.T.);
#7554=EDGE_CURVE('',#6111,#6113,#2039,.T.);
#7556=EDGE_CURVE('',#6113,#5976,#1237,.T.);
#7560=ADVANCED_FACE('',(#7559),#7549,.F.);
#7573=EDGE_CURVE('',#5984,#5989,#2654,.T.);
#7575=EDGE_CURVE('',#5989,#6115,#1244,.T.);
#7577=EDGE_CURVE('',#6115,#6117,#2616,.T.);
#7579=EDGE_CURVE('',#6117,#5984,#1251,.T.);
#7583=ADVANCED_FACE('',(#7582),#7572,.F.);
#7596=EDGE_CURVE('',#5992,#5997,#1704,.T.);
#7598=EDGE_CURVE('',#5997,#6119,#1258,.T.);
#7600=EDGE_CURVE('',#6119,#6121,#1726,.T.);
#7602=EDGE_CURVE('',#6121,#5992,#1265,.T.);
#7606=ADVANCED_FACE('',(#7605),#7595,.F.);
#7619=EDGE_CURVE('',#6052,#6057,#2302,.T.);
#7621=EDGE_CURVE('',#6057,#6123,#1272,.T.);
#7623=EDGE_CURVE('',#6123,#6125,#2331,.T.);
#7625=EDGE_CURVE('',#6125,#6052,#1279,.T.);
#7629=ADVANCED_FACE('',(#7628),#7618,.F.);
#7642=EDGE_CURVE('',#5976,#5977,#1287,.T.);
#7644=EDGE_CURVE('',#5977,#5980,#1294,.T.);
#7646=EDGE_CURVE('',#5980,#5981,#1302,.T.);
#7651=ADVANCED_FACE('',(#7650),#7641,.T.);
#7665=EDGE_CURVE('',#5977,#5936,#1344,.T.);
#7669=EDGE_CURVE('',#6113,#6025,#2032,.T.);
#7671=EDGE_CURVE('',#5937,#6025,#1906,.T.);
#7675=ADVANCED_FACE('',(#7674),#7663,.F.);
#7689=EDGE_CURVE('',#5604,#5693,#1372,.T.);
#7691=EDGE_CURVE('',#5604,#5605,#1995,.T.);
#7693=EDGE_CURVE('',#5605,#5912,#1316,.T.);
#7695=EDGE_CURVE('',#5912,#5915,#1987,.T.);
#7697=EDGE_CURVE('',#5915,#5904,#1323,.T.);
#7699=EDGE_CURVE('',#5904,#5905,#1330,.T.);
#7701=EDGE_CURVE('',#5905,#5925,#1337,.T.);
#7703=EDGE_CURVE('',#5925,#5921,#1928,.T.);
#7705=EDGE_CURVE('',#5712,#5921,#1546,.T.);
#7707=EDGE_CURVE('',#5712,#5716,#1864,.T.);
#7709=EDGE_CURVE('',#5716,#5768,#1755,.T.);
#7713=ADVANCED_FACE('',(#7712),#7687,.F.);
#7727=EDGE_CURVE('',#5941,#5980,#2054,.T.);
#7733=ADVANCED_FACE('',(#7732),#7725,.F.);
#7748=EDGE_CURVE('',#5580,#5585,#1421,.T.);
#7753=ADVANCED_FACE('',(#7752),#7745,.F.);
#7767=EDGE_CURVE('',#5696,#5609,#1365,.T.);
#7769=EDGE_CURVE('',#5604,#5609,#2002,.T.);
#7774=ADVANCED_FACE('',(#7773),#7765,.F.);
#7788=EDGE_CURVE('',#5700,#5617,#1379,.T.);
#7790=EDGE_CURVE('',#5612,#5617,#2104,.T.);
#7792=EDGE_CURVE('',#5612,#5697,#1386,.T.);
#7796=ADVANCED_FACE('',(#7795),#7786,.F.);
#7809=EDGE_CURVE('',#5596,#5754,#1393,.T.);
#7812=EDGE_CURVE('',#5758,#5601,#1400,.T.);
#7814=EDGE_CURVE('',#5596,#5601,#2705,.T.);
#7818=ADVANCED_FACE('',(#7817),#7808,.F.);
#7831=EDGE_CURVE('',#5762,#5593,#1407,.T.);
#7833=EDGE_CURVE('',#5588,#5593,#2490,.T.);
#7835=EDGE_CURVE('',#5588,#5701,#1414,.T.);
#7840=ADVANCED_FACE('',(#7839),#7830,.F.);
#7855=EDGE_CURVE('',#5581,#5584,#1436,.T.);
#7860=ADVANCED_FACE('',(#7859),#7852,.F.);
#7873=EDGE_CURVE('',#5848,#5849,#1451,.T.);
#7880=ADVANCED_FACE('',(#7879),#7872,.F.);
#7895=EDGE_CURVE('',#5851,#5853,#1466,.T.);
#7900=ADVANCED_FACE('',(#7899),#7892,.T.);
#7915=EDGE_CURVE('',#5556,#5560,#1481,.T.);
#7920=ADVANCED_FACE('',(#7919),#7912,.F.);
#7936=EDGE_CURVE('',#5557,#5561,#1488,.T.);
#7940=ADVANCED_FACE('',(#7939),#7932,.F.);
#7953=EDGE_CURVE('',#5836,#5837,#1510,.T.);
#7960=ADVANCED_FACE('',(#7959),#7952,.F.);
#7973=EDGE_CURVE('',#5832,#5833,#1495,.T.);
#7980=ADVANCED_FACE('',(#7979),#7972,.F.);
#7993=EDGE_CURVE('',#5816,#5817,#1560,.T.);
#7995=EDGE_CURVE('',#5845,#5816,#1646,.T.);
#7997=EDGE_CURVE('',#5843,#5845,#2346,.T.);
#7999=EDGE_CURVE('',#5843,#5817,#1525,.T.);
#8003=ADVANCED_FACE('',(#8002),#7992,.T.);
#8021=EDGE_CURVE('',#5824,#5825,#2564,.T.);
#8023=EDGE_CURVE('',#5841,#5824,#2376,.T.);
#8025=EDGE_CURVE('',#5839,#5841,#2425,.T.);
#8027=EDGE_CURVE('',#5839,#5825,#1532,.T.);
#8031=ADVANCED_FACE('',(#8030),#8020,.T.);
#8051=EDGE_CURVE('',#5704,#5705,#1811,.T.);
#8056=ADVANCED_FACE('',(#8055),#8048,.T.);
#8074=EDGE_CURVE('',#5920,#5921,#1920,.T.);
#8076=EDGE_CURVE('',#5713,#5920,#1871,.T.);
#8078=EDGE_CURVE('',#5712,#5713,#1841,.T.);
#8083=ADVANCED_FACE('',(#8082),#8073,.T.);
#8101=EDGE_CURVE('',#6036,#6037,#2205,.T.);
#8103=EDGE_CURVE('',#5721,#6036,#2126,.T.);
#8105=EDGE_CURVE('',#5720,#5721,#2175,.T.);
#8107=EDGE_CURVE('',#5720,#6037,#1553,.T.);
#8111=ADVANCED_FACE('',(#8110),#8100,.T.);
#8130=EDGE_CURVE('',#5821,#5817,#1568,.T.);
#8132=EDGE_CURVE('',#5820,#5821,#1575,.T.);
#8134=EDGE_CURVE('',#5816,#5820,#1583,.T.);
#8138=ADVANCED_FACE('',(#8137),#8128,.F.);
#8157=EDGE_CURVE('',#5996,#5644,#1625,.T.);
#8159=EDGE_CURVE('',#5993,#5996,#1689,.T.);
#8161=EDGE_CURVE('',#5993,#5645,#1590,.T.);
#8165=ADVANCED_FACE('',(#8164),#8155,.F.);
#8180=EDGE_CURVE('',#5596,#5597,#2728,.T.);
#8182=EDGE_CURVE('',#5597,#5864,#1597,.T.);
#8184=EDGE_CURVE('',#5864,#5867,#2698,.T.);
#8186=EDGE_CURVE('',#5867,#5572,#1604,.T.);
#8188=EDGE_CURVE('',#5572,#5573,#1611,.T.);
#8190=EDGE_CURVE('',#5573,#5821,#1618,.T.);
#8194=EDGE_CURVE('',#5843,#5775,#2369,.T.);
#8196=EDGE_CURVE('',#5775,#5755,#1783,.T.);
#8200=ADVANCED_FACE('',(#8199),#8177,.F.);
#8214=EDGE_CURVE('',#6015,#5648,#1639,.T.);
#8216=EDGE_CURVE('',#6015,#6119,#1734,.T.);
#8219=EDGE_CURVE('',#5996,#5997,#1697,.T.);
#8224=ADVANCED_FACE('',(#8223),#8212,.F.);
#8238=EDGE_CURVE('',#5649,#6019,#1632,.T.);
#8240=EDGE_CURVE('',#6015,#6019,#1711,.T.);
#8245=ADVANCED_FACE('',(#8244),#8236,.F.);
#8259=EDGE_CURVE('',#5759,#5777,#1790,.T.);
#8261=EDGE_CURVE('',#5777,#5845,#2354,.T.);
#8265=EDGE_CURVE('',#5577,#5820,#1653,.T.);
#8267=EDGE_CURVE('',#5576,#5577,#1660,.T.);
#8269=EDGE_CURVE('',#5869,#5576,#1667,.T.);
#8271=EDGE_CURVE('',#5869,#5865,#2683,.T.);
#8273=EDGE_CURVE('',#5600,#5865,#1674,.T.);
#8275=EDGE_CURVE('',#5600,#5601,#2713,.T.);
#8280=ADVANCED_FACE('',(#8279),#8257,.F.);
#8295=EDGE_CURVE('',#5992,#5993,#1682,.T.);
#8298=EDGE_CURVE('',#6121,#6019,#1719,.T.);
#8303=ADVANCED_FACE('',(#8302),#8292,.F.);
#8322=ADVANCED_FACE('',(#8321),#8315,.T.);
#8341=ADVANCED_FACE('',(#8340),#8334,.T.);
#8361=EDGE_CURVE('',#5708,#5709,#1826,.T.);
#8366=ADVANCED_FACE('',(#8365),#8358,.T.);
#8386=EDGE_CURVE('',#5716,#5717,#1856,.T.);
#8388=EDGE_CURVE('',#5769,#5717,#1762,.T.);
#8392=ADVANCED_FACE('',(#8391),#8383,.T.);
#8411=EDGE_CURVE('',#5724,#5772,#1769,.T.);
#8413=EDGE_CURVE('',#5724,#5725,#2190,.T.);
#8415=EDGE_CURVE('',#5773,#5725,#1776,.T.);
#8419=ADVANCED_FACE('',(#8418),#8409,.T.);
#8438=EDGE_CURVE('',#5775,#5777,#2361,.T.);
#8444=ADVANCED_FACE('',(#8443),#8436,.T.);
#8462=EDGE_CURVE('',#5763,#5875,#1797,.T.);
#8465=EDGE_CURVE('',#5877,#5765,#1804,.T.);
#8467=EDGE_CURVE('',#5877,#5875,#2440,.T.);
#8471=ADVANCED_FACE('',(#8470),#8461,.T.);
#8495=ADVANCED_FACE('',(#8494),#8488,.T.);
#8514=EDGE_CURVE('',#5717,#5713,#1849,.T.);
#8520=ADVANCED_FACE('',(#8519),#8512,.T.);
#8542=EDGE_CURVE('',#5920,#5924,#1943,.T.);
#8544=EDGE_CURVE('',#5909,#5924,#1878,.T.);
#8546=EDGE_CURVE('',#5908,#5909,#1885,.T.);
#8548=EDGE_CURVE('',#5917,#5908,#1892,.T.);
#8550=EDGE_CURVE('',#5917,#5913,#1972,.T.);
#8552=EDGE_CURVE('',#5608,#5913,#1899,.T.);
#8554=EDGE_CURVE('',#5608,#5609,#2010,.T.);
#8559=ADVANCED_FACE('',(#8558),#8537,.F.);
#8574=EDGE_CURVE('',#6023,#6025,#2024,.T.);
#8576=EDGE_CURVE('',#5939,#6023,#1913,.T.);
#8580=ADVANCED_FACE('',(#8579),#8571,.F.);
#8595=EDGE_CURVE('',#5924,#5925,#1935,.T.);
#8600=ADVANCED_FACE('',(#8599),#8592,.F.);
#8620=EDGE_CURVE('',#5905,#5909,#1950,.T.);
#8625=ADVANCED_FACE('',(#8624),#8617,.F.);
#8644=EDGE_CURVE('',#5904,#5908,#1957,.T.);
#8650=ADVANCED_FACE('',(#8649),#8642,.F.);
#8663=EDGE_CURVE('',#5915,#5917,#1979,.T.);
#8670=ADVANCED_FACE('',(#8669),#8662,.F.);
#8683=EDGE_CURVE('',#5912,#5913,#1964,.T.);
#8690=ADVANCED_FACE('',(#8689),#8682,.T.);
#8705=EDGE_CURVE('',#5605,#5608,#2017,.T.);
#8710=ADVANCED_FACE('',(#8709),#8702,.F.);
#8729=ADVANCED_FACE('',(#8728),#8722,.F.);
#8745=EDGE_CURVE('',#6023,#6111,#2047,.T.);
#8749=ADVANCED_FACE('',(#8748),#8741,.T.);
#8775=ADVANCED_FACE('',(#8774),#8766,.F.);
#8790=EDGE_CURVE('',#5612,#5613,#2097,.T.);
#8792=EDGE_CURVE('',#5613,#6044,#2061,.T.);
#8794=EDGE_CURVE('',#6044,#6047,#2272,.T.);
#8796=EDGE_CURVE('',#6047,#6028,#2068,.T.);
#8798=EDGE_CURVE('',#6028,#6029,#2075,.T.);
#8800=EDGE_CURVE('',#6029,#6041,#2082,.T.);
#8802=EDGE_CURVE('',#6041,#6037,#2213,.T.);
#8805=EDGE_CURVE('',#5720,#5724,#2198,.T.);
#8810=ADVANCED_FACE('',(#8809),#8787,.F.);
#8824=EDGE_CURVE('',#6060,#6056,#2309,.T.);
#8826=EDGE_CURVE('',#6053,#6056,#2287,.T.);
#8828=EDGE_CURVE('',#6053,#6061,#2089,.T.);
#8832=ADVANCED_FACE('',(#8831),#8822,.F.);
#8847=EDGE_CURVE('',#5616,#5617,#2112,.T.);
#8849=EDGE_CURVE('',#5613,#5616,#2119,.T.);
#8853=ADVANCED_FACE('',(#8852),#8844,.F.);
#8868=EDGE_CURVE('',#5725,#5721,#2183,.T.);
#8871=EDGE_CURVE('',#6036,#6040,#2228,.T.);
#8873=EDGE_CURVE('',#6033,#6040,#2133,.T.);
#8875=EDGE_CURVE('',#6032,#6033,#2140,.T.);
#8877=EDGE_CURVE('',#6049,#6032,#2147,.T.);
#8879=EDGE_CURVE('',#6049,#6045,#2257,.T.);
#8881=EDGE_CURVE('',#5616,#6045,#2154,.T.);
#8887=ADVANCED_FACE('',(#8886),#8865,.F.);
#8901=EDGE_CURVE('',#6063,#6069,#2161,.T.);
#8903=EDGE_CURVE('',#6067,#6069,#2316,.T.);
#8905=EDGE_CURVE('',#6065,#6067,#2168,.T.);
#8909=ADVANCED_FACE('',(#8908),#8899,.F.);
#8928=ADVANCED_FACE('',(#8927),#8921,.T.);
#8943=EDGE_CURVE('',#6040,#6041,#2220,.T.);
#8948=ADVANCED_FACE('',(#8947),#8940,.F.);
#8968=EDGE_CURVE('',#6029,#6033,#2235,.T.);
#8973=ADVANCED_FACE('',(#8972),#8965,.F.);
#8992=EDGE_CURVE('',#6028,#6032,#2242,.T.);
#8998=ADVANCED_FACE('',(#8997),#8990,.F.);
#9011=EDGE_CURVE('',#6047,#6049,#2264,.T.);
#9018=ADVANCED_FACE('',(#9017),#9010,.F.);
#9031=EDGE_CURVE('',#6044,#6045,#2249,.T.);
#9038=ADVANCED_FACE('',(#9037),#9030,.T.);
#9057=ADVANCED_FACE('',(#9056),#9050,.F.);
#9072=EDGE_CURVE('',#6052,#6053,#2280,.T.);
#9075=EDGE_CURVE('',#6125,#6069,#2324,.T.);
#9080=ADVANCED_FACE('',(#9079),#9069,.F.);
#9095=EDGE_CURVE('',#6056,#6057,#2295,.T.);
#9100=ADVANCED_FACE('',(#9099),#9092,.T.);
#9115=EDGE_CURVE('',#6067,#6123,#2339,.T.);
#9122=ADVANCED_FACE('',(#9121),#9112,.F.);
#9141=ADVANCED_FACE('',(#9140),#9134,.T.);
#9165=ADVANCED_FACE('',(#9164),#9158,.T.);
#9185=EDGE_CURVE('',#5875,#5841,#2433,.T.);
#9188=EDGE_CURVE('',#5824,#5828,#2587,.T.);
#9190=EDGE_CURVE('',#5569,#5828,#2383,.T.);
#9192=EDGE_CURVE('',#5568,#5569,#2390,.T.);
#9194=EDGE_CURVE('',#5861,#5568,#2397,.T.);
#9196=EDGE_CURVE('',#5861,#5857,#2528,.T.);
#9198=EDGE_CURVE('',#5592,#5857,#2404,.T.);
#9200=EDGE_CURVE('',#5592,#5593,#2498,.T.);
#9205=ADVANCED_FACE('',(#9204),#9182,.F.);
#9219=EDGE_CURVE('',#5871,#6021,#2411,.T.);
#9221=EDGE_CURVE('',#6013,#6021,#2601,.T.);
#9223=EDGE_CURVE('',#6013,#5652,#2418,.T.);
#9227=ADVANCED_FACE('',(#9226),#9217,.F.);
#9243=EDGE_CURVE('',#5839,#5877,#2448,.T.);
#9247=ADVANCED_FACE('',(#9246),#9239,.T.);
#9267=EDGE_CURVE('',#5588,#5589,#2513,.T.);
#9269=EDGE_CURVE('',#5589,#5856,#2455,.T.);
#9271=EDGE_CURVE('',#5856,#5859,#2543,.T.);
#9273=EDGE_CURVE('',#5859,#5564,#2462,.T.);
#9275=EDGE_CURVE('',#5564,#5565,#2469,.T.);
#9277=EDGE_CURVE('',#5565,#5829,#2476,.T.);
#9279=EDGE_CURVE('',#5829,#5825,#2572,.T.);
#9286=ADVANCED_FACE('',(#9285),#9264,.F.);
#9300=EDGE_CURVE('',#5988,#5653,#2594,.T.);
#9302=EDGE_CURVE('',#5985,#5988,#2639,.T.);
#9304=EDGE_CURVE('',#5985,#5873,#2483,.T.);
#9308=ADVANCED_FACE('',(#9307),#9298,.F.);
#9323=EDGE_CURVE('',#5589,#5592,#2505,.T.);
#9328=ADVANCED_FACE('',(#9327),#9320,.F.);
#9341=EDGE_CURVE('',#5856,#5857,#2520,.T.);
#9348=ADVANCED_FACE('',(#9347),#9340,.F.);
#9363=EDGE_CURVE('',#5859,#5861,#2535,.T.);
#9368=ADVANCED_FACE('',(#9367),#9360,.T.);
#9383=EDGE_CURVE('',#5564,#5568,#2550,.T.);
#9388=ADVANCED_FACE('',(#9387),#9380,.F.);
#9404=EDGE_CURVE('',#5565,#5569,#2557,.T.);
#9408=ADVANCED_FACE('',(#9407),#9400,.F.);
#9421=EDGE_CURVE('',#5828,#5829,#2579,.T.);
#9428=ADVANCED_FACE('',(#9427),#9420,.F.);
#9452=ADVANCED_FACE('',(#9451),#9445,.F.);
#9472=EDGE_CURVE('',#6013,#6115,#2624,.T.);
#9475=EDGE_CURVE('',#5988,#5989,#2647,.T.);
#9480=ADVANCED_FACE('',(#9479),#9469,.F.);
#9494=EDGE_CURVE('',#6117,#6021,#2609,.T.);
#9500=ADVANCED_FACE('',(#9499),#9492,.T.);
#9520=EDGE_CURVE('',#5984,#5985,#2632,.T.);
#9527=ADVANCED_FACE('',(#9526),#9517,.F.);
#9546=ADVANCED_FACE('',(#9545),#9539,.T.);
#9561=EDGE_CURVE('',#5573,#5577,#2661,.T.);
#9566=ADVANCED_FACE('',(#9565),#9558,.F.);
#9585=EDGE_CURVE('',#5572,#5576,#2668,.T.);
#9591=ADVANCED_FACE('',(#9590),#9583,.F.);
#9604=EDGE_CURVE('',#5867,#5869,#2690,.T.);
#9611=ADVANCED_FACE('',(#9610),#9603,.F.);
#9624=EDGE_CURVE('',#5864,#5865,#2675,.T.);
#9631=ADVANCED_FACE('',(#9630),#9623,.T.);
#9646=EDGE_CURVE('',#5597,#5600,#2720,.T.);
#9651=ADVANCED_FACE('',(#9650),#9643,.F.);
#9670=ADVANCED_FACE('',(#9669),#9663,.F.);
#9683=EDGE_CURVE('',#6128,#6129,#2735,.T.);
#9685=EDGE_CURVE('',#6128,#6132,#2746,.T.);
#9687=EDGE_CURVE('',#6132,#6133,#2753,.T.);
#9692=ADVANCED_FACE('',(#9691),#9682,.T.);
#9700=EDGE_CURVE('',#6136,#6137,#2771,.T.);
#9702=EDGE_CURVE('',#6137,#6128,#2957,.T.);
#9706=ADVANCED_FACE('',(#9705),#9697,.F.);
#9714=EDGE_CURVE('',#6138,#6140,#2789,.T.);
#9716=EDGE_CURVE('',#6140,#6137,#2800,.T.);
#9720=ADVANCED_FACE('',(#9719),#9711,.T.);
#9726=EDGE_CURVE('',#6229,#6230,#2836,.T.);
#9729=EDGE_CURVE('',#6233,#6234,#4855,.T.);
#9731=EDGE_CURVE('',#6140,#6233,#2915,.T.);
#9735=EDGE_CURVE('',#6169,#6170,#2982,.T.);
#9737=EDGE_CURVE('',#6230,#6169,#2866,.T.);
#9741=ADVANCED_FACE('',(#9740),#9725,.F.);
#9747=EDGE_CURVE('',#6249,#6241,#2814,.T.);
#9751=EDGE_CURVE('',#6230,#6241,#2845,.T.);
#9755=ADVANCED_FACE('',(#9754),#9746,.F.);
#9763=EDGE_CURVE('',#6241,#6242,#2859,.T.);
#9765=EDGE_CURVE('',#6242,#6250,#4741,.T.);
#9769=ADVANCED_FACE('',(#9768),#9760,.T.);
#9778=EDGE_CURVE('',#6165,#6169,#2975,.T.);
#9780=EDGE_CURVE('',#6159,#6165,#2873,.T.);
#9782=EDGE_CURVE('',#6162,#6159,#3029,.T.);
#9784=EDGE_CURVE('',#6162,#6189,#2880,.T.);
#9786=EDGE_CURVE('',#6193,#6189,#3073,.T.);
#9788=EDGE_CURVE('',#6198,#6193,#4555,.T.);
#9790=EDGE_CURVE('',#6196,#6198,#4526,.T.);
#9792=EDGE_CURVE('',#6196,#6205,#2887,.T.);
#9794=EDGE_CURVE('',#6203,#6205,#4493,.T.);
#9796=EDGE_CURVE('',#6203,#6184,#2894,.T.);
#9798=EDGE_CURVE('',#6180,#6184,#4652,.T.);
#9800=EDGE_CURVE('',#6174,#6180,#2901,.T.);
#9802=EDGE_CURVE('',#6177,#6174,#4706,.T.);
#9804=EDGE_CURVE('',#6177,#6225,#2908,.T.);
#9806=EDGE_CURVE('',#6242,#6225,#4750,.T.);
#9810=ADVANCED_FACE('',(#9809),#9774,.T.);
#9817=EDGE_CURVE('',#6246,#6233,#4848,.T.);
#9819=EDGE_CURVE('',#6245,#6246,#4832,.T.);
#9821=EDGE_CURVE('',#6238,#6245,#4818,.T.);
#9823=EDGE_CURVE('',#6238,#6147,#2922,.T.);
#9825=EDGE_CURVE('',#6143,#6147,#4407,.T.);
#9827=EDGE_CURVE('',#6152,#6143,#2929,.T.);
#9829=EDGE_CURVE('',#6155,#6152,#4461,.T.);
#9831=EDGE_CURVE('',#6155,#6211,#2936,.T.);
#9833=EDGE_CURVE('',#6215,#6211,#4591,.T.);
#9835=EDGE_CURVE('',#6215,#6220,#2943,.T.);
#9837=EDGE_CURVE('',#6218,#6220,#4616,.T.);
#9839=EDGE_CURVE('',#6218,#6132,#2950,.T.);
#9846=ADVANCED_FACE('',(#9845),#9815,.T.);
#9852=EDGE_CURVE('',#6165,#6166,#2964,.T.);
#9859=ADVANCED_FACE('',(#9858),#9851,.T.);
#9865=EDGE_CURVE('',#6158,#6159,#3000,.T.);
#9872=ADVANCED_FACE('',(#9871),#9864,.F.);
#9880=EDGE_CURVE('',#6160,#6162,#3018,.T.);
#9885=ADVANCED_FACE('',(#9884),#9877,.T.);
#9891=EDGE_CURVE('',#6188,#6189,#3050,.T.);
#9898=EDGE_CURVE('',#6218,#6219,#4605,.T.);
#9900=EDGE_CURVE('',#6188,#6219,#3043,.T.);
#9904=ADVANCED_FACE('',(#9903),#9890,.F.);
#9911=EDGE_CURVE('',#6188,#6192,#3058,.T.);
#9913=EDGE_CURVE('',#6192,#6193,#3065,.T.);
#9918=ADVANCED_FACE('',(#9917),#9909,.T.);
#9924=EDGE_CURVE('',#6088,#6104,#3080,.T.);
#9926=EDGE_CURVE('',#6104,#6105,#3132,.T.);
#9929=EDGE_CURVE('',#6102,#6103,#5363,.T.);
#9931=EDGE_CURVE('',#6102,#6086,#3094,.T.);
#9933=EDGE_CURVE('',#6086,#6087,#5394,.T.);
#9935=EDGE_CURVE('',#6087,#6089,#3101,.T.);
#9937=EDGE_CURVE('',#6088,#6089,#3149,.T.);
#9941=EDGE_CURVE('',#6207,#6197,#3108,.T.);
#9943=EDGE_CURVE('',#6200,#6197,#4541,.T.);
#9945=EDGE_CURVE('',#6200,#6192,#4548,.T.);
#9949=EDGE_CURVE('',#6222,#6219,#4634,.T.);
#9951=EDGE_CURVE('',#6214,#6222,#4598,.T.);
#9953=EDGE_CURVE('',#6210,#6214,#4573,.T.);
#9955=EDGE_CURVE('',#6204,#6210,#4468,.T.);
#9957=EDGE_CURVE('',#6207,#6204,#4511,.T.);
#9961=ADVANCED_FACE('',(#9940,#9960),#9923,.T.);
#9968=EDGE_CURVE('',#5496,#6104,#3115,.T.);
#9971=EDGE_CURVE('',#5497,#6088,#3122,.T.);
#9975=ADVANCED_FACE('',(#9974),#9966,.F.);
#10015=ADVANCED_FACE('',(#10014),#10008,.F.);
#10050=EDGE_CURVE('',#5677,#6089,#3156,.T.);
#10052=EDGE_CURVE('',#5497,#5677,#5479,.T.);
#10057=ADVANCED_FACE('',(#10056),#10048,.T.);
#10063=EDGE_CURVE('',#5732,#5739,#3163,.T.);
#10065=EDGE_CURVE('',#5739,#5743,#3170,.T.);
#10067=EDGE_CURVE('',#5742,#5743,#3177,.T.);
#10069=EDGE_CURVE('',#5687,#5742,#3184,.T.);
#10071=EDGE_CURVE('',#5686,#5687,#3261,.T.);
#10073=EDGE_CURVE('',#5686,#5729,#3191,.T.);
#10075=EDGE_CURVE('',#5727,#5729,#3198,.T.);
#10077=EDGE_CURVE('',#5683,#5727,#3205,.T.);
#10079=EDGE_CURVE('',#5677,#5683,#3247,.T.);
#10083=EDGE_CURVE('',#5675,#6087,#5401,.T.);
#10085=EDGE_CURVE('',#5736,#5675,#3240,.T.);
#10087=EDGE_CURVE('',#5736,#5737,#3212,.T.);
#10089=EDGE_CURVE('',#5733,#5737,#3219,.T.);
#10091=EDGE_CURVE('',#5732,#5733,#3226,.T.);
#10095=ADVANCED_FACE('',(#10094),#10062,.F.);
#10102=EDGE_CURVE('',#5732,#5736,#3233,.T.);
#10105=EDGE_CURVE('',#5654,#5675,#4871,.T.);
#10107=EDGE_CURVE('',#5659,#5654,#5408,.T.);
#10109=EDGE_CURVE('',#5659,#5677,#5486,.T.);
#10112=EDGE_CURVE('',#5683,#5686,#3254,.T.);
#10115=EDGE_CURVE('',#5687,#5739,#3268,.T.);
#10119=ADVANCED_FACE('',(#10118),#10100,.F.);
#10126=EDGE_CURVE('',#5516,#5683,#3275,.T.);
#10128=EDGE_CURVE('',#5516,#5517,#4225,.T.);
#10130=EDGE_CURVE('',#5686,#5517,#3282,.T.);
#10134=ADVANCED_FACE('',(#10133),#10124,.T.);
#10148=EDGE_CURVE('',#5548,#5687,#3289,.T.);
#10150=EDGE_CURVE('',#5548,#5553,#3731,.T.);
#10152=EDGE_CURVE('',#5739,#5553,#3296,.T.);
#10156=ADVANCED_FACE('',(#10155),#10146,.T.);
#10169=EDGE_CURVE('',#5524,#5732,#3303,.T.);
#10171=EDGE_CURVE('',#5524,#5525,#4121,.T.);
#10173=EDGE_CURVE('',#5736,#5525,#3310,.T.);
#10178=ADVANCED_FACE('',(#10177),#10168,.T.);
#10191=EDGE_CURVE('',#5620,#5621,#3352,.T.);
#10193=EDGE_CURVE('',#5945,#5621,#3317,.T.);
#10195=EDGE_CURVE('',#5945,#5948,#3501,.T.);
#10197=EDGE_CURVE('',#5948,#5620,#3471,.T.);
#10201=ADVANCED_FACE('',(#10200),#10190,.T.);
#10215=EDGE_CURVE('',#5536,#5727,#3780,.T.);
#10217=EDGE_CURVE('',#5532,#5536,#3823,.T.);
#10219=EDGE_CURVE('',#5532,#5789,#3852,.T.);
#10221=EDGE_CURVE('',#5793,#5789,#4174,.T.);
#10223=EDGE_CURVE('',#5501,#5793,#3324,.T.);
#10225=EDGE_CURVE('',#5500,#5501,#3331,.T.);
#10227=EDGE_CURVE('',#5803,#5500,#3338,.T.);
#10229=EDGE_CURVE('',#5800,#5803,#4203,.T.);
#10231=EDGE_CURVE('',#5520,#5800,#3345,.T.);
#10233=EDGE_CURVE('',#5516,#5520,#4233,.T.);
#10238=ADVANCED_FACE('',(#10237),#10213,.T.);
#10251=EDGE_CURVE('',#6148,#6144,#4425,.T.);
#10253=EDGE_CURVE('',#6076,#6148,#4734,.T.);
#10255=EDGE_CURVE('',#6076,#6077,#3436,.T.);
#10257=EDGE_CURVE('',#6077,#6079,#3443,.T.);
#10259=EDGE_CURVE('',#6081,#6079,#3450,.T.);
#10261=EDGE_CURVE('',#6175,#6081,#4713,.T.);
#10263=EDGE_CURVE('',#6173,#6175,#4688,.T.);
#10265=EDGE_CURVE('',#6181,#6173,#3457,.T.);
#10267=EDGE_CURVE('',#6185,#6181,#4670,.T.);
#10269=EDGE_CURVE('',#6153,#6185,#4475,.T.);
#10271=EDGE_CURVE('',#6151,#6153,#4443,.T.);
#10273=EDGE_CURVE('',#6151,#6144,#3464,.T.);
#10277=EDGE_CURVE('',#5628,#5629,#3380,.T.);
#10279=EDGE_CURVE('',#5632,#5628,#3387,.T.);
#10281=EDGE_CURVE('',#5632,#5633,#3394,.T.);
#10283=EDGE_CURVE('',#5629,#5633,#3401,.T.);
#10287=EDGE_CURVE('',#5928,#5929,#3408,.T.);
#10289=EDGE_CURVE('',#5933,#5928,#3415,.T.);
#10291=EDGE_CURVE('',#5933,#5931,#3422,.T.);
#10293=EDGE_CURVE('',#5931,#5929,#3429,.T.);
#10298=EDGE_CURVE('',#5624,#5620,#3359,.T.);
#10300=EDGE_CURVE('',#5624,#5625,#3366,.T.);
#10302=EDGE_CURVE('',#5621,#5625,#3373,.T.);
#10306=ADVANCED_FACE('',(#10276,#10286,#10296,#10305),#10250,.T.);
#10314=EDGE_CURVE('',#5948,#5949,#3494,.T.);
#10316=EDGE_CURVE('',#5949,#6091,#3594,.T.);
#10318=EDGE_CURVE('',#5999,#6091,#3565,.T.);
#10320=EDGE_CURVE('',#5999,#5624,#3508,.T.);
#10324=ADVANCED_FACE('',(#10323),#10311,.T.);
#10337=EDGE_CURVE('',#5944,#5945,#3479,.T.);
#10339=EDGE_CURVE('',#5944,#5949,#3486,.T.);
#10345=ADVANCED_FACE('',(#10344),#10336,.T.);
#10359=EDGE_CURVE('',#5625,#6003,#3515,.T.);
#10361=EDGE_CURVE('',#6093,#6003,#3580,.T.);
#10363=EDGE_CURVE('',#6093,#5944,#3587,.T.);
#10369=ADVANCED_FACE('',(#10368),#10357,.T.);
#10384=EDGE_CURVE('',#5999,#6003,#3557,.T.);
#10389=ADVANCED_FACE('',(#10388),#10381,.T.);
#10404=EDGE_CURVE('',#5521,#5517,#4248,.T.);
#10406=EDGE_CURVE('',#5521,#5801,#3522,.T.);
#10408=EDGE_CURVE('',#5805,#5801,#4218,.T.);
#10410=EDGE_CURVE('',#5805,#5504,#3529,.T.);
#10412=EDGE_CURVE('',#5504,#5505,#3536,.T.);
#10414=EDGE_CURVE('',#5505,#5792,#3543,.T.);
#10416=EDGE_CURVE('',#5788,#5792,#4159,.T.);
#10418=EDGE_CURVE('',#5533,#5788,#3550,.T.);
#10420=EDGE_CURVE('',#5537,#5533,#3838,.T.);
#10422=EDGE_CURVE('',#5729,#5537,#3773,.T.);
#10426=ADVANCED_FACE('',(#10425),#10401,.T.);
#10441=EDGE_CURVE('',#6091,#6093,#3572,.T.);
#10446=ADVANCED_FACE('',(#10445),#10438,.T.);
#10470=ADVANCED_FACE('',(#10469),#10463,.T.);
#10483=EDGE_CURVE('',#5952,#5957,#3637,.T.);
#10485=EDGE_CURVE('',#6097,#5952,#3601,.T.);
#10487=EDGE_CURVE('',#6095,#6097,#4381,.T.);
#10489=EDGE_CURVE('',#5957,#6095,#3608,.T.);
#10493=ADVANCED_FACE('',(#10492),#10482,.T.);
#10506=EDGE_CURVE('',#5960,#5965,#4025,.T.);
#10508=EDGE_CURVE('',#6101,#5960,#3615,.T.);
#10510=EDGE_CURVE('',#6099,#6101,#4002,.T.);
#10512=EDGE_CURVE('',#5965,#6099,#3622,.T.);
#10516=ADVANCED_FACE('',(#10515),#10505,.T.);
#10529=EDGE_CURVE('',#5952,#5953,#3630,.T.);
#10532=EDGE_CURVE('',#5956,#5957,#3645,.T.);
#10534=EDGE_CURVE('',#5953,#5956,#3652,.T.);
#10538=ADVANCED_FACE('',(#10537),#10528,.T.);
#10552=EDGE_CURVE('',#5929,#6009,#3701,.T.);
#10554=EDGE_CURVE('',#6097,#6009,#4389,.T.);
#10558=EDGE_CURVE('',#5953,#5928,#3766,.T.);
#10562=ADVANCED_FACE('',(#10561),#10550,.T.);
#10577=EDGE_CURVE('',#5552,#5553,#3724,.T.);
#10579=EDGE_CURVE('',#5552,#5889,#3659,.T.);
#10581=EDGE_CURVE('',#5893,#5889,#4322,.T.);
#10583=EDGE_CURVE('',#5893,#5884,#3666,.T.);
#10585=EDGE_CURVE('',#5884,#5885,#3673,.T.);
#10587=EDGE_CURVE('',#5885,#5900,#3680,.T.);
#10589=EDGE_CURVE('',#5896,#5900,#4263,.T.);
#10591=EDGE_CURVE('',#5541,#5896,#3687,.T.);
#10593=EDGE_CURVE('',#5545,#5541,#4352,.T.);
#10595=EDGE_CURVE('',#5743,#5545,#3787,.T.);
#10599=ADVANCED_FACE('',(#10598),#10574,.T.);
#10613=EDGE_CURVE('',#5931,#6007,#3694,.T.);
#10615=EDGE_CURVE('',#6007,#6009,#4366,.T.);
#10620=ADVANCED_FACE('',(#10619),#10611,.T.);
#10633=EDGE_CURVE('',#5548,#5549,#3709,.T.);
#10635=EDGE_CURVE('',#5549,#5552,#3716,.T.);
#10641=ADVANCED_FACE('',(#10640),#10632,.F.);
#10655=EDGE_CURVE('',#5544,#5742,#3794,.T.);
#10657=EDGE_CURVE('',#5540,#5544,#4337,.T.);
#10659=EDGE_CURVE('',#5540,#5897,#3859,.T.);
#10661=EDGE_CURVE('',#5901,#5897,#4278,.T.);
#10663=EDGE_CURVE('',#5881,#5901,#3738,.T.);
#10665=EDGE_CURVE('',#5880,#5881,#3745,.T.);
#10667=EDGE_CURVE('',#5891,#5880,#3752,.T.);
#10669=EDGE_CURVE('',#5888,#5891,#4307,.T.);
#10671=EDGE_CURVE('',#5549,#5888,#3759,.T.);
#10677=ADVANCED_FACE('',(#10676),#10653,.T.);
#10693=EDGE_CURVE('',#5933,#5956,#4359,.T.);
#10697=ADVANCED_FACE('',(#10696),#10689,.T.);
#10712=EDGE_CURVE('',#5536,#5537,#3830,.T.);
#10717=ADVANCED_FACE('',(#10716),#10709,.F.);
#10737=EDGE_CURVE('',#5544,#5545,#4344,.T.);
#10742=ADVANCED_FACE('',(#10741),#10734,.F.);
#10760=EDGE_CURVE('',#5745,#5733,#3801,.T.);
#10763=EDGE_CURVE('',#5737,#5747,#3808,.T.);
#10765=EDGE_CURVE('',#5745,#5747,#4062,.T.);
#10769=ADVANCED_FACE('',(#10768),#10759,.F.);
#10787=EDGE_CURVE('',#5532,#5533,#3815,.T.);
#10794=ADVANCED_FACE('',(#10793),#10786,.T.);
#10812=EDGE_CURVE('',#5780,#5781,#3866,.T.);
#10814=EDGE_CURVE('',#5795,#5781,#3845,.T.);
#10816=EDGE_CURVE('',#5795,#5797,#4047,.T.);
#10818=EDGE_CURVE('',#5797,#5780,#3938,.T.);
#10822=ADVANCED_FACE('',(#10821),#10811,.F.);
#10840=EDGE_CURVE('',#5788,#5789,#4151,.T.);
#10847=ADVANCED_FACE('',(#10846),#10839,.F.);
#10865=EDGE_CURVE('',#5896,#5897,#4255,.T.);
#10868=EDGE_CURVE('',#5540,#5541,#4329,.T.);
#10873=ADVANCED_FACE('',(#10872),#10864,.F.);
#10892=EDGE_CURVE('',#5780,#5784,#3874,.T.);
#10894=EDGE_CURVE('',#5784,#5785,#3881,.T.);
#10896=EDGE_CURVE('',#5785,#5781,#3889,.T.);
#10900=ADVANCED_FACE('',(#10899),#10890,.F.);
#10919=EDGE_CURVE('',#6001,#5632,#3896,.T.);
#10921=EDGE_CURVE('',#6001,#6005,#3987,.T.);
#10923=EDGE_CURVE('',#5633,#6005,#3903,.T.);
#10927=ADVANCED_FACE('',(#10926),#10917,.T.);
#10942=EDGE_CURVE('',#5529,#5525,#4144,.T.);
#10944=EDGE_CURVE('',#5529,#5809,#3910,.T.);
#10946=EDGE_CURVE('',#5813,#5809,#4114,.T.);
#10948=EDGE_CURVE('',#5813,#5512,#3917,.T.);
#10950=EDGE_CURVE('',#5512,#5513,#3924,.T.);
#10952=EDGE_CURVE('',#5513,#5784,#3931,.T.);
#10956=EDGE_CURVE('',#5747,#5797,#4070,.T.);
#10961=ADVANCED_FACE('',(#10960),#10939,.T.);
#10975=EDGE_CURVE('',#5964,#5628,#3945,.T.);
#10977=EDGE_CURVE('',#5964,#5965,#4033,.T.);
#10980=EDGE_CURVE('',#6001,#6099,#3995,.T.);
#10985=ADVANCED_FACE('',(#10984),#10973,.T.);
#10999=EDGE_CURVE('',#5961,#5629,#3952,.T.);
#11001=EDGE_CURVE('',#5961,#5964,#4040,.T.);
#11006=ADVANCED_FACE('',(#11005),#10997,.T.);
#11021=EDGE_CURVE('',#5795,#5745,#4055,.T.);
#11025=EDGE_CURVE('',#5509,#5785,#3959,.T.);
#11027=EDGE_CURVE('',#5508,#5509,#3966,.T.);
#11029=EDGE_CURVE('',#5811,#5508,#3973,.T.);
#11031=EDGE_CURVE('',#5808,#5811,#4099,.T.);
#11033=EDGE_CURVE('',#5528,#5808,#3980,.T.);
#11035=EDGE_CURVE('',#5524,#5528,#4129,.T.);
#11040=ADVANCED_FACE('',(#11039),#11018,.T.);
#11055=EDGE_CURVE('',#6101,#6005,#4010,.T.);
#11058=EDGE_CURVE('',#5960,#5961,#4018,.T.);
#11063=ADVANCED_FACE('',(#11062),#11052,.T.);
#11082=ADVANCED_FACE('',(#11081),#11075,.T.);
#11106=ADVANCED_FACE('',(#11105),#11099,.T.);
#11125=ADVANCED_FACE('',(#11124),#11118,.T.);
#11145=EDGE_CURVE('',#5509,#5513,#4077,.T.);
#11150=ADVANCED_FACE('',(#11149),#11142,.T.);
#11171=EDGE_CURVE('',#5508,#5512,#4084,.T.);
#11175=ADVANCED_FACE('',(#11174),#11167,.T.);
#11188=EDGE_CURVE('',#5811,#5813,#4106,.T.);
#11195=ADVANCED_FACE('',(#11194),#11187,.T.);
#11208=EDGE_CURVE('',#5808,#5809,#4091,.T.);
#11215=ADVANCED_FACE('',(#11214),#11207,.T.);
#11230=EDGE_CURVE('',#5528,#5529,#4136,.T.);
#11235=ADVANCED_FACE('',(#11234),#11227,.T.);
#11254=ADVANCED_FACE('',(#11253),#11247,.F.);
#11269=EDGE_CURVE('',#5792,#5793,#4166,.T.);
#11274=ADVANCED_FACE('',(#11273),#11266,.F.);
#11289=EDGE_CURVE('',#5501,#5505,#4181,.T.);
#11294=ADVANCED_FACE('',(#11293),#11286,.T.);
#11315=EDGE_CURVE('',#5500,#5504,#4188,.T.);
#11319=ADVANCED_FACE('',(#11318),#11311,.T.);
#11332=EDGE_CURVE('',#5803,#5805,#4210,.T.);
#11339=ADVANCED_FACE('',(#11338),#11331,.T.);
#11352=EDGE_CURVE('',#5800,#5801,#4195,.T.);
#11359=ADVANCED_FACE('',(#11358),#11351,.T.);
#11374=EDGE_CURVE('',#5520,#5521,#4240,.T.);
#11379=ADVANCED_FACE('',(#11378),#11371,.T.);
#11398=ADVANCED_FACE('',(#11397),#11391,.F.);
#11413=EDGE_CURVE('',#5900,#5901,#4270,.T.);
#11418=ADVANCED_FACE('',(#11417),#11410,.F.);
#11438=EDGE_CURVE('',#5881,#5885,#4285,.T.);
#11443=ADVANCED_FACE('',(#11442),#11435,.T.);
#11464=EDGE_CURVE('',#5880,#5884,#4292,.T.);
#11468=ADVANCED_FACE('',(#11467),#11460,.T.);
#11481=EDGE_CURVE('',#5891,#5893,#4314,.T.);
#11488=ADVANCED_FACE('',(#11487),#11480,.T.);
#11501=EDGE_CURVE('',#5888,#5889,#4299,.T.);
#11508=ADVANCED_FACE('',(#11507),#11500,.T.);
#11527=ADVANCED_FACE('',(#11526),#11520,.T.);
#11546=ADVANCED_FACE('',(#11545),#11539,.T.);
#11568=EDGE_CURVE('',#6007,#6095,#4374,.T.);
#11573=ADVANCED_FACE('',(#11572),#11563,.T.);
#11592=ADVANCED_FACE('',(#11591),#11585,.T.);
#11610=EDGE_CURVE('',#6143,#6144,#4396,.T.);
#11613=EDGE_CURVE('',#6147,#6148,#4414,.T.);
#11618=ADVANCED_FACE('',(#11617),#11609,.T.);
#11626=EDGE_CURVE('',#6151,#6152,#4432,.T.);
#11631=ADVANCED_FACE('',(#11630),#11623,.F.);
#11639=EDGE_CURVE('',#6153,#6155,#4450,.T.);
#11644=ADVANCED_FACE('',(#11643),#11636,.T.);
#11650=EDGE_CURVE('',#6203,#6204,#4482,.T.);
#11653=EDGE_CURVE('',#6210,#6211,#4562,.T.);
#11658=EDGE_CURVE('',#6184,#6185,#4659,.T.);
#11663=ADVANCED_FACE('',(#11662),#11649,.T.);
#11671=EDGE_CURVE('',#6205,#6207,#4500,.T.);
#11676=ADVANCED_FACE('',(#11675),#11668,.T.);
#11682=EDGE_CURVE('',#6196,#6197,#4518,.T.);
#11689=ADVANCED_FACE('',(#11688),#11681,.T.);
#11697=EDGE_CURVE('',#6198,#6200,#4533,.T.);
#11702=ADVANCED_FACE('',(#11701),#11694,.T.);
#11714=ADVANCED_FACE('',(#11713),#11707,.F.);
#11722=EDGE_CURVE('',#6214,#6215,#4580,.T.);
#11727=ADVANCED_FACE('',(#11726),#11719,.T.);
#11735=EDGE_CURVE('',#6220,#6222,#4623,.T.);
#11740=ADVANCED_FACE('',(#11739),#11732,.T.);
#11752=ADVANCED_FACE('',(#11751),#11745,.T.);
#11758=EDGE_CURVE('',#6180,#6181,#4641,.T.);
#11765=ADVANCED_FACE('',(#11764),#11757,.T.);
#11771=EDGE_CURVE('',#6173,#6174,#4677,.T.);
#11778=ADVANCED_FACE('',(#11777),#11770,.F.);
#11786=EDGE_CURVE('',#6175,#6177,#4695,.T.);
#11791=ADVANCED_FACE('',(#11790),#11783,.T.);
#11797=EDGE_CURVE('',#6225,#6226,#4757,.T.);
#11802=EDGE_CURVE('',#6085,#6081,#4720,.T.);
#11807=ADVANCED_FACE('',(#11806),#11796,.T.);
#11813=EDGE_CURVE('',#6237,#6238,#4809,.T.);
#11816=EDGE_CURVE('',#6083,#6076,#4727,.T.);
#11823=ADVANCED_FACE('',(#11822),#11812,.T.);
#11835=ADVANCED_FACE('',(#11834),#11828,.F.);
#11842=EDGE_CURVE('',#6079,#6073,#4773,.T.);
#11848=ADVANCED_FACE('',(#11847),#11840,.F.);
#11855=EDGE_CURVE('',#6077,#6072,#4780,.T.);
#11861=ADVANCED_FACE('',(#11860),#11853,.F.);
#11873=ADVANCED_FACE('',(#11872),#11866,.F.);
#11879=EDGE_CURVE('',#6254,#6245,#4787,.T.);
#11886=ADVANCED_FACE('',(#11885),#11878,.F.);
#11895=EDGE_CURVE('',#6246,#6253,#4839,.T.);
#11899=ADVANCED_FACE('',(#11898),#11891,.F.);
#11911=ADVANCED_FACE('',(#11910),#11904,.F.);
#11945=EDGE_CURVE('',#5654,#5655,#4900,.T.);
#11948=EDGE_CURVE('',#5492,#5675,#4881,.T.);
#11953=ADVANCED_FACE('',(#11952),#11944,.F.);
#12028=EDGE_CURVE('',#5655,#5657,#4942,.T.);
#12031=EDGE_CURVE('',#5654,#5656,#4927,.T.);
#12035=ADVANCED_FACE('',(#12034),#12026,.T.);
#12041=EDGE_CURVE('',#6311,#6309,#4988,.T.);
#12048=ADVANCED_FACE('',(#12047),#12040,.T.);
#12054=EDGE_CURVE('',#6329,#6326,#5242,.T.);
#12057=EDGE_CURVE('',#5665,#5667,#4964,.T.);
#12062=ADVANCED_FACE('',(#12061),#12053,.T.);
#12131=EDGE_CURVE('',#6311,#6312,#5013,.T.);
#12135=ADVANCED_FACE('',(#12134),#12127,.T.);
#12144=EDGE_CURVE('',#6314,#6316,#5035,.T.);
#12148=ADVANCED_FACE('',(#12147),#12140,.T.);
#12220=EDGE_CURVE('',#6318,#6316,#5075,.T.);
#12222=EDGE_CURVE('',#6317,#6318,#5083,.T.);
#12226=ADVANCED_FACE('',(#12225),#12217,.T.);
#12235=EDGE_CURVE('',#6270,#6318,#5108,.T.);
#12239=ADVANCED_FACE('',(#12238),#12231,.F.);
#12245=EDGE_CURVE('',#6322,#6318,#5122,.T.);
#12249=EDGE_CURVE('',#6269,#6322,#5185,.T.);
#12253=ADVANCED_FACE('',(#12252),#12244,.F.);
#12262=EDGE_CURVE('',#6320,#6322,#5130,.T.);
#12266=ADVANCED_FACE('',(#12265),#12258,.T.);
#12338=EDGE_CURVE('',#6324,#6322,#5170,.T.);
#12340=EDGE_CURVE('',#6323,#6324,#5178,.T.);
#12344=ADVANCED_FACE('',(#12343),#12335,.T.);
#12353=EDGE_CURVE('',#6266,#6324,#5203,.T.);
#12357=ADVANCED_FACE('',(#12356),#12349,.F.);
#12363=EDGE_CURVE('',#6328,#6324,#5217,.T.);
#12368=EDGE_CURVE('',#6334,#6330,#5281,.T.);
#12370=EDGE_CURVE('',#6330,#6328,#5259,.T.);
#12374=ADVANCED_FACE('',(#12373),#12362,.F.);
#12383=EDGE_CURVE('',#6326,#6328,#5225,.T.);
#12387=ADVANCED_FACE('',(#12386),#12379,.T.);
#12456=EDGE_CURVE('',#6329,#6330,#5267,.T.);
#12460=ADVANCED_FACE('',(#12459),#12452,.T.);
#12472=ADVANCED_FACE('',(#12471),#12465,.T.);
#12546=EDGE_CURVE('',#5664,#5665,#5309,.T.);
#12553=ADVANCED_FACE('',(#12552),#12545,.T.);
#12589=EDGE_CURVE('',#5493,#5679,#5346,.T.);
#12594=ADVANCED_FACE('',(#12593),#12586,.T.);
#12631=EDGE_CURVE('',#5493,#6102,#5377,.T.);
#12635=ADVANCED_FACE('',(#12634),#12627,.T.);
#12644=EDGE_CURVE('',#5492,#6086,#5384,.T.);
#12648=ADVANCED_FACE('',(#12647),#12640,.T.);
#12688=ADVANCED_FACE('',(#12687),#12681,.F.);
#12697=EDGE_CURVE('',#5659,#5661,#5423,.T.);
#12701=ADVANCED_FACE('',(#12700),#12693,.T.);
#12775=EDGE_CURVE('',#5662,#5659,#5442,.T.);
#12782=ADVANCED_FACE('',(#12781),#12774,.T.);
#12822=ADVANCED_FACE('',(#12821),#12815,.T.);
#12929=EDGE_CURVE('',#12910,#12911,#12827,.T.);
#12931=EDGE_CURVE('',#12913,#12910,#12834,.T.);
#12933=EDGE_CURVE('',#12915,#12913,#12841,.T.);
#12935=EDGE_CURVE('',#12911,#12915,#12848,.T.);
#12939=ADVANCED_FACE('',(#12938),#12928,.F.);
#12946=EDGE_CURVE('',#12919,#12911,#12855,.T.);
#12948=EDGE_CURVE('',#12918,#12919,#12883,.T.);
#12950=EDGE_CURVE('',#12918,#12910,#12876,.T.);
#12954=ADVANCED_FACE('',(#12953),#12944,.T.);
#12961=EDGE_CURVE('',#12923,#12915,#12862,.T.);
#12963=EDGE_CURVE('',#12919,#12923,#12890,.T.);
#12968=ADVANCED_FACE('',(#12967),#12959,.T.);
#12975=EDGE_CURVE('',#12921,#12913,#12869,.T.);
#12977=EDGE_CURVE('',#12923,#12921,#12897,.T.);
#12982=ADVANCED_FACE('',(#12981),#12973,.T.);
#12990=EDGE_CURVE('',#12921,#12918,#12904,.T.);
#12995=ADVANCED_FACE('',(#12994),#12987,.T.);
#13007=ADVANCED_FACE('',(#13006),#13000,.T.);
#13120=B_SPLINE_CURVE_WITH_KNOTS('',3,(#13114,#13115,#13116,#13117,#13118,
#13119),.UNSPECIFIED.,.F.,.F.,(4,1,1,4),(0.E0,3.333333333333E-1,
6.666666666667E-1,1.E0),.UNSPECIFIED.);
#13151=B_SPLINE_CURVE_WITH_KNOTS('',3,(#13145,#13146,#13147,#13148,#13149,
#13150),.UNSPECIFIED.,.F.,.F.,(4,1,1,4),(0.E0,3.333333333333E-1,
6.666666666667E-1,1.E0),.UNSPECIFIED.);
#13300=EDGE_CURVE('',#13270,#13272,#13019,.T.);
#13302=EDGE_CURVE('',#13270,#13258,#13026,.T.);
#13304=EDGE_CURVE('',#13257,#13258,#13033,.T.);
#13306=EDGE_CURVE('',#13257,#13262,#13040,.T.);
#13308=EDGE_CURVE('',#13262,#13288,#13047,.T.);
#13310=EDGE_CURVE('',#13288,#13282,#13054,.T.);
#13312=EDGE_CURVE('',#13282,#13274,#13061,.T.);
#13314=EDGE_CURVE('',#13274,#13272,#13068,.T.);
#13318=ADVANCED_FACE('',(#13317),#13299,.F.);
#13325=EDGE_CURVE('',#13272,#13286,#13075,.T.);
#13327=EDGE_CURVE('',#13286,#13276,#13082,.T.);
#13329=EDGE_CURVE('',#13268,#13276,#13172,.T.);
#13331=EDGE_CURVE('',#13267,#13268,#13242,.T.);
#13333=EDGE_CURVE('',#13270,#13267,#13235,.T.);
#13337=ADVANCED_FACE('',(#13336),#13323,.F.);
#13344=EDGE_CURVE('',#13274,#13280,#13089,.T.);
#13346=EDGE_CURVE('',#13286,#13280,#13214,.T.);
#13351=ADVANCED_FACE('',(#13350),#13342,.F.);
#13359=EDGE_CURVE('',#13282,#13294,#13103,.T.);
#13361=EDGE_CURVE('',#13294,#13292,#13151,.T.);
#13363=EDGE_CURVE('',#13292,#13284,#13165,.T.);
#13365=EDGE_CURVE('',#13278,#13284,#13186,.T.);
#13367=EDGE_CURVE('',#13278,#13280,#13096,.T.);
#13371=ADVANCED_FACE('',(#13370),#13356,.T.);
#13379=EDGE_CURVE('',#13288,#13253,#13127,.T.);
#13381=EDGE_CURVE('',#13253,#13294,#13110,.T.);
#13385=ADVANCED_FACE('',(#13384),#13376,.F.);
#13391=EDGE_CURVE('',#13253,#13254,#13120,.T.);
#13395=EDGE_CURVE('',#13262,#13290,#13134,.T.);
#13397=EDGE_CURVE('',#13290,#13254,#13141,.T.);
#13401=ADVANCED_FACE('',(#13400),#13390,.T.);
#13438=EDGE_CURVE('',#13254,#13292,#13158,.T.);
#13442=ADVANCED_FACE('',(#13441),#13434,.F.);
#13451=EDGE_CURVE('',#13284,#13290,#13193,.T.);
#13455=ADVANCED_FACE('',(#13454),#13447,.F.);
#13462=EDGE_CURVE('',#13278,#13276,#13179,.T.);
#13468=EDGE_CURVE('',#13257,#13260,#13200,.T.);
#13470=EDGE_CURVE('',#13268,#13260,#13207,.T.);
#13474=ADVANCED_FACE('',(#13473),#13460,.T.);
#13486=ADVANCED_FACE('',(#13485),#13479,.F.);
#13493=EDGE_CURVE('',#13258,#13264,#13221,.T.);
#13495=EDGE_CURVE('',#13264,#13260,#13228,.T.);
#13500=ADVANCED_FACE('',(#13499),#13491,.F.);
#13507=EDGE_CURVE('',#13264,#13267,#13249,.T.);
#13513=ADVANCED_FACE('',(#13512),#13505,.F.);
#13525=ADVANCED_FACE('',(#13524),#13518,.F.);
#13546=(LENGTH_UNIT()NAMED_UNIT(*)SI_UNIT(.MILLI.,.METRE.));
#13547=(NAMED_UNIT(*)PLANE_ANGLE_UNIT()SI_UNIT($,.RADIAN.));
#13550=(NAMED_UNIT(*)SI_UNIT($,.STERADIAN.)SOLID_ANGLE_UNIT());
#13552=(GEOMETRIC_REPRESENTATION_CONTEXT(3)GLOBAL_UNCERTAINTY_ASSIGNED_CONTEXT((
#13551))GLOBAL_UNIT_ASSIGNED_CONTEXT((#13546,#13549,#13550))REPRESENTATION_CONTEXT('ID1','3'));
#13556=AXIS2_PLACEMENT_3D('',#13553,#13554,#13555);
#13557=ADVANCED_BREP_SHAPE_REPRESENTATION('',(#13556,#13533),#13552);
#13561=AXIS2_PLACEMENT_3D('',#13558,#13559,#13560);
#13562=MANIFOLD_SURFACE_SHAPE_REPRESENTATION('',(#13561,#13541),#13552);
#13566=AXIS2_PLACEMENT_3D('',#13563,#13564,#13565);
#13567=SHAPE_REPRESENTATION('',(#13566),#13552);
#13576=PRODUCT_DEFINITION('part definition','',#13575,#13572);
#13577=PRODUCT_DEFINITION_SHAPE('','SHAPE FOR BOTTOM-CAB.',#13576);
#13578=SHAPE_ASPECT('','solid data associated with BOTTOM-CAB',#13577,.F.);
#13579=PROPERTY_DEFINITION('',
'shape for solid data with which properties are associated',#13578);
#13580=SHAPE_REPRESENTATION('',(#13533),#13552);
#13581=SHAPE_DEFINITION_REPRESENTATION(#13579,#13580);
#13582=(LENGTH_UNIT()NAMED_UNIT(*)SI_UNIT(.MILLI.,.METRE.));
#13586=PROPERTY_DEFINITION('geometric validation property','area of BOTTOM-CAB',
#13578);
#13587=REPRESENTATION('surface area',(#13585),#13552);
#13588=PROPERTY_DEFINITION_REPRESENTATION(#13586,#13587);
#13589=(LENGTH_UNIT()NAMED_UNIT(*)SI_UNIT(.MILLI.,.METRE.));
#13593=PROPERTY_DEFINITION('geometric validation property',
'volume of BOTTOM-CAB',#13578);
#13594=REPRESENTATION('volume',(#13592),#13552);
#13595=PROPERTY_DEFINITION_REPRESENTATION(#13593,#13594);
#13597=PROPERTY_DEFINITION('geometric validation property',
'centroid of BOTTOM-CAB',#13578);
#13598=REPRESENTATION('centroid',(#13596),#13552);
#13599=PROPERTY_DEFINITION_REPRESENTATION(#13597,#13598);
#13600=SHAPE_ASPECT('','surface data associated with BOTTOM-CAB',#13577,.F.);
#13601=PROPERTY_DEFINITION('',
'shape for surface data with which properties are associated',#13600);
#13602=SHAPE_REPRESENTATION('',(#13541),#13552);
#13603=SHAPE_DEFINITION_REPRESENTATION(#13601,#13602);
#13604=(LENGTH_UNIT()NAMED_UNIT(*)SI_UNIT(.MILLI.,.METRE.));
#13608=PROPERTY_DEFINITION('geometric validation property','area of BOTTOM-CAB',
#13600);
#13609=REPRESENTATION('surface area',(#13607),#13552);
#13610=PROPERTY_DEFINITION_REPRESENTATION(#13608,#13609);
#13611=(LENGTH_UNIT()NAMED_UNIT(*)SI_UNIT(.MILLI.,.METRE.));
#13615=PROPERTY_DEFINITION('geometric validation property','area of BOTTOM-CAB',
#13577);
#13616=REPRESENTATION('surface area',(#13614),#13552);
#13617=PROPERTY_DEFINITION_REPRESENTATION(#13615,#13616);
#13618=(LENGTH_UNIT()NAMED_UNIT(*)SI_UNIT(.MILLI.,.METRE.));
#13622=PROPERTY_DEFINITION('geometric validation property',
'volume of BOTTOM-CAB',#13577);
#13623=REPRESENTATION('volume',(#13621),#13552);
#13624=PROPERTY_DEFINITION_REPRESENTATION(#13622,#13623);
#13626=PROPERTY_DEFINITION('geometric validation property',
'centroid of BOTTOM-CAB',#13577);
#13627=REPRESENTATION('centroid',(#13625),#13552);
#13628=PROPERTY_DEFINITION_REPRESENTATION(#13626,#13627);
#13629=SHAPE_DEFINITION_REPRESENTATION(#13577,#13567);
#13630=PROPERTY_DEFINITION('DESCRIPTION','user defined attribute',#13576);
#13634=REPRESENTATION('',(#13633),#13552);
#13635=PROPERTY_DEFINITION_REPRESENTATION(#13630,#13634);
#13636=PROPERTY_DEFINITION('MODELED_BY','user defined attribute',#13576);
#13640=REPRESENTATION('',(#13639),#13552);
#13641=PROPERTY_DEFINITION_REPRESENTATION(#13636,#13640);
#13642=SHAPE_DEFINITION_REPRESENTATION(#13643,#13644);
#13643=PRODUCT_DEFINITION_SHAPE('','SHAPE FOR 00-ASSY_ASM.',#16201);
#13644=SHAPE_REPRESENTATION('',(#13654,#16181,#16195),#16191);
#13645=NEXT_ASSEMBLY_USAGE_OCCURRENCE('0','Next assembly relationship',
'BOTTOM-CAB',#16201,#13576,$);
#13646=PRODUCT_DEFINITION_SHAPE('Placement #0',
'Placement of BOTTOM-CAB with respect to 00-ASSY_ASM',#13645);
#13648=PROPERTY_DEFINITION('geometric validation property',
'centroid of BOTTOM-CAB',#13646);
#13649=REPRESENTATION('centroid',(#13647),#13552);
#13650=PROPERTY_DEFINITION_REPRESENTATION(#13648,#13649);
#13658=COLOUR_RGB('',3.6E-1,3.6E-1,3.6E-1);
#13751=B_SPLINE_CURVE_WITH_KNOTS('',3,(#13744,#13745,#13746,#13747,#13748,
#13749,#13750),.UNSPECIFIED.,.F.,.F.,(4,1,1,1,4),(0.E0,2.5E-1,5.E-1,7.5E-1,
1.E0),.UNSPECIFIED.);
#13759=CIRCLE('',#13758,1.E0);
#13767=CIRCLE('',#13766,1.015722333785E0);
#13778=B_SPLINE_CURVE_WITH_KNOTS('',3,(#13771,#13772,#13773,#13774,#13775,
#13776,#13777),.UNSPECIFIED.,.F.,.F.,(4,1,1,1,4),(0.E0,2.5E-1,5.E-1,7.5E-1,
1.E0),.UNSPECIFIED.);
#13800=CIRCLE('',#13799,2.5E-1);
#13825=B_SPLINE_CURVE_WITH_KNOTS('',3,(#13811,#13812,#13813,#13814,#13815,
#13816,#13817,#13818,#13819,#13820,#13821,#13822,#13823,#13824),.UNSPECIFIED.,
.F.,.F.,(4,1,1,1,1,1,1,1,1,1,1,4),(0.E0,9.090909090909E-2,1.818181818182E-1,
2.727272727273E-1,3.636363636364E-1,4.545454545455E-1,5.454545454545E-1,
6.363636363636E-1,7.272727272727E-1,8.181818181818E-1,9.090909090909E-1,1.E0),
.UNSPECIFIED.);
#13833=CIRCLE('',#13832,2.5E-1);
#13851=B_SPLINE_CURVE_WITH_KNOTS('',3,(#13837,#13838,#13839,#13840,#13841,
#13842,#13843,#13844,#13845,#13846,#13847,#13848,#13849,#13850),.UNSPECIFIED.,
.F.,.F.,(4,1,1,1,1,1,1,1,1,1,1,4),(0.E0,9.090909090909E-2,1.818181818182E-1,
2.727272727273E-1,3.636363636364E-1,4.545454545455E-1,5.454545454545E-1,
6.363636363636E-1,7.272727272727E-1,8.181818181818E-1,9.090909090909E-1,1.E0),
.UNSPECIFIED.);
#13866=CIRCLE('',#13865,2.5E-1);
#13891=B_SPLINE_CURVE_WITH_KNOTS('',3,(#13877,#13878,#13879,#13880,#13881,
#13882,#13883,#13884,#13885,#13886,#13887,#13888,#13889,#13890),.UNSPECIFIED.,
.F.,.F.,(4,1,1,1,1,1,1,1,1,1,1,4),(0.E0,9.090909090909E-2,1.818181818182E-1,
2.727272727273E-1,3.636363636364E-1,4.545454545455E-1,5.454545454545E-1,
6.363636363636E-1,7.272727272727E-1,8.181818181818E-1,9.090909090909E-1,1.E0),
.UNSPECIFIED.);
#13899=CIRCLE('',#13898,2.5E-1);
#13917=B_SPLINE_CURVE_WITH_KNOTS('',3,(#13903,#13904,#13905,#13906,#13907,
#13908,#13909,#13910,#13911,#13912,#13913,#13914,#13915,#13916),.UNSPECIFIED.,
.F.,.F.,(4,1,1,1,1,1,1,1,1,1,1,4),(0.E0,9.090909090909E-2,1.818181818182E-1,
2.727272727273E-1,3.636363636364E-1,4.545454545455E-1,5.454545454545E-1,
6.363636363636E-1,7.272727272727E-1,8.181818181818E-1,9.090909090909E-1,1.E0),
.UNSPECIFIED.);
#13934=B_SPLINE_CURVE_WITH_KNOTS('',3,(#13928,#13929,#13930,#13931,#13932,
#13933),.UNSPECIFIED.,.F.,.F.,(4,1,1,4),(0.E0,3.333333333333E-1,
6.666666666667E-1,1.E0),.UNSPECIFIED.);
#13965=B_SPLINE_CURVE_WITH_KNOTS('',3,(#13959,#13960,#13961,#13962,#13963,
#13964),.UNSPECIFIED.,.F.,.F.,(4,1,1,4),(0.E0,3.333333333333E-1,
6.666666666667E-1,1.E0),.UNSPECIFIED.);
#13987=CIRCLE('',#13986,2.5E-1);
#14012=B_SPLINE_CURVE_WITH_KNOTS('',3,(#13998,#13999,#14000,#14001,#14002,
#14003,#14004,#14005,#14006,#14007,#14008,#14009,#14010,#14011),.UNSPECIFIED.,
.F.,.F.,(4,1,1,1,1,1,1,1,1,1,1,4),(0.E0,9.090909090909E-2,1.818181818182E-1,
2.727272727273E-1,3.636363636364E-1,4.545454545455E-1,5.454545454545E-1,
6.363636363636E-1,7.272727272727E-1,8.181818181818E-1,9.090909090909E-1,1.E0),
.UNSPECIFIED.);
#14030=B_SPLINE_CURVE_WITH_KNOTS('',3,(#14016,#14017,#14018,#14019,#14020,
#14021,#14022,#14023,#14024,#14025,#14026,#14027,#14028,#14029),.UNSPECIFIED.,
.F.,.F.,(4,1,1,1,1,1,1,1,1,1,1,4),(0.E0,9.090909090909E-2,1.818181818182E-1,
2.727272727273E-1,3.636363636364E-1,4.545454545455E-1,5.454545454545E-1,
6.363636363636E-1,7.272727272727E-1,8.181818181818E-1,9.090909090909E-1,1.E0),
.UNSPECIFIED.);
#14038=CIRCLE('',#14037,2.5E-1);
#14055=B_SPLINE_CURVE_WITH_KNOTS('',3,(#14049,#14050,#14051,#14052,#14053,
#14054),.UNSPECIFIED.,.F.,.F.,(4,1,1,4),(0.E0,3.333333333333E-1,
6.666666666667E-1,1.E0),.UNSPECIFIED.);
#14098=CIRCLE('',#14097,2.5E-1);
#14116=B_SPLINE_CURVE_WITH_KNOTS('',3,(#14102,#14103,#14104,#14105,#14106,
#14107,#14108,#14109,#14110,#14111,#14112,#14113,#14114,#14115),.UNSPECIFIED.,
.F.,.F.,(4,1,1,1,1,1,1,1,1,1,1,4),(0.E0,9.090909090909E-2,1.818181818182E-1,
2.727272727273E-1,3.636363636364E-1,4.545454545455E-1,5.454545454545E-1,
6.363636363636E-1,7.272727272727E-1,8.181818181818E-1,9.090909090909E-1,1.E0),
.UNSPECIFIED.);
#14134=B_SPLINE_CURVE_WITH_KNOTS('',3,(#14120,#14121,#14122,#14123,#14124,
#14125,#14126,#14127,#14128,#14129,#14130,#14131,#14132,#14133),.UNSPECIFIED.,
.F.,.F.,(4,1,1,1,1,1,1,1,1,1,1,4),(0.E0,9.090909090909E-2,1.818181818182E-1,
2.727272727273E-1,3.636363636364E-1,4.545454545455E-1,5.454545454545E-1,
6.363636363636E-1,7.272727272727E-1,8.181818181818E-1,9.090909090909E-1,1.E0),
.UNSPECIFIED.);
#14142=CIRCLE('',#14141,2.5E-1);
#14152=B_SPLINE_CURVE_WITH_KNOTS('',3,(#14146,#14147,#14148,#14149,#14150,
#14151),.UNSPECIFIED.,.F.,.F.,(4,1,1,4),(0.E0,3.333333333333E-1,
6.666666666667E-1,1.E0),.UNSPECIFIED.);
#14181=CIRCLE('',#14180,2.E-1);
#14196=CIRCLE('',#14195,2.E-1);
#14204=CIRCLE('',#14203,2.E-1);
#14222=B_SPLINE_CURVE_WITH_KNOTS('',3,(#14215,#14216,#14217,#14218,#14219,
#14220,#14221),.UNSPECIFIED.,.F.,.F.,(4,1,1,1,4),(0.E0,2.5E-1,5.E-1,7.5E-1,
1.E0),.UNSPECIFIED.);
#14251=CIRCLE('',#14250,2.E-1);
#14266=CIRCLE('',#14265,2.E-1);
#14298=B_SPLINE_CURVE_WITH_KNOTS('',3,(#14291,#14292,#14293,#14294,#14295,
#14296,#14297),.UNSPECIFIED.,.F.,.F.,(4,1,1,1,4),(0.E0,2.5E-1,5.E-1,7.5E-1,
1.E0),.UNSPECIFIED.);
#14316=B_SPLINE_CURVE_WITH_KNOTS('',3,(#14309,#14310,#14311,#14312,#14313,
#14314,#14315),.UNSPECIFIED.,.F.,.F.,(4,1,1,1,4),(0.E0,2.5E-1,5.E-1,7.5E-1,
1.E0),.UNSPECIFIED.);
#14348=B_SPLINE_CURVE_WITH_KNOTS('',3,(#14341,#14342,#14343,#14344,#14345,
#14346,#14347),.UNSPECIFIED.,.F.,.F.,(4,1,1,1,4),(0.E0,2.5E-1,5.E-1,7.5E-1,
1.E0),.UNSPECIFIED.);
#14366=B_SPLINE_CURVE_WITH_KNOTS('',3,(#14359,#14360,#14361,#14362,#14363,
#14364,#14365),.UNSPECIFIED.,.F.,.F.,(4,1,1,1,4),(0.E0,2.5E-1,5.E-1,7.5E-1,
1.E0),.UNSPECIFIED.);
#14398=B_SPLINE_CURVE_WITH_KNOTS('',3,(#14391,#14392,#14393,#14394,#14395,
#14396,#14397),.UNSPECIFIED.,.F.,.F.,(4,1,1,1,4),(0.E0,2.5E-1,5.E-1,7.5E-1,
1.E0),.UNSPECIFIED.);
#14416=B_SPLINE_CURVE_WITH_KNOTS('',3,(#14409,#14410,#14411,#14412,#14413,
#14414,#14415),.UNSPECIFIED.,.F.,.F.,(4,1,1,1,4),(0.E0,2.5E-1,5.E-1,7.5E-1,
1.E0),.UNSPECIFIED.);
#14445=B_SPLINE_CURVE_WITH_KNOTS('',3,(#14441,#14442,#14443,#14444),
.UNSPECIFIED.,.F.,.F.,(4,4),(0.E0,1.E0),.UNSPECIFIED.);
#14460=B_SPLINE_CURVE_WITH_KNOTS('',3,(#14456,#14457,#14458,#14459),
.UNSPECIFIED.,.F.,.F.,(4,4),(0.E0,1.E0),.UNSPECIFIED.);
#14489=B_SPLINE_CURVE_WITH_KNOTS('',3,(#14485,#14486,#14487,#14488),
.UNSPECIFIED.,.F.,.F.,(4,4),(0.E0,1.E0),.UNSPECIFIED.);
#14504=B_SPLINE_CURVE_WITH_KNOTS('',3,(#14500,#14501,#14502,#14503),
.UNSPECIFIED.,.F.,.F.,(4,4),(0.E0,1.E0),.UNSPECIFIED.);
#14519=CIRCLE('',#14518,2.E-1);
#14534=CIRCLE('',#14533,2.E-1);
#14542=CIRCLE('',#14541,2.E-1);
#14557=B_SPLINE_CURVE_WITH_KNOTS('',3,(#14553,#14554,#14555,#14556),
.UNSPECIFIED.,.F.,.F.,(4,4),(0.E0,1.E0),.UNSPECIFIED.);
#14586=B_SPLINE_CURVE_WITH_KNOTS('',3,(#14582,#14583,#14584,#14585),
.UNSPECIFIED.,.F.,.F.,(4,4),(0.E0,1.E0),.UNSPECIFIED.);
#14601=CIRCLE('',#14600,2.E-1);
#14616=CIRCLE('',#14615,2.E-1);
#14631=CIRCLE('',#14630,2.E-1);
#14656=B_SPLINE_CURVE_WITH_KNOTS('',3,(#14649,#14650,#14651,#14652,#14653,
#14654,#14655),.UNSPECIFIED.,.F.,.F.,(4,1,1,1,4),(0.E0,2.5E-1,5.E-1,7.5E-1,
1.E0),.UNSPECIFIED.);
#14671=CIRCLE('',#14670,2.E-1);
#14686=CIRCLE('',#14685,2.E-1);
#14701=CIRCLE('',#14700,2.E-1);
#14726=B_SPLINE_CURVE_WITH_KNOTS('',3,(#14719,#14720,#14721,#14722,#14723,
#14724,#14725),.UNSPECIFIED.,.F.,.F.,(4,1,1,1,4),(0.E0,2.5E-1,5.E-1,7.5E-1,
1.E0),.UNSPECIFIED.);
#14741=CIRCLE('',#14740,2.E-1);
#14885=EDGE_CURVE('',#14771,#14757,#13684,.T.);
#14887=EDGE_CURVE('',#14771,#14768,#13891,.T.);
#14889=EDGE_CURVE('',#14768,#14763,#13858,.T.);
#14891=EDGE_CURVE('',#14763,#14764,#13825,.T.);
#14893=EDGE_CURVE('',#14764,#14872,#13792,.T.);
#14895=EDGE_CURVE('',#14872,#14873,#13663,.T.);
#14897=EDGE_CURVE('',#14863,#14873,#13767,.T.);
#14899=EDGE_CURVE('',#14862,#14863,#13670,.T.);
#14901=EDGE_CURVE('',#14750,#14862,#13994,.T.);
#14903=EDGE_CURVE('',#14749,#14750,#14012,.T.);
#14905=EDGE_CURVE('',#14754,#14749,#14083,.T.);
#14907=EDGE_CURVE('',#14757,#14754,#14116,.T.);
#14911=ADVANCED_FACE('',(#14910),#14884,.T.);
#14917=EDGE_CURVE('',#14758,#14772,#13677,.T.);
#14919=EDGE_CURVE('',#14771,#14772,#13899,.T.);
#14922=EDGE_CURVE('',#14757,#14758,#14142,.T.);
#14926=ADVANCED_FACE('',(#14925),#14916,.T.);
#14932=EDGE_CURVE('',#14748,#14762,#13691,.T.);
#14934=EDGE_CURVE('',#14772,#14762,#13924,.T.);
#14937=EDGE_CURVE('',#14758,#14748,#14159,.T.);
#14941=ADVANCED_FACE('',(#14940),#14931,.T.);
#14947=EDGE_CURVE('',#14760,#14746,#13712,.T.);
#14949=EDGE_CURVE('',#14759,#14760,#13965,.T.);
#14951=EDGE_CURVE('',#14759,#14761,#13948,.T.);
#14953=EDGE_CURVE('',#14761,#14762,#13934,.T.);
#14956=EDGE_CURVE('',#14747,#14748,#14152,.T.);
#14958=EDGE_CURVE('',#14745,#14747,#14069,.T.);
#14960=EDGE_CURVE('',#14745,#14746,#14055,.T.);
#14964=EDGE_CURVE('',#14812,#14813,#14166,.T.);
#14966=EDGE_CURVE('',#14817,#14812,#14726,.T.);
#14968=EDGE_CURVE('',#14816,#14817,#14708,.T.);
#14970=EDGE_CURVE('',#14828,#14816,#14656,.T.);
#14972=EDGE_CURVE('',#14828,#14829,#14638,.T.);
#14974=EDGE_CURVE('',#14821,#14829,#14586,.T.);
#14976=EDGE_CURVE('',#14820,#14821,#14571,.T.);
#14978=EDGE_CURVE('',#14825,#14820,#14557,.T.);
#14980=EDGE_CURVE('',#14824,#14825,#14236,.T.);
#14982=EDGE_CURVE('',#14813,#14824,#14222,.T.);
#14986=ADVANCED_FACE('',(#14963,#14985),#14946,.T.);
#14992=EDGE_CURVE('',#14869,#14879,#13698,.T.);
#14994=EDGE_CURVE('',#14878,#14879,#13705,.T.);
#14996=EDGE_CURVE('',#14766,#14878,#13807,.T.);
#14998=EDGE_CURVE('',#14766,#14760,#13972,.T.);
#15001=EDGE_CURVE('',#14752,#14746,#14045,.T.);
#15003=EDGE_CURVE('',#14752,#14868,#13979,.T.);
#15005=EDGE_CURVE('',#14868,#14869,#13719,.T.);
#15009=ADVANCED_FACE('',(#15008),#14991,.F.);
#15016=EDGE_CURVE('',#14865,#14869,#13726,.T.);
#15018=EDGE_CURVE('',#14875,#14865,#13759,.T.);
#15020=EDGE_CURVE('',#14875,#14879,#13733,.T.);
#15024=ADVANCED_FACE('',(#15023),#15014,.F.);
#15043=EDGE_CURVE('',#14863,#14865,#13740,.T.);
#15047=EDGE_CURVE('',#14862,#14868,#13751,.T.);
#15051=ADVANCED_FACE('',(#15050),#15041,.F.);
#15060=EDGE_CURVE('',#14873,#14875,#13785,.T.);
#15064=ADVANCED_FACE('',(#15063),#15056,.F.);
#15071=EDGE_CURVE('',#14872,#14878,#13778,.T.);
#15078=ADVANCED_FACE('',(#15077),#15069,.T.);
#15086=EDGE_CURVE('',#14764,#14766,#13800,.T.);
#15091=ADVANCED_FACE('',(#15090),#15083,.T.);
#15162=EDGE_CURVE('',#14763,#14765,#13833,.T.);
#15164=EDGE_CURVE('',#14765,#14766,#13851,.T.);
#15169=ADVANCED_FACE('',(#15168),#15160,.T.);
#15176=EDGE_CURVE('',#14768,#14770,#13866,.T.);
#15178=EDGE_CURVE('',#14770,#14765,#13873,.T.);
#15183=ADVANCED_FACE('',(#15182),#15174,.T.);
#15255=EDGE_CURVE('',#14772,#14770,#13917,.T.);
#15260=ADVANCED_FACE('',(#15259),#15252,.T.);
#15297=EDGE_CURVE('',#14770,#14761,#13941,.T.);
#15301=ADVANCED_FACE('',(#15300),#15293,.F.);
#15310=EDGE_CURVE('',#14765,#14759,#13955,.T.);
#15314=ADVANCED_FACE('',(#15313),#15306,.T.);
#15354=ADVANCED_FACE('',(#15353),#15347,.T.);
#15362=EDGE_CURVE('',#14750,#14752,#13987,.T.);
#15367=ADVANCED_FACE('',(#15366),#15359,.T.);
#15439=EDGE_CURVE('',#14751,#14752,#14030,.T.);
#15441=EDGE_CURVE('',#14749,#14751,#14038,.T.);
#15445=ADVANCED_FACE('',(#15444),#15436,.T.);
#15482=EDGE_CURVE('',#14751,#14745,#14062,.T.);
#15486=ADVANCED_FACE('',(#15485),#15478,.F.);
#15492=EDGE_CURVE('',#14756,#14751,#14090,.T.);
#15496=EDGE_CURVE('',#14756,#14747,#14076,.T.);
#15500=ADVANCED_FACE('',(#15499),#15491,.F.);
#15509=EDGE_CURVE('',#14754,#14756,#14098,.T.);
#15513=ADVANCED_FACE('',(#15512),#15505,.T.);
#15585=EDGE_CURVE('',#14758,#14756,#14134,.T.);
#15590=ADVANCED_FACE('',(#15589),#15582,.T.);
#15630=ADVANCED_FACE('',(#15629),#15623,.T.);
#15636=EDGE_CURVE('',#14852,#14853,#14173,.T.);
#15638=EDGE_CURVE('',#14812,#14852,#14733,.T.);
#15641=EDGE_CURVE('',#14853,#14813,#14211,.T.);
#15645=ADVANCED_FACE('',(#15644),#15635,.F.);
#15652=EDGE_CURVE('',#14855,#14853,#14181,.T.);
#15654=EDGE_CURVE('',#14845,#14855,#14188,.T.);
#15656=EDGE_CURVE('',#14845,#14852,#14196,.T.);
#15660=ADVANCED_FACE('',(#15659),#15650,.F.);
#15666=EDGE_CURVE('',#14853,#14858,#14204,.T.);
#15668=EDGE_CURVE('',#14855,#14858,#14251,.T.);
#15673=ADVANCED_FACE('',(#15672),#15665,.F.);
#15682=EDGE_CURVE('',#14858,#14824,#14229,.T.);
#15686=ADVANCED_FACE('',(#15685),#15678,.F.);
#15692=EDGE_CURVE('',#14858,#14859,#14258,.T.);
#15696=EDGE_CURVE('',#14859,#14825,#14549,.T.);
#15700=ADVANCED_FACE('',(#15699),#15691,.F.);
#15706=EDGE_CURVE('',#14855,#14832,#14243,.T.);
#15710=EDGE_CURVE('',#14832,#14859,#14266,.T.);
#15714=ADVANCED_FACE('',(#15713),#15705,.F.);
#15720=EDGE_CURVE('',#14832,#14833,#14511,.T.);
#15722=EDGE_CURVE('',#14833,#14839,#14608,.T.);
#15724=EDGE_CURVE('',#14839,#14845,#14678,.T.);
#15730=EDGE_CURVE('',#14794,#14786,#14273,.T.);
#15732=EDGE_CURVE('',#14782,#14786,#14298,.T.);
#15734=EDGE_CURVE('',#14776,#14782,#14323,.T.);
#15736=EDGE_CURVE('',#14779,#14776,#14366,.T.);
#15738=EDGE_CURVE('',#14808,#14779,#14280,.T.);
#15740=EDGE_CURVE('',#14804,#14808,#14489,.T.);
#15742=EDGE_CURVE('',#14798,#14804,#14467,.T.);
#15744=EDGE_CURVE('',#14801,#14798,#14460,.T.);
#15746=EDGE_CURVE('',#14791,#14801,#14423,.T.);
#15748=EDGE_CURVE('',#14794,#14791,#14416,.T.);
#15752=ADVANCED_FACE('',(#15729,#15751),#15719,.F.);
#15758=EDGE_CURVE('',#14786,#14787,#14305,.T.);
#15761=EDGE_CURVE('',#14792,#14794,#14405,.T.);
#15763=EDGE_CURVE('',#14787,#14792,#14373,.T.);
#15767=ADVANCED_FACE('',(#15766),#15757,.T.);
#15773=EDGE_CURVE('',#14782,#14783,#14287,.T.);
#15777=EDGE_CURVE('',#14787,#14783,#14316,.T.);
#15781=ADVANCED_FACE('',(#15780),#15772,.F.);
#15787=EDGE_CURVE('',#14775,#14776,#14337,.T.);
#15791=EDGE_CURVE('',#14783,#14775,#14330,.T.);
#15795=ADVANCED_FACE('',(#15794),#15786,.T.);
#15802=EDGE_CURVE('',#14775,#14777,#14348,.T.);
#15804=EDGE_CURVE('',#14777,#14779,#14355,.T.);
#15809=ADVANCED_FACE('',(#15808),#15800,.F.);
#15819=EDGE_CURVE('',#14790,#14792,#14398,.T.);
#15821=EDGE_CURVE('',#14799,#14790,#14430,.T.);
#15823=EDGE_CURVE('',#14797,#14799,#14445,.T.);
#15825=EDGE_CURVE('',#14797,#14805,#14474,.T.);
#15827=EDGE_CURVE('',#14809,#14805,#14504,.T.);
#15829=EDGE_CURVE('',#14777,#14809,#14380,.T.);
#15833=ADVANCED_FACE('',(#15832),#15814,.F.);
#15839=EDGE_CURVE('',#14790,#14791,#14387,.T.);
#15846=ADVANCED_FACE('',(#15845),#15838,.F.);
#15854=EDGE_CURVE('',#14799,#14801,#14452,.T.);
#15859=ADVANCED_FACE('',(#15858),#15851,.F.);
#15865=EDGE_CURVE('',#14797,#14798,#14437,.T.);
#15872=ADVANCED_FACE('',(#15871),#15864,.F.);
#15880=EDGE_CURVE('',#14804,#14805,#14481,.T.);
#15885=ADVANCED_FACE('',(#15884),#15877,.F.);
#15893=EDGE_CURVE('',#14808,#14809,#14496,.T.);
#15898=ADVANCED_FACE('',(#15897),#15890,.F.);
#15910=ADVANCED_FACE('',(#15909),#15903,.F.);
#15917=EDGE_CURVE('',#14832,#14836,#14519,.T.);
#15919=EDGE_CURVE('',#14836,#14837,#14526,.T.);
#15921=EDGE_CURVE('',#14833,#14837,#14534,.T.);
#15925=ADVANCED_FACE('',(#15924),#15915,.F.);
#15931=EDGE_CURVE('',#14859,#14836,#14542,.T.);
#15937=ADVANCED_FACE('',(#15936),#15930,.F.);
#15946=EDGE_CURVE('',#14836,#14820,#14564,.T.);
#15950=ADVANCED_FACE('',(#15949),#15942,.F.);
#15959=EDGE_CURVE('',#14821,#14837,#14578,.T.);
#15963=ADVANCED_FACE('',(#15962),#15955,.F.);
#15969=EDGE_CURVE('',#14837,#14842,#14601,.T.);
#15973=EDGE_CURVE('',#14829,#14842,#14593,.T.);
#15977=ADVANCED_FACE('',(#15976),#15968,.F.);
#15984=EDGE_CURVE('',#14833,#14842,#14616,.T.);
#15989=ADVANCED_FACE('',(#15988),#15982,.F.);
#15997=EDGE_CURVE('',#14842,#14843,#14623,.T.);
#15999=EDGE_CURVE('',#14839,#14843,#14631,.T.);
#16003=ADVANCED_FACE('',(#16002),#15994,.F.);
#16012=EDGE_CURVE('',#14843,#14828,#14645,.T.);
#16016=ADVANCED_FACE('',(#16015),#16008,.T.);
#16022=EDGE_CURVE('',#14843,#14848,#14671,.T.);
#16026=EDGE_CURVE('',#14848,#14816,#14663,.T.);
#16030=ADVANCED_FACE('',(#16029),#16021,.F.);
#16037=EDGE_CURVE('',#14839,#14848,#14686,.T.);
#16042=ADVANCED_FACE('',(#16041),#16035,.F.);
#16050=EDGE_CURVE('',#14848,#14849,#14693,.T.);
#16052=EDGE_CURVE('',#14845,#14849,#14701,.T.);
#16056=ADVANCED_FACE('',(#16055),#16047,.F.);
#16065=EDGE_CURVE('',#14817,#14849,#14715,.T.);
#16069=ADVANCED_FACE('',(#16068),#16061,.T.);
#16075=EDGE_CURVE('',#14849,#14852,#14741,.T.);
#16082=ADVANCED_FACE('',(#16081),#16074,.F.);
#16093=ADVANCED_FACE('',(#16092),#16087,.F.);
#16102=(LENGTH_UNIT()NAMED_UNIT(*)SI_UNIT(.MILLI.,.METRE.));
#16103=(NAMED_UNIT(*)PLANE_ANGLE_UNIT()SI_UNIT($,.RADIAN.));
#16106=(NAMED_UNIT(*)SI_UNIT($,.STERADIAN.)SOLID_ANGLE_UNIT());
#16108=(GEOMETRIC_REPRESENTATION_CONTEXT(3)GLOBAL_UNCERTAINTY_ASSIGNED_CONTEXT((
#16107))GLOBAL_UNIT_ASSIGNED_CONTEXT((#16102,#16105,#16106))REPRESENTATION_CONTEXT('ID2','3'));
#16112=AXIS2_PLACEMENT_3D('',#16109,#16110,#16111);
#16113=ADVANCED_BREP_SHAPE_REPRESENTATION('',(#16112,#16095),#16108);
#16117=PRODUCT_DEFINITION('part definition','',#16116,#13572);
#16118=PRODUCT_DEFINITION_SHAPE('','SHAPE FOR TOP-CAB.',#16117);
#16119=SHAPE_ASPECT('','solid data associated with TOP-CAB',#16118,.F.);
#16120=PROPERTY_DEFINITION('',
'shape for solid data with which properties are associated',#16119);
#16121=SHAPE_REPRESENTATION('',(#16095),#16108);
#16122=SHAPE_DEFINITION_REPRESENTATION(#16120,#16121);
#16123=(LENGTH_UNIT()NAMED_UNIT(*)SI_UNIT(.MILLI.,.METRE.));
#16127=PROPERTY_DEFINITION('geometric validation property','area of TOP-CAB',
#16119);
#16128=REPRESENTATION('surface area',(#16126),#16108);
#16129=PROPERTY_DEFINITION_REPRESENTATION(#16127,#16128);
#16130=(LENGTH_UNIT()NAMED_UNIT(*)SI_UNIT(.MILLI.,.METRE.));
#16134=PROPERTY_DEFINITION('geometric validation property','volume of TOP-CAB',
#16119);
#16135=REPRESENTATION('volume',(#16133),#16108);
#16136=PROPERTY_DEFINITION_REPRESENTATION(#16134,#16135);
#16138=PROPERTY_DEFINITION('geometric validation property',
'centroid of TOP-CAB',#16119);
#16139=REPRESENTATION('centroid',(#16137),#16108);
#16140=PROPERTY_DEFINITION_REPRESENTATION(#16138,#16139);
#16141=(LENGTH_UNIT()NAMED_UNIT(*)SI_UNIT(.MILLI.,.METRE.));
#16145=PROPERTY_DEFINITION('geometric validation property','area of TOP-CAB',
#16118);
#16146=REPRESENTATION('surface area',(#16144),#16108);
#16147=PROPERTY_DEFINITION_REPRESENTATION(#16145,#16146);
#16148=(LENGTH_UNIT()NAMED_UNIT(*)SI_UNIT(.MILLI.,.METRE.));
#16152=PROPERTY_DEFINITION('geometric validation property','volume of TOP-CAB',
#16118);
#16153=REPRESENTATION('volume',(#16151),#16108);
#16154=PROPERTY_DEFINITION_REPRESENTATION(#16152,#16153);
#16156=PROPERTY_DEFINITION('geometric validation property',
'centroid of TOP-CAB',#16118);
#16157=REPRESENTATION('centroid',(#16155),#16108);
#16158=PROPERTY_DEFINITION_REPRESENTATION(#16156,#16157);
#16159=SHAPE_DEFINITION_REPRESENTATION(#16118,#16113);
#16160=PROPERTY_DEFINITION('DESCRIPTION','user defined attribute',#16117);
#16164=REPRESENTATION('',(#16163),#16108);
#16165=PROPERTY_DEFINITION_REPRESENTATION(#16160,#16164);
#16166=PROPERTY_DEFINITION('MODELED_BY','user defined attribute',#16117);
#16170=REPRESENTATION('',(#16169),#16108);
#16171=PROPERTY_DEFINITION_REPRESENTATION(#16166,#16170);
#16172=NEXT_ASSEMBLY_USAGE_OCCURRENCE('1','Next assembly relationship',
'TOP-CAB',#16201,#16117,$);
#16173=PRODUCT_DEFINITION_SHAPE('Placement #1',
'Placement of TOP-CAB with respect to 00-ASSY_ASM',#16172);
#16175=PROPERTY_DEFINITION('geometric validation property',
'centroid of TOP-CAB',#16173);
#16176=REPRESENTATION('centroid',(#16174),#16108);
#16177=PROPERTY_DEFINITION_REPRESENTATION(#16175,#16176);
#16185=(LENGTH_UNIT()NAMED_UNIT(*)SI_UNIT(.MILLI.,.METRE.));
#16186=(NAMED_UNIT(*)PLANE_ANGLE_UNIT()SI_UNIT($,.RADIAN.));
#16189=(NAMED_UNIT(*)SI_UNIT($,.STERADIAN.)SOLID_ANGLE_UNIT());
#16191=(GEOMETRIC_REPRESENTATION_CONTEXT(3)GLOBAL_UNCERTAINTY_ASSIGNED_CONTEXT((
#16190))GLOBAL_UNIT_ASSIGNED_CONTEXT((#16185,#16188,#16189))REPRESENTATION_CONTEXT('ID3','3'));
#16195=AXIS2_PLACEMENT_3D('',#16192,#16193,#16194);
#16201=PRODUCT_DEFINITION('part definition','',#16200,#16197);
#16202=(LENGTH_UNIT()NAMED_UNIT(*)SI_UNIT(.MILLI.,.METRE.));
#16206=PROPERTY_DEFINITION('geometric validation property',
'area of 00-ASSY_ASM',#13643);
#16207=REPRESENTATION('surface area',(#16205),#16191);
#16208=PROPERTY_DEFINITION_REPRESENTATION(#16206,#16207);
#16209=(LENGTH_UNIT()NAMED_UNIT(*)SI_UNIT(.MILLI.,.METRE.));
#16213=PROPERTY_DEFINITION('geometric validation property',
'volume of 00-ASSY_ASM',#13643);
#16214=REPRESENTATION('volume',(#16212),#16191);
#16215=PROPERTY_DEFINITION_REPRESENTATION(#16213,#16214);
#16217=PROPERTY_DEFINITION('geometric validation property',
'centroid of 00-ASSY_ASM',#13643);
#16218=REPRESENTATION('centroid',(#16216),#16191);
#16219=PROPERTY_DEFINITION_REPRESENTATION(#16217,#16218);
#16221=PROPERTY_DEFINITION('DESCRIPTION','user defined attribute',#16201);
#16225=REPRESENTATION('',(#16224),#16191);
#16226=PROPERTY_DEFINITION_REPRESENTATION(#16221,#16225);
#16227=PROPERTY_DEFINITION('MODELED_BY','user defined attribute',#16201);
#16231=REPRESENTATION('',(#16230),#16191);
#16232=PROPERTY_DEFINITION_REPRESENTATION(#16227,#16231);
#16233=PROPERTY_DEFINITION('MC_INTF','user defined attribute',#16201);
#16237=REPRESENTATION('',(#16236),#16191);
#16238=PROPERTY_DEFINITION_REPRESENTATION(#16233,#16237);
ENDSEC;
END-ISO-10303-21;
