ISO-10303-21;
HEADER;
FILE_DESCRIPTION((''),'2;1');
FILE_NAME('UR_LD-20WR3_ASM','2016-05-09T',('eng706'),(''),
'PRO/ENGINEER BY PARAMETRIC TECHNOLOGY CORPORATION, 2014000',
'PRO/ENGINEER BY PARAMETRIC TECHNOLOGY CORPORATION, 2014000','');
FILE_SCHEMA(('AUTOMOTIVE_DESIGN { 1 0 10303 214 1 1 1 1 }'));
ENDSEC;
DATA;
#62=DIRECTION('',(0.E0,-1.E0,-2.147064748215E-10));
#63=VECTOR('',#62,5.E-1);
#64=CARTESIAN_POINT('',(-9.635E0,1.18E1,2.539999999820E0));
#65=LINE('',#64,#63);
#66=CARTESIAN_POINT('',(-1.016E1,1.13E1,2.54E0));
#67=DIRECTION('',(0.E0,-1.E0,0.E0));
#68=DIRECTION('',(-1.E0,0.E0,0.E0));
#69=AXIS2_PLACEMENT_3D('',#66,#67,#68);
#71=CARTESIAN_POINT('',(-1.016E1,1.13E1,2.54E0));
#72=DIRECTION('',(0.E0,-1.E0,0.E0));
#73=DIRECTION('',(0.E0,0.E0,-1.E0));
#74=AXIS2_PLACEMENT_3D('',#71,#72,#73);
#76=DIRECTION('',(1.104315260749E-1,-9.938837346736E-1,5.051759677674E-11));
#77=VECTOR('',#76,9.055385138137E-1);
#78=CARTESIAN_POINT('',(-9.635E0,1.13E1,2.539999999712E0));
#79=LINE('',#78,#77);
#80=CARTESIAN_POINT('',(-1.016E1,1.04E1,2.54E0));
#81=DIRECTION('',(0.E0,1.E0,0.E0));
#82=DIRECTION('',(-1.E0,0.E0,0.E0));
#83=AXIS2_PLACEMENT_3D('',#80,#81,#82);
#85=CARTESIAN_POINT('',(-1.016E1,1.04E1,2.54E0));
#86=DIRECTION('',(0.E0,1.E0,0.E0));
#87=DIRECTION('',(1.E0,0.E0,0.E0));
#88=AXIS2_PLACEMENT_3D('',#85,#86,#87);
#90=CARTESIAN_POINT('',(-1.016E1,1.04E1,2.54E0));
#91=DIRECTION('',(0.E0,-1.E0,0.E0));
#92=DIRECTION('',(1.E0,0.E0,0.E0));
#93=AXIS2_PLACEMENT_3D('',#90,#91,#92);
#95=CARTESIAN_POINT('',(-1.016E1,1.04E1,2.54E0));
#96=DIRECTION('',(0.E0,-1.E0,0.E0));
#97=DIRECTION('',(0.E0,0.E0,1.E0));
#98=AXIS2_PLACEMENT_3D('',#95,#96,#97);
#100=CARTESIAN_POINT('',(-1.016E1,1.04E1,2.54E0));
#101=DIRECTION('',(0.E0,-1.E0,0.E0));
#102=DIRECTION('',(-1.E0,0.E0,0.E0));
#103=AXIS2_PLACEMENT_3D('',#100,#101,#102);
#105=CARTESIAN_POINT('',(-1.016E1,1.04E1,2.54E0));
#106=DIRECTION('',(0.E0,-1.E0,0.E0));
#107=DIRECTION('',(0.E0,0.E0,-1.E0));
#108=AXIS2_PLACEMENT_3D('',#105,#106,#107);
#110=DIRECTION('',(0.E0,-1.E0,0.E0));
#111=VECTOR('',#110,1.5E-1);
#112=CARTESIAN_POINT('',(-8.36E0,1.055E1,2.54E0));
#113=LINE('',#112,#111);
#114=DIRECTION('',(0.E0,-1.E0,0.E0));
#115=VECTOR('',#114,1.5E-1);
#116=CARTESIAN_POINT('',(-1.196E1,1.055E1,2.54E0));
#117=LINE('',#116,#115);
#118=DIRECTION('',(1.E0,0.E0,0.E0));
#119=VECTOR('',#118,9.1E0);
#120=CARTESIAN_POINT('',(1.196E1,1.055E1,1.1E1));
#121=LINE('',#120,#119);
#122=DIRECTION('',(-2.114710523095E-14,0.E0,-1.E0));
#123=VECTOR('',#122,8.400000000001E-1);
#124=CARTESIAN_POINT('',(2.106E1,1.055E1,1.1E1));
#125=LINE('',#124,#123);
#126=CARTESIAN_POINT('',(2.286E1,1.055E1,1.016E1));
#127=DIRECTION('',(0.E0,-1.E0,0.E0));
#128=DIRECTION('',(-1.E0,0.E0,-1.154631945610E-13));
#129=AXIS2_PLACEMENT_3D('',#126,#127,#128);
#131=DIRECTION('',(0.E0,0.E0,-1.E0));
#132=VECTOR('',#131,6.570905406652E0);
#133=CARTESIAN_POINT('',(2.3E1,1.055E1,8.365452703326E0));
#134=LINE('',#133,#132);
#135=CARTESIAN_POINT('',(2.286E1,1.055E1,-1.398840616139E-13));
#136=DIRECTION('',(0.E0,-1.E0,0.E0));
#137=DIRECTION('',(7.777777777778E-2,0.E0,9.969707203745E-1));
#138=AXIS2_PLACEMENT_3D('',#135,#136,#137);
#140=CARTESIAN_POINT('',(2.286E1,1.055E1,-1.398840616139E-13));
#141=DIRECTION('',(0.E0,-1.E0,0.E0));
#142=DIRECTION('',(-1.E0,0.E0,0.E0));
#143=AXIS2_PLACEMENT_3D('',#140,#141,#142);
#145=DIRECTION('',(0.E0,0.E0,-1.E0));
#146=VECTOR('',#145,6.570905406652E0);
#147=CARTESIAN_POINT('',(2.3E1,1.055E1,-1.794547296674E0));
#148=LINE('',#147,#146);
#149=CARTESIAN_POINT('',(2.286E1,1.055E1,-1.016E1));
#150=DIRECTION('',(0.E0,-1.E0,0.E0));
#151=DIRECTION('',(7.777777777778E-2,0.E0,9.969707203745E-1));
#152=AXIS2_PLACEMENT_3D('',#149,#150,#151);
#154=DIRECTION('',(0.E0,0.E0,-1.E0));
#155=VECTOR('',#154,8.4E-1);
#156=CARTESIAN_POINT('',(2.106E1,1.055E1,-1.016E1));
#157=LINE('',#156,#155);
#158=DIRECTION('',(-1.E0,0.E0,0.E0));
#159=VECTOR('',#158,9.1E0);
#160=CARTESIAN_POINT('',(2.106E1,1.055E1,-1.1E1));
#161=LINE('',#160,#159);
#162=DIRECTION('',(2.114710523095E-14,0.E0,1.E0));
#163=VECTOR('',#162,8.400000000001E-1);
#164=CARTESIAN_POINT('',(1.196E1,1.055E1,-1.1E1));
#165=LINE('',#164,#163);
#166=CARTESIAN_POINT('',(1.016E1,1.055E1,-1.016E1));
#167=DIRECTION('',(0.E0,-1.E0,0.E0));
#168=DIRECTION('',(1.E0,0.E0,1.381610875089E-13));
#169=AXIS2_PLACEMENT_3D('',#166,#167,#168);
#171=DIRECTION('',(2.114710523096E-14,0.E0,-1.E0));
#172=VECTOR('',#171,8.4E-1);
#173=CARTESIAN_POINT('',(8.36E0,1.055E1,-1.016E1));
#174=LINE('',#173,#172);
#175=DIRECTION('',(-1.E0,0.E0,0.E0));
#176=VECTOR('',#175,3.136E1);
#177=CARTESIAN_POINT('',(8.36E0,1.055E1,-1.1E1));
#178=LINE('',#177,#176);
#179=DIRECTION('',(0.E0,0.E0,1.E0));
#180=VECTOR('',#179,1.585452703326E0);
#181=CARTESIAN_POINT('',(-2.3E1,1.055E1,-1.1E1));
#182=LINE('',#181,#180);
#183=CARTESIAN_POINT('',(-2.286E1,1.055E1,-7.62E0));
#184=DIRECTION('',(0.E0,-1.E0,0.E0));
#185=DIRECTION('',(-7.777777777778E-2,0.E0,-9.969707203745E-1));
#186=AXIS2_PLACEMENT_3D('',#183,#184,#185);
#188=CARTESIAN_POINT('',(-2.286E1,1.055E1,-7.62E0));
#189=DIRECTION('',(0.E0,-1.E0,0.E0));
#190=DIRECTION('',(1.E0,0.E0,0.E0));
#191=AXIS2_PLACEMENT_3D('',#188,#189,#190);
#193=DIRECTION('',(0.E0,0.E0,1.E0));
#194=VECTOR('',#193,1.490905406652E0);
#195=CARTESIAN_POINT('',(-2.3E1,1.055E1,-5.825452703326E0));
#196=LINE('',#195,#194);
#197=CARTESIAN_POINT('',(-2.286E1,1.055E1,-2.54E0));
#198=DIRECTION('',(0.E0,-1.E0,0.E0));
#199=DIRECTION('',(-7.777777777778E-2,0.E0,-9.969707203745E-1));
#200=AXIS2_PLACEMENT_3D('',#197,#198,#199);
#202=CARTESIAN_POINT('',(-2.286E1,1.055E1,-2.54E0));
#203=DIRECTION('',(0.E0,-1.E0,0.E0));
#204=DIRECTION('',(1.E0,0.E0,0.E0));
#205=AXIS2_PLACEMENT_3D('',#202,#203,#204);
#207=DIRECTION('',(0.E0,0.E0,1.E0));
#208=VECTOR('',#207,6.570905406652E0);
#209=CARTESIAN_POINT('',(-2.3E1,1.055E1,-7.454527033260E-1));
#210=LINE('',#209,#208);
#211=CARTESIAN_POINT('',(-2.286E1,1.055E1,7.62E0));
#212=DIRECTION('',(0.E0,-1.E0,0.E0));
#213=DIRECTION('',(-7.777777777778E-2,0.E0,-9.969707203745E-1));
#214=AXIS2_PLACEMENT_3D('',#211,#212,#213);
#216=CARTESIAN_POINT('',(-2.286E1,1.055E1,7.62E0));
#217=DIRECTION('',(0.E0,-1.E0,0.E0));
#218=DIRECTION('',(1.E0,0.E0,0.E0));
#219=AXIS2_PLACEMENT_3D('',#216,#217,#218);
#221=DIRECTION('',(0.E0,0.E0,1.E0));
#222=VECTOR('',#221,1.585452703326E0);
#223=CARTESIAN_POINT('',(-2.3E1,1.055E1,9.414547296674E0));
#224=LINE('',#223,#222);
#225=DIRECTION('',(1.E0,0.E0,0.E0));
#226=VECTOR('',#225,1.104E1);
#227=CARTESIAN_POINT('',(-2.3E1,1.055E1,1.1E1));
#228=LINE('',#227,#226);
#229=DIRECTION('',(0.E0,0.E0,-1.E0));
#230=VECTOR('',#229,8.4E-1);
#231=CARTESIAN_POINT('',(-1.196E1,1.055E1,1.1E1));
#232=LINE('',#231,#230);
#233=CARTESIAN_POINT('',(-1.016E1,1.055E1,1.016E1));
#234=DIRECTION('',(0.E0,-1.E0,0.E0));
#235=DIRECTION('',(-1.E0,0.E0,0.E0));
#236=AXIS2_PLACEMENT_3D('',#233,#234,#235);
#238=DIRECTION('',(0.E0,0.E0,1.E0));
#239=VECTOR('',#238,8.4E-1);
#240=CARTESIAN_POINT('',(-8.36E0,1.055E1,1.016E1));
#241=LINE('',#240,#239);
#242=DIRECTION('',(1.E0,0.E0,0.E0));
#243=VECTOR('',#242,1.672E1);
#244=CARTESIAN_POINT('',(-8.36E0,1.055E1,1.1E1));
#245=LINE('',#244,#243);
#246=DIRECTION('',(0.E0,0.E0,-1.E0));
#247=VECTOR('',#246,8.4E-1);
#248=CARTESIAN_POINT('',(8.36E0,1.055E1,1.1E1));
#249=LINE('',#248,#247);
#250=CARTESIAN_POINT('',(1.016E1,1.055E1,1.016E1));
#251=DIRECTION('',(0.E0,-1.E0,0.E0));
#252=DIRECTION('',(-1.E0,0.E0,0.E0));
#253=AXIS2_PLACEMENT_3D('',#250,#251,#252);
#255=DIRECTION('',(0.E0,0.E0,1.E0));
#256=VECTOR('',#255,8.4E-1);
#257=CARTESIAN_POINT('',(1.196E1,1.055E1,1.016E1));
#258=LINE('',#257,#256);
#259=CARTESIAN_POINT('',(-1.016E1,1.055E1,2.54E0));
#260=DIRECTION('',(0.E0,-1.E0,0.E0));
#261=DIRECTION('',(1.E0,0.E0,0.E0));
#262=AXIS2_PLACEMENT_3D('',#259,#260,#261);
#264=CARTESIAN_POINT('',(-1.016E1,1.055E1,2.54E0));
#265=DIRECTION('',(0.E0,-1.E0,0.E0));
#266=DIRECTION('',(-1.E0,0.E0,0.E0));
#267=AXIS2_PLACEMENT_3D('',#264,#265,#266);
#269=CARTESIAN_POINT('',(1.016E1,1.055E1,0.E0));
#270=DIRECTION('',(0.E0,-1.E0,0.E0));
#271=DIRECTION('',(1.E0,0.E0,0.E0));
#272=AXIS2_PLACEMENT_3D('',#269,#270,#271);
#274=CARTESIAN_POINT('',(1.016E1,1.055E1,0.E0));
#275=DIRECTION('',(0.E0,-1.E0,0.E0));
#276=DIRECTION('',(-1.E0,0.E0,0.E0));
#277=AXIS2_PLACEMENT_3D('',#274,#275,#276);
#279=CARTESIAN_POINT('',(-1.016E1,1.055E1,-2.54E0));
#280=DIRECTION('',(0.E0,-1.E0,0.E0));
#281=DIRECTION('',(1.E0,0.E0,0.E0));
#282=AXIS2_PLACEMENT_3D('',#279,#280,#281);
#284=CARTESIAN_POINT('',(-1.016E1,1.055E1,-2.54E0));
#285=DIRECTION('',(0.E0,-1.E0,0.E0));
#286=DIRECTION('',(-1.E0,0.E0,0.E0));
#287=AXIS2_PLACEMENT_3D('',#284,#285,#286);
#289=DIRECTION('',(1.E0,0.E0,0.E0));
#290=VECTOR('',#289,3.86E0);
#291=CARTESIAN_POINT('',(1.72E1,1.04E1,1.1E1));
#292=LINE('',#291,#290);
#293=DIRECTION('',(0.E0,-1.E0,0.E0));
#294=VECTOR('',#293,1.5E-1);
#295=CARTESIAN_POINT('',(1.196E1,1.055E1,1.1E1));
#296=LINE('',#295,#294);
#297=DIRECTION('',(1.E0,0.E0,0.E0));
#298=VECTOR('',#297,4.54E0);
#299=CARTESIAN_POINT('',(1.196E1,1.04E1,1.1E1));
#300=LINE('',#299,#298);
#301=DIRECTION('',(1.E0,0.E0,0.E0));
#302=VECTOR('',#301,7.E-1);
#303=CARTESIAN_POINT('',(1.65E1,1.025E1,1.1E1));
#304=LINE('',#303,#302);
#305=DIRECTION('',(0.E0,1.E0,0.E0));
#306=VECTOR('',#305,1.5E-1);
#307=CARTESIAN_POINT('',(1.72E1,1.025E1,1.1E1));
#308=LINE('',#307,#306);
#309=DIRECTION('',(1.E0,0.E0,0.E0));
#310=VECTOR('',#309,7.05E0);
#311=CARTESIAN_POINT('',(1.72E1,1.04E1,1.155E1));
#312=LINE('',#311,#310);
#313=DIRECTION('',(0.E0,0.E0,-1.E0));
#314=VECTOR('',#313,2.31E1);
#315=CARTESIAN_POINT('',(2.425E1,1.04E1,1.155E1));
#316=LINE('',#315,#314);
#317=DIRECTION('',(-1.E0,0.E0,0.E0));
#318=VECTOR('',#317,7.05E0);
#319=CARTESIAN_POINT('',(2.425E1,1.04E1,-1.155E1));
#320=LINE('',#319,#318);
#321=CARTESIAN_POINT('',(2.286E1,1.04E1,-1.016E1));
#322=DIRECTION('',(0.E0,1.E0,0.E0));
#323=DIRECTION('',(-1.E0,0.E0,0.E0));
#324=AXIS2_PLACEMENT_3D('',#321,#322,#323);
#326=CARTESIAN_POINT('',(2.286E1,1.04E1,-1.398840616139E-13));
#327=DIRECTION('',(0.E0,1.E0,0.E0));
#328=DIRECTION('',(7.777777777778E-2,0.E0,-9.969707203745E-1));
#329=AXIS2_PLACEMENT_3D('',#326,#327,#328);
#331=CARTESIAN_POINT('',(2.286E1,1.04E1,-1.398840616139E-13));
#332=DIRECTION('',(0.E0,1.E0,0.E0));
#333=DIRECTION('',(-1.E0,0.E0,0.E0));
#334=AXIS2_PLACEMENT_3D('',#331,#332,#333);
#336=CARTESIAN_POINT('',(2.286E1,1.04E1,1.016E1));
#337=DIRECTION('',(0.E0,1.E0,0.E0));
#338=DIRECTION('',(7.777777777778E-2,0.E0,-9.969707203745E-1));
#339=AXIS2_PLACEMENT_3D('',#336,#337,#338);
#341=CARTESIAN_POINT('',(2.286E1,1.04E1,0.E0));
#342=DIRECTION('',(0.E0,-1.E0,0.E0));
#343=DIRECTION('',(1.E0,0.E0,0.E0));
#344=AXIS2_PLACEMENT_3D('',#341,#342,#343);
#346=CARTESIAN_POINT('',(2.286E1,1.04E1,0.E0));
#347=DIRECTION('',(0.E0,-1.E0,0.E0));
#348=DIRECTION('',(0.E0,0.E0,1.E0));
#349=AXIS2_PLACEMENT_3D('',#346,#347,#348);
#351=CARTESIAN_POINT('',(2.286E1,1.04E1,0.E0));
#352=DIRECTION('',(0.E0,-1.E0,0.E0));
#353=DIRECTION('',(-1.E0,0.E0,0.E0));
#354=AXIS2_PLACEMENT_3D('',#351,#352,#353);
#356=CARTESIAN_POINT('',(2.286E1,1.04E1,0.E0));
#357=DIRECTION('',(0.E0,-1.E0,0.E0));
#358=DIRECTION('',(0.E0,0.E0,-1.E0));
#359=AXIS2_PLACEMENT_3D('',#356,#357,#358);
#361=CARTESIAN_POINT('',(2.286E1,1.04E1,-1.016E1));
#362=DIRECTION('',(0.E0,-1.E0,0.E0));
#363=DIRECTION('',(1.E0,0.E0,0.E0));
#364=AXIS2_PLACEMENT_3D('',#361,#362,#363);
#366=CARTESIAN_POINT('',(2.286E1,1.04E1,-1.016E1));
#367=DIRECTION('',(0.E0,-1.E0,0.E0));
#368=DIRECTION('',(0.E0,0.E0,1.E0));
#369=AXIS2_PLACEMENT_3D('',#366,#367,#368);
#371=CARTESIAN_POINT('',(2.286E1,1.04E1,-1.016E1));
#372=DIRECTION('',(0.E0,-1.E0,0.E0));
#373=DIRECTION('',(-1.E0,0.E0,0.E0));
#374=AXIS2_PLACEMENT_3D('',#371,#372,#373);
#376=CARTESIAN_POINT('',(2.286E1,1.04E1,-1.016E1));
#377=DIRECTION('',(0.E0,-1.E0,0.E0));
#378=DIRECTION('',(0.E0,0.E0,-1.E0));
#379=AXIS2_PLACEMENT_3D('',#376,#377,#378);
#381=CARTESIAN_POINT('',(2.286E1,1.04E1,1.016E1));
#382=DIRECTION('',(0.E0,-1.E0,0.E0));
#383=DIRECTION('',(1.E0,0.E0,0.E0));
#384=AXIS2_PLACEMENT_3D('',#381,#382,#383);
#386=CARTESIAN_POINT('',(2.286E1,1.04E1,1.016E1));
#387=DIRECTION('',(0.E0,-1.E0,0.E0));
#388=DIRECTION('',(0.E0,0.E0,1.E0));
#389=AXIS2_PLACEMENT_3D('',#386,#387,#388);
#391=CARTESIAN_POINT('',(2.286E1,1.04E1,1.016E1));
#392=DIRECTION('',(0.E0,-1.E0,0.E0));
#393=DIRECTION('',(-1.E0,0.E0,0.E0));
#394=AXIS2_PLACEMENT_3D('',#391,#392,#393);
#396=CARTESIAN_POINT('',(2.286E1,1.04E1,1.016E1));
#397=DIRECTION('',(0.E0,-1.E0,0.E0));
#398=DIRECTION('',(0.E0,0.E0,-1.E0));
#399=AXIS2_PLACEMENT_3D('',#396,#397,#398);
#401=DIRECTION('',(0.E0,-9.544799780350E-1,2.982749931359E-1));
#402=VECTOR('',#401,1.676305461424E0);
#403=CARTESIAN_POINT('',(1.72E1,1.E1,1.065E1));
#404=LINE('',#403,#402);
#405=DIRECTION('',(0.E0,1.E0,0.E0));
#406=VECTOR('',#405,2.E0);
#407=CARTESIAN_POINT('',(1.72E1,8.4E0,1.155E1));
#408=LINE('',#407,#406);
#409=DIRECTION('',(0.E0,0.E0,-1.E0));
#410=VECTOR('',#409,5.5E-1);
#411=CARTESIAN_POINT('',(1.72E1,1.04E1,1.155E1));
#412=LINE('',#411,#410);
#413=DIRECTION('',(0.E0,0.E0,-1.E0));
#414=VECTOR('',#413,3.5E-1);
#415=CARTESIAN_POINT('',(1.72E1,1.025E1,1.1E1));
#416=LINE('',#415,#414);
#417=DIRECTION('',(-1.E0,9.643079985316E-14,0.E0));
#418=VECTOR('',#417,7.E-1);
#419=CARTESIAN_POINT('',(1.72E1,1.E1,1.065E1));
#420=LINE('',#419,#418);
#421=DIRECTION('',(0.E0,1.E0,-4.973799150320E-14));
#422=VECTOR('',#421,2.5E-1);
#423=CARTESIAN_POINT('',(1.72E1,1.E1,1.065E1));
#424=LINE('',#423,#422);
#425=DIRECTION('',(-1.E0,0.E0,0.E0));
#426=VECTOR('',#425,7.E-1);
#427=CARTESIAN_POINT('',(1.72E1,1.025E1,1.065E1));
#428=LINE('',#427,#426);
#429=DIRECTION('',(0.E0,0.E0,-1.E0));
#430=VECTOR('',#429,3.5E-1);
#431=CARTESIAN_POINT('',(1.65E1,1.025E1,1.1E1));
#432=LINE('',#431,#430);
#433=DIRECTION('',(0.E0,9.544799780350E-1,-2.982749931359E-1));
#434=VECTOR('',#433,1.676305461424E0);
#435=CARTESIAN_POINT('',(1.65E1,8.4E0,1.115E1));
#436=LINE('',#435,#434);
#437=DIRECTION('',(0.E0,1.E0,-4.973799150322E-14));
#438=VECTOR('',#437,2.499999999999E-1);
#439=CARTESIAN_POINT('',(1.65E1,1.E1,1.065E1));
#440=LINE('',#439,#438);
#441=DIRECTION('',(0.E0,1.E0,0.E0));
#442=VECTOR('',#441,1.5E-1);
#443=CARTESIAN_POINT('',(1.65E1,1.025E1,1.1E1));
#444=LINE('',#443,#442);
#445=DIRECTION('',(0.E0,0.E0,1.E0));
#446=VECTOR('',#445,5.5E-1);
#447=CARTESIAN_POINT('',(1.65E1,1.04E1,1.1E1));
#448=LINE('',#447,#446);
#449=DIRECTION('',(0.E0,0.E0,1.E0));
#450=VECTOR('',#449,5.5E-1);
#451=CARTESIAN_POINT('',(9.8E0,1.04E1,1.1E1));
#452=LINE('',#451,#450);
#453=DIRECTION('',(1.E0,0.E0,0.E0));
#454=VECTOR('',#453,6.7E0);
#455=CARTESIAN_POINT('',(9.8E0,1.04E1,1.155E1));
#456=LINE('',#455,#454);
#457=CARTESIAN_POINT('',(1.016E1,1.04E1,1.016E1));
#458=DIRECTION('',(0.E0,1.E0,0.E0));
#459=DIRECTION('',(1.E0,0.E0,0.E0));
#460=AXIS2_PLACEMENT_3D('',#457,#458,#459);
#462=CARTESIAN_POINT('',(1.016E1,1.04E1,1.016E1));
#463=DIRECTION('',(0.E0,-1.E0,0.E0));
#464=DIRECTION('',(1.E0,0.E0,0.E0));
#465=AXIS2_PLACEMENT_3D('',#462,#463,#464);
#467=CARTESIAN_POINT('',(1.016E1,1.04E1,1.016E1));
#468=DIRECTION('',(0.E0,-1.E0,0.E0));
#469=DIRECTION('',(0.E0,0.E0,1.E0));
#470=AXIS2_PLACEMENT_3D('',#467,#468,#469);
#472=CARTESIAN_POINT('',(1.016E1,1.04E1,1.016E1));
#473=DIRECTION('',(0.E0,-1.E0,0.E0));
#474=DIRECTION('',(-1.E0,0.E0,0.E0));
#475=AXIS2_PLACEMENT_3D('',#472,#473,#474);
#477=CARTESIAN_POINT('',(1.016E1,1.04E1,1.016E1));
#478=DIRECTION('',(0.E0,-1.E0,0.E0));
#479=DIRECTION('',(0.E0,0.E0,-1.E0));
#480=AXIS2_PLACEMENT_3D('',#477,#478,#479);
#482=DIRECTION('',(0.E0,-1.E0,0.E0));
#483=VECTOR('',#482,1.5E-1);
#484=CARTESIAN_POINT('',(-8.36E0,1.055E1,1.1E1));
#485=LINE('',#484,#483);
#486=DIRECTION('',(-1.E0,0.E0,0.E0));
#487=VECTOR('',#486,1.44E0);
#488=CARTESIAN_POINT('',(-8.36E0,1.04E1,1.1E1));
#489=LINE('',#488,#487);
#490=DIRECTION('',(0.E0,1.E0,0.E0));
#491=VECTOR('',#490,1.2E0);
#492=CARTESIAN_POINT('',(-6.E0,9.2E0,1.1E1));
#493=LINE('',#492,#491);
#494=DIRECTION('',(1.E0,0.E0,0.E0));
#495=VECTOR('',#494,1.2E1);
#496=CARTESIAN_POINT('',(-6.E0,1.04E1,1.1E1));
#497=LINE('',#496,#495);
#498=DIRECTION('',(0.E0,1.E0,0.E0));
#499=VECTOR('',#498,1.2E0);
#500=CARTESIAN_POINT('',(9.8E0,9.2E0,1.1E1));
#501=LINE('',#500,#499);
#502=DIRECTION('',(-1.E0,0.E0,0.E0));
#503=VECTOR('',#502,1.44E0);
#504=CARTESIAN_POINT('',(9.8E0,1.04E1,1.1E1));
#505=LINE('',#504,#503);
#506=DIRECTION('',(0.E0,0.E0,1.E0));
#507=VECTOR('',#506,8.4E-1);
#508=CARTESIAN_POINT('',(-8.36E0,1.04E1,1.016E1));
#509=LINE('',#508,#507);
#510=CARTESIAN_POINT('',(-1.016E1,1.04E1,1.016E1));
#511=DIRECTION('',(0.E0,1.E0,0.E0));
#512=DIRECTION('',(1.E0,0.E0,0.E0));
#513=AXIS2_PLACEMENT_3D('',#510,#511,#512);
#515=DIRECTION('',(1.E0,0.E0,0.E0));
#516=VECTOR('',#515,6.7E0);
#517=CARTESIAN_POINT('',(-1.65E1,1.04E1,1.155E1));
#518=LINE('',#517,#516);
#519=CARTESIAN_POINT('',(-1.016E1,1.04E1,1.016E1));
#520=DIRECTION('',(0.E0,-1.E0,0.E0));
#521=DIRECTION('',(1.E0,0.E0,0.E0));
#522=AXIS2_PLACEMENT_3D('',#519,#520,#521);
#524=CARTESIAN_POINT('',(-1.016E1,1.04E1,1.016E1));
#525=DIRECTION('',(0.E0,-1.E0,0.E0));
#526=DIRECTION('',(0.E0,0.E0,1.E0));
#527=AXIS2_PLACEMENT_3D('',#524,#525,#526);
#529=CARTESIAN_POINT('',(-1.016E1,1.04E1,1.016E1));
#530=DIRECTION('',(0.E0,-1.E0,0.E0));
#531=DIRECTION('',(-1.E0,0.E0,0.E0));
#532=AXIS2_PLACEMENT_3D('',#529,#530,#531);
#534=CARTESIAN_POINT('',(-1.016E1,1.04E1,1.016E1));
#535=DIRECTION('',(0.E0,-1.E0,0.E0));
#536=DIRECTION('',(0.E0,0.E0,-1.E0));
#537=AXIS2_PLACEMENT_3D('',#534,#535,#536);
#539=DIRECTION('',(0.E0,0.E0,1.E0));
#540=VECTOR('',#539,5.5E-1);
#541=CARTESIAN_POINT('',(-9.8E0,1.04E1,1.1E1));
#542=LINE('',#541,#540);
#543=DIRECTION('',(0.E0,1.E0,0.E0));
#544=VECTOR('',#543,1.2E0);
#545=CARTESIAN_POINT('',(-9.8E0,9.2E0,1.1E1));
#546=LINE('',#545,#544);
#547=DIRECTION('',(1.E0,0.E0,0.E0));
#548=VECTOR('',#547,1.25E0);
#549=CARTESIAN_POINT('',(2.3E1,9.3E0,1.155E1));
#550=LINE('',#549,#548);
#551=DIRECTION('',(0.E0,1.E0,0.E0));
#552=VECTOR('',#551,2.E0);
#553=CARTESIAN_POINT('',(1.65E1,8.4E0,1.155E1));
#554=LINE('',#553,#552);
#555=DIRECTION('',(0.E0,1.E0,0.E0));
#556=VECTOR('',#555,1.2E0);
#557=CARTESIAN_POINT('',(6.E0,9.2E0,1.155E1));
#558=LINE('',#557,#556);
#559=DIRECTION('',(0.E0,1.E0,0.E0));
#560=VECTOR('',#559,1.2E0);
#561=CARTESIAN_POINT('',(-9.8E0,9.2E0,1.155E1));
#562=LINE('',#561,#560);
#563=DIRECTION('',(0.E0,1.E0,0.E0));
#564=VECTOR('',#563,2.E0);
#565=CARTESIAN_POINT('',(-1.72E1,8.4E0,1.155E1));
#566=LINE('',#565,#564);
#567=DIRECTION('',(0.E0,-1.E0,0.E0));
#568=VECTOR('',#567,1.1E0);
#569=CARTESIAN_POINT('',(-2.425E1,1.04E1,1.155E1));
#570=LINE('',#569,#568);
#571=DIRECTION('',(1.E0,0.E0,0.E0));
#572=VECTOR('',#571,1.25E0);
#573=CARTESIAN_POINT('',(-2.425E1,9.3E0,1.155E1));
#574=LINE('',#573,#572);
#575=DIRECTION('',(0.E0,-1.E0,0.E0));
#576=VECTOR('',#575,1.5E0);
#577=CARTESIAN_POINT('',(-2.3E1,9.3E0,1.155E1));
#578=LINE('',#577,#576);
#579=CARTESIAN_POINT('',(-1.8E1,9.4E0,1.155E1));
#580=DIRECTION('',(0.E0,0.E0,-1.E0));
#581=DIRECTION('',(1.E0,0.E0,0.E0));
#582=AXIS2_PLACEMENT_3D('',#579,#580,#581);
#584=CARTESIAN_POINT('',(-1.8E1,9.4E0,1.155E1));
#585=DIRECTION('',(0.E0,0.E0,-1.E0));
#586=DIRECTION('',(-1.E0,0.E0,0.E0));
#587=AXIS2_PLACEMENT_3D('',#584,#585,#586);
#589=CARTESIAN_POINT('',(0.E0,9.4E0,1.155E1));
#590=DIRECTION('',(0.E0,0.E0,-1.E0));
#591=DIRECTION('',(1.E0,0.E0,0.E0));
#592=AXIS2_PLACEMENT_3D('',#589,#590,#591);
#594=CARTESIAN_POINT('',(0.E0,9.4E0,1.155E1));
#595=DIRECTION('',(0.E0,0.E0,-1.E0));
#596=DIRECTION('',(-1.E0,0.E0,0.E0));
#597=AXIS2_PLACEMENT_3D('',#594,#595,#596);
#599=CARTESIAN_POINT('',(1.8E1,9.4E0,1.155E1));
#600=DIRECTION('',(0.E0,0.E0,-1.E0));
#601=DIRECTION('',(1.E0,0.E0,0.E0));
#602=AXIS2_PLACEMENT_3D('',#599,#600,#601);
#604=CARTESIAN_POINT('',(1.8E1,9.4E0,1.155E1));
#605=DIRECTION('',(0.E0,0.E0,-1.E0));
#606=DIRECTION('',(-1.E0,0.E0,0.E0));
#607=AXIS2_PLACEMENT_3D('',#604,#605,#606);
#609=DIRECTION('',(-1.E0,0.E0,0.E0));
#610=VECTOR('',#609,4.6E1);
#611=CARTESIAN_POINT('',(2.3E1,7.8E0,1.155E1));
#612=LINE('',#611,#610);
#613=DIRECTION('',(0.E0,0.E0,1.E0));
#614=VECTOR('',#613,3.E-1);
#615=CARTESIAN_POINT('',(-2.3E1,7.8E0,1.155E1));
#616=LINE('',#615,#614);
#617=DIRECTION('',(-1.E0,0.E0,0.E0));
#618=VECTOR('',#617,4.6E1);
#619=CARTESIAN_POINT('',(2.3E1,7.8E0,1.185E1));
#620=LINE('',#619,#618);
#621=DIRECTION('',(-1.E0,0.E0,0.E0));
#622=VECTOR('',#621,4.6E1);
#623=CARTESIAN_POINT('',(2.3E1,8.2E0,1.205E1));
#624=LINE('',#623,#622);
#625=DIRECTION('',(0.E0,1.E0,0.E0));
#626=VECTOR('',#625,1.1E0);
#627=CARTESIAN_POINT('',(-2.3E1,8.2E0,1.205E1));
#628=LINE('',#627,#626);
#629=DIRECTION('',(-1.E0,0.E0,0.E0));
#630=VECTOR('',#629,1.25E0);
#631=CARTESIAN_POINT('',(-2.3E1,9.3E0,1.205E1));
#632=LINE('',#631,#630);
#633=DIRECTION('',(-1.E0,0.E0,0.E0));
#634=VECTOR('',#633,4.499999999728E-1);
#635=CARTESIAN_POINT('',(-2.425E1,1.1E1,1.205E1));
#636=LINE('',#635,#634);
#637=DIRECTION('',(0.E0,-1.E0,-8.993884385895E-13));
#638=VECTOR('',#637,1.03E1);
#639=CARTESIAN_POINT('',(-2.475E1,1.1E1,1.200000000002E1));
#640=LINE('',#639,#638);
#641=DIRECTION('',(6.608737289885E-13,1.E0,0.E0));
#642=VECTOR('',#641,1.03E1);
#643=CARTESIAN_POINT('',(-2.469999999998E1,7.E-1,1.205E1));
#644=LINE('',#643,#642);
#645=CARTESIAN_POINT('',(-2.425E1,1.1E1,1.155E1));
#646=DIRECTION('',(0.E0,-1.E0,0.E0));
#647=DIRECTION('',(0.E0,0.E0,1.E0));
#648=AXIS2_PLACEMENT_3D('',#645,#646,#647);
#650=CARTESIAN_POINT('',(-2.47E1,1.1E1,1.2E1));
#651=DIRECTION('',(0.E0,1.E0,0.E0));
#652=DIRECTION('',(-1.E0,0.E0,4.000000330961E-10));
#653=AXIS2_PLACEMENT_3D('',#650,#651,#652);
#655=DIRECTION('',(0.E0,-1.E0,0.E0));
#656=VECTOR('',#655,1.7E0);
#657=CARTESIAN_POINT('',(-2.425E1,1.1E1,1.205E1));
#658=LINE('',#657,#656);
#659=DIRECTION('',(0.E0,1.E0,0.E0));
#660=VECTOR('',#659,1.7E0);
#661=CARTESIAN_POINT('',(-2.475E1,9.3E0,1.155E1));
#662=LINE('',#661,#660);
#663=DIRECTION('',(0.E0,0.E0,-1.E0));
#664=VECTOR('',#663,5.E-1);
#665=CARTESIAN_POINT('',(-2.3E1,9.3E0,1.205E1));
#666=LINE('',#665,#664);
#667=DIRECTION('',(-1.E0,0.E0,0.E0));
#668=VECTOR('',#667,5.E-1);
#669=CARTESIAN_POINT('',(-2.425E1,9.3E0,1.E1));
#670=LINE('',#669,#668);
#671=DIRECTION('',(0.E0,0.E0,1.E0));
#672=VECTOR('',#671,1.55E0);
#673=CARTESIAN_POINT('',(-2.475E1,9.3E0,1.E1));
#674=LINE('',#673,#672);
#675=CARTESIAN_POINT('',(-2.425E1,9.3E0,1.155E1));
#676=DIRECTION('',(0.E0,1.E0,0.E0));
#677=DIRECTION('',(-1.E0,0.E0,0.E0));
#678=AXIS2_PLACEMENT_3D('',#675,#676,#677);
#680=DIRECTION('',(0.E0,-8.944271909999E-1,-4.472135955E-1));
#681=VECTOR('',#680,4.472135955E-1);
#682=CARTESIAN_POINT('',(-2.3E1,8.2E0,1.205E1));
#683=LINE('',#682,#681);
#684=CARTESIAN_POINT('',(-2.425E1,8.1E0,4.310447021876E0));
#685=DIRECTION('',(-1.E0,0.E0,0.E0));
#686=DIRECTION('',(0.E0,-4.361938735925E-2,-9.990482215821E-1));
#687=AXIS2_PLACEMENT_3D('',#684,#685,#686);
#689=DIRECTION('',(0.E0,0.E0,1.E0));
#690=VECTOR('',#689,1.55E0);
#691=CARTESIAN_POINT('',(-2.425E1,9.3E0,1.E1));
#692=LINE('',#691,#690);
#693=DIRECTION('',(0.E0,-1.E0,0.E0));
#694=VECTOR('',#693,1.1E0);
#695=CARTESIAN_POINT('',(-2.425E1,1.04E1,-1.155E1));
#696=LINE('',#695,#694);
#697=DIRECTION('',(0.E0,0.E0,1.E0));
#698=VECTOR('',#697,1.55E0);
#699=CARTESIAN_POINT('',(-2.425E1,9.3E0,-1.155E1));
#700=LINE('',#699,#698);
#701=DIRECTION('',(0.E0,-1.E0,0.E0));
#702=VECTOR('',#701,1.5E0);
#703=CARTESIAN_POINT('',(-2.425E1,9.3E0,-1.E1));
#704=LINE('',#703,#702);
#705=CARTESIAN_POINT('',(-2.425E1,8.1E0,6.895529781243E-1));
#706=DIRECTION('',(-1.E0,0.E0,0.E0));
#707=DIRECTION('',(0.E0,-1.E0,0.E0));
#708=AXIS2_PLACEMENT_3D('',#705,#706,#707);
#710=DIRECTION('',(-2.548755788329E-14,9.990482215819E-1,4.361938736537E-2));
#711=VECTOR('',#710,2.787802342672E-1);
#712=CARTESIAN_POINT('',(-2.425E1,8.086914183791E0,9.892674445989E-1));
#713=LINE('',#712,#711);
#714=CARTESIAN_POINT('',(-2.425E1,8.3E0,2.5E0));
#715=DIRECTION('',(1.E0,0.E0,0.E0));
#716=DIRECTION('',(0.E0,4.361938736578E-2,-9.990482215818E-1));
#717=AXIS2_PLACEMENT_3D('',#714,#715,#716);
#719=DIRECTION('',(0.E0,-9.990482215818E-1,4.361938736589E-2));
#720=VECTOR('',#719,2.787802342659E-1);
#721=CARTESIAN_POINT('',(-2.425E1,8.365429081047E0,3.998572332373E0));
#722=LINE('',#721,#720);
#723=DIRECTION('',(-1.E0,-4.526442952873E-13,-7.811118370003E-14));
#724=VECTOR('',#723,4.434570918977E-1);
#725=CARTESIAN_POINT('',(-2.425E1,8.086914183791E0,4.010732555401E0));
#726=LINE('',#725,#724);
#727=CARTESIAN_POINT('',(-2.469345709190E1,8.086914183792E0,4.010732555401E0));
#728=CARTESIAN_POINT('',(-2.464815818592E1,7.996316371832E0,4.014688141297E0));
#729=CARTESIAN_POINT('',(-2.458758557910E1,7.875171158193E0,4.087167029562E0));
#730=CARTESIAN_POINT('',(-2.455E1,7.8E0,4.209078382373E0));
#731=CARTESIAN_POINT('',(-2.455E1,7.8E0,4.310447021876E0));
#733=DIRECTION('',(1.E0,0.E0,0.E0));
#734=VECTOR('',#733,3.E-1);
#735=CARTESIAN_POINT('',(-2.455E1,7.8E0,4.310447021876E0));
#736=LINE('',#735,#734);
#737=DIRECTION('',(4.468729796583E-1,-8.937459593501E-1,3.902179130624E-2));
#738=VECTOR('',#737,1.265301566130E-1);
#739=CARTESIAN_POINT('',(-2.475E1,8.2E0,4.005795122036E0));
#740=LINE('',#739,#738);
#741=DIRECTION('',(0.E0,0.E0,-1.E0));
#742=VECTOR('',#741,4.500000001956E-1);
#743=CARTESIAN_POINT('',(-2.475E1,1.1E1,-1.155E1));
#744=LINE('',#743,#742);
#745=DIRECTION('',(0.E0,0.E0,-1.E0));
#746=VECTOR('',#745,4.500000000170E-1);
#747=CARTESIAN_POINT('',(-2.475E1,1.1E1,1.200000000002E1));
#748=LINE('',#747,#746);
#749=DIRECTION('',(0.E0,9.990482215818E-1,-4.361938736582E-2));
#750=VECTOR('',#749,1.655866828778E-1);
#751=CARTESIAN_POINT('',(-2.475E1,8.2E0,4.005795122036E0));
#752=LINE('',#751,#750);
#753=CARTESIAN_POINT('',(-2.475E1,8.3E0,2.5E0));
#754=DIRECTION('',(-1.E0,0.E0,0.E0));
#755=DIRECTION('',(0.E0,4.361938736378E-2,9.990482215819E-1));
#756=AXIS2_PLACEMENT_3D('',#753,#754,#755);
#758=DIRECTION('',(-2.145531039699E-14,-9.990482215819E-1,-4.361938736533E-2));
#759=VECTOR('',#758,1.655866828801E-1);
#760=CARTESIAN_POINT('',(-2.475E1,8.365429081048E0,1.001427667627E0));
#761=LINE('',#760,#759);
#762=DIRECTION('',(0.E0,1.E0,0.E0));
#763=VECTOR('',#762,1.1E0);
#764=CARTESIAN_POINT('',(-2.475E1,8.2E0,-1.E1));
#765=LINE('',#764,#763);
#766=DIRECTION('',(0.E0,0.E0,-1.E0));
#767=VECTOR('',#766,1.55E0);
#768=CARTESIAN_POINT('',(-2.475E1,9.3E0,-1.E1));
#769=LINE('',#768,#767);
#770=CARTESIAN_POINT('',(-2.425E1,1.1E1,-1.155E1));
#771=DIRECTION('',(0.E0,-1.E0,0.E0));
#772=DIRECTION('',(-1.E0,0.E0,0.E0));
#773=AXIS2_PLACEMENT_3D('',#770,#771,#772);
#775=DIRECTION('',(-1.E0,0.E0,0.E0));
#776=VECTOR('',#775,4.499999999969E-1);
#777=CARTESIAN_POINT('',(-2.425E1,1.1E1,-1.205E1));
#778=LINE('',#777,#776);
#779=CARTESIAN_POINT('',(-2.47E1,1.1E1,-1.2E1));
#780=DIRECTION('',(0.E0,1.E0,0.E0));
#781=DIRECTION('',(0.E0,0.E0,-1.E0));
#782=AXIS2_PLACEMENT_3D('',#779,#780,#781);
#784=DIRECTION('',(0.E0,-1.E0,0.E0));
#785=VECTOR('',#784,1.7E0);
#786=CARTESIAN_POINT('',(-2.475E1,1.1E1,-1.155E1));
#787=LINE('',#786,#785);
#788=DIRECTION('',(0.E0,1.E0,0.E0));
#789=VECTOR('',#788,1.7E0);
#790=CARTESIAN_POINT('',(-2.425E1,9.3E0,-1.205E1));
#791=LINE('',#790,#789);
#792=DIRECTION('',(1.E0,0.E0,0.E0));
#793=VECTOR('',#792,5.E-1);
#794=CARTESIAN_POINT('',(-2.475E1,9.3E0,-1.E1));
#795=LINE('',#794,#793);
#796=DIRECTION('',(0.E0,0.E0,-1.E0));
#797=VECTOR('',#796,5.E-1);
#798=CARTESIAN_POINT('',(-2.3E1,9.3E0,-1.155E1));
#799=LINE('',#798,#797);
#800=DIRECTION('',(-1.E0,0.E0,0.E0));
#801=VECTOR('',#800,1.25E0);
#802=CARTESIAN_POINT('',(-2.3E1,9.3E0,-1.205E1));
#803=LINE('',#802,#801);
#804=CARTESIAN_POINT('',(-2.425E1,9.3E0,-1.155E1));
#805=DIRECTION('',(0.E0,1.E0,0.E0));
#806=DIRECTION('',(0.E0,0.E0,-1.E0));
#807=AXIS2_PLACEMENT_3D('',#804,#805,#806);
#809=DIRECTION('',(4.472135955E-1,-8.944271909999E-1,0.E0));
#810=VECTOR('',#809,4.472135955E-1);
#811=CARTESIAN_POINT('',(-2.475E1,8.2E0,-1.E1));
#812=LINE('',#811,#810);
#813=DIRECTION('',(0.E0,-7.125329888527E-14,1.E0));
#814=VECTOR('',#813,1.099420487796E1);
#815=CARTESIAN_POINT('',(-2.475E1,8.2E0,-1.E1));
#816=LINE('',#815,#814);
#817=DIRECTION('',(-4.468729796594E-1,8.937459593495E-1,3.902179130629E-2));
#818=VECTOR('',#817,1.265301566105E-1);
#819=CARTESIAN_POINT('',(-2.469345709190E1,8.086914183793E0,9.892674445989E-1));
#820=LINE('',#819,#818);
#821=DIRECTION('',(1.E0,4.511946372077E-13,0.E0));
#822=VECTOR('',#821,5.E-1);
#823=CARTESIAN_POINT('',(-2.475E1,8.365429081047E0,3.998572332373E0));
#824=LINE('',#823,#822);
#825=DIRECTION('',(-1.E0,-2.842170943040E-14,0.E0));
#826=VECTOR('',#825,5.E-1);
#827=CARTESIAN_POINT('',(-2.425E1,8.365429081048E0,1.001427667627E0));
#828=LINE('',#827,#826);
#829=CARTESIAN_POINT('',(-2.455E1,7.8E0,6.895529781243E-1));
#830=CARTESIAN_POINT('',(-2.455E1,7.8E0,7.909216176282E-1));
#831=CARTESIAN_POINT('',(-2.458758557910E1,7.875171158194E0,9.128329704401E-1));
#832=CARTESIAN_POINT('',(-2.464815818592E1,7.996316371834E0,9.853118587048E-1));
#833=CARTESIAN_POINT('',(-2.469345709190E1,8.086914183795E0,9.892674445991E-1));
#835=DIRECTION('',(1.E0,-2.960213577138E-12,-4.456343172620E-14));
#836=VECTOR('',#835,4.434570918987E-1);
#837=CARTESIAN_POINT('',(-2.469345709190E1,8.086914183793E0,9.892674445989E-1));
#838=LINE('',#837,#836);
#839=DIRECTION('',(-1.E0,0.E0,0.E0));
#840=VECTOR('',#839,3.E-1);
#841=CARTESIAN_POINT('',(-2.425E1,7.8E0,6.895529781243E-1));
#842=LINE('',#841,#840);
#843=DIRECTION('',(0.E0,0.E0,-1.E0));
#844=VECTOR('',#843,1.068955297812E1);
#845=CARTESIAN_POINT('',(-2.425E1,7.8E0,6.895529781243E-1));
#846=LINE('',#845,#844);
#847=DIRECTION('',(-1.E0,0.E0,0.E0));
#848=VECTOR('',#847,3.E-1);
#849=CARTESIAN_POINT('',(-2.425E1,7.8E0,-1.E1));
#850=LINE('',#849,#848);
#851=DIRECTION('',(0.E0,0.E0,1.E0));
#852=VECTOR('',#851,1.068955297812E1);
#853=CARTESIAN_POINT('',(-2.455E1,7.8E0,-1.E1));
#854=LINE('',#853,#852);
#855=DIRECTION('',(0.E0,1.E0,0.E0));
#856=VECTOR('',#855,1.2E0);
#857=CARTESIAN_POINT('',(9.8E0,9.2E0,-1.155E1));
#858=LINE('',#857,#856);
#859=DIRECTION('',(1.E0,0.E0,0.E0));
#860=VECTOR('',#859,7.E-1);
#861=CARTESIAN_POINT('',(1.65E1,8.4E0,-1.155E1));
#862=LINE('',#861,#860);
#863=DIRECTION('',(0.E0,1.E0,0.E0));
#864=VECTOR('',#863,2.E0);
#865=CARTESIAN_POINT('',(1.72E1,8.4E0,-1.155E1));
#866=LINE('',#865,#864);
#867=DIRECTION('',(0.E0,-1.E0,0.E0));
#868=VECTOR('',#867,1.1E0);
#869=CARTESIAN_POINT('',(2.425E1,1.04E1,-1.155E1));
#870=LINE('',#869,#868);
#871=DIRECTION('',(-1.E0,0.E0,0.E0));
#872=VECTOR('',#871,1.25E0);
#873=CARTESIAN_POINT('',(2.425E1,9.3E0,-1.155E1));
#874=LINE('',#873,#872);
#875=DIRECTION('',(0.E0,-1.E0,0.E0));
#876=VECTOR('',#875,1.5E0);
#877=CARTESIAN_POINT('',(2.3E1,9.3E0,-1.155E1));
#878=LINE('',#877,#876);
#879=DIRECTION('',(-1.E0,0.E0,0.E0));
#880=VECTOR('',#879,1.25E0);
#881=CARTESIAN_POINT('',(-2.3E1,9.3E0,-1.155E1));
#882=LINE('',#881,#880);
#883=DIRECTION('',(1.E0,0.E0,0.E0));
#884=VECTOR('',#883,7.E-1);
#885=CARTESIAN_POINT('',(-1.72E1,8.4E0,-1.155E1));
#886=LINE('',#885,#884);
#887=DIRECTION('',(0.E0,1.E0,0.E0));
#888=VECTOR('',#887,2.E0);
#889=CARTESIAN_POINT('',(-1.65E1,8.4E0,-1.155E1));
#890=LINE('',#889,#888);
#891=DIRECTION('',(0.E0,1.E0,0.E0));
#892=VECTOR('',#891,1.2E0);
#893=CARTESIAN_POINT('',(-6.E0,9.2E0,-1.155E1));
#894=LINE('',#893,#892);
#895=CARTESIAN_POINT('',(-1.8E1,9.4E0,-1.155E1));
#896=DIRECTION('',(0.E0,0.E0,1.E0));
#897=DIRECTION('',(-1.E0,0.E0,0.E0));
#898=AXIS2_PLACEMENT_3D('',#895,#896,#897);
#900=CARTESIAN_POINT('',(-1.8E1,9.4E0,-1.155E1));
#901=DIRECTION('',(0.E0,0.E0,1.E0));
#902=DIRECTION('',(1.E0,0.E0,0.E0));
#903=AXIS2_PLACEMENT_3D('',#900,#901,#902);
#905=CARTESIAN_POINT('',(0.E0,9.4E0,-1.155E1));
#906=DIRECTION('',(0.E0,0.E0,1.E0));
#907=DIRECTION('',(-1.E0,0.E0,0.E0));
#908=AXIS2_PLACEMENT_3D('',#905,#906,#907);
#910=CARTESIAN_POINT('',(0.E0,9.4E0,-1.155E1));
#911=DIRECTION('',(0.E0,0.E0,1.E0));
#912=DIRECTION('',(1.E0,0.E0,0.E0));
#913=AXIS2_PLACEMENT_3D('',#910,#911,#912);
#915=CARTESIAN_POINT('',(1.8E1,9.4E0,-1.155E1));
#916=DIRECTION('',(0.E0,0.E0,1.E0));
#917=DIRECTION('',(-1.E0,0.E0,0.E0));
#918=AXIS2_PLACEMENT_3D('',#915,#916,#917);
#920=CARTESIAN_POINT('',(1.8E1,9.4E0,-1.155E1));
#921=DIRECTION('',(0.E0,0.E0,1.E0));
#922=DIRECTION('',(1.E0,0.E0,0.E0));
#923=AXIS2_PLACEMENT_3D('',#920,#921,#922);
#925=DIRECTION('',(-1.E0,0.E0,0.E0));
#926=VECTOR('',#925,3.8E0);
#927=CARTESIAN_POINT('',(9.8E0,9.2E0,-1.155E1));
#928=LINE('',#927,#926);
#929=DIRECTION('',(0.E0,0.E0,1.E0));
#930=VECTOR('',#929,5.5E-1);
#931=CARTESIAN_POINT('',(6.E0,9.2E0,-1.155E1));
#932=LINE('',#931,#930);
#933=DIRECTION('',(1.E0,0.E0,0.E0));
#934=VECTOR('',#933,3.8E0);
#935=CARTESIAN_POINT('',(6.E0,9.2E0,-1.1E1));
#936=LINE('',#935,#934);
#937=DIRECTION('',(0.E0,0.E0,-1.E0));
#938=VECTOR('',#937,5.5E-1);
#939=CARTESIAN_POINT('',(9.8E0,9.2E0,-1.1E1));
#940=LINE('',#939,#938);
#941=DIRECTION('',(0.E0,1.E0,0.E0));
#942=VECTOR('',#941,1.2E0);
#943=CARTESIAN_POINT('',(6.E0,9.2E0,-1.155E1));
#944=LINE('',#943,#942);
#945=DIRECTION('',(0.E0,0.E0,-1.E0));
#946=VECTOR('',#945,5.5E-1);
#947=CARTESIAN_POINT('',(6.E0,1.04E1,-1.1E1));
#948=LINE('',#947,#946);
#949=DIRECTION('',(-1.E0,0.E0,0.E0));
#950=VECTOR('',#949,1.2E1);
#951=CARTESIAN_POINT('',(6.E0,1.04E1,-1.155E1));
#952=LINE('',#951,#950);
#953=DIRECTION('',(0.E0,0.E0,-1.E0));
#954=VECTOR('',#953,5.5E-1);
#955=CARTESIAN_POINT('',(-6.E0,1.04E1,-1.1E1));
#956=LINE('',#955,#954);
#957=DIRECTION('',(0.E0,1.E0,0.E0));
#958=VECTOR('',#957,1.2E0);
#959=CARTESIAN_POINT('',(-6.E0,9.2E0,-1.1E1));
#960=LINE('',#959,#958);
#961=DIRECTION('',(-1.E0,0.E0,0.E0));
#962=VECTOR('',#961,3.8E0);
#963=CARTESIAN_POINT('',(-6.E0,9.2E0,-1.155E1));
#964=LINE('',#963,#962);
#965=DIRECTION('',(0.E0,0.E0,1.E0));
#966=VECTOR('',#965,5.5E-1);
#967=CARTESIAN_POINT('',(-9.8E0,9.2E0,-1.155E1));
#968=LINE('',#967,#966);
#969=DIRECTION('',(1.E0,0.E0,0.E0));
#970=VECTOR('',#969,3.8E0);
#971=CARTESIAN_POINT('',(-9.8E0,9.2E0,-1.1E1));
#972=LINE('',#971,#970);
#973=DIRECTION('',(0.E0,0.E0,-1.E0));
#974=VECTOR('',#973,5.5E-1);
#975=CARTESIAN_POINT('',(-6.E0,9.2E0,-1.1E1));
#976=LINE('',#975,#974);
#977=DIRECTION('',(0.E0,1.E0,0.E0));
#978=VECTOR('',#977,1.2E0);
#979=CARTESIAN_POINT('',(-9.8E0,9.2E0,-1.155E1));
#980=LINE('',#979,#978);
#981=DIRECTION('',(0.E0,0.E0,-1.E0));
#982=VECTOR('',#981,5.5E-1);
#983=CARTESIAN_POINT('',(-9.8E0,1.04E1,-1.1E1));
#984=LINE('',#983,#982);
#985=DIRECTION('',(-1.E0,0.E0,0.E0));
#986=VECTOR('',#985,6.7E0);
#987=CARTESIAN_POINT('',(-9.8E0,1.04E1,-1.155E1));
#988=LINE('',#987,#986);
#989=DIRECTION('',(0.E0,9.544799780350E-1,2.982749931359E-1));
#990=VECTOR('',#989,1.676305461424E0);
#991=CARTESIAN_POINT('',(-1.65E1,8.4E0,-1.115E1));
#992=LINE('',#991,#990);
#993=DIRECTION('',(0.E0,1.E0,4.973799150322E-14));
#994=VECTOR('',#993,2.499999999999E-1);
#995=CARTESIAN_POINT('',(-1.65E1,1.E1,-1.065E1));
#996=LINE('',#995,#994);
#997=DIRECTION('',(0.E0,1.E0,0.E0));
#998=VECTOR('',#997,1.5E-1);
#999=CARTESIAN_POINT('',(-1.65E1,1.025E1,-1.1E1));
#1000=LINE('',#999,#998);
#1001=DIRECTION('',(0.E0,0.E0,-1.E0));
#1002=VECTOR('',#1001,5.5E-1);
#1003=CARTESIAN_POINT('',(-1.65E1,1.04E1,-1.1E1));
#1004=LINE('',#1003,#1002);
#1005=DIRECTION('',(1.E0,9.643079985316E-14,0.E0));
#1006=VECTOR('',#1005,7.E-1);
#1007=CARTESIAN_POINT('',(-1.72E1,1.E1,-1.065E1));
#1008=LINE('',#1007,#1006);
#1009=DIRECTION('',(0.E0,-9.544799780350E-1,-2.982749931359E-1));
#1010=VECTOR('',#1009,1.676305461424E0);
#1011=CARTESIAN_POINT('',(-1.72E1,1.E1,-1.065E1));
#1012=LINE('',#1011,#1010);
#1013=DIRECTION('',(0.E0,1.E0,0.E0));
#1014=VECTOR('',#1013,2.E0);
#1015=CARTESIAN_POINT('',(-1.72E1,8.4E0,-1.155E1));
#1016=LINE('',#1015,#1014);
#1017=DIRECTION('',(0.E0,0.E0,1.E0));
#1018=VECTOR('',#1017,5.5E-1);
#1019=CARTESIAN_POINT('',(-1.72E1,1.04E1,-1.155E1));
#1020=LINE('',#1019,#1018);
#1021=DIRECTION('',(0.E0,0.E0,1.E0));
#1022=VECTOR('',#1021,3.5E-1);
#1023=CARTESIAN_POINT('',(-1.72E1,1.025E1,-1.1E1));
#1024=LINE('',#1023,#1022);
#1025=DIRECTION('',(1.E0,0.E0,-2.791417890486E-14));
#1026=VECTOR('',#1025,7.E-1);
#1027=CARTESIAN_POINT('',(-1.72E1,8.4E0,-1.115E1));
#1028=LINE('',#1027,#1026);
#1029=DIRECTION('',(0.E0,0.E0,-1.E0));
#1030=VECTOR('',#1029,4.E-1);
#1031=CARTESIAN_POINT('',(-1.65E1,8.4E0,-1.115E1));
#1032=LINE('',#1031,#1030);
#1033=DIRECTION('',(0.E0,0.E0,1.E0));
#1034=VECTOR('',#1033,4.E-1);
#1035=CARTESIAN_POINT('',(-1.72E1,8.4E0,-1.155E1));
#1036=LINE('',#1035,#1034);
#1037=CARTESIAN_POINT('',(-2.286E1,1.04E1,7.62E0));
#1038=DIRECTION('',(0.E0,1.E0,0.E0));
#1039=DIRECTION('',(-7.777777777778E-2,0.E0,9.969707203745E-1));
#1040=AXIS2_PLACEMENT_3D('',#1037,#1038,#1039);
#1042=CARTESIAN_POINT('',(-2.286E1,1.04E1,7.62E0));
#1043=DIRECTION('',(0.E0,1.E0,0.E0));
#1044=DIRECTION('',(1.E0,0.E0,0.E0));
#1045=AXIS2_PLACEMENT_3D('',#1042,#1043,#1044);
#1047=CARTESIAN_POINT('',(-2.286E1,1.04E1,-2.54E0));
#1048=DIRECTION('',(0.E0,1.E0,0.E0));
#1049=DIRECTION('',(-7.777777777778E-2,0.E0,9.969707203745E-1));
#1050=AXIS2_PLACEMENT_3D('',#1047,#1048,#1049);
#1052=CARTESIAN_POINT('',(-2.286E1,1.04E1,-2.54E0));
#1053=DIRECTION('',(0.E0,1.E0,0.E0));
#1054=DIRECTION('',(1.E0,0.E0,0.E0));
#1055=AXIS2_PLACEMENT_3D('',#1052,#1053,#1054);
#1057=CARTESIAN_POINT('',(-2.286E1,1.04E1,-7.62E0));
#1058=DIRECTION('',(0.E0,1.E0,0.E0));
#1059=DIRECTION('',(-7.777777777778E-2,0.E0,9.969707203745E-1));
#1060=AXIS2_PLACEMENT_3D('',#1057,#1058,#1059);
#1062=CARTESIAN_POINT('',(-2.286E1,1.04E1,-7.62E0));
#1063=DIRECTION('',(0.E0,1.E0,0.E0));
#1064=DIRECTION('',(1.E0,0.E0,0.E0));
#1065=AXIS2_PLACEMENT_3D('',#1062,#1063,#1064);
#1067=DIRECTION('',(-1.E0,0.E0,0.E0));
#1068=VECTOR('',#1067,7.05E0);
#1069=CARTESIAN_POINT('',(-1.72E1,1.04E1,-1.155E1));
#1070=LINE('',#1069,#1068);
#1071=DIRECTION('',(0.E0,0.E0,1.E0));
#1072=VECTOR('',#1071,2.31E1);
#1073=CARTESIAN_POINT('',(-2.425E1,1.04E1,-1.155E1));
#1074=LINE('',#1073,#1072);
#1075=DIRECTION('',(1.E0,0.E0,0.E0));
#1076=VECTOR('',#1075,7.05E0);
#1077=CARTESIAN_POINT('',(-2.425E1,1.04E1,1.155E1));
#1078=LINE('',#1077,#1076);
#1079=CARTESIAN_POINT('',(-2.286E1,1.04E1,-2.54E0));
#1080=DIRECTION('',(0.E0,-1.E0,0.E0));
#1081=DIRECTION('',(1.E0,0.E0,0.E0));
#1082=AXIS2_PLACEMENT_3D('',#1079,#1080,#1081);
#1084=CARTESIAN_POINT('',(-2.286E1,1.04E1,-2.54E0));
#1085=DIRECTION('',(0.E0,-1.E0,0.E0));
#1086=DIRECTION('',(0.E0,0.E0,1.E0));
#1087=AXIS2_PLACEMENT_3D('',#1084,#1085,#1086);
#1089=CARTESIAN_POINT('',(-2.286E1,1.04E1,-2.54E0));
#1090=DIRECTION('',(0.E0,-1.E0,0.E0));
#1091=DIRECTION('',(-1.E0,0.E0,0.E0));
#1092=AXIS2_PLACEMENT_3D('',#1089,#1090,#1091);
#1094=CARTESIAN_POINT('',(-2.286E1,1.04E1,-2.54E0));
#1095=DIRECTION('',(0.E0,-1.E0,0.E0));
#1096=DIRECTION('',(0.E0,0.E0,-1.E0));
#1097=AXIS2_PLACEMENT_3D('',#1094,#1095,#1096);
#1099=CARTESIAN_POINT('',(-2.286E1,1.04E1,-7.62E0));
#1100=DIRECTION('',(0.E0,-1.E0,0.E0));
#1101=DIRECTION('',(1.E0,0.E0,0.E0));
#1102=AXIS2_PLACEMENT_3D('',#1099,#1100,#1101);
#1104=CARTESIAN_POINT('',(-2.286E1,1.04E1,-7.62E0));
#1105=DIRECTION('',(0.E0,-1.E0,0.E0));
#1106=DIRECTION('',(0.E0,0.E0,1.E0));
#1107=AXIS2_PLACEMENT_3D('',#1104,#1105,#1106);
#1109=CARTESIAN_POINT('',(-2.286E1,1.04E1,-7.62E0));
#1110=DIRECTION('',(0.E0,-1.E0,0.E0));
#1111=DIRECTION('',(-1.E0,0.E0,0.E0));
#1112=AXIS2_PLACEMENT_3D('',#1109,#1110,#1111);
#1114=CARTESIAN_POINT('',(-2.286E1,1.04E1,-7.62E0));
#1115=DIRECTION('',(0.E0,-1.E0,0.E0));
#1116=DIRECTION('',(0.E0,0.E0,-1.E0));
#1117=AXIS2_PLACEMENT_3D('',#1114,#1115,#1116);
#1119=CARTESIAN_POINT('',(-2.286E1,1.04E1,7.62E0));
#1120=DIRECTION('',(0.E0,-1.E0,0.E0));
#1121=DIRECTION('',(1.E0,0.E0,0.E0));
#1122=AXIS2_PLACEMENT_3D('',#1119,#1120,#1121);
#1124=CARTESIAN_POINT('',(-2.286E1,1.04E1,7.62E0));
#1125=DIRECTION('',(0.E0,-1.E0,0.E0));
#1126=DIRECTION('',(0.E0,0.E0,1.E0));
#1127=AXIS2_PLACEMENT_3D('',#1124,#1125,#1126);
#1129=CARTESIAN_POINT('',(-2.286E1,1.04E1,7.62E0));
#1130=DIRECTION('',(0.E0,-1.E0,0.E0));
#1131=DIRECTION('',(-1.E0,0.E0,0.E0));
#1132=AXIS2_PLACEMENT_3D('',#1129,#1130,#1131);
#1134=CARTESIAN_POINT('',(-2.286E1,1.04E1,7.62E0));
#1135=DIRECTION('',(0.E0,-1.E0,0.E0));
#1136=DIRECTION('',(0.E0,0.E0,-1.E0));
#1137=AXIS2_PLACEMENT_3D('',#1134,#1135,#1136);
#1139=DIRECTION('',(1.E0,0.E0,0.E0));
#1140=VECTOR('',#1139,4.54E0);
#1141=CARTESIAN_POINT('',(-1.65E1,1.04E1,1.1E1));
#1142=LINE('',#1141,#1140);
#1143=DIRECTION('',(0.E0,-1.E0,0.E0));
#1144=VECTOR('',#1143,1.5E-1);
#1145=CARTESIAN_POINT('',(-2.3E1,1.055E1,1.1E1));
#1146=LINE('',#1145,#1144);
#1147=DIRECTION('',(1.E0,0.E0,0.E0));
#1148=VECTOR('',#1147,5.8E0);
#1149=CARTESIAN_POINT('',(-2.3E1,1.04E1,1.1E1));
#1150=LINE('',#1149,#1148);
#1151=DIRECTION('',(1.E0,0.E0,0.E0));
#1152=VECTOR('',#1151,7.E-1);
#1153=CARTESIAN_POINT('',(-1.72E1,1.025E1,1.1E1));
#1154=LINE('',#1153,#1152);
#1155=DIRECTION('',(0.E0,1.E0,0.E0));
#1156=VECTOR('',#1155,1.5E-1);
#1157=CARTESIAN_POINT('',(-1.65E1,1.025E1,1.1E1));
#1158=LINE('',#1157,#1156);
#1159=DIRECTION('',(0.E0,0.E0,-1.E0));
#1160=VECTOR('',#1159,8.4E-1);
#1161=CARTESIAN_POINT('',(-1.196E1,1.04E1,1.1E1));
#1162=LINE('',#1161,#1160);
#1163=DIRECTION('',(0.E0,-1.E0,0.E0));
#1164=VECTOR('',#1163,1.5E-1);
#1165=CARTESIAN_POINT('',(-1.196E1,1.055E1,1.1E1));
#1166=LINE('',#1165,#1164);
#1167=DIRECTION('',(0.E0,1.E0,0.E0));
#1168=VECTOR('',#1167,1.5E-1);
#1169=CARTESIAN_POINT('',(-8.36E0,1.04E1,1.016E1));
#1170=LINE('',#1169,#1168);
#1171=DIRECTION('',(0.E0,-1.E0,0.E0));
#1172=VECTOR('',#1171,1.5E-1);
#1173=CARTESIAN_POINT('',(-1.196E1,1.055E1,1.016E1));
#1174=LINE('',#1173,#1172);
#1175=DIRECTION('',(0.E0,0.E0,1.E0));
#1176=VECTOR('',#1175,1.585452703326E0);
#1177=CARTESIAN_POINT('',(-2.3E1,1.04E1,9.414547296674E0));
#1178=LINE('',#1177,#1176);
#1179=DIRECTION('',(0.E0,1.E0,0.E0));
#1180=VECTOR('',#1179,1.5E-1);
#1181=CARTESIAN_POINT('',(-2.3E1,1.04E1,9.414547296674E0));
#1182=LINE('',#1181,#1180);
#1183=DIRECTION('',(0.E0,-1.E0,0.E0));
#1184=VECTOR('',#1183,1.5E-1);
#1185=CARTESIAN_POINT('',(-2.3E1,1.055E1,5.825452703326E0));
#1186=LINE('',#1185,#1184);
#1187=DIRECTION('',(0.E0,0.E0,1.E0));
#1188=VECTOR('',#1187,6.570905406652E0);
#1189=CARTESIAN_POINT('',(-2.3E1,1.04E1,-7.454527033260E-1));
#1190=LINE('',#1189,#1188);
#1191=DIRECTION('',(0.E0,1.E0,0.E0));
#1192=VECTOR('',#1191,1.5E-1);
#1193=CARTESIAN_POINT('',(-2.3E1,1.04E1,-7.454527033260E-1));
#1194=LINE('',#1193,#1192);
#1195=DIRECTION('',(0.E0,-1.E0,0.E0));
#1196=VECTOR('',#1195,1.5E-1);
#1197=CARTESIAN_POINT('',(-2.3E1,1.055E1,-4.334547296674E0));
#1198=LINE('',#1197,#1196);
#1199=DIRECTION('',(0.E0,0.E0,1.E0));
#1200=VECTOR('',#1199,1.490905406652E0);
#1201=CARTESIAN_POINT('',(-2.3E1,1.04E1,-5.825452703326E0));
#1202=LINE('',#1201,#1200);
#1203=DIRECTION('',(0.E0,1.E0,0.E0));
#1204=VECTOR('',#1203,1.5E-1);
#1205=CARTESIAN_POINT('',(-2.3E1,1.04E1,-5.825452703326E0));
#1206=LINE('',#1205,#1204);
#1207=DIRECTION('',(0.E0,-1.E0,0.E0));
#1208=VECTOR('',#1207,1.5E-1);
#1209=CARTESIAN_POINT('',(-2.3E1,1.055E1,-9.414547296674E0));
#1210=LINE('',#1209,#1208);
#1211=DIRECTION('',(0.E0,0.E0,1.E0));
#1212=VECTOR('',#1211,1.585452703326E0);
#1213=CARTESIAN_POINT('',(-2.3E1,1.04E1,-1.1E1));
#1214=LINE('',#1213,#1212);
#1215=DIRECTION('',(0.E0,-1.E0,0.E0));
#1216=VECTOR('',#1215,1.5E-1);
#1217=CARTESIAN_POINT('',(-2.3E1,1.055E1,-1.1E1));
#1218=LINE('',#1217,#1216);
#1219=DIRECTION('',(-1.E0,0.E0,0.E0));
#1220=VECTOR('',#1219,1.2E1);
#1221=CARTESIAN_POINT('',(6.E0,1.04E1,-1.1E1));
#1222=LINE('',#1221,#1220);
#1223=DIRECTION('',(0.E0,1.E0,0.E0));
#1224=VECTOR('',#1223,1.2E0);
#1225=CARTESIAN_POINT('',(-9.8E0,9.2E0,-1.1E1));
#1226=LINE('',#1225,#1224);
#1227=DIRECTION('',(-1.E0,0.E0,0.E0));
#1228=VECTOR('',#1227,6.7E0);
#1229=CARTESIAN_POINT('',(-9.8E0,1.04E1,-1.1E1));
#1230=LINE('',#1229,#1228);
#1231=DIRECTION('',(-1.E0,0.E0,0.E0));
#1232=VECTOR('',#1231,7.E-1);
#1233=CARTESIAN_POINT('',(-1.65E1,1.025E1,-1.1E1));
#1234=LINE('',#1233,#1232);
#1235=DIRECTION('',(0.E0,1.E0,0.E0));
#1236=VECTOR('',#1235,1.5E-1);
#1237=CARTESIAN_POINT('',(-1.72E1,1.025E1,-1.1E1));
#1238=LINE('',#1237,#1236);
#1239=DIRECTION('',(-1.E0,0.E0,0.E0));
#1240=VECTOR('',#1239,5.8E0);
#1241=CARTESIAN_POINT('',(-1.72E1,1.04E1,-1.1E1));
#1242=LINE('',#1241,#1240);
#1243=DIRECTION('',(-1.184237892933E-14,-1.E0,0.E0));
#1244=VECTOR('',#1243,1.5E-1);
#1245=CARTESIAN_POINT('',(8.36E0,1.055E1,-1.1E1));
#1246=LINE('',#1245,#1244);
#1247=DIRECTION('',(1.E0,0.E0,0.E0));
#1248=VECTOR('',#1247,1.44E0);
#1249=CARTESIAN_POINT('',(8.36E0,1.04E1,-1.1E1));
#1250=LINE('',#1249,#1248);
#1251=DIRECTION('',(0.E0,1.E0,0.E0));
#1252=VECTOR('',#1251,1.2E0);
#1253=CARTESIAN_POINT('',(6.E0,9.2E0,-1.1E1));
#1254=LINE('',#1253,#1252);
#1255=DIRECTION('',(0.E0,0.E0,1.E0));
#1256=VECTOR('',#1255,3.5E-1);
#1257=CARTESIAN_POINT('',(-1.65E1,1.025E1,-1.1E1));
#1258=LINE('',#1257,#1256);
#1259=DIRECTION('',(0.E0,1.E0,4.973799150320E-14));
#1260=VECTOR('',#1259,2.5E-1);
#1261=CARTESIAN_POINT('',(-1.72E1,1.E1,-1.065E1));
#1262=LINE('',#1261,#1260);
#1263=DIRECTION('',(1.E0,0.E0,0.E0));
#1264=VECTOR('',#1263,7.E-1);
#1265=CARTESIAN_POINT('',(-1.72E1,1.025E1,-1.065E1));
#1266=LINE('',#1265,#1264);
#1267=DIRECTION('',(1.903239470786E-14,0.E0,-1.E0));
#1268=VECTOR('',#1267,8.399999999999E-1);
#1269=CARTESIAN_POINT('',(8.36E0,1.04E1,-1.016E1));
#1270=LINE('',#1269,#1268);
#1271=CARTESIAN_POINT('',(1.016E1,1.04E1,-1.016E1));
#1272=DIRECTION('',(0.E0,1.E0,0.E0));
#1273=DIRECTION('',(-1.E0,0.E0,-1.371742225981E-13));
#1274=AXIS2_PLACEMENT_3D('',#1271,#1272,#1273);
#1276=DIRECTION('',(-1.E0,0.E0,0.E0));
#1277=VECTOR('',#1276,6.7E0);
#1278=CARTESIAN_POINT('',(1.65E1,1.04E1,-1.155E1));
#1279=LINE('',#1278,#1277);
#1280=CARTESIAN_POINT('',(1.016E1,1.04E1,-1.016E1));
#1281=DIRECTION('',(0.E0,-1.E0,0.E0));
#1282=DIRECTION('',(1.E0,0.E0,0.E0));
#1283=AXIS2_PLACEMENT_3D('',#1280,#1281,#1282);
#1285=CARTESIAN_POINT('',(1.016E1,1.04E1,-1.016E1));
#1286=DIRECTION('',(0.E0,-1.E0,0.E0));
#1287=DIRECTION('',(0.E0,0.E0,1.E0));
#1288=AXIS2_PLACEMENT_3D('',#1285,#1286,#1287);
#1290=CARTESIAN_POINT('',(1.016E1,1.04E1,-1.016E1));
#1291=DIRECTION('',(0.E0,-1.E0,0.E0));
#1292=DIRECTION('',(-1.E0,0.E0,0.E0));
#1293=AXIS2_PLACEMENT_3D('',#1290,#1291,#1292);
#1295=CARTESIAN_POINT('',(1.016E1,1.04E1,-1.016E1));
#1296=DIRECTION('',(0.E0,-1.E0,0.E0));
#1297=DIRECTION('',(0.E0,0.E0,-1.E0));
#1298=AXIS2_PLACEMENT_3D('',#1295,#1296,#1297);
#1300=DIRECTION('',(0.E0,0.E0,-1.E0));
#1301=VECTOR('',#1300,5.5E-1);
#1302=CARTESIAN_POINT('',(9.8E0,1.04E1,-1.1E1));
#1303=LINE('',#1302,#1301);
#1304=DIRECTION('',(0.E0,1.E0,0.E0));
#1305=VECTOR('',#1304,1.2E0);
#1306=CARTESIAN_POINT('',(9.8E0,9.2E0,-1.1E1));
#1307=LINE('',#1306,#1305);
#1308=DIRECTION('',(0.E0,1.E0,3.789561257387E-13));
#1309=VECTOR('',#1308,1.5E-1);
#1310=CARTESIAN_POINT('',(8.36E0,1.04E1,-1.016E1));
#1311=LINE('',#1310,#1309);
#1312=DIRECTION('',(0.E0,-1.E0,-4.144832625267E-13));
#1313=VECTOR('',#1312,1.5E-1);
#1314=CARTESIAN_POINT('',(1.196E1,1.055E1,-1.016E1));
#1315=LINE('',#1314,#1313);
#1316=DIRECTION('',(2.114710523096E-14,0.E0,1.E0));
#1317=VECTOR('',#1316,8.4E-1);
#1318=CARTESIAN_POINT('',(1.196E1,1.04E1,-1.1E1));
#1319=LINE('',#1318,#1317);
#1320=DIRECTION('',(0.E0,-1.E0,0.E0));
#1321=VECTOR('',#1320,1.5E-1);
#1322=CARTESIAN_POINT('',(1.196E1,1.055E1,-1.1E1));
#1323=LINE('',#1322,#1321);
#1324=DIRECTION('',(-1.E0,0.E0,0.E0));
#1325=VECTOR('',#1324,4.54E0);
#1326=CARTESIAN_POINT('',(1.65E1,1.04E1,-1.1E1));
#1327=LINE('',#1326,#1325);
#1328=DIRECTION('',(0.E0,-1.E0,0.E0));
#1329=VECTOR('',#1328,1.5E-1);
#1330=CARTESIAN_POINT('',(2.106E1,1.055E1,-1.1E1));
#1331=LINE('',#1330,#1329);
#1332=DIRECTION('',(-1.E0,0.E0,0.E0));
#1333=VECTOR('',#1332,3.86E0);
#1334=CARTESIAN_POINT('',(2.106E1,1.04E1,-1.1E1));
#1335=LINE('',#1334,#1333);
#1336=DIRECTION('',(-1.E0,0.E0,0.E0));
#1337=VECTOR('',#1336,7.E-1);
#1338=CARTESIAN_POINT('',(1.72E1,1.025E1,-1.1E1));
#1339=LINE('',#1338,#1337);
#1340=DIRECTION('',(0.E0,1.E0,0.E0));
#1341=VECTOR('',#1340,1.5E-1);
#1342=CARTESIAN_POINT('',(1.65E1,1.025E1,-1.1E1));
#1343=LINE('',#1342,#1341);
#1344=DIRECTION('',(0.E0,0.E0,-1.E0));
#1345=VECTOR('',#1344,8.4E-1);
#1346=CARTESIAN_POINT('',(2.106E1,1.04E1,-1.016E1));
#1347=LINE('',#1346,#1345);
#1348=DIRECTION('',(0.E0,1.E0,0.E0));
#1349=VECTOR('',#1348,1.5E-1);
#1350=CARTESIAN_POINT('',(2.106E1,1.04E1,-1.016E1));
#1351=LINE('',#1350,#1349);
#1352=DIRECTION('',(0.E0,-1.E0,0.E0));
#1353=VECTOR('',#1352,1.5E-1);
#1354=CARTESIAN_POINT('',(2.3E1,1.055E1,-8.365452703326E0));
#1355=LINE('',#1354,#1353);
#1356=DIRECTION('',(0.E0,0.E0,-1.E0));
#1357=VECTOR('',#1356,6.570905406652E0);
#1358=CARTESIAN_POINT('',(2.3E1,1.04E1,-1.794547296674E0));
#1359=LINE('',#1358,#1357);
#1360=DIRECTION('',(0.E0,1.E0,0.E0));
#1361=VECTOR('',#1360,1.5E-1);
#1362=CARTESIAN_POINT('',(2.3E1,1.04E1,-1.794547296674E0));
#1363=LINE('',#1362,#1361);
#1364=DIRECTION('',(0.E0,-1.E0,0.E0));
#1365=VECTOR('',#1364,1.5E-1);
#1366=CARTESIAN_POINT('',(2.3E1,1.055E1,1.794547296674E0));
#1367=LINE('',#1366,#1365);
#1368=DIRECTION('',(0.E0,0.E0,-1.E0));
#1369=VECTOR('',#1368,6.570905406652E0);
#1370=CARTESIAN_POINT('',(2.3E1,1.04E1,8.365452703326E0));
#1371=LINE('',#1370,#1369);
#1372=DIRECTION('',(0.E0,1.E0,0.E0));
#1373=VECTOR('',#1372,1.5E-1);
#1374=CARTESIAN_POINT('',(2.3E1,1.04E1,8.365452703326E0));
#1375=LINE('',#1374,#1373);
#1376=DIRECTION('',(0.E0,-1.E0,3.315866100214E-13));
#1377=VECTOR('',#1376,1.5E-1);
#1378=CARTESIAN_POINT('',(2.106E1,1.055E1,1.016E1));
#1379=LINE('',#1378,#1377);
#1380=DIRECTION('',(-2.114710523096E-14,0.E0,-1.E0));
#1381=VECTOR('',#1380,8.4E-1);
#1382=CARTESIAN_POINT('',(2.106E1,1.04E1,1.1E1));
#1383=LINE('',#1382,#1381);
#1384=DIRECTION('',(-2.368475785867E-14,-1.E0,0.E0));
#1385=VECTOR('',#1384,1.5E-1);
#1386=CARTESIAN_POINT('',(2.106E1,1.055E1,1.1E1));
#1387=LINE('',#1386,#1385);
#1388=DIRECTION('',(0.E0,9.544799780350E-1,2.982749931359E-1));
#1389=VECTOR('',#1388,1.676305461424E0);
#1390=CARTESIAN_POINT('',(1.72E1,8.4E0,-1.115E1));
#1391=LINE('',#1390,#1389);
#1392=DIRECTION('',(0.E0,1.E0,4.973799150322E-14));
#1393=VECTOR('',#1392,2.499999999999E-1);
#1394=CARTESIAN_POINT('',(1.72E1,1.E1,-1.065E1));
#1395=LINE('',#1394,#1393);
#1396=DIRECTION('',(0.E0,1.E0,0.E0));
#1397=VECTOR('',#1396,1.5E-1);
#1398=CARTESIAN_POINT('',(1.72E1,1.025E1,-1.1E1));
#1399=LINE('',#1398,#1397);
#1400=DIRECTION('',(0.E0,0.E0,-1.E0));
#1401=VECTOR('',#1400,5.5E-1);
#1402=CARTESIAN_POINT('',(1.72E1,1.04E1,-1.1E1));
#1403=LINE('',#1402,#1401);
#1404=DIRECTION('',(1.E0,9.643079985316E-14,0.E0));
#1405=VECTOR('',#1404,7.E-1);
#1406=CARTESIAN_POINT('',(1.65E1,1.E1,-1.065E1));
#1407=LINE('',#1406,#1405);
#1408=DIRECTION('',(0.E0,-9.544799780350E-1,-2.982749931359E-1));
#1409=VECTOR('',#1408,1.676305461424E0);
#1410=CARTESIAN_POINT('',(1.65E1,1.E1,-1.065E1));
#1411=LINE('',#1410,#1409);
#1412=DIRECTION('',(0.E0,1.E0,0.E0));
#1413=VECTOR('',#1412,2.E0);
#1414=CARTESIAN_POINT('',(1.65E1,8.4E0,-1.155E1));
#1415=LINE('',#1414,#1413);
#1416=DIRECTION('',(0.E0,0.E0,1.E0));
#1417=VECTOR('',#1416,5.5E-1);
#1418=CARTESIAN_POINT('',(1.65E1,1.04E1,-1.155E1));
#1419=LINE('',#1418,#1417);
#1420=DIRECTION('',(0.E0,0.E0,1.E0));
#1421=VECTOR('',#1420,3.5E-1);
#1422=CARTESIAN_POINT('',(1.65E1,1.025E1,-1.1E1));
#1423=LINE('',#1422,#1421);
#1424=DIRECTION('',(1.E0,0.E0,-2.791417890486E-14));
#1425=VECTOR('',#1424,7.E-1);
#1426=CARTESIAN_POINT('',(1.65E1,8.4E0,-1.115E1));
#1427=LINE('',#1426,#1425);
#1428=DIRECTION('',(0.E0,0.E0,-1.E0));
#1429=VECTOR('',#1428,4.E-1);
#1430=CARTESIAN_POINT('',(1.72E1,8.4E0,-1.115E1));
#1431=LINE('',#1430,#1429);
#1432=DIRECTION('',(0.E0,0.E0,1.E0));
#1433=VECTOR('',#1432,4.E-1);
#1434=CARTESIAN_POINT('',(1.65E1,8.4E0,-1.155E1));
#1435=LINE('',#1434,#1433);
#1436=DIRECTION('',(0.E0,0.E0,1.E0));
#1437=VECTOR('',#1436,3.5E-1);
#1438=CARTESIAN_POINT('',(1.72E1,1.025E1,-1.1E1));
#1439=LINE('',#1438,#1437);
#1440=DIRECTION('',(0.E0,1.E0,4.973799150320E-14));
#1441=VECTOR('',#1440,2.5E-1);
#1442=CARTESIAN_POINT('',(1.65E1,1.E1,-1.065E1));
#1443=LINE('',#1442,#1441);
#1444=DIRECTION('',(1.E0,0.E0,0.E0));
#1445=VECTOR('',#1444,7.E-1);
#1446=CARTESIAN_POINT('',(1.65E1,1.025E1,-1.065E1));
#1447=LINE('',#1446,#1445);
#1448=CARTESIAN_POINT('',(1.016E1,1.13E1,-1.016E1));
#1449=DIRECTION('',(0.E0,-1.E0,0.E0));
#1450=DIRECTION('',(1.E0,0.E0,-5.208515100700E-10));
#1451=AXIS2_PLACEMENT_3D('',#1448,#1449,#1450);
#1453=CARTESIAN_POINT('',(1.016E1,1.13E1,-1.016E1));
#1454=DIRECTION('',(0.E0,-1.E0,0.E0));
#1455=DIRECTION('',(0.E0,0.E0,1.E0));
#1456=AXIS2_PLACEMENT_3D('',#1453,#1454,#1455);
#1458=DIRECTION('',(-1.104315260749E-1,-9.938837346736E-1,6.493872531589E-11));
#1459=VECTOR('',#1458,9.055385138137E-1);
#1460=CARTESIAN_POINT('',(9.635E0,1.13E1,-1.015999999990E1));
#1461=LINE('',#1460,#1459);
#1462=CARTESIAN_POINT('',(1.016E1,1.13E1,-1.016E1));
#1463=DIRECTION('',(0.E0,-1.E0,0.E0));
#1464=DIRECTION('',(-1.E0,0.E0,0.E0));
#1465=AXIS2_PLACEMENT_3D('',#1462,#1463,#1464);
#1467=CARTESIAN_POINT('',(1.016E1,1.13E1,-1.016E1));
#1468=DIRECTION('',(0.E0,-1.E0,0.E0));
#1469=DIRECTION('',(0.E0,0.E0,-1.E0));
#1470=AXIS2_PLACEMENT_3D('',#1467,#1468,#1469);
#1472=DIRECTION('',(1.104315260748E-1,-9.938837346736E-1,5.181327186348E-11));
#1473=VECTOR('',#1472,9.055385138137E-1);
#1474=CARTESIAN_POINT('',(1.0685E1,1.13E1,-1.016000000029E1));
#1475=LINE('',#1474,#1473);
#1476=DIRECTION('',(0.E0,-1.E0,-2.146798294689E-10));
#1477=VECTOR('',#1476,5.E-1);
#1478=CARTESIAN_POINT('',(1.0685E1,1.18E1,-1.016000000018E1));
#1479=LINE('',#1478,#1477);
#1480=DIRECTION('',(0.E0,-1.E0,2.002522592193E-10));
#1481=VECTOR('',#1480,5.E-1);
#1482=CARTESIAN_POINT('',(9.635E0,1.18E1,-1.016E1));
#1483=LINE('',#1482,#1481);
#1484=DIRECTION('',(-1.E0,0.E0,0.E0));
#1485=VECTOR('',#1484,2.2E0);
#1486=CARTESIAN_POINT('',(-6.8E0,1.18E1,1.155E1));
#1487=LINE('',#1486,#1485);
#1488=DIRECTION('',(0.E0,0.E0,1.E0));
#1489=VECTOR('',#1488,8.5E-1);
#1490=CARTESIAN_POINT('',(-9.E0,1.18E1,1.155E1));
#1491=LINE('',#1490,#1489);
#1492=CARTESIAN_POINT('',(-2.47E1,1.18E1,1.2E1));
#1493=DIRECTION('',(0.E0,-1.E0,0.E0));
#1494=DIRECTION('',(0.E0,0.E0,1.E0));
#1495=AXIS2_PLACEMENT_3D('',#1492,#1493,#1494);
#1497=CARTESIAN_POINT('',(-2.47E1,1.18E1,-1.2E1));
#1498=DIRECTION('',(0.E0,-1.E0,0.E0));
#1499=DIRECTION('',(-1.E0,0.E0,1.731947918415E-13));
#1500=AXIS2_PLACEMENT_3D('',#1497,#1498,#1499);
#1502=DIRECTION('',(1.E0,0.E0,0.E0));
#1503=VECTOR('',#1502,2.2E0);
#1504=CARTESIAN_POINT('',(-9.E0,1.18E1,-1.155E1));
#1505=LINE('',#1504,#1503);
#1506=DIRECTION('',(0.E0,0.E0,-1.E0));
#1507=VECTOR('',#1506,8.5E-1);
#1508=CARTESIAN_POINT('',(-6.8E0,1.18E1,-1.155E1));
#1509=LINE('',#1508,#1507);
#1510=DIRECTION('',(1.E0,0.E0,0.E0));
#1511=VECTOR('',#1510,2.2E0);
#1512=CARTESIAN_POINT('',(6.8E0,1.18E1,-1.155E1));
#1513=LINE('',#1512,#1511);
#1514=DIRECTION('',(0.E0,0.E0,-1.E0));
#1515=VECTOR('',#1514,8.5E-1);
#1516=CARTESIAN_POINT('',(9.E0,1.18E1,-1.155E1));
#1517=LINE('',#1516,#1515);
#1518=CARTESIAN_POINT('',(2.47E1,1.18E1,-1.2E1));
#1519=DIRECTION('',(0.E0,-1.E0,0.E0));
#1520=DIRECTION('',(0.E0,0.E0,-1.E0));
#1521=AXIS2_PLACEMENT_3D('',#1518,#1519,#1520);
#1523=CARTESIAN_POINT('',(2.47E1,1.18E1,1.2E1));
#1524=DIRECTION('',(0.E0,-1.E0,0.E0));
#1525=DIRECTION('',(1.E0,0.E0,-1.731947918415E-13));
#1526=AXIS2_PLACEMENT_3D('',#1523,#1524,#1525);
#1528=DIRECTION('',(-1.E0,0.E0,0.E0));
#1529=VECTOR('',#1528,2.2E0);
#1530=CARTESIAN_POINT('',(9.E0,1.18E1,1.155E1));
#1531=LINE('',#1530,#1529);
#1532=DIRECTION('',(0.E0,0.E0,1.E0));
#1533=VECTOR('',#1532,8.5E-1);
#1534=CARTESIAN_POINT('',(6.8E0,1.18E1,1.155E1));
#1535=LINE('',#1534,#1533);
#1536=CARTESIAN_POINT('',(-1.016E1,1.18E1,2.54E0));
#1537=DIRECTION('',(0.E0,1.E0,0.E0));
#1538=DIRECTION('',(1.E0,0.E0,0.E0));
#1539=AXIS2_PLACEMENT_3D('',#1536,#1537,#1538);
#1541=CARTESIAN_POINT('',(-1.016E1,1.18E1,2.54E0));
#1542=DIRECTION('',(0.E0,1.E0,0.E0));
#1543=DIRECTION('',(-1.E0,0.E0,0.E0));
#1544=AXIS2_PLACEMENT_3D('',#1541,#1542,#1543);
#1546=CARTESIAN_POINT('',(-1.016E1,1.18E1,1.016E1));
#1547=DIRECTION('',(0.E0,1.E0,0.E0));
#1548=DIRECTION('',(1.E0,0.E0,0.E0));
#1549=AXIS2_PLACEMENT_3D('',#1546,#1547,#1548);
#1551=CARTESIAN_POINT('',(-1.016E1,1.18E1,1.016E1));
#1552=DIRECTION('',(0.E0,1.E0,0.E0));
#1553=DIRECTION('',(-1.E0,0.E0,0.E0));
#1554=AXIS2_PLACEMENT_3D('',#1551,#1552,#1553);
#1556=CARTESIAN_POINT('',(1.016E1,1.18E1,1.016E1));
#1557=DIRECTION('',(0.E0,1.E0,0.E0));
#1558=DIRECTION('',(1.E0,0.E0,0.E0));
#1559=AXIS2_PLACEMENT_3D('',#1556,#1557,#1558);
#1561=CARTESIAN_POINT('',(1.016E1,1.18E1,1.016E1));
#1562=DIRECTION('',(0.E0,1.E0,0.E0));
#1563=DIRECTION('',(-1.E0,0.E0,0.E0));
#1564=AXIS2_PLACEMENT_3D('',#1561,#1562,#1563);
#1566=CARTESIAN_POINT('',(1.016E1,1.18E1,0.E0));
#1567=DIRECTION('',(0.E0,1.E0,0.E0));
#1568=DIRECTION('',(1.E0,0.E0,0.E0));
#1569=AXIS2_PLACEMENT_3D('',#1566,#1567,#1568);
#1571=CARTESIAN_POINT('',(1.016E1,1.18E1,0.E0));
#1572=DIRECTION('',(0.E0,1.E0,0.E0));
#1573=DIRECTION('',(-1.E0,0.E0,0.E0));
#1574=AXIS2_PLACEMENT_3D('',#1571,#1572,#1573);
#1576=CARTESIAN_POINT('',(1.016E1,1.18E1,-1.016E1));
#1577=DIRECTION('',(0.E0,1.E0,0.E0));
#1578=DIRECTION('',(1.E0,0.E0,0.E0));
#1579=AXIS2_PLACEMENT_3D('',#1576,#1577,#1578);
#1581=CARTESIAN_POINT('',(1.016E1,1.18E1,-1.016E1));
#1582=DIRECTION('',(0.E0,1.E0,0.E0));
#1583=DIRECTION('',(-1.E0,0.E0,0.E0));
#1584=AXIS2_PLACEMENT_3D('',#1581,#1582,#1583);
#1586=CARTESIAN_POINT('',(-1.016E1,1.18E1,-2.54E0));
#1587=DIRECTION('',(0.E0,1.E0,0.E0));
#1588=DIRECTION('',(1.E0,0.E0,0.E0));
#1589=AXIS2_PLACEMENT_3D('',#1586,#1587,#1588);
#1591=CARTESIAN_POINT('',(-1.016E1,1.18E1,-2.54E0));
#1592=DIRECTION('',(0.E0,1.E0,0.E0));
#1593=DIRECTION('',(-1.E0,0.E0,0.E0));
#1594=AXIS2_PLACEMENT_3D('',#1591,#1592,#1593);
#1596=DIRECTION('',(0.E0,0.E0,-1.E0));
#1597=VECTOR('',#1596,5.E-1);
#1598=CARTESIAN_POINT('',(-6.8E0,1.E1,1.205E1));
#1599=LINE('',#1598,#1597);
#1600=DIRECTION('',(0.E0,1.E0,0.E0));
#1601=VECTOR('',#1600,1.8E0);
#1602=CARTESIAN_POINT('',(-6.8E0,1.E1,1.155E1));
#1603=LINE('',#1602,#1601);
#1604=DIRECTION('',(0.E0,0.E0,1.E0));
#1605=VECTOR('',#1604,8.5E-1);
#1606=CARTESIAN_POINT('',(-6.8E0,1.18E1,1.155E1));
#1607=LINE('',#1606,#1605);
#1608=CARTESIAN_POINT('',(-6.8E0,1.15E1,1.24E1));
#1609=DIRECTION('',(1.E0,0.E0,0.E0));
#1610=DIRECTION('',(0.E0,1.E0,1.184237892933E-14));
#1611=AXIS2_PLACEMENT_3D('',#1608,#1609,#1610);
#1613=DIRECTION('',(0.E0,0.E0,1.E0));
#1614=VECTOR('',#1613,6.5E-1);
#1615=CARTESIAN_POINT('',(-6.8E0,1.1E1,1.205E1));
#1616=LINE('',#1615,#1614);
#1617=DIRECTION('',(1.E0,0.E0,0.E0));
#1618=VECTOR('',#1617,2.2E0);
#1619=CARTESIAN_POINT('',(-9.E0,1.1E1,1.27E1));
#1620=LINE('',#1619,#1618);
#1621=DIRECTION('',(0.E0,1.E0,0.E0));
#1622=VECTOR('',#1621,5.E-1);
#1623=CARTESIAN_POINT('',(-6.8E0,1.1E1,1.27E1));
#1624=LINE('',#1623,#1622);
#1625=DIRECTION('',(0.E0,-1.E0,0.E0));
#1626=VECTOR('',#1625,5.E-1);
#1627=CARTESIAN_POINT('',(6.8E0,1.15E1,1.27E1));
#1628=LINE('',#1627,#1626);
#1629=DIRECTION('',(1.E0,0.E0,0.E0));
#1630=VECTOR('',#1629,2.2E0);
#1631=CARTESIAN_POINT('',(6.8E0,1.1E1,1.27E1));
#1632=LINE('',#1631,#1630);
#1633=DIRECTION('',(0.E0,-1.E0,0.E0));
#1634=VECTOR('',#1633,5.E-1);
#1635=CARTESIAN_POINT('',(-9.E0,1.15E1,1.27E1));
#1636=LINE('',#1635,#1634);
#1637=CARTESIAN_POINT('',(-1.8E1,9.5E0,1.27E1));
#1638=DIRECTION('',(0.E0,0.E0,1.E0));
#1639=DIRECTION('',(-1.E0,0.E0,0.E0));
#1640=AXIS2_PLACEMENT_3D('',#1637,#1638,#1639);
#1642=CARTESIAN_POINT('',(-1.8E1,9.5E0,1.27E1));
#1643=DIRECTION('',(0.E0,0.E0,1.E0));
#1644=DIRECTION('',(1.E0,0.E0,0.E0));
#1645=AXIS2_PLACEMENT_3D('',#1642,#1643,#1644);
#1647=CARTESIAN_POINT('',(1.8E1,9.5E0,1.27E1));
#1648=DIRECTION('',(0.E0,0.E0,1.E0));
#1649=DIRECTION('',(-1.E0,0.E0,0.E0));
#1650=AXIS2_PLACEMENT_3D('',#1647,#1648,#1649);
#1652=CARTESIAN_POINT('',(1.8E1,9.5E0,1.27E1));
#1653=DIRECTION('',(0.E0,0.E0,1.E0));
#1654=DIRECTION('',(1.E0,0.E0,0.E0));
#1655=AXIS2_PLACEMENT_3D('',#1652,#1653,#1654);
#1657=DIRECTION('',(1.E0,0.E0,0.E0));
#1658=VECTOR('',#1657,1.36E1);
#1659=CARTESIAN_POINT('',(-6.8E0,1.18E1,1.24E1));
#1660=LINE('',#1659,#1658);
#1661=DIRECTION('',(-1.E0,0.E0,0.E0));
#1662=VECTOR('',#1661,1.36E1);
#1663=CARTESIAN_POINT('',(6.8E0,1.15E1,1.27E1));
#1664=LINE('',#1663,#1662);
#1665=DIRECTION('',(0.E0,0.E0,1.E0));
#1666=VECTOR('',#1665,6.5E-1);
#1667=CARTESIAN_POINT('',(6.8E0,1.1E1,1.205E1));
#1668=LINE('',#1667,#1666);
#1669=CARTESIAN_POINT('',(6.8E0,1.15E1,1.24E1));
#1670=DIRECTION('',(-1.E0,0.E0,0.E0));
#1671=DIRECTION('',(0.E0,8.289665250534E-14,1.E0));
#1672=AXIS2_PLACEMENT_3D('',#1669,#1670,#1671);
#1674=DIRECTION('',(0.E0,-1.E0,0.E0));
#1675=VECTOR('',#1674,1.8E0);
#1676=CARTESIAN_POINT('',(6.8E0,1.18E1,1.155E1));
#1677=LINE('',#1676,#1675);
#1678=DIRECTION('',(0.E0,1.E0,0.E0));
#1679=VECTOR('',#1678,1.E0);
#1680=CARTESIAN_POINT('',(6.8E0,1.E1,1.205E1));
#1681=LINE('',#1680,#1679);
#1682=DIRECTION('',(0.E0,0.E0,1.E0));
#1683=VECTOR('',#1682,6.5E-1);
#1684=CARTESIAN_POINT('',(9.E0,1.1E1,1.205E1));
#1685=LINE('',#1684,#1683);
#1686=DIRECTION('',(0.E0,0.E0,-1.E0));
#1687=VECTOR('',#1686,5.E-1);
#1688=CARTESIAN_POINT('',(9.E0,1.E1,1.205E1));
#1689=LINE('',#1688,#1687);
#1690=DIRECTION('',(0.E0,1.E0,0.E0));
#1691=VECTOR('',#1690,1.8E0);
#1692=CARTESIAN_POINT('',(9.E0,1.E1,1.155E1));
#1693=LINE('',#1692,#1691);
#1694=DIRECTION('',(0.E0,0.E0,1.E0));
#1695=VECTOR('',#1694,8.5E-1);
#1696=CARTESIAN_POINT('',(9.E0,1.18E1,1.155E1));
#1697=LINE('',#1696,#1695);
#1698=CARTESIAN_POINT('',(9.E0,1.15E1,1.24E1));
#1699=DIRECTION('',(1.E0,0.E0,0.E0));
#1700=DIRECTION('',(0.E0,1.E0,0.E0));
#1701=AXIS2_PLACEMENT_3D('',#1698,#1699,#1700);
#1703=DIRECTION('',(0.E0,-1.E0,0.E0));
#1704=VECTOR('',#1703,5.E-1);
#1705=CARTESIAN_POINT('',(9.E0,1.15E1,1.27E1));
#1706=LINE('',#1705,#1704);
#1707=DIRECTION('',(0.E0,1.E0,0.E0));
#1708=VECTOR('',#1707,1.E0);
#1709=CARTESIAN_POINT('',(9.E0,1.E1,1.205E1));
#1710=LINE('',#1709,#1708);
#1711=DIRECTION('',(-1.E0,0.E0,0.E0));
#1712=VECTOR('',#1711,2.2E0);
#1713=CARTESIAN_POINT('',(9.E0,1.1E1,1.205E1));
#1714=LINE('',#1713,#1712);
#1715=DIRECTION('',(1.E0,0.E0,0.E0));
#1716=VECTOR('',#1715,2.2E0);
#1717=CARTESIAN_POINT('',(6.8E0,1.E1,1.205E1));
#1718=LINE('',#1717,#1716);
#1719=DIRECTION('',(0.E0,0.E0,-1.E0));
#1720=VECTOR('',#1719,5.E-1);
#1721=CARTESIAN_POINT('',(6.8E0,1.E1,1.205E1));
#1722=LINE('',#1721,#1720);
#1723=DIRECTION('',(-1.E0,0.E0,0.E0));
#1724=VECTOR('',#1723,2.2E0);
#1725=CARTESIAN_POINT('',(9.E0,1.E1,1.155E1));
#1726=LINE('',#1725,#1724);
#1727=DIRECTION('',(1.E0,0.E0,0.E0));
#1728=VECTOR('',#1727,1.57E1);
#1729=CARTESIAN_POINT('',(9.E0,1.18E1,1.24E1));
#1730=LINE('',#1729,#1728);
#1731=DIRECTION('',(-1.E0,0.E0,0.E0));
#1732=VECTOR('',#1731,1.569999999998E1);
#1733=CARTESIAN_POINT('',(2.469999999998E1,1.15E1,1.27E1));
#1734=LINE('',#1733,#1732);
#1735=CARTESIAN_POINT('',(2.51E1,1.15E1,1.2E1));
#1736=DIRECTION('',(0.E0,0.E0,-1.E0));
#1737=DIRECTION('',(1.184237892933E-14,1.E0,0.E0));
#1738=AXIS2_PLACEMENT_3D('',#1735,#1736,#1737);
#1740=CARTESIAN_POINT('',(2.47E1,1.15E1,1.2E1));
#1741=DIRECTION('',(0.E0,-1.E0,0.E0));
#1742=DIRECTION('',(1.E0,0.E0,3.136031117330E-10));
#1743=AXIS2_PLACEMENT_3D('',#1740,#1741,#1742);
#1745=CARTESIAN_POINT('',(2.47E1,1.15E1,1.24E1));
#1746=DIRECTION('',(-1.E0,0.E0,0.E0));
#1747=DIRECTION('',(0.E0,0.E0,1.E0));
#1748=AXIS2_PLACEMENT_3D('',#1745,#1746,#1747);
#1750=DIRECTION('',(0.E0,0.E0,-1.E0));
#1751=VECTOR('',#1750,2.4E1);
#1752=CARTESIAN_POINT('',(2.51E1,1.18E1,1.2E1));
#1753=LINE('',#1752,#1751);
#1754=DIRECTION('',(0.E0,0.E0,1.E0));
#1755=VECTOR('',#1754,2.400000000029E1);
#1756=CARTESIAN_POINT('',(2.54E1,1.15E1,-1.200000000018E1));
#1757=LINE('',#1756,#1755);
#1758=CARTESIAN_POINT('',(2.47E1,1.15E1,-1.24E1));
#1759=DIRECTION('',(-1.E0,0.E0,0.E0));
#1760=DIRECTION('',(0.E0,1.E0,0.E0));
#1761=AXIS2_PLACEMENT_3D('',#1758,#1759,#1760);
#1763=CARTESIAN_POINT('',(2.47E1,1.15E1,-1.2E1));
#1764=DIRECTION('',(0.E0,-1.E0,0.E0));
#1765=DIRECTION('',(0.E0,0.E0,-1.E0));
#1766=AXIS2_PLACEMENT_3D('',#1763,#1764,#1765);
#1768=CARTESIAN_POINT('',(2.51E1,1.15E1,-1.2E1));
#1769=DIRECTION('',(0.E0,0.E0,1.E0));
#1770=DIRECTION('',(1.E0,0.E0,0.E0));
#1771=AXIS2_PLACEMENT_3D('',#1768,#1769,#1770);
#1773=DIRECTION('',(1.E0,0.E0,0.E0));
#1774=VECTOR('',#1773,1.569999999997E1);
#1775=CARTESIAN_POINT('',(9.E0,1.15E1,-1.27E1));
#1776=LINE('',#1775,#1774);
#1777=DIRECTION('',(-1.E0,0.E0,0.E0));
#1778=VECTOR('',#1777,1.57E1);
#1779=CARTESIAN_POINT('',(2.47E1,1.18E1,-1.24E1));
#1780=LINE('',#1779,#1778);
#1781=DIRECTION('',(0.E0,0.E0,-1.E0));
#1782=VECTOR('',#1781,6.5E-1);
#1783=CARTESIAN_POINT('',(9.E0,1.1E1,-1.205E1));
#1784=LINE('',#1783,#1782);
#1785=CARTESIAN_POINT('',(9.E0,1.15E1,-1.24E1));
#1786=DIRECTION('',(1.E0,0.E0,0.E0));
#1787=DIRECTION('',(0.E0,8.881784197001E-14,-1.E0));
#1788=AXIS2_PLACEMENT_3D('',#1785,#1786,#1787);
#1790=DIRECTION('',(0.E0,-1.E0,0.E0));
#1791=VECTOR('',#1790,1.8E0);
#1792=CARTESIAN_POINT('',(9.E0,1.18E1,-1.155E1));
#1793=LINE('',#1792,#1791);
#1794=DIRECTION('',(0.E0,1.E0,0.E0));
#1795=VECTOR('',#1794,1.E0);
#1796=CARTESIAN_POINT('',(9.E0,1.E1,-1.205E1));
#1797=LINE('',#1796,#1795);
#1798=DIRECTION('',(0.E0,0.E0,-1.E0));
#1799=VECTOR('',#1798,6.5E-1);
#1800=CARTESIAN_POINT('',(6.8E0,1.1E1,-1.205E1));
#1801=LINE('',#1800,#1799);
#1802=DIRECTION('',(0.E0,0.E0,1.E0));
#1803=VECTOR('',#1802,5.E-1);
#1804=CARTESIAN_POINT('',(6.8E0,1.E1,-1.205E1));
#1805=LINE('',#1804,#1803);
#1806=DIRECTION('',(0.E0,1.E0,0.E0));
#1807=VECTOR('',#1806,1.8E0);
#1808=CARTESIAN_POINT('',(6.8E0,1.E1,-1.155E1));
#1809=LINE('',#1808,#1807);
#1810=DIRECTION('',(0.E0,0.E0,-1.E0));
#1811=VECTOR('',#1810,8.5E-1);
#1812=CARTESIAN_POINT('',(6.8E0,1.18E1,-1.155E1));
#1813=LINE('',#1812,#1811);
#1814=CARTESIAN_POINT('',(6.8E0,1.15E1,-1.24E1));
#1815=DIRECTION('',(-1.E0,0.E0,0.E0));
#1816=DIRECTION('',(0.E0,1.E0,-1.184237892933E-14));
#1817=AXIS2_PLACEMENT_3D('',#1814,#1815,#1816);
#1819=DIRECTION('',(0.E0,1.E0,0.E0));
#1820=VECTOR('',#1819,1.E0);
#1821=CARTESIAN_POINT('',(6.8E0,1.E1,-1.205E1));
#1822=LINE('',#1821,#1820);
#1823=DIRECTION('',(1.E0,0.E0,0.E0));
#1824=VECTOR('',#1823,2.2E0);
#1825=CARTESIAN_POINT('',(6.8E0,1.1E1,-1.205E1));
#1826=LINE('',#1825,#1824);
#1827=DIRECTION('',(1.E0,0.E0,0.E0));
#1828=VECTOR('',#1827,2.2E0);
#1829=CARTESIAN_POINT('',(6.8E0,1.E1,-1.205E1));
#1830=LINE('',#1829,#1828);
#1831=DIRECTION('',(0.E0,0.E0,1.E0));
#1832=VECTOR('',#1831,5.E-1);
#1833=CARTESIAN_POINT('',(9.E0,1.E1,-1.205E1));
#1834=LINE('',#1833,#1832);
#1835=DIRECTION('',(1.E0,0.E0,0.E0));
#1836=VECTOR('',#1835,2.2E0);
#1837=CARTESIAN_POINT('',(6.8E0,1.E1,-1.155E1));
#1838=LINE('',#1837,#1836);
#1839=DIRECTION('',(1.E0,0.E0,0.E0));
#1840=VECTOR('',#1839,1.36E1);
#1841=CARTESIAN_POINT('',(-6.8E0,1.15E1,-1.27E1));
#1842=LINE('',#1841,#1840);
#1843=DIRECTION('',(-1.E0,0.E0,0.E0));
#1844=VECTOR('',#1843,1.36E1);
#1845=CARTESIAN_POINT('',(6.8E0,1.18E1,-1.24E1));
#1846=LINE('',#1845,#1844);
#1847=DIRECTION('',(0.E0,0.E0,-1.E0));
#1848=VECTOR('',#1847,6.5E-1);
#1849=CARTESIAN_POINT('',(-6.8E0,1.1E1,-1.205E1));
#1850=LINE('',#1849,#1848);
#1851=CARTESIAN_POINT('',(-6.8E0,1.15E1,-1.24E1));
#1852=DIRECTION('',(1.E0,0.E0,0.E0));
#1853=DIRECTION('',(0.E0,8.289665250534E-14,-1.E0));
#1854=AXIS2_PLACEMENT_3D('',#1851,#1852,#1853);
#1856=DIRECTION('',(0.E0,-1.E0,0.E0));
#1857=VECTOR('',#1856,1.8E0);
#1858=CARTESIAN_POINT('',(-6.8E0,1.18E1,-1.155E1));
#1859=LINE('',#1858,#1857);
#1860=DIRECTION('',(0.E0,1.E0,0.E0));
#1861=VECTOR('',#1860,1.E0);
#1862=CARTESIAN_POINT('',(-6.8E0,1.E1,-1.205E1));
#1863=LINE('',#1862,#1861);
#1864=DIRECTION('',(0.E0,0.E0,-1.E0));
#1865=VECTOR('',#1864,6.5E-1);
#1866=CARTESIAN_POINT('',(-9.E0,1.1E1,-1.205E1));
#1867=LINE('',#1866,#1865);
#1868=DIRECTION('',(0.E0,0.E0,1.E0));
#1869=VECTOR('',#1868,5.E-1);
#1870=CARTESIAN_POINT('',(-9.E0,1.E1,-1.205E1));
#1871=LINE('',#1870,#1869);
#1872=DIRECTION('',(0.E0,1.E0,0.E0));
#1873=VECTOR('',#1872,1.8E0);
#1874=CARTESIAN_POINT('',(-9.E0,1.E1,-1.155E1));
#1875=LINE('',#1874,#1873);
#1876=DIRECTION('',(0.E0,0.E0,-1.E0));
#1877=VECTOR('',#1876,8.5E-1);
#1878=CARTESIAN_POINT('',(-9.E0,1.18E1,-1.155E1));
#1879=LINE('',#1878,#1877);
#1880=CARTESIAN_POINT('',(-9.E0,1.15E1,-1.24E1));
#1881=DIRECTION('',(-1.E0,0.E0,0.E0));
#1882=DIRECTION('',(0.E0,1.E0,0.E0));
#1883=AXIS2_PLACEMENT_3D('',#1880,#1881,#1882);
#1885=DIRECTION('',(0.E0,-1.E0,0.E0));
#1886=VECTOR('',#1885,5.E-1);
#1887=CARTESIAN_POINT('',(-9.E0,1.15E1,-1.27E1));
#1888=LINE('',#1887,#1886);
#1889=DIRECTION('',(0.E0,1.E0,0.E0));
#1890=VECTOR('',#1889,1.E0);
#1891=CARTESIAN_POINT('',(-9.E0,1.E1,-1.205E1));
#1892=LINE('',#1891,#1890);
#1893=DIRECTION('',(1.E0,0.E0,0.E0));
#1894=VECTOR('',#1893,2.2E0);
#1895=CARTESIAN_POINT('',(-9.E0,1.1E1,-1.205E1));
#1896=LINE('',#1895,#1894);
#1897=DIRECTION('',(1.E0,0.E0,0.E0));
#1898=VECTOR('',#1897,2.2E0);
#1899=CARTESIAN_POINT('',(-9.E0,1.E1,-1.205E1));
#1900=LINE('',#1899,#1898);
#1901=DIRECTION('',(0.E0,0.E0,1.E0));
#1902=VECTOR('',#1901,5.E-1);
#1903=CARTESIAN_POINT('',(-6.8E0,1.E1,-1.205E1));
#1904=LINE('',#1903,#1902);
#1905=DIRECTION('',(1.E0,0.E0,0.E0));
#1906=VECTOR('',#1905,2.2E0);
#1907=CARTESIAN_POINT('',(-9.E0,1.E1,-1.155E1));
#1908=LINE('',#1907,#1906);
#1909=DIRECTION('',(-1.E0,0.E0,0.E0));
#1910=VECTOR('',#1909,1.57E1);
#1911=CARTESIAN_POINT('',(-9.E0,1.18E1,-1.24E1));
#1912=LINE('',#1911,#1910);
#1913=DIRECTION('',(1.E0,0.E0,0.E0));
#1914=VECTOR('',#1913,1.570000000007E1);
#1915=CARTESIAN_POINT('',(-2.470000000007E1,1.15E1,-1.27E1));
#1916=LINE('',#1915,#1914);
#1917=CARTESIAN_POINT('',(-2.51E1,1.15E1,-1.2E1));
#1918=DIRECTION('',(0.E0,0.E0,1.E0));
#1919=DIRECTION('',(-1.184237892933E-14,1.E0,0.E0));
#1920=AXIS2_PLACEMENT_3D('',#1917,#1918,#1919);
#1922=CARTESIAN_POINT('',(-2.47E1,1.15E1,-1.2E1));
#1923=DIRECTION('',(0.E0,-1.E0,0.E0));
#1924=DIRECTION('',(-1.E0,0.E0,-1.093423764230E-10));
#1925=AXIS2_PLACEMENT_3D('',#1922,#1923,#1924);
#1927=CARTESIAN_POINT('',(-2.47E1,1.15E1,-1.24E1));
#1928=DIRECTION('',(1.E0,0.E0,0.E0));
#1929=DIRECTION('',(0.E0,0.E0,-1.E0));
#1930=AXIS2_PLACEMENT_3D('',#1927,#1928,#1929);
#1932=DIRECTION('',(0.E0,0.E0,1.E0));
#1933=VECTOR('',#1932,2.4E1);
#1934=CARTESIAN_POINT('',(-2.51E1,1.18E1,-1.2E1));
#1935=LINE('',#1934,#1933);
#1936=DIRECTION('',(0.E0,0.E0,-1.E0));
#1937=VECTOR('',#1936,2.400000000022E1);
#1938=CARTESIAN_POINT('',(-2.54E1,1.15E1,1.200000000018E1));
#1939=LINE('',#1938,#1937);
#1940=CARTESIAN_POINT('',(-2.47E1,1.15E1,1.24E1));
#1941=DIRECTION('',(1.E0,0.E0,0.E0));
#1942=DIRECTION('',(0.E0,1.E0,0.E0));
#1943=AXIS2_PLACEMENT_3D('',#1940,#1941,#1942);
#1945=CARTESIAN_POINT('',(-2.47E1,1.15E1,1.2E1));
#1946=DIRECTION('',(0.E0,-1.E0,0.E0));
#1947=DIRECTION('',(0.E0,0.E0,1.E0));
#1948=AXIS2_PLACEMENT_3D('',#1945,#1946,#1947);
#1950=CARTESIAN_POINT('',(-2.51E1,1.15E1,1.2E1));
#1951=DIRECTION('',(0.E0,0.E0,-1.E0));
#1952=DIRECTION('',(-1.E0,0.E0,0.E0));
#1953=AXIS2_PLACEMENT_3D('',#1950,#1951,#1952);
#1955=DIRECTION('',(-1.E0,0.E0,0.E0));
#1956=VECTOR('',#1955,1.569999999997E1);
#1957=CARTESIAN_POINT('',(-9.E0,1.15E1,1.27E1));
#1958=LINE('',#1957,#1956);
#1959=DIRECTION('',(1.E0,0.E0,0.E0));
#1960=VECTOR('',#1959,1.57E1);
#1961=CARTESIAN_POINT('',(-2.47E1,1.18E1,1.24E1));
#1962=LINE('',#1961,#1960);
#1963=DIRECTION('',(0.E0,0.E0,1.E0));
#1964=VECTOR('',#1963,6.5E-1);
#1965=CARTESIAN_POINT('',(-9.E0,1.1E1,1.205E1));
#1966=LINE('',#1965,#1964);
#1967=CARTESIAN_POINT('',(-9.E0,1.15E1,1.24E1));
#1968=DIRECTION('',(-1.E0,0.E0,0.E0));
#1969=DIRECTION('',(0.E0,8.881784197001E-14,1.E0));
#1970=AXIS2_PLACEMENT_3D('',#1967,#1968,#1969);
#1972=DIRECTION('',(0.E0,-1.E0,0.E0));
#1973=VECTOR('',#1972,1.8E0);
#1974=CARTESIAN_POINT('',(-9.E0,1.18E1,1.155E1));
#1975=LINE('',#1974,#1973);
#1976=DIRECTION('',(0.E0,1.E0,0.E0));
#1977=VECTOR('',#1976,1.E0);
#1978=CARTESIAN_POINT('',(-9.E0,1.E1,1.205E1));
#1979=LINE('',#1978,#1977);
#1980=DIRECTION('',(-1.E0,0.E0,0.E0));
#1981=VECTOR('',#1980,2.2E0);
#1982=CARTESIAN_POINT('',(-6.8E0,1.E1,1.155E1));
#1983=LINE('',#1982,#1981);
#1984=DIRECTION('',(0.E0,0.E0,-1.E0));
#1985=VECTOR('',#1984,5.E-1);
#1986=CARTESIAN_POINT('',(-9.E0,1.E1,1.205E1));
#1987=LINE('',#1986,#1985);
#1988=DIRECTION('',(0.E0,1.E0,0.E0));
#1989=VECTOR('',#1988,1.E0);
#1990=CARTESIAN_POINT('',(-6.8E0,1.E1,1.205E1));
#1991=LINE('',#1990,#1989);
#1992=DIRECTION('',(-1.E0,0.E0,0.E0));
#1993=VECTOR('',#1992,2.2E0);
#1994=CARTESIAN_POINT('',(-6.8E0,1.1E1,1.205E1));
#1995=LINE('',#1994,#1993);
#1996=DIRECTION('',(1.E0,0.E0,0.E0));
#1997=VECTOR('',#1996,2.2E0);
#1998=CARTESIAN_POINT('',(-9.E0,1.E1,1.205E1));
#1999=LINE('',#1998,#1997);
#2000=DIRECTION('',(0.E0,1.E0,0.E0));
#2001=VECTOR('',#2000,1.08E1);
#2002=CARTESIAN_POINT('',(-2.54E1,7.E-1,1.200000000018E1));
#2003=LINE('',#2002,#2001);
#2004=DIRECTION('',(0.E0,-1.E0,0.E0));
#2005=VECTOR('',#2004,1.08E1);
#2006=CARTESIAN_POINT('',(-2.469999999997E1,1.15E1,1.27E1));
#2007=LINE('',#2006,#2005);
#2008=DIRECTION('',(0.E0,1.E0,0.E0));
#2009=VECTOR('',#2008,1.08E1);
#2010=CARTESIAN_POINT('',(-2.470000000007E1,7.E-1,-1.27E1));
#2011=LINE('',#2010,#2009);
#2012=DIRECTION('',(0.E0,-1.E0,0.E0));
#2013=VECTOR('',#2012,1.08E1);
#2014=CARTESIAN_POINT('',(-2.54E1,1.15E1,-1.200000000004E1));
#2015=LINE('',#2014,#2013);
#2016=DIRECTION('',(-1.E0,0.E0,0.E0));
#2017=VECTOR('',#2016,2.2E0);
#2018=CARTESIAN_POINT('',(9.E0,1.1E1,-1.27E1));
#2019=LINE('',#2018,#2017);
#2020=DIRECTION('',(0.E0,1.E0,0.E0));
#2021=VECTOR('',#2020,5.E-1);
#2022=CARTESIAN_POINT('',(6.8E0,1.1E1,-1.27E1));
#2023=LINE('',#2022,#2021);
#2024=DIRECTION('',(0.E0,-1.E0,0.E0));
#2025=VECTOR('',#2024,5.E-1);
#2026=CARTESIAN_POINT('',(-6.8E0,1.15E1,-1.27E1));
#2027=LINE('',#2026,#2025);
#2028=DIRECTION('',(-1.E0,0.E0,0.E0));
#2029=VECTOR('',#2028,2.2E0);
#2030=CARTESIAN_POINT('',(-6.8E0,1.1E1,-1.27E1));
#2031=LINE('',#2030,#2029);
#2032=DIRECTION('',(0.E0,-1.E0,0.E0));
#2033=VECTOR('',#2032,5.E-1);
#2034=CARTESIAN_POINT('',(9.E0,1.15E1,-1.27E1));
#2035=LINE('',#2034,#2033);
#2036=CARTESIAN_POINT('',(1.8E1,9.5E0,-1.27E1));
#2037=DIRECTION('',(0.E0,0.E0,-1.E0));
#2038=DIRECTION('',(1.E0,0.E0,0.E0));
#2039=AXIS2_PLACEMENT_3D('',#2036,#2037,#2038);
#2041=CARTESIAN_POINT('',(1.8E1,9.5E0,-1.27E1));
#2042=DIRECTION('',(0.E0,0.E0,-1.E0));
#2043=DIRECTION('',(9.373631160581E-1,-3.483538268111E-1,0.E0));
#2044=AXIS2_PLACEMENT_3D('',#2041,#2042,#2043);
#2046=CARTESIAN_POINT('',(1.8E1,9.5E0,-1.27E1));
#2047=DIRECTION('',(0.E0,0.E0,-1.E0));
#2048=DIRECTION('',(-1.E0,0.E0,0.E0));
#2049=AXIS2_PLACEMENT_3D('',#2046,#2047,#2048);
#2051=CARTESIAN_POINT('',(1.8E1,9.5E0,-1.27E1));
#2052=DIRECTION('',(0.E0,0.E0,-1.E0));
#2053=DIRECTION('',(-9.373631160581E-1,3.483538268111E-1,0.E0));
#2054=AXIS2_PLACEMENT_3D('',#2051,#2052,#2053);
#2056=CARTESIAN_POINT('',(-1.8E1,9.5E0,-1.27E1));
#2057=DIRECTION('',(0.E0,0.E0,-1.E0));
#2058=DIRECTION('',(1.E0,0.E0,0.E0));
#2059=AXIS2_PLACEMENT_3D('',#2056,#2057,#2058);
#2061=CARTESIAN_POINT('',(-1.8E1,9.5E0,-1.27E1));
#2062=DIRECTION('',(0.E0,0.E0,-1.E0));
#2063=DIRECTION('',(9.373631160581E-1,-3.483538268111E-1,0.E0));
#2064=AXIS2_PLACEMENT_3D('',#2061,#2062,#2063);
#2066=CARTESIAN_POINT('',(-1.8E1,9.5E0,-1.27E1));
#2067=DIRECTION('',(0.E0,0.E0,-1.E0));
#2068=DIRECTION('',(-1.E0,0.E0,0.E0));
#2069=AXIS2_PLACEMENT_3D('',#2066,#2067,#2068);
#2071=CARTESIAN_POINT('',(-1.8E1,9.5E0,-1.27E1));
#2072=DIRECTION('',(0.E0,0.E0,-1.E0));
#2073=DIRECTION('',(-9.373631160581E-1,3.483538268111E-1,0.E0));
#2074=AXIS2_PLACEMENT_3D('',#2071,#2072,#2073);
#2076=DIRECTION('',(1.E0,0.E0,0.E0));
#2077=VECTOR('',#2076,4.939999999997E1);
#2078=CARTESIAN_POINT('',(-2.47E1,0.E0,-1.2E1));
#2079=LINE('',#2078,#2077);
#2080=DIRECTION('',(-1.E0,0.E0,0.E0));
#2081=VECTOR('',#2080,4.940000000004E1);
#2082=CARTESIAN_POINT('',(2.469999999997E1,7.E-1,-1.27E1));
#2083=LINE('',#2082,#2081);
#2084=DIRECTION('',(0.E0,0.E0,-1.E0));
#2085=VECTOR('',#2084,2.399999999987E1);
#2086=CARTESIAN_POINT('',(-2.47E1,0.E0,1.199999999987E1));
#2087=LINE('',#2086,#2085);
#2088=DIRECTION('',(0.E0,0.E0,1.E0));
#2089=VECTOR('',#2088,2.400000000022E1);
#2090=CARTESIAN_POINT('',(-2.54E1,7.E-1,-1.200000000004E1));
#2091=LINE('',#2090,#2089);
#2092=CARTESIAN_POINT('',(-2.47E1,7.E-1,-1.2E1));
#2093=DIRECTION('',(0.E0,1.E0,0.E0));
#2094=DIRECTION('',(0.E0,0.E0,-1.E0));
#2095=AXIS2_PLACEMENT_3D('',#2092,#2093,#2094);
#2097=CARTESIAN_POINT('',(-2.47E1,7.E-1,-1.2E1));
#2098=DIRECTION('',(0.E0,0.E0,1.E0));
#2099=DIRECTION('',(-1.E0,0.E0,0.E0));
#2100=AXIS2_PLACEMENT_3D('',#2097,#2098,#2099);
#2102=CARTESIAN_POINT('',(-2.47E1,7.E-1,-1.2E1));
#2103=DIRECTION('',(1.E0,0.E0,0.E0));
#2104=DIRECTION('',(0.E0,-1.E0,0.E0));
#2105=AXIS2_PLACEMENT_3D('',#2102,#2103,#2104);
#2107=CARTESIAN_POINT('',(-2.47E1,7.E-1,1.2E1));
#2108=DIRECTION('',(0.E0,1.E0,0.E0));
#2109=DIRECTION('',(-1.E0,0.E0,5.156687775200E-10));
#2110=AXIS2_PLACEMENT_3D('',#2107,#2108,#2109);
#2112=CARTESIAN_POINT('',(-2.47E1,7.E-1,1.2E1));
#2113=DIRECTION('',(1.E0,0.E0,0.E0));
#2114=DIRECTION('',(0.E0,0.E0,1.E0));
#2115=AXIS2_PLACEMENT_3D('',#2112,#2113,#2114);
#2117=CARTESIAN_POINT('',(-2.47E1,7.E-1,1.2E1));
#2118=DIRECTION('',(0.E0,0.E0,-1.E0));
#2119=DIRECTION('',(0.E0,-1.E0,0.E0));
#2120=AXIS2_PLACEMENT_3D('',#2117,#2118,#2119);
#2122=DIRECTION('',(-1.E0,0.E0,1.678315606150E-11));
#2123=VECTOR('',#2122,4.939999999997E1);
#2124=CARTESIAN_POINT('',(2.469999999997E1,0.E0,1.199999999904E1));
#2125=LINE('',#2124,#2123);
#2126=DIRECTION('',(1.E0,0.E0,0.E0));
#2127=VECTOR('',#2126,4.939999999958E1);
#2128=CARTESIAN_POINT('',(-2.469999999997E1,7.E-1,1.27E1));
#2129=LINE('',#2128,#2127);
#2130=CARTESIAN_POINT('',(2.47E1,7.E-1,1.2E1));
#2131=DIRECTION('',(0.E0,1.E0,0.E0));
#2132=DIRECTION('',(0.E0,0.E0,1.E0));
#2133=AXIS2_PLACEMENT_3D('',#2130,#2131,#2132);
#2135=CARTESIAN_POINT('',(2.47E1,7.E-1,1.2E1));
#2136=DIRECTION('',(2.171428870046E-9,3.727571745545E-9,-1.E0));
#2137=DIRECTION('',(1.E0,0.E0,2.171428751093E-9));
#2138=AXIS2_PLACEMENT_3D('',#2135,#2136,#2137);
#2140=CARTESIAN_POINT('',(2.47E1,7.E-1,1.2E1));
#2141=DIRECTION('',(-1.E0,0.E0,-2.171428870046E-9));
#2142=DIRECTION('',(0.E0,-1.E0,0.E0));
#2143=AXIS2_PLACEMENT_3D('',#2140,#2141,#2142);
#2145=DIRECTION('',(3.510739024595E-11,1.E0,0.E0));
#2146=VECTOR('',#2145,1.08E1);
#2147=CARTESIAN_POINT('',(2.469999999961E1,7.E-1,1.27E1));
#2148=LINE('',#2147,#2146);
#2149=DIRECTION('',(0.E0,-1.E0,1.881819802865E-11));
#2150=VECTOR('',#2149,1.08E1);
#2151=CARTESIAN_POINT('',(2.54E1,1.15E1,1.200000000011E1));
#2152=LINE('',#2151,#2150);
#2153=DIRECTION('',(0.E0,1.E0,0.E0));
#2154=VECTOR('',#2153,1.08E1);
#2155=CARTESIAN_POINT('',(2.54E1,7.E-1,-1.200000000018E1));
#2156=LINE('',#2155,#2154);
#2157=DIRECTION('',(0.E0,-1.E0,0.E0));
#2158=VECTOR('',#2157,1.08E1);
#2159=CARTESIAN_POINT('',(2.469999999997E1,1.15E1,-1.27E1));
#2160=LINE('',#2159,#2158);
#2161=CARTESIAN_POINT('',(2.47E1,7.E-1,-1.2E1));
#2162=DIRECTION('',(0.E0,1.E0,0.E0));
#2163=DIRECTION('',(1.E0,0.E0,-5.128976608505E-10));
#2164=AXIS2_PLACEMENT_3D('',#2161,#2162,#2163);
#2166=CARTESIAN_POINT('',(2.47E1,7.E-1,-1.2E1));
#2167=DIRECTION('',(-1.E0,0.E0,0.E0));
#2168=DIRECTION('',(0.E0,0.E0,-1.E0));
#2169=AXIS2_PLACEMENT_3D('',#2166,#2167,#2168);
#2171=CARTESIAN_POINT('',(2.47E1,7.E-1,-1.2E1));
#2172=DIRECTION('',(0.E0,0.E0,1.E0));
#2173=DIRECTION('',(0.E0,-1.E0,0.E0));
#2174=AXIS2_PLACEMENT_3D('',#2171,#2172,#2173);
#2176=DIRECTION('',(3.523107731618E-14,0.E0,1.E0));
#2177=VECTOR('',#2176,2.399999999904E1);
#2178=CARTESIAN_POINT('',(2.469999999997E1,0.E0,-1.2E1));
#2179=LINE('',#2178,#2177);
#2180=DIRECTION('',(0.E0,0.E0,-1.E0));
#2181=VECTOR('',#2180,2.400000000049E1);
#2182=CARTESIAN_POINT('',(2.54E1,7.E-1,1.200000000031E1));
#2183=LINE('',#2182,#2181);
#2184=CARTESIAN_POINT('',(1.8E1,9.5E0,-1.25E1));
#2185=DIRECTION('',(0.E0,0.E0,-1.E0));
#2186=DIRECTION('',(1.E0,0.E0,0.E0));
#2187=AXIS2_PLACEMENT_3D('',#2184,#2185,#2186);
#2189=CARTESIAN_POINT('',(1.8E1,9.5E0,-1.25E1));
#2190=DIRECTION('',(0.E0,0.E0,-1.E0));
#2191=DIRECTION('',(9.373631160555E-1,-3.483538268179E-1,0.E0));
#2192=AXIS2_PLACEMENT_3D('',#2189,#2190,#2191);
#2194=CARTESIAN_POINT('',(1.755E1,9.5E0,-1.25E1));
#2195=DIRECTION('',(-5.800915303666E-14,1.E0,0.E0));
#2196=DIRECTION('',(1.E0,6.217248937901E-14,0.E0));
#2197=AXIS2_PLACEMENT_3D('',#2194,#2195,#2196);
#2199=CARTESIAN_POINT('',(1.8E1,9.5E0,-1.25E1));
#2200=DIRECTION('',(0.E0,0.E0,-1.E0));
#2201=DIRECTION('',(-1.E0,-2.813749233610E-11,0.E0));
#2202=AXIS2_PLACEMENT_3D('',#2199,#2200,#2201);
#2204=CARTESIAN_POINT('',(1.8E1,9.5E0,-1.25E1));
#2205=DIRECTION('',(0.E0,0.E0,-1.E0));
#2206=DIRECTION('',(-9.373631160555E-1,3.483538268179E-1,0.E0));
#2207=AXIS2_PLACEMENT_3D('',#2204,#2205,#2206);
#2209=CARTESIAN_POINT('',(1.845E1,9.5E0,-1.25E1));
#2210=DIRECTION('',(6.472600233565E-14,-1.E0,0.E0));
#2211=DIRECTION('',(-1.E0,-6.217248937901E-14,0.E0));
#2212=AXIS2_PLACEMENT_3D('',#2209,#2210,#2211);
#2214=DIRECTION('',(0.E0,3.552713678800E-14,-1.E0));
#2215=VECTOR('',#2214,2.E-1);
#2216=CARTESIAN_POINT('',(1.825E1,9.5E0,-1.23E1));
#2217=LINE('',#2216,#2215);
#2218=DIRECTION('',(0.E0,5.826450433233E-12,-1.E0));
#2219=VECTOR('',#2218,2.E-1);
#2220=CARTESIAN_POINT('',(1.775E1,9.499999999995E0,-1.23E1));
#2221=LINE('',#2220,#2219);
#2222=CARTESIAN_POINT('',(1.8E1,9.5E0,-1.23E1));
#2223=DIRECTION('',(0.E0,0.E0,1.E0));
#2224=DIRECTION('',(1.E0,0.E0,0.E0));
#2225=AXIS2_PLACEMENT_3D('',#2222,#2223,#2224);
#2227=CARTESIAN_POINT('',(1.8E1,9.5E0,-1.23E1));
#2228=DIRECTION('',(0.E0,0.E0,1.E0));
#2229=DIRECTION('',(-1.E0,0.E0,0.E0));
#2230=AXIS2_PLACEMENT_3D('',#2227,#2228,#2229);
#2232=CARTESIAN_POINT('',(-1.8E1,9.5E0,-1.25E1));
#2233=DIRECTION('',(0.E0,0.E0,-1.E0));
#2234=DIRECTION('',(1.E0,0.E0,0.E0));
#2235=AXIS2_PLACEMENT_3D('',#2232,#2233,#2234);
#2237=CARTESIAN_POINT('',(-1.8E1,9.5E0,-1.25E1));
#2238=DIRECTION('',(0.E0,0.E0,-1.E0));
#2239=DIRECTION('',(9.373631160555E-1,-3.483538268179E-1,0.E0));
#2240=AXIS2_PLACEMENT_3D('',#2237,#2238,#2239);
#2242=CARTESIAN_POINT('',(-1.845E1,9.5E0,-1.25E1));
#2243=DIRECTION('',(-6.122879980808E-14,1.E0,0.E0));
#2244=DIRECTION('',(1.E0,6.217248937901E-14,0.E0));
#2245=AXIS2_PLACEMENT_3D('',#2242,#2243,#2244);
#2247=CARTESIAN_POINT('',(-1.8E1,9.5E0,-1.25E1));
#2248=DIRECTION('',(0.E0,0.E0,-1.E0));
#2249=DIRECTION('',(-1.E0,-2.813749233610E-11,0.E0));
#2250=AXIS2_PLACEMENT_3D('',#2247,#2248,#2249);
#2252=CARTESIAN_POINT('',(-1.8E1,9.5E0,-1.25E1));
#2253=DIRECTION('',(0.E0,0.E0,-1.E0));
#2254=DIRECTION('',(-9.373631160555E-1,3.483538268179E-1,0.E0));
#2255=AXIS2_PLACEMENT_3D('',#2252,#2253,#2254);
#2257=CARTESIAN_POINT('',(-1.755E1,9.5E0,-1.25E1));
#2258=DIRECTION('',(6.383782391595E-14,-1.E0,0.E0));
#2259=DIRECTION('',(-1.E0,-6.217248937901E-14,0.E0));
#2260=AXIS2_PLACEMENT_3D('',#2257,#2258,#2259);
#2262=DIRECTION('',(0.E0,3.552713678800E-14,-1.E0));
#2263=VECTOR('',#2262,2.E-1);
#2264=CARTESIAN_POINT('',(-1.775E1,9.5E0,-1.23E1));
#2265=LINE('',#2264,#2263);
#2266=DIRECTION('',(0.E0,5.826450433233E-12,-1.E0));
#2267=VECTOR('',#2266,2.E-1);
#2268=CARTESIAN_POINT('',(-1.825E1,9.499999999995E0,-1.23E1));
#2269=LINE('',#2268,#2267);
#2270=CARTESIAN_POINT('',(-1.8E1,9.5E0,-1.23E1));
#2271=DIRECTION('',(0.E0,0.E0,1.E0));
#2272=DIRECTION('',(1.E0,0.E0,0.E0));
#2273=AXIS2_PLACEMENT_3D('',#2270,#2271,#2272);
#2275=CARTESIAN_POINT('',(-1.8E1,9.5E0,-1.23E1));
#2276=DIRECTION('',(0.E0,0.E0,1.E0));
#2277=DIRECTION('',(-1.E0,0.E0,0.E0));
#2278=AXIS2_PLACEMENT_3D('',#2275,#2276,#2277);
#2280=CARTESIAN_POINT('',(-1.8E1,9.5E0,1.25E1));
#2281=DIRECTION('',(0.E0,0.E0,1.E0));
#2282=DIRECTION('',(-1.E0,3.183941998941E-11,0.E0));
#2283=AXIS2_PLACEMENT_3D('',#2280,#2281,#2282);
#2285=CARTESIAN_POINT('',(-1.8E1,9.5E0,1.25E1));
#2286=DIRECTION('',(0.E0,0.E0,1.E0));
#2287=DIRECTION('',(-8.749546924154E-1,-4.842047978079E-1,0.E0));
#2288=AXIS2_PLACEMENT_3D('',#2285,#2286,#2287);
#2290=CARTESIAN_POINT('',(-1.755E1,9.500000000018E0,1.25E1));
#2291=DIRECTION('',(-4.002131959169E-11,1.E0,0.E0));
#2292=DIRECTION('',(-1.E0,-4.002131959169E-11,0.E0));
#2293=AXIS2_PLACEMENT_3D('',#2290,#2291,#2292);
#2295=CARTESIAN_POINT('',(-1.8E1,9.5E0,1.25E1));
#2296=DIRECTION('',(0.E0,0.E0,1.E0));
#2297=DIRECTION('',(1.E0,0.E0,0.E0));
#2298=AXIS2_PLACEMENT_3D('',#2295,#2296,#2297);
#2300=CARTESIAN_POINT('',(-1.8E1,9.5E0,1.25E1));
#2301=DIRECTION('',(0.E0,0.E0,1.E0));
#2302=DIRECTION('',(8.749546924154E-1,4.842047978079E-1,0.E0));
#2303=AXIS2_PLACEMENT_3D('',#2300,#2301,#2302);
#2305=CARTESIAN_POINT('',(-1.845E1,9.499999999982E0,1.25E1));
#2306=DIRECTION('',(4.003020137588E-11,-1.E0,0.E0));
#2307=DIRECTION('',(1.E0,4.003020137588E-11,0.E0));
#2308=AXIS2_PLACEMENT_3D('',#2305,#2306,#2307);
#2310=DIRECTION('',(0.E0,-3.164579709392E-11,1.E0));
#2311=VECTOR('',#2310,2.E-1);
#2312=CARTESIAN_POINT('',(-1.825E1,9.500000000005E0,1.23E1));
#2313=LINE('',#2312,#2311);
#2314=DIRECTION('',(0.E0,2.501110429876E-11,1.E0));
#2315=VECTOR('',#2314,2.E-1);
#2316=CARTESIAN_POINT('',(-1.775E1,9.5E0,1.23E1));
#2317=LINE('',#2316,#2315);
#2318=CARTESIAN_POINT('',(-1.8E1,9.5E0,1.23E1));
#2319=DIRECTION('',(0.E0,0.E0,-1.E0));
#2320=DIRECTION('',(-1.E0,0.E0,0.E0));
#2321=AXIS2_PLACEMENT_3D('',#2318,#2319,#2320);
#2323=CARTESIAN_POINT('',(-1.8E1,9.5E0,1.23E1));
#2324=DIRECTION('',(0.E0,0.E0,-1.E0));
#2325=DIRECTION('',(1.E0,0.E0,0.E0));
#2326=AXIS2_PLACEMENT_3D('',#2323,#2324,#2325);
#2328=CARTESIAN_POINT('',(1.8E1,9.5E0,1.25E1));
#2329=DIRECTION('',(0.E0,0.E0,1.E0));
#2330=DIRECTION('',(-1.E0,3.183941998941E-11,0.E0));
#2331=AXIS2_PLACEMENT_3D('',#2328,#2329,#2330);
#2333=CARTESIAN_POINT('',(1.8E1,9.5E0,1.25E1));
#2334=DIRECTION('',(0.E0,0.E0,1.E0));
#2335=DIRECTION('',(-8.749546924154E-1,-4.842047978079E-1,0.E0));
#2336=AXIS2_PLACEMENT_3D('',#2333,#2334,#2335);
#2338=CARTESIAN_POINT('',(1.845E1,9.500000000018E0,1.25E1));
#2339=DIRECTION('',(-4.002659315105E-11,1.E0,0.E0));
#2340=DIRECTION('',(-1.E0,-4.003020137588E-11,0.E0));
#2341=AXIS2_PLACEMENT_3D('',#2338,#2339,#2340);
#2343=CARTESIAN_POINT('',(1.8E1,9.5E0,1.25E1));
#2344=DIRECTION('',(0.E0,0.E0,1.E0));
#2345=DIRECTION('',(1.E0,0.E0,0.E0));
#2346=AXIS2_PLACEMENT_3D('',#2343,#2344,#2345);
#2348=CARTESIAN_POINT('',(1.8E1,9.5E0,1.25E1));
#2349=DIRECTION('',(0.E0,0.E0,1.E0));
#2350=DIRECTION('',(8.749546924154E-1,4.842047978079E-1,0.E0));
#2351=AXIS2_PLACEMENT_3D('',#2348,#2349,#2350);
#2353=CARTESIAN_POINT('',(1.755E1,9.499999999982E0,1.25E1));
#2354=DIRECTION('',(4.002659315105E-11,-1.E0,0.E0));
#2355=DIRECTION('',(1.E0,4.003020137588E-11,0.E0));
#2356=AXIS2_PLACEMENT_3D('',#2353,#2354,#2355);
#2358=DIRECTION('',(0.E0,-3.164579709392E-11,1.E0));
#2359=VECTOR('',#2358,2.E-1);
#2360=CARTESIAN_POINT('',(1.775E1,9.500000000005E0,1.23E1));
#2361=LINE('',#2360,#2359);
#2362=DIRECTION('',(0.E0,2.501110429876E-11,1.E0));
#2363=VECTOR('',#2362,2.E-1);
#2364=CARTESIAN_POINT('',(1.825E1,9.5E0,1.23E1));
#2365=LINE('',#2364,#2363);
#2366=CARTESIAN_POINT('',(1.8E1,9.5E0,1.23E1));
#2367=DIRECTION('',(0.E0,0.E0,-1.E0));
#2368=DIRECTION('',(-1.E0,0.E0,0.E0));
#2369=AXIS2_PLACEMENT_3D('',#2366,#2367,#2368);
#2371=CARTESIAN_POINT('',(1.8E1,9.5E0,1.23E1));
#2372=DIRECTION('',(0.E0,0.E0,-1.E0));
#2373=DIRECTION('',(1.E0,0.E0,0.E0));
#2374=AXIS2_PLACEMENT_3D('',#2371,#2372,#2373);
#2376=DIRECTION('',(0.E0,-1.E0,2.027951140349E-10));
#2377=VECTOR('',#2376,5.E-1);
#2378=CARTESIAN_POINT('',(-1.0685E1,1.18E1,2.54E0));
#2379=LINE('',#2378,#2377);
#2380=CARTESIAN_POINT('',(-1.016E1,1.13E1,2.54E0));
#2381=DIRECTION('',(0.E0,-1.E0,0.E0));
#2382=DIRECTION('',(1.E0,0.E0,-5.153405744468E-10));
#2383=AXIS2_PLACEMENT_3D('',#2380,#2381,#2382);
#2385=CARTESIAN_POINT('',(-1.016E1,1.13E1,2.54E0));
#2386=DIRECTION('',(0.E0,-1.E0,0.E0));
#2387=DIRECTION('',(0.E0,0.E0,1.E0));
#2388=AXIS2_PLACEMENT_3D('',#2385,#2386,#2387);
#2390=DIRECTION('',(-1.104315260748E-1,-9.938837346736E-1,6.576311207622E-11));
#2391=VECTOR('',#2390,9.055385138137E-1);
#2392=CARTESIAN_POINT('',(-1.0685E1,1.13E1,2.540000000101E0));
#2393=LINE('',#2392,#2391);
#2394=DIRECTION('',(0.E0,-1.E0,-2.146762767552E-10));
#2395=VECTOR('',#2394,5.E-1);
#2396=CARTESIAN_POINT('',(-9.635E0,1.18E1,1.015999999982E1));
#2397=LINE('',#2396,#2395);
#2398=CARTESIAN_POINT('',(-1.016E1,1.13E1,1.016E1));
#2399=DIRECTION('',(0.E0,-1.E0,0.E0));
#2400=DIRECTION('',(-1.E0,0.E0,0.E0));
#2401=AXIS2_PLACEMENT_3D('',#2398,#2399,#2400);
#2403=CARTESIAN_POINT('',(-1.016E1,1.13E1,1.016E1));
#2404=DIRECTION('',(0.E0,-1.E0,0.E0));
#2405=DIRECTION('',(0.E0,0.E0,-1.E0));
#2406=AXIS2_PLACEMENT_3D('',#2403,#2404,#2405);
#2408=DIRECTION('',(1.104315260749E-1,-9.938837346736E-1,5.181327186348E-11));
#2409=VECTOR('',#2408,9.055385138137E-1);
#2410=CARTESIAN_POINT('',(-9.635E0,1.13E1,1.015999999971E1));
#2411=LINE('',#2410,#2409);
#2412=CARTESIAN_POINT('',(-1.016E1,1.13E1,1.016E1));
#2413=DIRECTION('',(0.E0,-1.E0,0.E0));
#2414=DIRECTION('',(1.E0,0.E0,-5.208582771437E-10));
#2415=AXIS2_PLACEMENT_3D('',#2412,#2413,#2414);
#2417=CARTESIAN_POINT('',(-1.016E1,1.13E1,1.016E1));
#2418=DIRECTION('',(0.E0,-1.E0,0.E0));
#2419=DIRECTION('',(0.E0,0.E0,1.E0));
#2420=AXIS2_PLACEMENT_3D('',#2417,#2418,#2419);
#2422=DIRECTION('',(-1.104315260748E-1,-9.938837346736E-1,6.493872531589E-11));
#2423=VECTOR('',#2422,9.055385138137E-1);
#2424=CARTESIAN_POINT('',(-1.0685E1,1.13E1,1.016000000010E1));
#2425=LINE('',#2424,#2423);
#2426=DIRECTION('',(0.E0,-1.E0,2.002558119329E-10));
#2427=VECTOR('',#2426,5.E-1);
#2428=CARTESIAN_POINT('',(-1.0685E1,1.18E1,1.016E1));
#2429=LINE('',#2428,#2427);
#2430=DIRECTION('',(0.E0,-1.E0,-2.146762767552E-10));
#2431=VECTOR('',#2430,5.E-1);
#2432=CARTESIAN_POINT('',(1.0685E1,1.18E1,1.015999999982E1));
#2433=LINE('',#2432,#2431);
#2434=CARTESIAN_POINT('',(1.016E1,1.13E1,1.016E1));
#2435=DIRECTION('',(0.E0,-1.E0,0.E0));
#2436=DIRECTION('',(-1.E0,0.E0,0.E0));
#2437=AXIS2_PLACEMENT_3D('',#2434,#2435,#2436);
#2439=CARTESIAN_POINT('',(1.016E1,1.13E1,1.016E1));
#2440=DIRECTION('',(0.E0,-1.E0,0.E0));
#2441=DIRECTION('',(0.E0,0.E0,-1.E0));
#2442=AXIS2_PLACEMENT_3D('',#2439,#2440,#2441);
#2444=DIRECTION('',(1.104315260748E-1,-9.938837346736E-1,5.181327186348E-11));
#2445=VECTOR('',#2444,9.055385138137E-1);
#2446=CARTESIAN_POINT('',(1.0685E1,1.13E1,1.015999999971E1));
#2447=LINE('',#2446,#2445);
#2448=CARTESIAN_POINT('',(1.016E1,1.13E1,1.016E1));
#2449=DIRECTION('',(0.E0,-1.E0,0.E0));
#2450=DIRECTION('',(1.E0,0.E0,-5.208582771437E-10));
#2451=AXIS2_PLACEMENT_3D('',#2448,#2449,#2450);
#2453=CARTESIAN_POINT('',(1.016E1,1.13E1,1.016E1));
#2454=DIRECTION('',(0.E0,-1.E0,0.E0));
#2455=DIRECTION('',(0.E0,0.E0,1.E0));
#2456=AXIS2_PLACEMENT_3D('',#2453,#2454,#2455);
#2458=DIRECTION('',(-1.104315260749E-1,-9.938837346736E-1,6.493872531589E-11));
#2459=VECTOR('',#2458,9.055385138137E-1);
#2460=CARTESIAN_POINT('',(9.635E0,1.13E1,1.016000000010E1));
#2461=LINE('',#2460,#2459);
#2462=DIRECTION('',(0.E0,-1.E0,2.002558119329E-10));
#2463=VECTOR('',#2462,5.E-1);
#2464=CARTESIAN_POINT('',(9.635E0,1.18E1,1.016E1));
#2465=LINE('',#2464,#2463);
#2466=DIRECTION('',(0.E0,-1.E0,-2.141362687167E-10));
#2467=VECTOR('',#2466,5.E-1);
#2468=CARTESIAN_POINT('',(1.0685E1,1.18E1,-1.800796944154E-10));
#2469=LINE('',#2468,#2467);
#2470=CARTESIAN_POINT('',(1.016E1,1.13E1,0.E0));
#2471=DIRECTION('',(0.E0,-1.E0,0.E0));
#2472=DIRECTION('',(-1.E0,0.E0,0.E0));
#2473=AXIS2_PLACEMENT_3D('',#2470,#2471,#2472);
#2475=CARTESIAN_POINT('',(1.016E1,1.13E1,0.E0));
#2476=DIRECTION('',(0.E0,-1.E0,0.E0));
#2477=DIRECTION('',(0.E0,0.E0,-1.E0));
#2478=AXIS2_PLACEMENT_3D('',#2475,#2476,#2477);
#2480=DIRECTION('',(1.104315260748E-1,-9.938837346736E-1,5.050942773592E-11));
#2481=VECTOR('',#2480,9.055385138137E-1);
#2482=CARTESIAN_POINT('',(1.0685E1,1.13E1,-2.871478287737E-10));
#2483=LINE('',#2482,#2481);
#2484=CARTESIAN_POINT('',(1.016E1,1.04E1,0.E0));
#2485=DIRECTION('',(0.E0,1.E0,0.E0));
#2486=DIRECTION('',(-1.E0,0.E0,0.E0));
#2487=AXIS2_PLACEMENT_3D('',#2484,#2485,#2486);
#2489=CARTESIAN_POINT('',(1.016E1,1.04E1,0.E0));
#2490=DIRECTION('',(0.E0,1.E0,0.E0));
#2491=DIRECTION('',(1.E0,0.E0,0.E0));
#2492=AXIS2_PLACEMENT_3D('',#2489,#2490,#2491);
#2494=CARTESIAN_POINT('',(1.016E1,1.04E1,0.E0));
#2495=DIRECTION('',(0.E0,-1.E0,0.E0));
#2496=DIRECTION('',(1.E0,0.E0,0.E0));
#2497=AXIS2_PLACEMENT_3D('',#2494,#2495,#2496);
#2499=CARTESIAN_POINT('',(1.016E1,1.04E1,0.E0));
#2500=DIRECTION('',(0.E0,-1.E0,0.E0));
#2501=DIRECTION('',(0.E0,0.E0,1.E0));
#2502=AXIS2_PLACEMENT_3D('',#2499,#2500,#2501);
#2504=CARTESIAN_POINT('',(1.016E1,1.04E1,0.E0));
#2505=DIRECTION('',(0.E0,-1.E0,0.E0));
#2506=DIRECTION('',(-1.E0,0.E0,0.E0));
#2507=AXIS2_PLACEMENT_3D('',#2504,#2505,#2506);
#2509=CARTESIAN_POINT('',(1.016E1,1.04E1,0.E0));
#2510=DIRECTION('',(0.E0,-1.E0,0.E0));
#2511=DIRECTION('',(0.E0,0.E0,-1.E0));
#2512=AXIS2_PLACEMENT_3D('',#2509,#2510,#2511);
#2514=DIRECTION('',(0.E0,-1.E0,0.E0));
#2515=VECTOR('',#2514,1.5E-1);
#2516=CARTESIAN_POINT('',(1.196E1,1.055E1,0.E0));
#2517=LINE('',#2516,#2515);
#2518=DIRECTION('',(0.E0,-1.E0,0.E0));
#2519=VECTOR('',#2518,1.5E-1);
#2520=CARTESIAN_POINT('',(8.36E0,1.055E1,0.E0));
#2521=LINE('',#2520,#2519);
#2522=CARTESIAN_POINT('',(1.016E1,1.13E1,0.E0));
#2523=DIRECTION('',(0.E0,-1.E0,0.E0));
#2524=DIRECTION('',(1.E0,0.E0,-5.145134433020E-10));
#2525=AXIS2_PLACEMENT_3D('',#2522,#2523,#2524);
#2527=CARTESIAN_POINT('',(1.016E1,1.13E1,0.E0));
#2528=DIRECTION('',(0.E0,-1.E0,0.E0));
#2529=DIRECTION('',(0.E0,0.E0,1.E0));
#2530=AXIS2_PLACEMENT_3D('',#2527,#2528,#2529);
#2532=DIRECTION('',(-1.104315260749E-1,-9.938837346736E-1,6.595614796812E-11));
#2533=VECTOR('',#2532,9.055385138137E-1);
#2534=CARTESIAN_POINT('',(9.635E0,1.13E1,1.016954336665E-10));
#2535=LINE('',#2534,#2533);
#2536=DIRECTION('',(0.E0,-1.E0,2.033908030883E-10));
#2537=VECTOR('',#2536,5.E-1);
#2538=CARTESIAN_POINT('',(9.635E0,1.18E1,0.E0));
#2539=LINE('',#2538,#2537);
#2540=DIRECTION('',(0.E0,-1.E0,-2.147064748215E-10));
#2541=VECTOR('',#2540,5.E-1);
#2542=CARTESIAN_POINT('',(-9.635E0,1.18E1,-2.540000000180E0));
#2543=LINE('',#2542,#2541);
#2544=CARTESIAN_POINT('',(-1.016E1,1.13E1,-2.54E0));
#2545=DIRECTION('',(0.E0,-1.E0,0.E0));
#2546=DIRECTION('',(-1.E0,0.E0,0.E0));
#2547=AXIS2_PLACEMENT_3D('',#2544,#2545,#2546);
#2549=CARTESIAN_POINT('',(-1.016E1,1.13E1,-2.54E0));
#2550=DIRECTION('',(0.E0,-1.E0,0.E0));
#2551=DIRECTION('',(0.E0,0.E0,-1.E0));
#2552=AXIS2_PLACEMENT_3D('',#2549,#2550,#2551);
#2554=DIRECTION('',(1.104315260749E-1,-9.938837346736E-1,5.051710636225E-11));
#2555=VECTOR('',#2554,9.055385138137E-1);
#2556=CARTESIAN_POINT('',(-9.635E0,1.13E1,-2.540000000288E0));
#2557=LINE('',#2556,#2555);
#2558=CARTESIAN_POINT('',(-1.016E1,1.04E1,-2.54E0));
#2559=DIRECTION('',(0.E0,1.E0,0.E0));
#2560=DIRECTION('',(-1.E0,0.E0,0.E0));
#2561=AXIS2_PLACEMENT_3D('',#2558,#2559,#2560);
#2563=CARTESIAN_POINT('',(-1.016E1,1.04E1,-2.54E0));
#2564=DIRECTION('',(0.E0,1.E0,0.E0));
#2565=DIRECTION('',(1.E0,0.E0,0.E0));
#2566=AXIS2_PLACEMENT_3D('',#2563,#2564,#2565);
#2568=CARTESIAN_POINT('',(-1.016E1,1.04E1,-2.54E0));
#2569=DIRECTION('',(0.E0,-1.E0,0.E0));
#2570=DIRECTION('',(1.E0,0.E0,0.E0));
#2571=AXIS2_PLACEMENT_3D('',#2568,#2569,#2570);
#2573=CARTESIAN_POINT('',(-1.016E1,1.04E1,-2.54E0));
#2574=DIRECTION('',(0.E0,-1.E0,0.E0));
#2575=DIRECTION('',(0.E0,0.E0,1.E0));
#2576=AXIS2_PLACEMENT_3D('',#2573,#2574,#2575);
#2578=CARTESIAN_POINT('',(-1.016E1,1.04E1,-2.54E0));
#2579=DIRECTION('',(0.E0,-1.E0,0.E0));
#2580=DIRECTION('',(-1.E0,0.E0,0.E0));
#2581=AXIS2_PLACEMENT_3D('',#2578,#2579,#2580);
#2583=CARTESIAN_POINT('',(-1.016E1,1.04E1,-2.54E0));
#2584=DIRECTION('',(0.E0,-1.E0,0.E0));
#2585=DIRECTION('',(0.E0,0.E0,-1.E0));
#2586=AXIS2_PLACEMENT_3D('',#2583,#2584,#2585);
#2588=DIRECTION('',(0.E0,-1.E0,0.E0));
#2589=VECTOR('',#2588,1.5E-1);
#2590=CARTESIAN_POINT('',(-8.36E0,1.055E1,-2.54E0));
#2591=LINE('',#2590,#2589);
#2592=DIRECTION('',(0.E0,-1.E0,0.E0));
#2593=VECTOR('',#2592,1.5E-1);
#2594=CARTESIAN_POINT('',(-1.196E1,1.055E1,-2.54E0));
#2595=LINE('',#2594,#2593);
#2596=CARTESIAN_POINT('',(-1.016E1,1.13E1,-2.54E0));
#2597=DIRECTION('',(0.E0,-1.E0,0.E0));
#2598=DIRECTION('',(1.E0,0.E0,-5.153397285626E-10));
#2599=AXIS2_PLACEMENT_3D('',#2596,#2597,#2598);
#2601=CARTESIAN_POINT('',(-1.016E1,1.13E1,-2.54E0));
#2602=DIRECTION('',(0.E0,-1.E0,0.E0));
#2603=DIRECTION('',(0.E0,0.E0,1.E0));
#2604=AXIS2_PLACEMENT_3D('',#2601,#2602,#2603);
#2606=DIRECTION('',(-1.104315260748E-1,-9.938837346736E-1,6.576311207622E-11));
#2607=VECTOR('',#2606,9.055385138137E-1);
#2608=CARTESIAN_POINT('',(-1.0685E1,1.13E1,-2.539999999899E0));
#2609=LINE('',#2608,#2607);
#2610=DIRECTION('',(0.E0,-1.E0,2.027951140349E-10));
#2611=VECTOR('',#2610,5.E-1);
#2612=CARTESIAN_POINT('',(-1.0685E1,1.18E1,-2.54E0));
#2613=LINE('',#2612,#2611);
#2614=DIRECTION('',(0.E0,9.544799780350E-1,-2.982749931359E-1));
#2615=VECTOR('',#2614,1.676305461424E0);
#2616=CARTESIAN_POINT('',(-1.72E1,8.4E0,1.115E1));
#2617=LINE('',#2616,#2615);
#2618=DIRECTION('',(0.E0,1.E0,-4.973799150322E-14));
#2619=VECTOR('',#2618,2.499999999999E-1);
#2620=CARTESIAN_POINT('',(-1.72E1,1.E1,1.065E1));
#2621=LINE('',#2620,#2619);
#2622=DIRECTION('',(0.E0,1.E0,0.E0));
#2623=VECTOR('',#2622,1.5E-1);
#2624=CARTESIAN_POINT('',(-1.72E1,1.025E1,1.1E1));
#2625=LINE('',#2624,#2623);
#2626=DIRECTION('',(0.E0,0.E0,1.E0));
#2627=VECTOR('',#2626,5.5E-1);
#2628=CARTESIAN_POINT('',(-1.72E1,1.04E1,1.1E1));
#2629=LINE('',#2628,#2627);
#2630=DIRECTION('',(-1.E0,9.643079985316E-14,0.E0));
#2631=VECTOR('',#2630,7.E-1);
#2632=CARTESIAN_POINT('',(-1.65E1,1.E1,1.065E1));
#2633=LINE('',#2632,#2631);
#2634=DIRECTION('',(0.E0,-9.544799780350E-1,2.982749931359E-1));
#2635=VECTOR('',#2634,1.676305461424E0);
#2636=CARTESIAN_POINT('',(-1.65E1,1.E1,1.065E1));
#2637=LINE('',#2636,#2635);
#2638=DIRECTION('',(0.E0,1.E0,0.E0));
#2639=VECTOR('',#2638,2.E0);
#2640=CARTESIAN_POINT('',(-1.65E1,8.4E0,1.155E1));
#2641=LINE('',#2640,#2639);
#2642=DIRECTION('',(0.E0,0.E0,-1.E0));
#2643=VECTOR('',#2642,5.5E-1);
#2644=CARTESIAN_POINT('',(-1.65E1,1.04E1,1.155E1));
#2645=LINE('',#2644,#2643);
#2646=DIRECTION('',(0.E0,0.E0,-1.E0));
#2647=VECTOR('',#2646,3.5E-1);
#2648=CARTESIAN_POINT('',(-1.65E1,1.025E1,1.1E1));
#2649=LINE('',#2648,#2647);
#2650=DIRECTION('',(-1.E0,0.E0,2.791417890486E-14));
#2651=VECTOR('',#2650,7.E-1);
#2652=CARTESIAN_POINT('',(-1.65E1,8.4E0,1.115E1));
#2653=LINE('',#2652,#2651);
#2654=DIRECTION('',(0.E0,0.E0,1.E0));
#2655=VECTOR('',#2654,4.E-1);
#2656=CARTESIAN_POINT('',(-1.72E1,8.4E0,1.115E1));
#2657=LINE('',#2656,#2655);
#2658=DIRECTION('',(1.E0,0.E0,0.E0));
#2659=VECTOR('',#2658,7.E-1);
#2660=CARTESIAN_POINT('',(-1.72E1,8.4E0,1.155E1));
#2661=LINE('',#2660,#2659);
#2662=DIRECTION('',(0.E0,0.E0,-1.E0));
#2663=VECTOR('',#2662,4.E-1);
#2664=CARTESIAN_POINT('',(-1.65E1,8.4E0,1.155E1));
#2665=LINE('',#2664,#2663);
#2666=DIRECTION('',(0.E0,0.E0,-1.E0));
#2667=VECTOR('',#2666,3.5E-1);
#2668=CARTESIAN_POINT('',(-1.72E1,1.025E1,1.1E1));
#2669=LINE('',#2668,#2667);
#2670=DIRECTION('',(0.E0,1.E0,-4.973799150320E-14));
#2671=VECTOR('',#2670,2.5E-1);
#2672=CARTESIAN_POINT('',(-1.65E1,1.E1,1.065E1));
#2673=LINE('',#2672,#2671);
#2674=DIRECTION('',(-1.E0,0.E0,0.E0));
#2675=VECTOR('',#2674,7.E-1);
#2676=CARTESIAN_POINT('',(-1.65E1,1.025E1,1.065E1));
#2677=LINE('',#2676,#2675);
#2678=DIRECTION('',(-1.104315260718E-1,-9.938837346740E-1,-8.842369448828E-11));
#2679=VECTOR('',#2678,9.055385138134E-1);
#2680=CARTESIAN_POINT('',(-2.3385E1,1.13E1,-2.539999999620E0));
#2681=LINE('',#2680,#2679);
#2682=DIRECTION('',(1.104315260739E-1,-9.938837346737E-1,1.131052750201E-10));
#2683=VECTOR('',#2682,9.055385138136E-1);
#2684=CARTESIAN_POINT('',(-2.2335E1,1.13E1,-2.540000000416E0));
#2685=LINE('',#2684,#2683);
#2686=CARTESIAN_POINT('',(-2.286E1,1.13E1,-2.54E0));
#2687=DIRECTION('',(0.E0,1.E0,0.E0));
#2688=DIRECTION('',(1.E0,0.E0,-8.721480680509E-10));
#2689=AXIS2_PLACEMENT_3D('',#2686,#2687,#2688);
#2691=CARTESIAN_POINT('',(-2.286E1,1.13E1,-2.54E0));
#2692=DIRECTION('',(0.E0,1.E0,0.E0));
#2693=DIRECTION('',(0.E0,0.E0,-1.E0));
#2694=AXIS2_PLACEMENT_3D('',#2691,#2692,#2693);
#2696=CARTESIAN_POINT('',(-2.286E1,1.13E1,-2.54E0));
#2697=DIRECTION('',(0.E0,1.E0,0.E0));
#2698=DIRECTION('',(-1.E0,0.E0,7.321601526114E-10));
#2699=AXIS2_PLACEMENT_3D('',#2696,#2697,#2698);
#2701=CARTESIAN_POINT('',(-2.286E1,1.13E1,-2.54E0));
#2702=DIRECTION('',(0.E0,1.E0,0.E0));
#2703=DIRECTION('',(0.E0,0.E0,1.E0));
#2704=AXIS2_PLACEMENT_3D('',#2701,#2702,#2703);
#2706=DIRECTION('',(-1.104315260718E-1,-9.938837346740E-1,-8.842271365929E-11));
#2707=VECTOR('',#2706,9.055385138134E-1);
#2708=CARTESIAN_POINT('',(-2.3385E1,1.13E1,-7.619999999620E0));
#2709=LINE('',#2708,#2707);
#2710=DIRECTION('',(1.104315260717E-1,-9.938837346740E-1,8.842369448828E-11));
#2711=VECTOR('',#2710,9.055385138134E-1);
#2712=CARTESIAN_POINT('',(-2.2335E1,1.13E1,-7.620000000380E0));
#2713=LINE('',#2712,#2711);
#2714=CARTESIAN_POINT('',(-2.286E1,1.13E1,-7.62E0));
#2715=DIRECTION('',(0.E0,1.E0,0.E0));
#2716=DIRECTION('',(1.E0,0.E0,-7.321584608430E-10));
#2717=AXIS2_PLACEMENT_3D('',#2714,#2715,#2716);
#2719=CARTESIAN_POINT('',(-2.286E1,1.13E1,-7.62E0));
#2720=DIRECTION('',(0.E0,1.E0,0.E0));
#2721=DIRECTION('',(0.E0,0.E0,-1.E0));
#2722=AXIS2_PLACEMENT_3D('',#2719,#2720,#2721);
#2724=CARTESIAN_POINT('',(-2.286E1,1.13E1,-7.62E0));
#2725=DIRECTION('',(0.E0,1.E0,0.E0));
#2726=DIRECTION('',(-1.E0,0.E0,7.321584608430E-10));
#2727=AXIS2_PLACEMENT_3D('',#2724,#2725,#2726);
#2729=CARTESIAN_POINT('',(-2.286E1,1.13E1,-7.62E0));
#2730=DIRECTION('',(0.E0,1.E0,0.E0));
#2731=DIRECTION('',(0.E0,0.E0,1.E0));
#2732=AXIS2_PLACEMENT_3D('',#2729,#2730,#2731);
#2734=DIRECTION('',(-1.104315260718E-1,-9.938837346740E-1,-8.842271365929E-11));
#2735=VECTOR('',#2734,9.055385138134E-1);
#2736=CARTESIAN_POINT('',(-2.3385E1,1.13E1,7.620000000380E0));
#2737=LINE('',#2736,#2735);
#2738=DIRECTION('',(1.104315260717E-1,-9.938837346740E-1,8.842369448828E-11));
#2739=VECTOR('',#2738,9.055385138134E-1);
#2740=CARTESIAN_POINT('',(-2.2335E1,1.13E1,7.619999999620E0));
#2741=LINE('',#2740,#2739);
#2742=CARTESIAN_POINT('',(-2.286E1,1.13E1,7.62E0));
#2743=DIRECTION('',(0.E0,1.E0,0.E0));
#2744=DIRECTION('',(1.E0,0.E0,-7.321584608430E-10));
#2745=AXIS2_PLACEMENT_3D('',#2742,#2743,#2744);
#2747=CARTESIAN_POINT('',(-2.286E1,1.13E1,7.62E0));
#2748=DIRECTION('',(0.E0,1.E0,0.E0));
#2749=DIRECTION('',(0.E0,0.E0,-1.E0));
#2750=AXIS2_PLACEMENT_3D('',#2747,#2748,#2749);
#2752=CARTESIAN_POINT('',(-2.286E1,1.13E1,7.62E0));
#2753=DIRECTION('',(0.E0,1.E0,0.E0));
#2754=DIRECTION('',(-1.E0,0.E0,7.321584608430E-10));
#2755=AXIS2_PLACEMENT_3D('',#2752,#2753,#2754);
#2757=CARTESIAN_POINT('',(-2.286E1,1.13E1,7.62E0));
#2758=DIRECTION('',(0.E0,1.E0,0.E0));
#2759=DIRECTION('',(0.E0,0.E0,1.E0));
#2760=AXIS2_PLACEMENT_3D('',#2757,#2758,#2759);
#2762=DIRECTION('',(0.E0,0.E0,-1.E0));
#2763=VECTOR('',#2762,1.55E0);
#2764=CARTESIAN_POINT('',(2.425E1,9.3E0,-1.E1));
#2765=LINE('',#2764,#2763);
#2766=DIRECTION('',(0.E0,-1.E0,0.E0));
#2767=VECTOR('',#2766,1.1E0);
#2768=CARTESIAN_POINT('',(2.425E1,1.04E1,1.155E1));
#2769=LINE('',#2768,#2767);
#2770=DIRECTION('',(0.E0,0.E0,-1.E0));
#2771=VECTOR('',#2770,1.55E0);
#2772=CARTESIAN_POINT('',(2.425E1,9.3E0,1.155E1));
#2773=LINE('',#2772,#2771);
#2774=DIRECTION('',(0.E0,-1.E0,0.E0));
#2775=VECTOR('',#2774,1.5E0);
#2776=CARTESIAN_POINT('',(2.425E1,9.3E0,1.E1));
#2777=LINE('',#2776,#2775);
#2778=DIRECTION('',(0.E0,0.E0,1.E0));
#2779=VECTOR('',#2778,5.E-1);
#2780=CARTESIAN_POINT('',(2.3E1,9.3E0,-1.205E1));
#2781=LINE('',#2780,#2779);
#2782=DIRECTION('',(1.E0,0.E0,0.E0));
#2783=VECTOR('',#2782,5.E-1);
#2784=CARTESIAN_POINT('',(2.425E1,9.3E0,-1.E1));
#2785=LINE('',#2784,#2783);
#2786=DIRECTION('',(0.E0,0.E0,-1.E0));
#2787=VECTOR('',#2786,1.55E0);
#2788=CARTESIAN_POINT('',(2.475E1,9.3E0,-1.E1));
#2789=LINE('',#2788,#2787);
#2790=CARTESIAN_POINT('',(2.425E1,9.3E0,-1.155E1));
#2791=DIRECTION('',(0.E0,1.E0,0.E0));
#2792=DIRECTION('',(1.E0,0.E0,0.E0));
#2793=AXIS2_PLACEMENT_3D('',#2790,#2791,#2792);
#2795=DIRECTION('',(1.E0,0.E0,0.E0));
#2796=VECTOR('',#2795,4.6E1);
#2797=CARTESIAN_POINT('',(-2.3E1,8.2E0,-1.205E1));
#2798=LINE('',#2797,#2796);
#2799=DIRECTION('',(0.E0,1.E0,0.E0));
#2800=VECTOR('',#2799,1.1E0);
#2801=CARTESIAN_POINT('',(2.3E1,8.2E0,-1.205E1));
#2802=LINE('',#2801,#2800);
#2803=DIRECTION('',(1.E0,0.E0,0.E0));
#2804=VECTOR('',#2803,1.25E0);
#2805=CARTESIAN_POINT('',(2.3E1,9.3E0,-1.205E1));
#2806=LINE('',#2805,#2804);
#2807=DIRECTION('',(1.E0,0.E0,0.E0));
#2808=VECTOR('',#2807,4.499999999728E-1);
#2809=CARTESIAN_POINT('',(2.425E1,1.1E1,-1.205E1));
#2810=LINE('',#2809,#2808);
#2811=DIRECTION('',(0.E0,1.E0,0.E0));
#2812=VECTOR('',#2811,1.1E0);
#2813=CARTESIAN_POINT('',(-2.3E1,8.2E0,-1.205E1));
#2814=LINE('',#2813,#2812);
#2815=DIRECTION('',(0.E0,-1.E0,0.E0));
#2816=VECTOR('',#2815,1.5E0);
#2817=CARTESIAN_POINT('',(-2.3E1,9.3E0,-1.155E1));
#2818=LINE('',#2817,#2816);
#2819=DIRECTION('',(0.E0,0.E0,-1.E0));
#2820=VECTOR('',#2819,3.E-1);
#2821=CARTESIAN_POINT('',(-2.3E1,7.8E0,-1.155E1));
#2822=LINE('',#2821,#2820);
#2823=DIRECTION('',(0.E0,8.944271909999E-1,-4.472135955E-1));
#2824=VECTOR('',#2823,4.472135954999E-1);
#2825=CARTESIAN_POINT('',(-2.3E1,7.8E0,-1.185E1));
#2826=LINE('',#2825,#2824);
#2827=DIRECTION('',(1.E0,0.E0,0.E0));
#2828=VECTOR('',#2827,4.6E1);
#2829=CARTESIAN_POINT('',(-2.3E1,7.8E0,-1.155E1));
#2830=LINE('',#2829,#2828);
#2831=DIRECTION('',(0.E0,0.E0,-1.E0));
#2832=VECTOR('',#2831,3.E-1);
#2833=CARTESIAN_POINT('',(2.3E1,7.8E0,-1.155E1));
#2834=LINE('',#2833,#2832);
#2835=DIRECTION('',(1.E0,0.E0,0.E0));
#2836=VECTOR('',#2835,4.6E1);
#2837=CARTESIAN_POINT('',(-2.3E1,7.8E0,-1.185E1));
#2838=LINE('',#2837,#2836);
#2839=DIRECTION('',(0.E0,-8.944271909999E-1,4.472135955E-1));
#2840=VECTOR('',#2839,4.472135955E-1);
#2841=CARTESIAN_POINT('',(2.3E1,8.2E0,-1.205E1));
#2842=LINE('',#2841,#2840);
#2843=DIRECTION('',(0.E0,-1.E0,0.E0));
#2844=VECTOR('',#2843,1.7E0);
#2845=CARTESIAN_POINT('',(2.425E1,1.1E1,-1.205E1));
#2846=LINE('',#2845,#2844);
#2847=DIRECTION('',(0.E0,1.E0,0.E0));
#2848=VECTOR('',#2847,1.7E0);
#2849=CARTESIAN_POINT('',(2.475E1,9.3E0,-1.155E1));
#2850=LINE('',#2849,#2848);
#2851=DIRECTION('',(0.E0,0.E0,1.E0));
#2852=VECTOR('',#2851,1.55E0);
#2853=CARTESIAN_POINT('',(2.475E1,9.3E0,1.E1));
#2854=LINE('',#2853,#2852);
#2855=DIRECTION('',(0.E0,1.E0,0.E0));
#2856=VECTOR('',#2855,1.1E0);
#2857=CARTESIAN_POINT('',(2.475E1,8.2E0,1.E1));
#2858=LINE('',#2857,#2856);
#2859=DIRECTION('',(1.E0,0.E0,0.E0));
#2860=VECTOR('',#2859,1.25E0);
#2861=CARTESIAN_POINT('',(2.3E1,9.3E0,1.205E1));
#2862=LINE('',#2861,#2860);
#2863=CARTESIAN_POINT('',(2.425E1,9.3E0,1.155E1));
#2864=DIRECTION('',(0.E0,1.E0,0.E0));
#2865=DIRECTION('',(0.E0,0.E0,1.E0));
#2866=AXIS2_PLACEMENT_3D('',#2863,#2864,#2865);
#2868=DIRECTION('',(-1.E0,0.E0,0.E0));
#2869=VECTOR('',#2868,5.E-1);
#2870=CARTESIAN_POINT('',(2.475E1,9.3E0,1.E1));
#2871=LINE('',#2870,#2869);
#2872=DIRECTION('',(0.E0,0.E0,1.E0));
#2873=VECTOR('',#2872,5.E-1);
#2874=CARTESIAN_POINT('',(2.3E1,9.3E0,1.155E1));
#2875=LINE('',#2874,#2873);
#2876=DIRECTION('',(0.E0,1.E0,0.E0));
#2877=VECTOR('',#2876,1.7E0);
#2878=CARTESIAN_POINT('',(2.425E1,9.3E0,1.205E1));
#2879=LINE('',#2878,#2877);
#2880=DIRECTION('',(0.E0,-1.E0,0.E0));
#2881=VECTOR('',#2880,1.7E0);
#2882=CARTESIAN_POINT('',(2.475E1,1.1E1,1.155E1));
#2883=LINE('',#2882,#2881);
#2884=DIRECTION('',(1.E0,0.E0,0.E0));
#2885=VECTOR('',#2884,4.499999999969E-1);
#2886=CARTESIAN_POINT('',(2.425E1,1.1E1,1.205E1));
#2887=LINE('',#2886,#2885);
#2888=CARTESIAN_POINT('',(2.47E1,1.1E1,1.2E1));
#2889=DIRECTION('',(0.E0,1.E0,0.E0));
#2890=DIRECTION('',(0.E0,0.E0,1.E0));
#2891=AXIS2_PLACEMENT_3D('',#2888,#2889,#2890);
#2893=DIRECTION('',(0.E0,0.E0,-1.E0));
#2894=VECTOR('',#2893,4.500000001956E-1);
#2895=CARTESIAN_POINT('',(2.475E1,1.1E1,1.200000000020E1));
#2896=LINE('',#2895,#2894);
#2897=CARTESIAN_POINT('',(2.425E1,1.1E1,1.155E1));
#2898=DIRECTION('',(0.E0,-1.E0,0.E0));
#2899=DIRECTION('',(1.E0,0.E0,0.E0));
#2900=AXIS2_PLACEMENT_3D('',#2897,#2898,#2899);
#2902=DIRECTION('',(7.484843381551E-14,-1.E0,0.E0));
#2903=VECTOR('',#2902,1.03E1);
#2904=CARTESIAN_POINT('',(2.47E1,1.1E1,1.205E1));
#2905=LINE('',#2904,#2903);
#2906=DIRECTION('',(0.E0,1.E0,1.033029109934E-11));
#2907=VECTOR('',#2906,1.03E1);
#2908=CARTESIAN_POINT('',(2.475E1,7.E-1,1.200000000009E1));
#2909=LINE('',#2908,#2907);
#2910=CARTESIAN_POINT('',(2.47E1,7.E-1,1.2E1));
#2911=DIRECTION('',(0.E0,-1.E0,0.E0));
#2912=DIRECTION('',(1.E0,0.E0,3.568274564714E-9));
#2913=AXIS2_PLACEMENT_3D('',#2910,#2911,#2912);
#2915=CARTESIAN_POINT('',(2.47E1,7.E-1,1.2E1));
#2916=DIRECTION('',(1.E0,0.E0,1.542654892717E-13));
#2917=DIRECTION('',(-1.421085471520E-13,0.E0,1.E0));
#2918=AXIS2_PLACEMENT_3D('',#2915,#2916,#2917);
#2920=CARTESIAN_POINT('',(2.47E1,7.E-1,1.2E1));
#2921=DIRECTION('',(1.245670233629E-13,0.E0,1.E0));
#2922=DIRECTION('',(0.E0,-1.E0,0.E0));
#2923=AXIS2_PLACEMENT_3D('',#2920,#2921,#2922);
#2925=DIRECTION('',(1.E0,0.E0,0.E0));
#2926=VECTOR('',#2925,4.94E1);
#2927=CARTESIAN_POINT('',(-2.47E1,6.5E-1,1.2E1));
#2928=LINE('',#2927,#2926);
#2929=DIRECTION('',(-1.E0,0.E0,0.E0));
#2930=VECTOR('',#2929,4.939999999998E1);
#2931=CARTESIAN_POINT('',(2.47E1,7.E-1,1.205E1));
#2932=LINE('',#2931,#2930);
#2933=DIRECTION('',(-1.E0,0.E0,0.E0));
#2934=VECTOR('',#2933,4.94E1);
#2935=CARTESIAN_POINT('',(2.47E1,6.5E-1,-1.2E1));
#2936=LINE('',#2935,#2934);
#2937=DIRECTION('',(1.E0,0.E0,0.E0));
#2938=VECTOR('',#2937,4.939999999998E1);
#2939=CARTESIAN_POINT('',(-2.47E1,7.E-1,-1.205E1));
#2940=LINE('',#2939,#2938);
#2941=CARTESIAN_POINT('',(-2.47E1,7.E-1,-1.2E1));
#2942=DIRECTION('',(0.E0,-1.E0,0.E0));
#2943=DIRECTION('',(-1.E0,0.E0,-3.568310091850E-9));
#2944=AXIS2_PLACEMENT_3D('',#2941,#2942,#2943);
#2946=CARTESIAN_POINT('',(-2.47E1,7.E-1,-1.2E1));
#2947=DIRECTION('',(-1.E0,0.E0,-1.542654892717E-13));
#2948=DIRECTION('',(1.421085471520E-13,0.E0,-1.E0));
#2949=AXIS2_PLACEMENT_3D('',#2946,#2947,#2948);
#2951=CARTESIAN_POINT('',(-2.47E1,7.E-1,-1.2E1));
#2952=DIRECTION('',(-1.245670233629E-13,0.E0,-1.E0));
#2953=DIRECTION('',(0.E0,-1.E0,0.E0));
#2954=AXIS2_PLACEMENT_3D('',#2951,#2952,#2953);
#2956=DIRECTION('',(-7.484843381551E-14,-1.E0,0.E0));
#2957=VECTOR('',#2956,1.03E1);
#2958=CARTESIAN_POINT('',(-2.47E1,1.1E1,-1.205E1));
#2959=LINE('',#2958,#2957);
#2960=DIRECTION('',(0.E0,1.E0,-1.033063602300E-11));
#2961=VECTOR('',#2960,1.03E1);
#2962=CARTESIAN_POINT('',(-2.475E1,7.E-1,-1.200000000009E1));
#2963=LINE('',#2962,#2961);
#2964=DIRECTION('',(0.E0,0.E0,1.E0));
#2965=VECTOR('',#2964,2.4E1);
#2966=CARTESIAN_POINT('',(-2.47E1,6.5E-1,-1.2E1));
#2967=LINE('',#2966,#2965);
#2968=DIRECTION('',(0.E0,0.E0,-1.E0));
#2969=VECTOR('',#2968,2.400000000010E1);
#2970=CARTESIAN_POINT('',(-2.475E1,7.E-1,1.200000000001E1));
#2971=LINE('',#2970,#2969);
#2972=CARTESIAN_POINT('',(-2.47E1,7.E-1,1.2E1));
#2973=DIRECTION('',(0.E0,-1.E0,0.E0));
#2974=DIRECTION('',(0.E0,0.E0,1.E0));
#2975=AXIS2_PLACEMENT_3D('',#2972,#2973,#2974);
#2977=CARTESIAN_POINT('',(-2.47E1,7.E-1,1.2E1));
#2978=DIRECTION('',(-1.239008895482E-13,0.E0,1.E0));
#2979=DIRECTION('',(-1.E0,0.E0,-1.065814103640E-13));
#2980=AXIS2_PLACEMENT_3D('',#2977,#2978,#2979);
#2982=CARTESIAN_POINT('',(-2.47E1,7.E-1,1.2E1));
#2983=DIRECTION('',(-1.E0,0.E0,1.545430450278E-13));
#2984=DIRECTION('',(0.E0,-1.E0,0.E0));
#2985=AXIS2_PLACEMENT_3D('',#2982,#2983,#2984);
#2987=CARTESIAN_POINT('',(2.47E1,7.E-1,-1.2E1));
#2988=DIRECTION('',(0.E0,-1.E0,0.E0));
#2989=DIRECTION('',(0.E0,0.E0,-1.E0));
#2990=AXIS2_PLACEMENT_3D('',#2987,#2988,#2989);
#2992=CARTESIAN_POINT('',(2.47E1,7.E-1,-1.2E1));
#2993=DIRECTION('',(1.239008895482E-13,0.E0,-1.E0));
#2994=DIRECTION('',(1.E0,0.E0,1.065814103640E-13));
#2995=AXIS2_PLACEMENT_3D('',#2992,#2993,#2994);
#2997=CARTESIAN_POINT('',(2.47E1,7.E-1,-1.2E1));
#2998=DIRECTION('',(1.E0,0.E0,-1.545430450278E-13));
#2999=DIRECTION('',(0.E0,-1.E0,0.E0));
#3000=AXIS2_PLACEMENT_3D('',#2997,#2998,#2999);
#3002=DIRECTION('',(0.E0,-1.E0,8.992159767605E-13));
#3003=VECTOR('',#3002,1.03E1);
#3004=CARTESIAN_POINT('',(2.475E1,1.1E1,-1.200000000002E1));
#3005=LINE('',#3004,#3003);
#3006=DIRECTION('',(-6.605288053304E-13,1.E0,0.E0));
#3007=VECTOR('',#3006,1.03E1);
#3008=CARTESIAN_POINT('',(2.469999999998E1,7.E-1,-1.205E1));
#3009=LINE('',#3008,#3007);
#3010=CARTESIAN_POINT('',(2.425E1,1.1E1,-1.155E1));
#3011=DIRECTION('',(0.E0,-1.E0,0.E0));
#3012=DIRECTION('',(0.E0,0.E0,-1.E0));
#3013=AXIS2_PLACEMENT_3D('',#3010,#3011,#3012);
#3015=DIRECTION('',(0.E0,0.E0,-1.E0));
#3016=VECTOR('',#3015,4.500000000170E-1);
#3017=CARTESIAN_POINT('',(2.475E1,1.1E1,-1.155E1));
#3018=LINE('',#3017,#3016);
#3019=CARTESIAN_POINT('',(2.47E1,1.1E1,-1.2E1));
#3020=DIRECTION('',(0.E0,1.E0,0.E0));
#3021=DIRECTION('',(1.E0,0.E0,-4.000000330961E-10));
#3022=AXIS2_PLACEMENT_3D('',#3019,#3020,#3021);
#3024=DIRECTION('',(0.E0,0.E0,-1.E0));
#3025=VECTOR('',#3024,2.4E1);
#3026=CARTESIAN_POINT('',(2.47E1,6.5E-1,1.2E1));
#3027=LINE('',#3026,#3025);
#3028=DIRECTION('',(0.E0,0.E0,1.E0));
#3029=VECTOR('',#3028,2.400000000010E1);
#3030=CARTESIAN_POINT('',(2.475E1,7.E-1,-1.200000000001E1));
#3031=LINE('',#3030,#3029);
#3032=DIRECTION('',(-4.472135955E-1,-8.944271909999E-1,0.E0));
#3033=VECTOR('',#3032,4.472135955E-1);
#3034=CARTESIAN_POINT('',(2.475E1,8.2E0,1.E1));
#3035=LINE('',#3034,#3033);
#3036=DIRECTION('',(0.E0,0.E0,-1.E0));
#3037=VECTOR('',#3036,2.E1);
#3038=CARTESIAN_POINT('',(2.475E1,8.2E0,1.E1));
#3039=LINE('',#3038,#3037);
#3040=DIRECTION('',(0.E0,1.E0,0.E0));
#3041=VECTOR('',#3040,1.1E0);
#3042=CARTESIAN_POINT('',(2.475E1,8.2E0,-1.E1));
#3043=LINE('',#3042,#3041);
#3044=DIRECTION('',(0.E0,-1.E0,0.E0));
#3045=VECTOR('',#3044,1.5E0);
#3046=CARTESIAN_POINT('',(2.425E1,9.3E0,-1.E1));
#3047=LINE('',#3046,#3045);
#3048=DIRECTION('',(1.E0,0.E0,0.E0));
#3049=VECTOR('',#3048,3.E-1);
#3050=CARTESIAN_POINT('',(2.425E1,7.8E0,-1.E1));
#3051=LINE('',#3050,#3049);
#3052=DIRECTION('',(4.472135955E-1,8.944271909999E-1,0.E0));
#3053=VECTOR('',#3052,4.472135954999E-1);
#3054=CARTESIAN_POINT('',(2.455E1,7.8E0,-1.E1));
#3055=LINE('',#3054,#3053);
#3056=DIRECTION('',(0.E0,0.E0,-1.E0));
#3057=VECTOR('',#3056,2.E1);
#3058=CARTESIAN_POINT('',(2.455E1,7.8E0,1.E1));
#3059=LINE('',#3058,#3057);
#3060=DIRECTION('',(0.E0,0.E0,1.E0));
#3061=VECTOR('',#3060,2.E1);
#3062=CARTESIAN_POINT('',(2.425E1,7.8E0,-1.E1));
#3063=LINE('',#3062,#3061);
#3064=DIRECTION('',(1.E0,0.E0,0.E0));
#3065=VECTOR('',#3064,3.E-1);
#3066=CARTESIAN_POINT('',(2.425E1,7.8E0,1.E1));
#3067=LINE('',#3066,#3065);
#3068=DIRECTION('',(0.E0,1.E0,0.E0));
#3069=VECTOR('',#3068,1.1E0);
#3070=CARTESIAN_POINT('',(2.3E1,8.2E0,1.205E1));
#3071=LINE('',#3070,#3069);
#3072=DIRECTION('',(0.E0,-1.E0,0.E0));
#3073=VECTOR('',#3072,1.5E0);
#3074=CARTESIAN_POINT('',(2.3E1,9.3E0,1.155E1));
#3075=LINE('',#3074,#3073);
#3076=DIRECTION('',(0.E0,0.E0,1.E0));
#3077=VECTOR('',#3076,3.E-1);
#3078=CARTESIAN_POINT('',(2.3E1,7.8E0,1.155E1));
#3079=LINE('',#3078,#3077);
#3080=DIRECTION('',(0.E0,8.944271909999E-1,4.472135955E-1));
#3081=VECTOR('',#3080,4.472135954999E-1);
#3082=CARTESIAN_POINT('',(2.3E1,7.8E0,1.185E1));
#3083=LINE('',#3082,#3081);
#3084=DIRECTION('',(0.E0,0.E0,-1.E0));
#3085=VECTOR('',#3084,5.E-1);
#3086=CARTESIAN_POINT('',(-1.86E1,9.4E0,-1.155E1));
#3087=LINE('',#3086,#3085);
#3088=CARTESIAN_POINT('',(-1.8E1,9.4E0,-1.205E1));
#3089=DIRECTION('',(0.E0,0.E0,-1.E0));
#3090=DIRECTION('',(1.E0,0.E0,0.E0));
#3091=AXIS2_PLACEMENT_3D('',#3088,#3089,#3090);
#3093=CARTESIAN_POINT('',(-1.8E1,9.4E0,-1.205E1));
#3094=DIRECTION('',(0.E0,0.E0,-1.E0));
#3095=DIRECTION('',(-1.E0,0.E0,0.E0));
#3096=AXIS2_PLACEMENT_3D('',#3093,#3094,#3095);
#3098=CARTESIAN_POINT('',(-1.8E1,9.5E0,-1.205E1));
#3099=DIRECTION('',(0.E0,0.E0,1.E0));
#3100=DIRECTION('',(-1.E0,1.471883692497E-8,0.E0));
#3101=AXIS2_PLACEMENT_3D('',#3098,#3099,#3100);
#3103=CARTESIAN_POINT('',(-1.8E1,9.5E0,-1.205E1));
#3104=DIRECTION('',(0.E0,0.E0,1.E0));
#3105=DIRECTION('',(1.E0,-1.471884055095E-8,0.E0));
#3106=AXIS2_PLACEMENT_3D('',#3103,#3104,#3105);
#3108=DIRECTION('',(0.E0,0.E0,-1.E0));
#3109=VECTOR('',#3108,5.E-1);
#3110=CARTESIAN_POINT('',(-1.74E1,9.4E0,-1.155E1));
#3111=LINE('',#3110,#3109);
#3112=CARTESIAN_POINT('',(-1.8E1,9.5E0,-1.215E1));
#3113=DIRECTION('',(1.481542655886E-8,1.E0,0.E0));
#3114=DIRECTION('',(-9.797958971133E-1,1.451609321634E-8,2.E-1));
#3115=AXIS2_PLACEMENT_3D('',#3112,#3113,#3114);
#3117=CARTESIAN_POINT('',(-1.8E1,9.5E0,-1.215E1));
#3118=DIRECTION('',(-1.481542086902E-8,-1.E0,0.E0));
#3119=DIRECTION('',(9.797958971133E-1,-1.451608966363E-8,2.E-1));
#3120=AXIS2_PLACEMENT_3D('',#3117,#3118,#3119);
#3122=DIRECTION('',(0.E0,0.E0,-1.E0));
#3123=VECTOR('',#3122,5.E-1);
#3124=CARTESIAN_POINT('',(-6.E-1,9.4E0,-1.155E1));
#3125=LINE('',#3124,#3123);
#3126=CARTESIAN_POINT('',(0.E0,9.4E0,-1.205E1));
#3127=DIRECTION('',(0.E0,0.E0,-1.E0));
#3128=DIRECTION('',(1.E0,0.E0,0.E0));
#3129=AXIS2_PLACEMENT_3D('',#3126,#3127,#3128);
#3131=CARTESIAN_POINT('',(0.E0,9.4E0,-1.205E1));
#3132=DIRECTION('',(0.E0,0.E0,-1.E0));
#3133=DIRECTION('',(-1.E0,0.E0,0.E0));
#3134=AXIS2_PLACEMENT_3D('',#3131,#3132,#3133);
#3136=DIRECTION('',(0.E0,0.E0,-1.E0));
#3137=VECTOR('',#3136,5.E-1);
#3138=CARTESIAN_POINT('',(6.E-1,9.4E0,-1.155E1));
#3139=LINE('',#3138,#3137);
#3140=DIRECTION('',(0.E0,0.E0,-1.E0));
#3141=VECTOR('',#3140,5.E-1);
#3142=CARTESIAN_POINT('',(1.74E1,9.4E0,-1.155E1));
#3143=LINE('',#3142,#3141);
#3144=CARTESIAN_POINT('',(1.8E1,9.4E0,-1.205E1));
#3145=DIRECTION('',(0.E0,0.E0,-1.E0));
#3146=DIRECTION('',(1.E0,0.E0,0.E0));
#3147=AXIS2_PLACEMENT_3D('',#3144,#3145,#3146);
#3149=CARTESIAN_POINT('',(1.8E1,9.4E0,-1.205E1));
#3150=DIRECTION('',(0.E0,0.E0,-1.E0));
#3151=DIRECTION('',(-1.E0,0.E0,0.E0));
#3152=AXIS2_PLACEMENT_3D('',#3149,#3150,#3151);
#3154=CARTESIAN_POINT('',(1.8E1,9.5E0,-1.205E1));
#3155=DIRECTION('',(0.E0,0.E0,1.E0));
#3156=DIRECTION('',(-1.E0,1.471883692497E-8,0.E0));
#3157=AXIS2_PLACEMENT_3D('',#3154,#3155,#3156);
#3159=CARTESIAN_POINT('',(1.8E1,9.5E0,-1.205E1));
#3160=DIRECTION('',(0.E0,0.E0,1.E0));
#3161=DIRECTION('',(1.E0,-1.471884055095E-8,0.E0));
#3162=AXIS2_PLACEMENT_3D('',#3159,#3160,#3161);
#3164=DIRECTION('',(0.E0,0.E0,-1.E0));
#3165=VECTOR('',#3164,5.E-1);
#3166=CARTESIAN_POINT('',(1.86E1,9.4E0,-1.155E1));
#3167=LINE('',#3166,#3165);
#3168=CARTESIAN_POINT('',(1.8E1,9.5E0,-1.215E1));
#3169=DIRECTION('',(1.481542533075E-8,1.E0,0.E0));
#3170=DIRECTION('',(-9.797958971133E-1,1.451609321634E-8,2.E-1));
#3171=AXIS2_PLACEMENT_3D('',#3168,#3169,#3170);
#3173=CARTESIAN_POINT('',(1.8E1,9.5E0,-1.215E1));
#3174=DIRECTION('',(-1.481542493516E-8,-1.E0,0.E0));
#3175=DIRECTION('',(9.797958971133E-1,-1.451609321634E-8,2.E-1));
#3176=AXIS2_PLACEMENT_3D('',#3173,#3174,#3175);
#3178=DIRECTION('',(0.E0,1.E0,0.E0));
#3179=VECTOR('',#3178,1.1E0);
#3180=CARTESIAN_POINT('',(-2.475E1,8.2E0,1.E1));
#3181=LINE('',#3180,#3179);
#3182=DIRECTION('',(0.E0,-1.E0,0.E0));
#3183=VECTOR('',#3182,1.5E0);
#3184=CARTESIAN_POINT('',(-2.425E1,9.3E0,1.E1));
#3185=LINE('',#3184,#3183);
#3186=DIRECTION('',(-1.E0,0.E0,0.E0));
#3187=VECTOR('',#3186,3.E-1);
#3188=CARTESIAN_POINT('',(-2.425E1,7.8E0,1.E1));
#3189=LINE('',#3188,#3187);
#3190=DIRECTION('',(-4.472135955E-1,8.944271909999E-1,0.E0));
#3191=VECTOR('',#3190,4.472135954999E-1);
#3192=CARTESIAN_POINT('',(-2.455E1,7.8E0,1.E1));
#3193=LINE('',#3192,#3191);
#3194=DIRECTION('',(0.E0,0.E0,1.E0));
#3195=VECTOR('',#3194,5.689552978124E0);
#3196=CARTESIAN_POINT('',(-2.455E1,7.8E0,4.310447021876E0));
#3197=LINE('',#3196,#3195);
#3198=DIRECTION('',(0.E0,0.E0,-1.E0));
#3199=VECTOR('',#3198,5.689552978124E0);
#3200=CARTESIAN_POINT('',(-2.425E1,7.8E0,1.E1));
#3201=LINE('',#3200,#3199);
#3202=DIRECTION('',(0.E0,0.E0,1.E0));
#3203=VECTOR('',#3202,5.994204877964E0);
#3204=CARTESIAN_POINT('',(-2.475E1,8.2E0,4.005795122036E0));
#3205=LINE('',#3204,#3203);
#3206=DIRECTION('',(-1.E0,0.E0,2.791417890486E-14));
#3207=VECTOR('',#3206,7.E-1);
#3208=CARTESIAN_POINT('',(1.72E1,8.4E0,1.115E1));
#3209=LINE('',#3208,#3207);
#3210=DIRECTION('',(0.E0,0.E0,1.E0));
#3211=VECTOR('',#3210,4.E-1);
#3212=CARTESIAN_POINT('',(1.65E1,8.4E0,1.115E1));
#3213=LINE('',#3212,#3211);
#3214=DIRECTION('',(1.E0,0.E0,0.E0));
#3215=VECTOR('',#3214,7.E-1);
#3216=CARTESIAN_POINT('',(1.65E1,8.4E0,1.155E1));
#3217=LINE('',#3216,#3215);
#3218=DIRECTION('',(0.E0,0.E0,-1.E0));
#3219=VECTOR('',#3218,4.E-1);
#3220=CARTESIAN_POINT('',(1.72E1,8.4E0,1.155E1));
#3221=LINE('',#3220,#3219);
#3222=DIRECTION('',(0.E0,1.E0,0.E0));
#3223=VECTOR('',#3222,1.2E0);
#3224=CARTESIAN_POINT('',(9.8E0,9.2E0,1.155E1));
#3225=LINE('',#3224,#3223);
#3226=DIRECTION('',(1.E0,0.E0,0.E0));
#3227=VECTOR('',#3226,3.8E0);
#3228=CARTESIAN_POINT('',(6.E0,9.2E0,1.155E1));
#3229=LINE('',#3228,#3227);
#3230=DIRECTION('',(0.E0,0.E0,-1.E0));
#3231=VECTOR('',#3230,5.5E-1);
#3232=CARTESIAN_POINT('',(9.8E0,9.2E0,1.155E1));
#3233=LINE('',#3232,#3231);
#3234=DIRECTION('',(-1.E0,0.E0,0.E0));
#3235=VECTOR('',#3234,3.8E0);
#3236=CARTESIAN_POINT('',(9.8E0,9.2E0,1.1E1));
#3237=LINE('',#3236,#3235);
#3238=DIRECTION('',(0.E0,0.E0,1.E0));
#3239=VECTOR('',#3238,5.5E-1);
#3240=CARTESIAN_POINT('',(6.E0,9.2E0,1.1E1));
#3241=LINE('',#3240,#3239);
#3242=DIRECTION('',(0.E0,0.E0,1.E0));
#3243=VECTOR('',#3242,5.5E-1);
#3244=CARTESIAN_POINT('',(6.E0,1.04E1,1.1E1));
#3245=LINE('',#3244,#3243);
#3246=DIRECTION('',(0.E0,1.E0,0.E0));
#3247=VECTOR('',#3246,1.2E0);
#3248=CARTESIAN_POINT('',(6.E0,9.2E0,1.1E1));
#3249=LINE('',#3248,#3247);
#3250=DIRECTION('',(0.E0,0.E0,1.E0));
#3251=VECTOR('',#3250,5.5E-1);
#3252=CARTESIAN_POINT('',(-6.E0,1.04E1,1.1E1));
#3253=LINE('',#3252,#3251);
#3254=DIRECTION('',(1.E0,0.E0,0.E0));
#3255=VECTOR('',#3254,1.2E1);
#3256=CARTESIAN_POINT('',(-6.E0,1.04E1,1.155E1));
#3257=LINE('',#3256,#3255);
#3258=DIRECTION('',(0.E0,1.E0,0.E0));
#3259=VECTOR('',#3258,1.2E0);
#3260=CARTESIAN_POINT('',(-6.E0,9.2E0,1.155E1));
#3261=LINE('',#3260,#3259);
#3262=DIRECTION('',(1.E0,0.E0,0.E0));
#3263=VECTOR('',#3262,3.8E0);
#3264=CARTESIAN_POINT('',(-9.8E0,9.2E0,1.155E1));
#3265=LINE('',#3264,#3263);
#3266=DIRECTION('',(0.E0,0.E0,-1.E0));
#3267=VECTOR('',#3266,5.5E-1);
#3268=CARTESIAN_POINT('',(-6.E0,9.2E0,1.155E1));
#3269=LINE('',#3268,#3267);
#3270=DIRECTION('',(-1.E0,0.E0,0.E0));
#3271=VECTOR('',#3270,3.8E0);
#3272=CARTESIAN_POINT('',(-6.E0,9.2E0,1.1E1));
#3273=LINE('',#3272,#3271);
#3274=DIRECTION('',(0.E0,0.E0,1.E0));
#3275=VECTOR('',#3274,5.5E-1);
#3276=CARTESIAN_POINT('',(-9.8E0,9.2E0,1.1E1));
#3277=LINE('',#3276,#3275);
#3278=DIRECTION('',(0.E0,0.E0,-1.E0));
#3279=VECTOR('',#3278,5.E-1);
#3280=CARTESIAN_POINT('',(-1.86E1,9.4E0,1.205E1));
#3281=LINE('',#3280,#3279);
#3282=CARTESIAN_POINT('',(-1.8E1,9.4E0,1.205E1));
#3283=DIRECTION('',(0.E0,0.E0,1.E0));
#3284=DIRECTION('',(-1.E0,0.E0,0.E0));
#3285=AXIS2_PLACEMENT_3D('',#3282,#3283,#3284);
#3287=CARTESIAN_POINT('',(-1.8E1,9.4E0,1.205E1));
#3288=DIRECTION('',(0.E0,0.E0,1.E0));
#3289=DIRECTION('',(1.E0,0.E0,0.E0));
#3290=AXIS2_PLACEMENT_3D('',#3287,#3288,#3289);
#3292=CARTESIAN_POINT('',(-1.8E1,9.5E0,1.205E1));
#3293=DIRECTION('',(0.E0,0.E0,-1.E0));
#3294=DIRECTION('',(1.E0,-1.471883692497E-8,0.E0));
#3295=AXIS2_PLACEMENT_3D('',#3292,#3293,#3294);
#3297=CARTESIAN_POINT('',(-1.8E1,9.5E0,1.205E1));
#3298=DIRECTION('',(0.E0,0.E0,-1.E0));
#3299=DIRECTION('',(-1.E0,1.471884055095E-8,0.E0));
#3300=AXIS2_PLACEMENT_3D('',#3297,#3298,#3299);
#3302=DIRECTION('',(0.E0,0.E0,-1.E0));
#3303=VECTOR('',#3302,5.E-1);
#3304=CARTESIAN_POINT('',(-1.74E1,9.4E0,1.205E1));
#3305=LINE('',#3304,#3303);
#3306=CARTESIAN_POINT('',(-1.8E1,9.5E0,1.215E1));
#3307=DIRECTION('',(1.481542401679E-8,1.E0,0.E0));
#3308=DIRECTION('',(9.797958971133E-1,-1.451609321634E-8,-2.E-1));
#3309=AXIS2_PLACEMENT_3D('',#3306,#3307,#3308);
#3311=CARTESIAN_POINT('',(-1.8E1,9.5E0,1.215E1));
#3312=DIRECTION('',(-1.481542587647E-8,-1.E0,0.E0));
#3313=DIRECTION('',(-9.797958971133E-1,1.451609321634E-8,-2.E-1));
#3314=AXIS2_PLACEMENT_3D('',#3311,#3312,#3313);
#3316=DIRECTION('',(0.E0,0.E0,-1.E0));
#3317=VECTOR('',#3316,5.E-1);
#3318=CARTESIAN_POINT('',(-6.E-1,9.4E0,1.205E1));
#3319=LINE('',#3318,#3317);
#3320=CARTESIAN_POINT('',(0.E0,9.4E0,1.205E1));
#3321=DIRECTION('',(0.E0,0.E0,1.E0));
#3322=DIRECTION('',(-1.E0,0.E0,0.E0));
#3323=AXIS2_PLACEMENT_3D('',#3320,#3321,#3322);
#3325=CARTESIAN_POINT('',(0.E0,9.4E0,1.205E1));
#3326=DIRECTION('',(0.E0,0.E0,1.E0));
#3327=DIRECTION('',(1.E0,0.E0,0.E0));
#3328=AXIS2_PLACEMENT_3D('',#3325,#3326,#3327);
#3330=DIRECTION('',(0.E0,0.E0,-1.E0));
#3331=VECTOR('',#3330,5.E-1);
#3332=CARTESIAN_POINT('',(6.E-1,9.4E0,1.205E1));
#3333=LINE('',#3332,#3331);
#3334=DIRECTION('',(0.E0,0.E0,-1.E0));
#3335=VECTOR('',#3334,5.E-1);
#3336=CARTESIAN_POINT('',(1.74E1,9.4E0,1.205E1));
#3337=LINE('',#3336,#3335);
#3338=CARTESIAN_POINT('',(1.8E1,9.4E0,1.205E1));
#3339=DIRECTION('',(0.E0,0.E0,1.E0));
#3340=DIRECTION('',(-1.E0,0.E0,0.E0));
#3341=AXIS2_PLACEMENT_3D('',#3338,#3339,#3340);
#3343=CARTESIAN_POINT('',(1.8E1,9.4E0,1.205E1));
#3344=DIRECTION('',(0.E0,0.E0,1.E0));
#3345=DIRECTION('',(1.E0,0.E0,0.E0));
#3346=AXIS2_PLACEMENT_3D('',#3343,#3344,#3345);
#3348=CARTESIAN_POINT('',(1.8E1,9.5E0,1.205E1));
#3349=DIRECTION('',(0.E0,0.E0,-1.E0));
#3350=DIRECTION('',(1.E0,-1.471883692497E-8,0.E0));
#3351=AXIS2_PLACEMENT_3D('',#3348,#3349,#3350);
#3353=CARTESIAN_POINT('',(1.8E1,9.5E0,1.205E1));
#3354=DIRECTION('',(0.E0,0.E0,-1.E0));
#3355=DIRECTION('',(-1.E0,1.471884055095E-8,0.E0));
#3356=AXIS2_PLACEMENT_3D('',#3353,#3354,#3355);
#3358=DIRECTION('',(0.E0,0.E0,-1.E0));
#3359=VECTOR('',#3358,5.E-1);
#3360=CARTESIAN_POINT('',(1.86E1,9.4E0,1.205E1));
#3361=LINE('',#3360,#3359);
#3362=CARTESIAN_POINT('',(1.8E1,9.5E0,1.215E1));
#3363=DIRECTION('',(1.481542634139E-8,1.E0,0.E0));
#3364=DIRECTION('',(9.797958971133E-1,-1.451609321634E-8,-2.E-1));
#3365=AXIS2_PLACEMENT_3D('',#3362,#3363,#3364);
#3367=CARTESIAN_POINT('',(1.8E1,9.5E0,1.215E1));
#3368=DIRECTION('',(-1.481542416945E-8,-1.E0,0.E0));
#3369=DIRECTION('',(-9.797958971133E-1,1.451609321634E-8,-2.E-1));
#3370=AXIS2_PLACEMENT_3D('',#3367,#3368,#3369);
#3372=DIRECTION('',(0.E0,0.E0,-1.E0));
#3373=VECTOR('',#3372,8.4E-1);
#3374=CARTESIAN_POINT('',(8.36E0,1.04E1,1.1E1));
#3375=LINE('',#3374,#3373);
#3376=DIRECTION('',(0.E0,-1.E0,0.E0));
#3377=VECTOR('',#3376,1.5E-1);
#3378=CARTESIAN_POINT('',(8.36E0,1.055E1,1.1E1));
#3379=LINE('',#3378,#3377);
#3380=DIRECTION('',(0.E0,1.E0,0.E0));
#3381=VECTOR('',#3380,1.5E-1);
#3382=CARTESIAN_POINT('',(1.196E1,1.04E1,1.016E1));
#3383=LINE('',#3382,#3381);
#3384=DIRECTION('',(0.E0,-1.E0,0.E0));
#3385=VECTOR('',#3384,1.5E-1);
#3386=CARTESIAN_POINT('',(8.36E0,1.055E1,1.016E1));
#3387=LINE('',#3386,#3385);
#3388=DIRECTION('',(0.E0,0.E0,1.E0));
#3389=VECTOR('',#3388,8.4E-1);
#3390=CARTESIAN_POINT('',(1.196E1,1.04E1,1.016E1));
#3391=LINE('',#3390,#3389);
#3392=DIRECTION('',(-1.104315260717E-1,-9.938837346740E-1,-8.833715496091E-11));
#3393=VECTOR('',#3392,9.055385138134E-1);
#3394=CARTESIAN_POINT('',(2.2335E1,1.13E1,3.803568931267E-10));
#3395=LINE('',#3394,#3393);
#3396=DIRECTION('',(1.104315260718E-1,-9.938837346740E-1,8.833703797124E-11));
#3397=VECTOR('',#3396,9.055385138134E-1);
#3398=CARTESIAN_POINT('',(2.3385E1,1.13E1,-3.803564171137E-10));
#3399=LINE('',#3398,#3397);
#3400=CARTESIAN_POINT('',(2.286E1,1.13E1,0.E0));
#3401=DIRECTION('',(0.E0,1.E0,0.E0));
#3402=DIRECTION('',(1.E0,0.E0,-7.317188402539E-10));
#3403=AXIS2_PLACEMENT_3D('',#3400,#3401,#3402);
#3405=CARTESIAN_POINT('',(2.286E1,1.13E1,0.E0));
#3406=DIRECTION('',(0.E0,1.E0,0.E0));
#3407=DIRECTION('',(0.E0,0.E0,-1.E0));
#3408=AXIS2_PLACEMENT_3D('',#3405,#3406,#3407);
#3410=CARTESIAN_POINT('',(2.286E1,1.13E1,0.E0));
#3411=DIRECTION('',(0.E0,1.E0,0.E0));
#3412=DIRECTION('',(-1.E0,0.E0,7.317197839714E-10));
#3413=AXIS2_PLACEMENT_3D('',#3410,#3411,#3412);
#3415=CARTESIAN_POINT('',(2.286E1,1.13E1,0.E0));
#3416=DIRECTION('',(0.E0,1.E0,0.E0));
#3417=DIRECTION('',(0.E0,0.E0,1.E0));
#3418=AXIS2_PLACEMENT_3D('',#3415,#3416,#3417);
#3420=DIRECTION('',(-1.104315260717E-1,-9.938837346740E-1,-8.866301676016E-11));
#3421=VECTOR('',#3420,9.055385138134E-1);
#3422=CARTESIAN_POINT('',(2.2335E1,1.13E1,-1.015999999962E1));
#3423=LINE('',#3422,#3421);
#3424=DIRECTION('',(1.104315260717E-1,-9.938837346740E-1,8.866694007610E-11));
#3425=VECTOR('',#3424,9.055385138134E-1);
#3426=CARTESIAN_POINT('',(2.3385E1,1.13E1,-1.016000000038E1));
#3427=LINE('',#3426,#3425);
#3428=CARTESIAN_POINT('',(2.286E1,1.13E1,-1.016E1));
#3429=DIRECTION('',(0.E0,1.E0,0.E0));
#3430=DIRECTION('',(1.E0,0.E0,-7.333511575780E-10));
#3431=AXIS2_PLACEMENT_3D('',#3428,#3429,#3430);
#3433=CARTESIAN_POINT('',(2.286E1,1.13E1,-1.016E1));
#3434=DIRECTION('',(0.E0,1.E0,0.E0));
#3435=DIRECTION('',(0.E0,0.E0,-1.E0));
#3436=AXIS2_PLACEMENT_3D('',#3433,#3434,#3435);
#3438=CARTESIAN_POINT('',(2.286E1,1.13E1,-1.016E1));
#3439=DIRECTION('',(0.E0,1.E0,0.E0));
#3440=DIRECTION('',(-1.E0,0.E0,7.333511575780E-10));
#3441=AXIS2_PLACEMENT_3D('',#3438,#3439,#3440);
#3443=CARTESIAN_POINT('',(2.286E1,1.13E1,-1.016E1));
#3444=DIRECTION('',(0.E0,1.E0,0.E0));
#3445=DIRECTION('',(0.E0,0.E0,1.E0));
#3446=AXIS2_PLACEMENT_3D('',#3443,#3444,#3445);
#3448=DIRECTION('',(-1.104315260717E-1,-9.938837346740E-1,-8.866301676016E-11));
#3449=VECTOR('',#3448,9.055385138134E-1);
#3450=CARTESIAN_POINT('',(2.2335E1,1.13E1,1.016000000038E1));
#3451=LINE('',#3450,#3449);
#3452=DIRECTION('',(1.104315260717E-1,-9.938837346740E-1,8.866497841813E-11));
#3453=VECTOR('',#3452,9.055385138134E-1);
#3454=CARTESIAN_POINT('',(2.3385E1,1.13E1,1.015999999962E1));
#3455=LINE('',#3454,#3453);
#3456=CARTESIAN_POINT('',(2.286E1,1.13E1,1.016E1));
#3457=DIRECTION('',(0.E0,1.E0,0.E0));
#3458=DIRECTION('',(1.E0,0.E0,-7.333511575780E-10));
#3459=AXIS2_PLACEMENT_3D('',#3456,#3457,#3458);
#3461=CARTESIAN_POINT('',(2.286E1,1.13E1,1.016E1));
#3462=DIRECTION('',(0.E0,1.E0,0.E0));
#3463=DIRECTION('',(0.E0,0.E0,-1.E0));
#3464=AXIS2_PLACEMENT_3D('',#3461,#3462,#3463);
#3466=CARTESIAN_POINT('',(2.286E1,1.13E1,1.016E1));
#3467=DIRECTION('',(0.E0,1.E0,0.E0));
#3468=DIRECTION('',(-1.E0,0.E0,7.333511575780E-10));
#3469=AXIS2_PLACEMENT_3D('',#3466,#3467,#3468);
#3471=CARTESIAN_POINT('',(2.286E1,1.13E1,1.016E1));
#3472=DIRECTION('',(0.E0,1.E0,0.E0));
#3473=DIRECTION('',(0.E0,0.E0,1.E0));
#3474=AXIS2_PLACEMENT_3D('',#3471,#3472,#3473);
#3476=CARTESIAN_POINT('',(-1.016E1,1.13E1,2.015E0));
#3477=CARTESIAN_POINT('',(-9.635E0,1.13E1,2.539999999729E0));
#3478=VERTEX_POINT('',#3476);
#3479=VERTEX_POINT('',#3477);
#3480=CARTESIAN_POINT('',(-1.0685E1,1.13E1,2.54E0));
#3481=VERTEX_POINT('',#3480);
#3482=CARTESIAN_POINT('',(-1.0685E1,1.18E1,2.54E0));
#3483=VERTEX_POINT('',#3482);
#3484=CARTESIAN_POINT('',(-9.635E0,1.18E1,2.54E0));
#3485=VERTEX_POINT('',#3484);
#3486=CARTESIAN_POINT('',(-1.016E1,1.04E1,1.915E0));
#3487=CARTESIAN_POINT('',(-9.535E0,1.04E1,2.54E0));
#3488=VERTEX_POINT('',#3486);
#3489=VERTEX_POINT('',#3487);
#3490=CARTESIAN_POINT('',(-1.0785E1,1.04E1,2.54E0));
#3491=VERTEX_POINT('',#3490);
#3492=CARTESIAN_POINT('',(-1.196E1,1.04E1,2.54E0));
#3493=CARTESIAN_POINT('',(-8.36E0,1.04E1,2.54E0));
#3494=VERTEX_POINT('',#3492);
#3495=VERTEX_POINT('',#3493);
#3496=CARTESIAN_POINT('',(-1.016E1,1.04E1,3.165E0));
#3497=VERTEX_POINT('',#3496);
#3498=CARTESIAN_POINT('',(-1.196E1,1.055E1,2.54E0));
#3499=VERTEX_POINT('',#3498);
#3500=CARTESIAN_POINT('',(-8.36E0,1.055E1,2.54E0));
#3501=VERTEX_POINT('',#3500);
#3502=CARTESIAN_POINT('',(1.196E1,1.055E1,1.1E1));
#3503=CARTESIAN_POINT('',(2.106E1,1.055E1,1.1E1));
#3504=VERTEX_POINT('',#3502);
#3505=VERTEX_POINT('',#3503);
#3506=CARTESIAN_POINT('',(2.106E1,1.055E1,1.016E1));
#3507=VERTEX_POINT('',#3506);
#3508=CARTESIAN_POINT('',(2.3E1,1.055E1,8.365452703326E0));
#3509=VERTEX_POINT('',#3508);
#3510=CARTESIAN_POINT('',(2.3E1,1.055E1,1.794547296674E0));
#3511=VERTEX_POINT('',#3510);
#3512=CARTESIAN_POINT('',(2.106E1,1.055E1,-1.402448840969E-13));
#3513=VERTEX_POINT('',#3512);
#3514=CARTESIAN_POINT('',(2.3E1,1.055E1,-1.794547296674E0));
#3515=VERTEX_POINT('',#3514);
#3516=CARTESIAN_POINT('',(2.3E1,1.055E1,-8.365452703326E0));
#3517=VERTEX_POINT('',#3516);
#3518=CARTESIAN_POINT('',(2.106E1,1.055E1,-1.016E1));
#3519=VERTEX_POINT('',#3518);
#3520=CARTESIAN_POINT('',(2.106E1,1.055E1,-1.1E1));
#3521=VERTEX_POINT('',#3520);
#3522=CARTESIAN_POINT('',(1.196E1,1.055E1,-1.1E1));
#3523=VERTEX_POINT('',#3522);
#3524=CARTESIAN_POINT('',(1.196E1,1.055E1,-1.016E1));
#3525=VERTEX_POINT('',#3524);
#3526=CARTESIAN_POINT('',(8.36E0,1.055E1,-1.016E1));
#3527=VERTEX_POINT('',#3526);
#3528=CARTESIAN_POINT('',(8.36E0,1.055E1,-1.1E1));
#3529=VERTEX_POINT('',#3528);
#3530=CARTESIAN_POINT('',(-2.3E1,1.055E1,-1.1E1));
#3531=VERTEX_POINT('',#3530);
#3532=CARTESIAN_POINT('',(-2.3E1,1.055E1,-9.414547296674E0));
#3533=VERTEX_POINT('',#3532);
#3534=CARTESIAN_POINT('',(-2.106E1,1.055E1,-7.62E0));
#3535=VERTEX_POINT('',#3534);
#3536=CARTESIAN_POINT('',(-2.3E1,1.055E1,-5.825452703326E0));
#3537=VERTEX_POINT('',#3536);
#3538=CARTESIAN_POINT('',(-2.3E1,1.055E1,-4.334547296674E0));
#3539=VERTEX_POINT('',#3538);
#3540=CARTESIAN_POINT('',(-2.106E1,1.055E1,-2.54E0));
#3541=VERTEX_POINT('',#3540);
#3542=CARTESIAN_POINT('',(-2.3E1,1.055E1,-7.454527033260E-1));
#3543=VERTEX_POINT('',#3542);
#3544=CARTESIAN_POINT('',(-2.3E1,1.055E1,5.825452703326E0));
#3545=VERTEX_POINT('',#3544);
#3546=CARTESIAN_POINT('',(-2.106E1,1.055E1,7.62E0));
#3547=VERTEX_POINT('',#3546);
#3548=CARTESIAN_POINT('',(-2.3E1,1.055E1,9.414547296674E0));
#3549=VERTEX_POINT('',#3548);
#3550=CARTESIAN_POINT('',(-2.3E1,1.055E1,1.1E1));
#3551=VERTEX_POINT('',#3550);
#3552=CARTESIAN_POINT('',(-1.196E1,1.055E1,1.1E1));
#3553=VERTEX_POINT('',#3552);
#3554=CARTESIAN_POINT('',(-1.196E1,1.055E1,1.016E1));
#3555=VERTEX_POINT('',#3554);
#3556=CARTESIAN_POINT('',(-8.36E0,1.055E1,1.016E1));
#3557=VERTEX_POINT('',#3556);
#3558=CARTESIAN_POINT('',(-8.36E0,1.055E1,1.1E1));
#3559=VERTEX_POINT('',#3558);
#3560=CARTESIAN_POINT('',(8.36E0,1.055E1,1.1E1));
#3561=VERTEX_POINT('',#3560);
#3562=CARTESIAN_POINT('',(8.36E0,1.055E1,1.016E1));
#3563=VERTEX_POINT('',#3562);
#3564=CARTESIAN_POINT('',(1.196E1,1.055E1,1.016E1));
#3565=VERTEX_POINT('',#3564);
#3566=CARTESIAN_POINT('',(1.196E1,1.055E1,0.E0));
#3567=CARTESIAN_POINT('',(8.36E0,1.055E1,0.E0));
#3568=VERTEX_POINT('',#3566);
#3569=VERTEX_POINT('',#3567);
#3570=CARTESIAN_POINT('',(-8.36E0,1.055E1,-2.54E0));
#3571=CARTESIAN_POINT('',(-1.196E1,1.055E1,-2.54E0));
#3572=VERTEX_POINT('',#3570);
#3573=VERTEX_POINT('',#3571);
#3574=CARTESIAN_POINT('',(1.72E1,1.04E1,1.1E1));
#3575=CARTESIAN_POINT('',(2.106E1,1.04E1,1.1E1));
#3576=VERTEX_POINT('',#3574);
#3577=VERTEX_POINT('',#3575);
#3578=CARTESIAN_POINT('',(1.196E1,1.04E1,1.1E1));
#3579=VERTEX_POINT('',#3578);
#3580=CARTESIAN_POINT('',(1.65E1,1.04E1,1.1E1));
#3581=VERTEX_POINT('',#3580);
#3582=CARTESIAN_POINT('',(1.65E1,1.025E1,1.1E1));
#3583=VERTEX_POINT('',#3582);
#3584=CARTESIAN_POINT('',(1.72E1,1.025E1,1.1E1));
#3585=VERTEX_POINT('',#3584);
#3586=CARTESIAN_POINT('',(1.72E1,1.04E1,1.155E1));
#3587=VERTEX_POINT('',#3586);
#3588=CARTESIAN_POINT('',(2.425E1,1.04E1,1.155E1));
#3589=VERTEX_POINT('',#3588);
#3590=CARTESIAN_POINT('',(2.425E1,1.04E1,-1.155E1));
#3591=VERTEX_POINT('',#3590);
#3592=CARTESIAN_POINT('',(1.72E1,1.04E1,-1.155E1));
#3593=VERTEX_POINT('',#3592);
#3594=CARTESIAN_POINT('',(1.72E1,1.04E1,-1.1E1));
#3595=VERTEX_POINT('',#3594);
#3596=CARTESIAN_POINT('',(2.106E1,1.04E1,-1.1E1));
#3597=VERTEX_POINT('',#3596);
#3598=CARTESIAN_POINT('',(2.106E1,1.04E1,-1.016E1));
#3599=VERTEX_POINT('',#3598);
#3600=CARTESIAN_POINT('',(2.3E1,1.04E1,-8.365452703326E0));
#3601=VERTEX_POINT('',#3600);
#3602=CARTESIAN_POINT('',(2.3E1,1.04E1,-1.794547296674E0));
#3603=VERTEX_POINT('',#3602);
#3604=CARTESIAN_POINT('',(2.106E1,1.04E1,-1.403281508238E-13));
#3605=VERTEX_POINT('',#3604);
#3606=CARTESIAN_POINT('',(2.3E1,1.04E1,1.794547296674E0));
#3607=VERTEX_POINT('',#3606);
#3608=CARTESIAN_POINT('',(2.3E1,1.04E1,8.365452703326E0));
#3609=VERTEX_POINT('',#3608);
#3610=CARTESIAN_POINT('',(2.106E1,1.04E1,1.016E1));
#3611=VERTEX_POINT('',#3610);
#3612=CARTESIAN_POINT('',(2.286E1,1.04E1,6.25E-1));
#3613=CARTESIAN_POINT('',(2.2235E1,1.04E1,0.E0));
#3614=VERTEX_POINT('',#3612);
#3615=VERTEX_POINT('',#3613);
#3616=CARTESIAN_POINT('',(2.3485E1,1.04E1,0.E0));
#3617=VERTEX_POINT('',#3616);
#3618=CARTESIAN_POINT('',(2.286E1,1.04E1,-6.25E-1));
#3619=VERTEX_POINT('',#3618);
#3620=CARTESIAN_POINT('',(2.286E1,1.04E1,-9.535E0));
#3621=CARTESIAN_POINT('',(2.2235E1,1.04E1,-1.016E1));
#3622=VERTEX_POINT('',#3620);
#3623=VERTEX_POINT('',#3621);
#3624=CARTESIAN_POINT('',(2.3485E1,1.04E1,-1.016E1));
#3625=VERTEX_POINT('',#3624);
#3626=CARTESIAN_POINT('',(2.286E1,1.04E1,-1.0785E1));
#3627=VERTEX_POINT('',#3626);
#3628=CARTESIAN_POINT('',(2.286E1,1.04E1,1.0785E1));
#3629=CARTESIAN_POINT('',(2.2235E1,1.04E1,1.016E1));
#3630=VERTEX_POINT('',#3628);
#3631=VERTEX_POINT('',#3629);
#3632=CARTESIAN_POINT('',(2.3485E1,1.04E1,1.016E1));
#3633=VERTEX_POINT('',#3632);
#3634=CARTESIAN_POINT('',(2.286E1,1.04E1,9.535E0));
#3635=VERTEX_POINT('',#3634);
#3636=CARTESIAN_POINT('',(1.72E1,1.E1,1.065E1));
#3637=CARTESIAN_POINT('',(1.72E1,8.4E0,1.115E1));
#3638=VERTEX_POINT('',#3636);
#3639=VERTEX_POINT('',#3637);
#3640=CARTESIAN_POINT('',(1.72E1,8.4E0,1.155E1));
#3641=VERTEX_POINT('',#3640);
#3642=CARTESIAN_POINT('',(1.72E1,1.025E1,1.065E1));
#3643=VERTEX_POINT('',#3642);
#3644=CARTESIAN_POINT('',(1.65E1,1.E1,1.065E1));
#3645=VERTEX_POINT('',#3644);
#3646=CARTESIAN_POINT('',(1.65E1,8.4E0,1.115E1));
#3647=VERTEX_POINT('',#3646);
#3648=CARTESIAN_POINT('',(1.65E1,1.025E1,1.065E1));
#3649=VERTEX_POINT('',#3648);
#3650=CARTESIAN_POINT('',(1.65E1,1.04E1,1.155E1));
#3651=VERTEX_POINT('',#3650);
#3652=CARTESIAN_POINT('',(1.65E1,8.4E0,1.155E1));
#3653=VERTEX_POINT('',#3652);
#3654=CARTESIAN_POINT('',(9.8E0,1.04E1,1.1E1));
#3655=CARTESIAN_POINT('',(8.36E0,1.04E1,1.1E1));
#3656=VERTEX_POINT('',#3654);
#3657=VERTEX_POINT('',#3655);
#3658=CARTESIAN_POINT('',(9.8E0,1.04E1,1.155E1));
#3659=VERTEX_POINT('',#3658);
#3660=CARTESIAN_POINT('',(1.196E1,1.04E1,1.016E1));
#3661=VERTEX_POINT('',#3660);
#3662=CARTESIAN_POINT('',(8.36E0,1.04E1,1.016E1));
#3663=VERTEX_POINT('',#3662);
#3664=CARTESIAN_POINT('',(1.016E1,1.04E1,1.0785E1));
#3665=CARTESIAN_POINT('',(9.535E0,1.04E1,1.016E1));
#3666=VERTEX_POINT('',#3664);
#3667=VERTEX_POINT('',#3665);
#3668=CARTESIAN_POINT('',(1.0785E1,1.04E1,1.016E1));
#3669=VERTEX_POINT('',#3668);
#3670=CARTESIAN_POINT('',(1.016E1,1.04E1,9.535E0));
#3671=VERTEX_POINT('',#3670);
#3672=CARTESIAN_POINT('',(-8.36E0,1.04E1,1.1E1));
#3673=VERTEX_POINT('',#3672);
#3674=CARTESIAN_POINT('',(-9.8E0,1.04E1,1.1E1));
#3675=VERTEX_POINT('',#3674);
#3676=CARTESIAN_POINT('',(-9.8E0,9.2E0,1.1E1));
#3677=VERTEX_POINT('',#3676);
#3678=CARTESIAN_POINT('',(-6.E0,9.2E0,1.1E1));
#3679=VERTEX_POINT('',#3678);
#3680=CARTESIAN_POINT('',(-6.E0,1.04E1,1.1E1));
#3681=VERTEX_POINT('',#3680);
#3682=CARTESIAN_POINT('',(6.E0,1.04E1,1.1E1));
#3683=VERTEX_POINT('',#3682);
#3684=CARTESIAN_POINT('',(6.E0,9.2E0,1.1E1));
#3685=VERTEX_POINT('',#3684);
#3686=CARTESIAN_POINT('',(9.8E0,9.2E0,1.1E1));
#3687=VERTEX_POINT('',#3686);
#3688=CARTESIAN_POINT('',(-8.36E0,1.04E1,1.016E1));
#3689=VERTEX_POINT('',#3688);
#3690=CARTESIAN_POINT('',(-9.8E0,1.04E1,1.155E1));
#3691=VERTEX_POINT('',#3690);
#3692=CARTESIAN_POINT('',(-1.196E1,1.04E1,1.016E1));
#3693=VERTEX_POINT('',#3692);
#3694=CARTESIAN_POINT('',(-1.196E1,1.04E1,1.1E1));
#3695=VERTEX_POINT('',#3694);
#3696=CARTESIAN_POINT('',(-1.65E1,1.04E1,1.1E1));
#3697=VERTEX_POINT('',#3696);
#3698=CARTESIAN_POINT('',(-1.65E1,1.04E1,1.155E1));
#3699=VERTEX_POINT('',#3698);
#3700=CARTESIAN_POINT('',(-1.016E1,1.04E1,1.0785E1));
#3701=CARTESIAN_POINT('',(-1.0785E1,1.04E1,1.016E1));
#3702=VERTEX_POINT('',#3700);
#3703=VERTEX_POINT('',#3701);
#3704=CARTESIAN_POINT('',(-9.535E0,1.04E1,1.016E1));
#3705=VERTEX_POINT('',#3704);
#3706=CARTESIAN_POINT('',(-1.016E1,1.04E1,9.535E0));
#3707=VERTEX_POINT('',#3706);
#3708=CARTESIAN_POINT('',(-9.8E0,9.2E0,1.155E1));
#3709=VERTEX_POINT('',#3708);
#3710=CARTESIAN_POINT('',(2.3E1,7.8E0,1.155E1));
#3711=CARTESIAN_POINT('',(-2.3E1,7.8E0,1.155E1));
#3712=VERTEX_POINT('',#3710);
#3713=VERTEX_POINT('',#3711);
#3714=CARTESIAN_POINT('',(2.3E1,9.3E0,1.155E1));
#3715=VERTEX_POINT('',#3714);
#3716=CARTESIAN_POINT('',(2.425E1,9.3E0,1.155E1));
#3717=VERTEX_POINT('',#3716);
#3718=CARTESIAN_POINT('',(9.8E0,9.2E0,1.155E1));
#3719=VERTEX_POINT('',#3718);
#3720=CARTESIAN_POINT('',(6.E0,9.2E0,1.155E1));
#3721=VERTEX_POINT('',#3720);
#3722=CARTESIAN_POINT('',(6.E0,1.04E1,1.155E1));
#3723=VERTEX_POINT('',#3722);
#3724=CARTESIAN_POINT('',(-6.E0,1.04E1,1.155E1));
#3725=VERTEX_POINT('',#3724);
#3726=CARTESIAN_POINT('',(-6.E0,9.2E0,1.155E1));
#3727=VERTEX_POINT('',#3726);
#3728=CARTESIAN_POINT('',(-1.65E1,8.4E0,1.155E1));
#3729=VERTEX_POINT('',#3728);
#3730=CARTESIAN_POINT('',(-1.72E1,8.4E0,1.155E1));
#3731=VERTEX_POINT('',#3730);
#3732=CARTESIAN_POINT('',(-1.72E1,1.04E1,1.155E1));
#3733=VERTEX_POINT('',#3732);
#3734=CARTESIAN_POINT('',(-2.425E1,1.04E1,1.155E1));
#3735=VERTEX_POINT('',#3734);
#3736=CARTESIAN_POINT('',(-2.425E1,9.3E0,1.155E1));
#3737=VERTEX_POINT('',#3736);
#3738=CARTESIAN_POINT('',(-2.3E1,9.3E0,1.155E1));
#3739=VERTEX_POINT('',#3738);
#3740=CARTESIAN_POINT('',(-1.74E1,9.4E0,1.155E1));
#3741=CARTESIAN_POINT('',(-1.86E1,9.4E0,1.155E1));
#3742=VERTEX_POINT('',#3740);
#3743=VERTEX_POINT('',#3741);
#3744=CARTESIAN_POINT('',(6.E-1,9.4E0,1.155E1));
#3745=CARTESIAN_POINT('',(-6.E-1,9.4E0,1.155E1));
#3746=VERTEX_POINT('',#3744);
#3747=VERTEX_POINT('',#3745);
#3748=CARTESIAN_POINT('',(1.86E1,9.4E0,1.155E1));
#3749=CARTESIAN_POINT('',(1.74E1,9.4E0,1.155E1));
#3750=VERTEX_POINT('',#3748);
#3751=VERTEX_POINT('',#3749);
#3752=CARTESIAN_POINT('',(2.3E1,7.8E0,1.185E1));
#3753=CARTESIAN_POINT('',(-2.3E1,7.8E0,1.185E1));
#3754=VERTEX_POINT('',#3752);
#3755=VERTEX_POINT('',#3753);
#3756=CARTESIAN_POINT('',(2.3E1,8.2E0,1.205E1));
#3757=CARTESIAN_POINT('',(-2.3E1,8.2E0,1.205E1));
#3758=VERTEX_POINT('',#3756);
#3759=VERTEX_POINT('',#3757);
#3760=CARTESIAN_POINT('',(-2.469999999998E1,7.E-1,1.205E1));
#3761=CARTESIAN_POINT('',(-2.469999999997E1,1.1E1,1.205E1));
#3762=VERTEX_POINT('',#3760);
#3763=VERTEX_POINT('',#3761);
#3764=CARTESIAN_POINT('',(2.47E1,7.E-1,1.205E1));
#3765=VERTEX_POINT('',#3764);
#3766=CARTESIAN_POINT('',(2.47E1,1.1E1,1.205E1));
#3767=VERTEX_POINT('',#3766);
#3768=CARTESIAN_POINT('',(2.425E1,1.1E1,1.205E1));
#3769=VERTEX_POINT('',#3768);
#3770=CARTESIAN_POINT('',(2.425E1,9.3E0,1.205E1));
#3771=VERTEX_POINT('',#3770);
#3772=CARTESIAN_POINT('',(2.3E1,9.3E0,1.205E1));
#3773=VERTEX_POINT('',#3772);
#3774=CARTESIAN_POINT('',(-2.3E1,9.3E0,1.205E1));
#3775=VERTEX_POINT('',#3774);
#3776=CARTESIAN_POINT('',(-2.425E1,9.3E0,1.205E1));
#3777=VERTEX_POINT('',#3776);
#3778=CARTESIAN_POINT('',(-2.425E1,1.1E1,1.205E1));
#3779=VERTEX_POINT('',#3778);
#3780=CARTESIAN_POINT('',(-2.475E1,1.1E1,1.200000000002E1));
#3781=VERTEX_POINT('',#3780);
#3782=CARTESIAN_POINT('',(-2.475E1,7.E-1,1.200000000001E1));
#3783=VERTEX_POINT('',#3782);
#3784=CARTESIAN_POINT('',(-2.475E1,1.1E1,1.155E1));
#3785=VERTEX_POINT('',#3784);
#3786=CARTESIAN_POINT('',(-2.475E1,9.3E0,1.155E1));
#3787=VERTEX_POINT('',#3786);
#3788=CARTESIAN_POINT('',(-2.425E1,9.3E0,1.E1));
#3789=VERTEX_POINT('',#3788);
#3790=CARTESIAN_POINT('',(-2.475E1,9.3E0,1.E1));
#3791=VERTEX_POINT('',#3790);
#3792=CARTESIAN_POINT('',(-2.425E1,8.086914183792E0,4.010732555401E0));
#3793=CARTESIAN_POINT('',(-2.425E1,7.8E0,4.310447021876E0));
#3794=VERTEX_POINT('',#3792);
#3795=VERTEX_POINT('',#3793);
#3796=CARTESIAN_POINT('',(-2.425E1,7.8E0,1.E1));
#3797=VERTEX_POINT('',#3796);
#3798=CARTESIAN_POINT('',(-2.425E1,1.04E1,-1.155E1));
#3799=VERTEX_POINT('',#3798);
#3800=CARTESIAN_POINT('',(-2.425E1,9.3E0,-1.155E1));
#3801=VERTEX_POINT('',#3800);
#3802=CARTESIAN_POINT('',(-2.425E1,9.3E0,-1.E1));
#3803=VERTEX_POINT('',#3802);
#3804=CARTESIAN_POINT('',(-2.425E1,7.8E0,-1.E1));
#3805=VERTEX_POINT('',#3804);
#3806=CARTESIAN_POINT('',(-2.425E1,7.8E0,6.895529781243E-1));
#3807=VERTEX_POINT('',#3806);
#3808=CARTESIAN_POINT('',(-2.425E1,8.086914183791E0,9.892674445989E-1));
#3809=VERTEX_POINT('',#3808);
#3810=CARTESIAN_POINT('',(-2.425E1,8.365429081048E0,1.001427667627E0));
#3811=VERTEX_POINT('',#3810);
#3812=CARTESIAN_POINT('',(-2.425E1,8.365429081046E0,3.998572332373E0));
#3813=VERTEX_POINT('',#3812);
#3814=CARTESIAN_POINT('',(-2.469345709190E1,8.086914183791E0,4.010732555401E0));
#3815=VERTEX_POINT('',#3814);
#3816=VERTEX_POINT('',#731);
#3817=CARTESIAN_POINT('',(-2.475E1,8.2E0,4.005795122036E0));
#3818=CARTESIAN_POINT('',(-2.475E1,8.365429081047E0,3.998572332373E0));
#3819=VERTEX_POINT('',#3817);
#3820=VERTEX_POINT('',#3818);
#3821=CARTESIAN_POINT('',(-2.475E1,1.1E1,-1.155E1));
#3822=CARTESIAN_POINT('',(-2.475E1,1.1E1,-1.200000000020E1));
#3823=VERTEX_POINT('',#3821);
#3824=VERTEX_POINT('',#3822);
#3825=CARTESIAN_POINT('',(-2.475E1,7.E-1,-1.200000000009E1));
#3826=VERTEX_POINT('',#3825);
#3827=CARTESIAN_POINT('',(-2.475E1,8.2E0,1.E1));
#3828=VERTEX_POINT('',#3827);
#3829=CARTESIAN_POINT('',(-2.475E1,8.365429081049E0,1.001427667627E0));
#3830=VERTEX_POINT('',#3829);
#3831=CARTESIAN_POINT('',(-2.475E1,8.199999999999E0,9.942048779642E-1));
#3832=VERTEX_POINT('',#3831);
#3833=CARTESIAN_POINT('',(-2.475E1,8.2E0,-1.E1));
#3834=VERTEX_POINT('',#3833);
#3835=CARTESIAN_POINT('',(-2.475E1,9.3E0,-1.E1));
#3836=VERTEX_POINT('',#3835);
#3837=CARTESIAN_POINT('',(-2.475E1,9.3E0,-1.155E1));
#3838=VERTEX_POINT('',#3837);
#3839=CARTESIAN_POINT('',(-2.425E1,1.1E1,-1.205E1));
#3840=VERTEX_POINT('',#3839);
#3841=CARTESIAN_POINT('',(-2.47E1,1.1E1,-1.205E1));
#3842=VERTEX_POINT('',#3841);
#3843=CARTESIAN_POINT('',(-2.425E1,9.3E0,-1.205E1));
#3844=VERTEX_POINT('',#3843);
#3845=CARTESIAN_POINT('',(-2.3E1,9.3E0,-1.155E1));
#3846=VERTEX_POINT('',#3845);
#3847=CARTESIAN_POINT('',(-2.3E1,9.3E0,-1.205E1));
#3848=VERTEX_POINT('',#3847);
#3849=CARTESIAN_POINT('',(-2.455E1,7.8E0,-1.E1));
#3850=VERTEX_POINT('',#3849);
#3851=CARTESIAN_POINT('',(-2.469345709190E1,8.086914183793E0,
9.892674445989E-1));
#3852=VERTEX_POINT('',#3851);
#3853=VERTEX_POINT('',#829);
#3854=CARTESIAN_POINT('',(9.8E0,9.2E0,-1.155E1));
#3855=CARTESIAN_POINT('',(6.E0,9.2E0,-1.155E1));
#3856=VERTEX_POINT('',#3854);
#3857=VERTEX_POINT('',#3855);
#3858=CARTESIAN_POINT('',(9.8E0,1.04E1,-1.155E1));
#3859=VERTEX_POINT('',#3858);
#3860=CARTESIAN_POINT('',(1.65E1,1.04E1,-1.155E1));
#3861=VERTEX_POINT('',#3860);
#3862=CARTESIAN_POINT('',(1.65E1,8.4E0,-1.155E1));
#3863=VERTEX_POINT('',#3862);
#3864=CARTESIAN_POINT('',(1.72E1,8.4E0,-1.155E1));
#3865=VERTEX_POINT('',#3864);
#3866=CARTESIAN_POINT('',(2.425E1,9.3E0,-1.155E1));
#3867=VERTEX_POINT('',#3866);
#3868=CARTESIAN_POINT('',(2.3E1,9.3E0,-1.155E1));
#3869=VERTEX_POINT('',#3868);
#3870=CARTESIAN_POINT('',(2.3E1,7.8E0,-1.155E1));
#3871=VERTEX_POINT('',#3870);
#3872=CARTESIAN_POINT('',(-2.3E1,7.8E0,-1.155E1));
#3873=VERTEX_POINT('',#3872);
#3874=CARTESIAN_POINT('',(-1.72E1,1.04E1,-1.155E1));
#3875=VERTEX_POINT('',#3874);
#3876=CARTESIAN_POINT('',(-1.72E1,8.4E0,-1.155E1));
#3877=VERTEX_POINT('',#3876);
#3878=CARTESIAN_POINT('',(-1.65E1,8.4E0,-1.155E1));
#3879=VERTEX_POINT('',#3878);
#3880=CARTESIAN_POINT('',(-1.65E1,1.04E1,-1.155E1));
#3881=VERTEX_POINT('',#3880);
#3882=CARTESIAN_POINT('',(-9.8E0,1.04E1,-1.155E1));
#3883=VERTEX_POINT('',#3882);
#3884=CARTESIAN_POINT('',(-9.8E0,9.2E0,-1.155E1));
#3885=VERTEX_POINT('',#3884);
#3886=CARTESIAN_POINT('',(-6.E0,9.2E0,-1.155E1));
#3887=VERTEX_POINT('',#3886);
#3888=CARTESIAN_POINT('',(-6.E0,1.04E1,-1.155E1));
#3889=VERTEX_POINT('',#3888);
#3890=CARTESIAN_POINT('',(6.E0,1.04E1,-1.155E1));
#3891=VERTEX_POINT('',#3890);
#3892=CARTESIAN_POINT('',(-1.86E1,9.4E0,-1.155E1));
#3893=CARTESIAN_POINT('',(-1.74E1,9.4E0,-1.155E1));
#3894=VERTEX_POINT('',#3892);
#3895=VERTEX_POINT('',#3893);
#3896=CARTESIAN_POINT('',(-6.E-1,9.4E0,-1.155E1));
#3897=CARTESIAN_POINT('',(6.E-1,9.4E0,-1.155E1));
#3898=VERTEX_POINT('',#3896);
#3899=VERTEX_POINT('',#3897);
#3900=CARTESIAN_POINT('',(1.74E1,9.4E0,-1.155E1));
#3901=CARTESIAN_POINT('',(1.86E1,9.4E0,-1.155E1));
#3902=VERTEX_POINT('',#3900);
#3903=VERTEX_POINT('',#3901);
#3904=CARTESIAN_POINT('',(6.E0,9.2E0,-1.1E1));
#3905=VERTEX_POINT('',#3904);
#3906=CARTESIAN_POINT('',(9.8E0,9.2E0,-1.1E1));
#3907=VERTEX_POINT('',#3906);
#3908=CARTESIAN_POINT('',(6.E0,1.04E1,-1.1E1));
#3909=VERTEX_POINT('',#3908);
#3910=CARTESIAN_POINT('',(-6.E0,1.04E1,-1.1E1));
#3911=VERTEX_POINT('',#3910);
#3912=CARTESIAN_POINT('',(-6.E0,9.2E0,-1.1E1));
#3913=VERTEX_POINT('',#3912);
#3914=CARTESIAN_POINT('',(-9.8E0,9.2E0,-1.1E1));
#3915=VERTEX_POINT('',#3914);
#3916=CARTESIAN_POINT('',(-9.8E0,1.04E1,-1.1E1));
#3917=VERTEX_POINT('',#3916);
#3918=CARTESIAN_POINT('',(-1.65E1,1.04E1,-1.1E1));
#3919=VERTEX_POINT('',#3918);
#3920=CARTESIAN_POINT('',(-1.65E1,8.4E0,-1.115E1));
#3921=CARTESIAN_POINT('',(-1.65E1,1.E1,-1.065E1));
#3922=VERTEX_POINT('',#3920);
#3923=VERTEX_POINT('',#3921);
#3924=CARTESIAN_POINT('',(-1.65E1,1.025E1,-1.065E1));
#3925=VERTEX_POINT('',#3924);
#3926=CARTESIAN_POINT('',(-1.65E1,1.025E1,-1.1E1));
#3927=VERTEX_POINT('',#3926);
#3928=CARTESIAN_POINT('',(-1.72E1,1.E1,-1.065E1));
#3929=CARTESIAN_POINT('',(-1.72E1,8.4E0,-1.115E1));
#3930=VERTEX_POINT('',#3928);
#3931=VERTEX_POINT('',#3929);
#3932=CARTESIAN_POINT('',(-1.72E1,1.04E1,-1.1E1));
#3933=VERTEX_POINT('',#3932);
#3934=CARTESIAN_POINT('',(-1.72E1,1.025E1,-1.1E1));
#3935=VERTEX_POINT('',#3934);
#3936=CARTESIAN_POINT('',(-1.72E1,1.025E1,-1.065E1));
#3937=VERTEX_POINT('',#3936);
#3938=CARTESIAN_POINT('',(-2.3E1,1.04E1,1.1E1));
#3939=CARTESIAN_POINT('',(-1.72E1,1.04E1,1.1E1));
#3940=VERTEX_POINT('',#3938);
#3941=VERTEX_POINT('',#3939);
#3942=CARTESIAN_POINT('',(-2.3E1,1.04E1,9.414547296674E0));
#3943=VERTEX_POINT('',#3942);
#3944=CARTESIAN_POINT('',(-2.106E1,1.04E1,7.62E0));
#3945=VERTEX_POINT('',#3944);
#3946=CARTESIAN_POINT('',(-2.3E1,1.04E1,5.825452703326E0));
#3947=VERTEX_POINT('',#3946);
#3948=CARTESIAN_POINT('',(-2.3E1,1.04E1,-7.454527033260E-1));
#3949=VERTEX_POINT('',#3948);
#3950=CARTESIAN_POINT('',(-2.106E1,1.04E1,-2.54E0));
#3951=VERTEX_POINT('',#3950);
#3952=CARTESIAN_POINT('',(-2.3E1,1.04E1,-4.334547296674E0));
#3953=VERTEX_POINT('',#3952);
#3954=CARTESIAN_POINT('',(-2.3E1,1.04E1,-5.825452703326E0));
#3955=VERTEX_POINT('',#3954);
#3956=CARTESIAN_POINT('',(-2.106E1,1.04E1,-7.62E0));
#3957=VERTEX_POINT('',#3956);
#3958=CARTESIAN_POINT('',(-2.3E1,1.04E1,-9.414547296674E0));
#3959=VERTEX_POINT('',#3958);
#3960=CARTESIAN_POINT('',(-2.3E1,1.04E1,-1.1E1));
#3961=VERTEX_POINT('',#3960);
#3962=CARTESIAN_POINT('',(-2.286E1,1.04E1,-1.915E0));
#3963=CARTESIAN_POINT('',(-2.3485E1,1.04E1,-2.54E0));
#3964=VERTEX_POINT('',#3962);
#3965=VERTEX_POINT('',#3963);
#3966=CARTESIAN_POINT('',(-2.2235E1,1.04E1,-2.54E0));
#3967=VERTEX_POINT('',#3966);
#3968=CARTESIAN_POINT('',(-2.286E1,1.04E1,-3.165E0));
#3969=VERTEX_POINT('',#3968);
#3970=CARTESIAN_POINT('',(-2.286E1,1.04E1,-6.995E0));
#3971=CARTESIAN_POINT('',(-2.3485E1,1.04E1,-7.62E0));
#3972=VERTEX_POINT('',#3970);
#3973=VERTEX_POINT('',#3971);
#3974=CARTESIAN_POINT('',(-2.2235E1,1.04E1,-7.62E0));
#3975=VERTEX_POINT('',#3974);
#3976=CARTESIAN_POINT('',(-2.286E1,1.04E1,-8.245E0));
#3977=VERTEX_POINT('',#3976);
#3978=CARTESIAN_POINT('',(-2.286E1,1.04E1,8.245E0));
#3979=CARTESIAN_POINT('',(-2.3485E1,1.04E1,7.62E0));
#3980=VERTEX_POINT('',#3978);
#3981=VERTEX_POINT('',#3979);
#3982=CARTESIAN_POINT('',(-2.2235E1,1.04E1,7.62E0));
#3983=VERTEX_POINT('',#3982);
#3984=CARTESIAN_POINT('',(-2.286E1,1.04E1,6.995E0));
#3985=VERTEX_POINT('',#3984);
#3986=CARTESIAN_POINT('',(-1.72E1,1.025E1,1.1E1));
#3987=VERTEX_POINT('',#3986);
#3988=CARTESIAN_POINT('',(-1.65E1,1.025E1,1.1E1));
#3989=VERTEX_POINT('',#3988);
#3990=CARTESIAN_POINT('',(8.36E0,1.04E1,-1.1E1));
#3991=VERTEX_POINT('',#3990);
#3992=CARTESIAN_POINT('',(9.8E0,1.04E1,-1.1E1));
#3993=VERTEX_POINT('',#3992);
#3994=CARTESIAN_POINT('',(8.36E0,1.04E1,-1.016E1));
#3995=VERTEX_POINT('',#3994);
#3996=CARTESIAN_POINT('',(1.196E1,1.04E1,-1.016E1));
#3997=VERTEX_POINT('',#3996);
#3998=CARTESIAN_POINT('',(1.196E1,1.04E1,-1.1E1));
#3999=VERTEX_POINT('',#3998);
#4000=CARTESIAN_POINT('',(1.65E1,1.04E1,-1.1E1));
#4001=VERTEX_POINT('',#4000);
#4002=CARTESIAN_POINT('',(1.016E1,1.04E1,-9.535E0));
#4003=CARTESIAN_POINT('',(9.535E0,1.04E1,-1.016E1));
#4004=VERTEX_POINT('',#4002);
#4005=VERTEX_POINT('',#4003);
#4006=CARTESIAN_POINT('',(1.0785E1,1.04E1,-1.016E1));
#4007=VERTEX_POINT('',#4006);
#4008=CARTESIAN_POINT('',(1.016E1,1.04E1,-1.0785E1));
#4009=VERTEX_POINT('',#4008);
#4010=CARTESIAN_POINT('',(1.72E1,1.025E1,-1.1E1));
#4011=VERTEX_POINT('',#4010);
#4012=CARTESIAN_POINT('',(1.65E1,1.025E1,-1.1E1));
#4013=VERTEX_POINT('',#4012);
#4014=CARTESIAN_POINT('',(1.72E1,8.4E0,-1.115E1));
#4015=CARTESIAN_POINT('',(1.72E1,1.E1,-1.065E1));
#4016=VERTEX_POINT('',#4014);
#4017=VERTEX_POINT('',#4015);
#4018=CARTESIAN_POINT('',(1.72E1,1.025E1,-1.065E1));
#4019=VERTEX_POINT('',#4018);
#4020=CARTESIAN_POINT('',(1.65E1,1.E1,-1.065E1));
#4021=CARTESIAN_POINT('',(1.65E1,8.4E0,-1.115E1));
#4022=VERTEX_POINT('',#4020);
#4023=VERTEX_POINT('',#4021);
#4024=CARTESIAN_POINT('',(1.65E1,1.025E1,-1.065E1));
#4025=VERTEX_POINT('',#4024);
#4026=CARTESIAN_POINT('',(1.0685E1,1.13E1,-1.016000000029E1));
#4027=VERTEX_POINT('',#4026);
#4028=CARTESIAN_POINT('',(1.016E1,1.13E1,-9.635E0));
#4029=CARTESIAN_POINT('',(9.635E0,1.13E1,-1.016E1));
#4030=VERTEX_POINT('',#4028);
#4031=VERTEX_POINT('',#4029);
#4032=CARTESIAN_POINT('',(1.016E1,1.13E1,-1.0685E1));
#4033=VERTEX_POINT('',#4032);
#4034=CARTESIAN_POINT('',(9.635E0,1.18E1,-1.016E1));
#4035=VERTEX_POINT('',#4034);
#4036=CARTESIAN_POINT('',(1.0685E1,1.18E1,-1.016E1));
#4037=VERTEX_POINT('',#4036);
#4038=CARTESIAN_POINT('',(-6.8E0,1.18E1,1.155E1));
#4039=CARTESIAN_POINT('',(-6.8E0,1.18E1,1.24E1));
#4040=VERTEX_POINT('',#4038);
#4041=VERTEX_POINT('',#4039);
#4042=CARTESIAN_POINT('',(-9.E0,1.18E1,1.155E1));
#4043=VERTEX_POINT('',#4042);
#4044=CARTESIAN_POINT('',(-9.E0,1.18E1,1.24E1));
#4045=VERTEX_POINT('',#4044);
#4046=CARTESIAN_POINT('',(-2.47E1,1.18E1,1.24E1));
#4047=VERTEX_POINT('',#4046);
#4048=CARTESIAN_POINT('',(-2.51E1,1.18E1,1.2E1));
#4049=VERTEX_POINT('',#4048);
#4050=CARTESIAN_POINT('',(-2.51E1,1.18E1,-1.2E1));
#4051=VERTEX_POINT('',#4050);
#4052=CARTESIAN_POINT('',(-2.47E1,1.18E1,-1.24E1));
#4053=VERTEX_POINT('',#4052);
#4054=CARTESIAN_POINT('',(-9.E0,1.18E1,-1.24E1));
#4055=VERTEX_POINT('',#4054);
#4056=CARTESIAN_POINT('',(-9.E0,1.18E1,-1.155E1));
#4057=VERTEX_POINT('',#4056);
#4058=CARTESIAN_POINT('',(-6.8E0,1.18E1,-1.155E1));
#4059=VERTEX_POINT('',#4058);
#4060=CARTESIAN_POINT('',(-6.8E0,1.18E1,-1.24E1));
#4061=VERTEX_POINT('',#4060);
#4062=CARTESIAN_POINT('',(6.8E0,1.18E1,-1.24E1));
#4063=VERTEX_POINT('',#4062);
#4064=CARTESIAN_POINT('',(6.8E0,1.18E1,-1.155E1));
#4065=VERTEX_POINT('',#4064);
#4066=CARTESIAN_POINT('',(9.E0,1.18E1,-1.155E1));
#4067=VERTEX_POINT('',#4066);
#4068=CARTESIAN_POINT('',(9.E0,1.18E1,-1.24E1));
#4069=VERTEX_POINT('',#4068);
#4070=CARTESIAN_POINT('',(2.47E1,1.18E1,-1.24E1));
#4071=VERTEX_POINT('',#4070);
#4072=CARTESIAN_POINT('',(2.51E1,1.18E1,-1.2E1));
#4073=VERTEX_POINT('',#4072);
#4074=CARTESIAN_POINT('',(2.51E1,1.18E1,1.2E1));
#4075=VERTEX_POINT('',#4074);
#4076=CARTESIAN_POINT('',(2.47E1,1.18E1,1.24E1));
#4077=VERTEX_POINT('',#4076);
#4078=CARTESIAN_POINT('',(9.E0,1.18E1,1.24E1));
#4079=VERTEX_POINT('',#4078);
#4080=CARTESIAN_POINT('',(9.E0,1.18E1,1.155E1));
#4081=VERTEX_POINT('',#4080);
#4082=CARTESIAN_POINT('',(6.8E0,1.18E1,1.155E1));
#4083=VERTEX_POINT('',#4082);
#4084=CARTESIAN_POINT('',(6.8E0,1.18E1,1.24E1));
#4085=VERTEX_POINT('',#4084);
#4086=CARTESIAN_POINT('',(-9.635E0,1.18E1,1.016E1));
#4087=CARTESIAN_POINT('',(-1.0685E1,1.18E1,1.016E1));
#4088=VERTEX_POINT('',#4086);
#4089=VERTEX_POINT('',#4087);
#4090=CARTESIAN_POINT('',(1.0685E1,1.18E1,1.016E1));
#4091=CARTESIAN_POINT('',(9.635E0,1.18E1,1.016E1));
#4092=VERTEX_POINT('',#4090);
#4093=VERTEX_POINT('',#4091);
#4094=CARTESIAN_POINT('',(1.0685E1,1.18E1,0.E0));
#4095=CARTESIAN_POINT('',(9.635E0,1.18E1,0.E0));
#4096=VERTEX_POINT('',#4094);
#4097=VERTEX_POINT('',#4095);
#4098=CARTESIAN_POINT('',(-9.635E0,1.18E1,-2.54E0));
#4099=CARTESIAN_POINT('',(-1.0685E1,1.18E1,-2.54E0));
#4100=VERTEX_POINT('',#4098);
#4101=VERTEX_POINT('',#4099);
#4102=CARTESIAN_POINT('',(-6.8E0,1.1E1,1.205E1));
#4103=CARTESIAN_POINT('',(-6.8E0,1.1E1,1.27E1));
#4104=VERTEX_POINT('',#4102);
#4105=VERTEX_POINT('',#4103);
#4106=CARTESIAN_POINT('',(-6.8E0,1.E1,1.205E1));
#4107=VERTEX_POINT('',#4106);
#4108=CARTESIAN_POINT('',(-6.8E0,1.E1,1.155E1));
#4109=VERTEX_POINT('',#4108);
#4110=CARTESIAN_POINT('',(-6.8E0,1.15E1,1.27E1));
#4111=VERTEX_POINT('',#4110);
#4112=CARTESIAN_POINT('',(-9.E0,1.1E1,1.27E1));
#4113=VERTEX_POINT('',#4112);
#4114=CARTESIAN_POINT('',(-9.E0,1.1E1,1.205E1));
#4115=VERTEX_POINT('',#4114);
#4116=CARTESIAN_POINT('',(6.8E0,1.15E1,1.27E1));
#4117=VERTEX_POINT('',#4116);
#4118=CARTESIAN_POINT('',(6.8E0,1.1E1,1.27E1));
#4119=VERTEX_POINT('',#4118);
#4120=CARTESIAN_POINT('',(9.E0,1.1E1,1.27E1));
#4121=VERTEX_POINT('',#4120);
#4122=CARTESIAN_POINT('',(9.E0,1.15E1,1.27E1));
#4123=VERTEX_POINT('',#4122);
#4124=CARTESIAN_POINT('',(2.469999999998E1,1.15E1,1.27E1));
#4125=VERTEX_POINT('',#4124);
#4126=CARTESIAN_POINT('',(2.469999999961E1,7.E-1,1.27E1));
#4127=VERTEX_POINT('',#4126);
#4128=CARTESIAN_POINT('',(-2.469999999997E1,7.E-1,1.27E1));
#4129=VERTEX_POINT('',#4128);
#4130=CARTESIAN_POINT('',(-2.469999999997E1,1.15E1,1.27E1));
#4131=VERTEX_POINT('',#4130);
#4132=CARTESIAN_POINT('',(-9.E0,1.15E1,1.27E1));
#4133=VERTEX_POINT('',#4132);
#4134=CARTESIAN_POINT('',(-1.845E1,9.5E0,1.27E1));
#4135=CARTESIAN_POINT('',(-1.755E1,9.5E0,1.27E1));
#4136=VERTEX_POINT('',#4134);
#4137=VERTEX_POINT('',#4135);
#4138=CARTESIAN_POINT('',(1.755E1,9.5E0,1.27E1));
#4139=CARTESIAN_POINT('',(1.845E1,9.5E0,1.27E1));
#4140=VERTEX_POINT('',#4138);
#4141=VERTEX_POINT('',#4139);
#4142=CARTESIAN_POINT('',(6.8E0,1.1E1,1.205E1));
#4143=VERTEX_POINT('',#4142);
#4144=CARTESIAN_POINT('',(6.8E0,1.E1,1.155E1));
#4145=VERTEX_POINT('',#4144);
#4146=CARTESIAN_POINT('',(6.8E0,1.E1,1.205E1));
#4147=VERTEX_POINT('',#4146);
#4148=CARTESIAN_POINT('',(9.E0,1.1E1,1.205E1));
#4149=VERTEX_POINT('',#4148);
#4150=CARTESIAN_POINT('',(9.E0,1.E1,1.205E1));
#4151=VERTEX_POINT('',#4150);
#4152=CARTESIAN_POINT('',(9.E0,1.E1,1.155E1));
#4153=VERTEX_POINT('',#4152);
#4154=CARTESIAN_POINT('',(2.54E1,1.15E1,1.2E1));
#4155=VERTEX_POINT('',#4154);
#4156=CARTESIAN_POINT('',(2.54E1,1.15E1,-1.2E1));
#4157=VERTEX_POINT('',#4156);
#4158=CARTESIAN_POINT('',(2.47E1,1.15E1,-1.27E1));
#4159=VERTEX_POINT('',#4158);
#4160=CARTESIAN_POINT('',(9.E0,1.15E1,-1.27E1));
#4161=VERTEX_POINT('',#4160);
#4162=CARTESIAN_POINT('',(9.E0,1.1E1,-1.205E1));
#4163=CARTESIAN_POINT('',(9.E0,1.1E1,-1.27E1));
#4164=VERTEX_POINT('',#4162);
#4165=VERTEX_POINT('',#4163);
#4166=CARTESIAN_POINT('',(9.E0,1.E1,-1.155E1));
#4167=VERTEX_POINT('',#4166);
#4168=CARTESIAN_POINT('',(9.E0,1.E1,-1.205E1));
#4169=VERTEX_POINT('',#4168);
#4170=CARTESIAN_POINT('',(6.8E0,1.1E1,-1.205E1));
#4171=CARTESIAN_POINT('',(6.8E0,1.1E1,-1.27E1));
#4172=VERTEX_POINT('',#4170);
#4173=VERTEX_POINT('',#4171);
#4174=CARTESIAN_POINT('',(6.8E0,1.E1,-1.205E1));
#4175=VERTEX_POINT('',#4174);
#4176=CARTESIAN_POINT('',(6.8E0,1.E1,-1.155E1));
#4177=VERTEX_POINT('',#4176);
#4178=CARTESIAN_POINT('',(6.8E0,1.15E1,-1.27E1));
#4179=VERTEX_POINT('',#4178);
#4180=CARTESIAN_POINT('',(-6.8E0,1.15E1,-1.27E1));
#4181=VERTEX_POINT('',#4180);
#4182=CARTESIAN_POINT('',(-6.8E0,1.1E1,-1.205E1));
#4183=CARTESIAN_POINT('',(-6.8E0,1.1E1,-1.27E1));
#4184=VERTEX_POINT('',#4182);
#4185=VERTEX_POINT('',#4183);
#4186=CARTESIAN_POINT('',(-6.8E0,1.E1,-1.155E1));
#4187=VERTEX_POINT('',#4186);
#4188=CARTESIAN_POINT('',(-6.8E0,1.E1,-1.205E1));
#4189=VERTEX_POINT('',#4188);
#4190=CARTESIAN_POINT('',(-9.E0,1.1E1,-1.205E1));
#4191=CARTESIAN_POINT('',(-9.E0,1.1E1,-1.27E1));
#4192=VERTEX_POINT('',#4190);
#4193=VERTEX_POINT('',#4191);
#4194=CARTESIAN_POINT('',(-9.E0,1.E1,-1.205E1));
#4195=VERTEX_POINT('',#4194);
#4196=CARTESIAN_POINT('',(-9.E0,1.E1,-1.155E1));
#4197=VERTEX_POINT('',#4196);
#4198=CARTESIAN_POINT('',(-9.E0,1.15E1,-1.27E1));
#4199=VERTEX_POINT('',#4198);
#4200=CARTESIAN_POINT('',(-2.47E1,1.15E1,-1.27E1));
#4201=VERTEX_POINT('',#4200);
#4202=CARTESIAN_POINT('',(-2.54E1,1.15E1,-1.2E1));
#4203=VERTEX_POINT('',#4202);
#4204=CARTESIAN_POINT('',(-2.54E1,1.15E1,1.2E1));
#4205=VERTEX_POINT('',#4204);
#4206=CARTESIAN_POINT('',(-9.E0,1.E1,1.155E1));
#4207=VERTEX_POINT('',#4206);
#4208=CARTESIAN_POINT('',(-9.E0,1.E1,1.205E1));
#4209=VERTEX_POINT('',#4208);
#4210=CARTESIAN_POINT('',(-2.54E1,7.E-1,1.200000000018E1));
#4211=VERTEX_POINT('',#4210);
#4212=CARTESIAN_POINT('',(-2.54E1,7.E-1,-1.200000000004E1));
#4213=VERTEX_POINT('',#4212);
#4214=CARTESIAN_POINT('',(-2.470000000007E1,7.E-1,-1.27E1));
#4215=VERTEX_POINT('',#4214);
#4216=CARTESIAN_POINT('',(2.469999999997E1,7.E-1,-1.27E1));
#4217=VERTEX_POINT('',#4216);
#4218=CARTESIAN_POINT('',(1.845E1,9.5E0,-1.27E1));
#4219=CARTESIAN_POINT('',(1.842181340223E1,9.343240777935E0,-1.27E1));
#4220=VERTEX_POINT('',#4218);
#4221=VERTEX_POINT('',#4219);
#4222=CARTESIAN_POINT('',(1.755E1,9.5E0,-1.27E1));
#4223=VERTEX_POINT('',#4222);
#4224=CARTESIAN_POINT('',(1.757818659777E1,9.656759222065E0,-1.27E1));
#4225=VERTEX_POINT('',#4224);
#4226=CARTESIAN_POINT('',(-1.755E1,9.5E0,-1.27E1));
#4227=CARTESIAN_POINT('',(-1.757818659777E1,9.343240777935E0,-1.27E1));
#4228=VERTEX_POINT('',#4226);
#4229=VERTEX_POINT('',#4227);
#4230=CARTESIAN_POINT('',(-1.845E1,9.5E0,-1.27E1));
#4231=VERTEX_POINT('',#4230);
#4232=CARTESIAN_POINT('',(-1.842181340223E1,9.656759222065E0,-1.27E1));
#4233=VERTEX_POINT('',#4232);
#4234=CARTESIAN_POINT('',(-2.47E1,0.E0,-1.2E1));
#4235=CARTESIAN_POINT('',(2.469999999997E1,0.E0,-1.2E1));
#4236=VERTEX_POINT('',#4234);
#4237=VERTEX_POINT('',#4235);
#4238=CARTESIAN_POINT('',(-2.47E1,0.E0,1.199999999987E1));
#4239=VERTEX_POINT('',#4238);
#4240=CARTESIAN_POINT('',(2.469999999997E1,0.E0,1.199999999904E1));
#4241=VERTEX_POINT('',#4240);
#4242=CARTESIAN_POINT('',(2.54E1,7.E-1,1.200000000022E1));
#4243=VERTEX_POINT('',#4242);
#4244=CARTESIAN_POINT('',(2.54E1,7.E-1,-1.200000000018E1));
#4245=VERTEX_POINT('',#4244);
#4246=CARTESIAN_POINT('',(1.825E1,9.5E0,-1.25E1));
#4247=VERTEX_POINT('',#4246);
#4248=CARTESIAN_POINT('',(1.823434077901E1,9.412911543296E0,-1.25E1));
#4249=VERTEX_POINT('',#4248);
#4250=CARTESIAN_POINT('',(1.775E1,9.499999999993E0,-1.25E1));
#4251=VERTEX_POINT('',#4250);
#4252=CARTESIAN_POINT('',(1.776565922099E1,9.587088456704E0,-1.25E1));
#4253=VERTEX_POINT('',#4252);
#4254=CARTESIAN_POINT('',(1.775E1,9.499999999995E0,-1.23E1));
#4255=VERTEX_POINT('',#4254);
#4256=CARTESIAN_POINT('',(1.825E1,9.5E0,-1.23E1));
#4257=VERTEX_POINT('',#4256);
#4258=CARTESIAN_POINT('',(-1.775E1,9.5E0,-1.25E1));
#4259=VERTEX_POINT('',#4258);
#4260=CARTESIAN_POINT('',(-1.776565922099E1,9.412911543296E0,-1.25E1));
#4261=VERTEX_POINT('',#4260);
#4262=CARTESIAN_POINT('',(-1.825E1,9.499999999993E0,-1.25E1));
#4263=VERTEX_POINT('',#4262);
#4264=CARTESIAN_POINT('',(-1.823434077901E1,9.587088456704E0,-1.25E1));
#4265=VERTEX_POINT('',#4264);
#4266=CARTESIAN_POINT('',(-1.825E1,9.499999999995E0,-1.23E1));
#4267=VERTEX_POINT('',#4266);
#4268=CARTESIAN_POINT('',(-1.775E1,9.5E0,-1.23E1));
#4269=VERTEX_POINT('',#4268);
#4270=CARTESIAN_POINT('',(-1.825E1,9.499999999990E0,1.25E1));
#4271=VERTEX_POINT('',#4270);
#4272=CARTESIAN_POINT('',(-1.821873867310E1,9.378948800548E0,1.25E1));
#4273=VERTEX_POINT('',#4272);
#4274=CARTESIAN_POINT('',(-1.775E1,9.5E0,1.25E1));
#4275=VERTEX_POINT('',#4274);
#4276=CARTESIAN_POINT('',(-1.778126132690E1,9.621051199452E0,1.25E1));
#4277=VERTEX_POINT('',#4276);
#4278=CARTESIAN_POINT('',(-1.775E1,9.5E0,1.23E1));
#4279=VERTEX_POINT('',#4278);
#4280=CARTESIAN_POINT('',(-1.825E1,9.5E0,1.23E1));
#4281=VERTEX_POINT('',#4280);
#4282=CARTESIAN_POINT('',(1.775E1,9.499999999990E0,1.25E1));
#4283=VERTEX_POINT('',#4282);
#4284=CARTESIAN_POINT('',(1.778126132690E1,9.378948800548E0,1.25E1));
#4285=VERTEX_POINT('',#4284);
#4286=CARTESIAN_POINT('',(1.825E1,9.5E0,1.25E1));
#4287=VERTEX_POINT('',#4286);
#4288=CARTESIAN_POINT('',(1.821873867310E1,9.621051199452E0,1.25E1));
#4289=VERTEX_POINT('',#4288);
#4290=CARTESIAN_POINT('',(1.825E1,9.5E0,1.23E1));
#4291=VERTEX_POINT('',#4290);
#4292=CARTESIAN_POINT('',(1.775E1,9.5E0,1.23E1));
#4293=VERTEX_POINT('',#4292);
#4294=CARTESIAN_POINT('',(-1.016E1,1.13E1,3.065E0));
#4295=VERTEX_POINT('',#4294);
#4296=CARTESIAN_POINT('',(-1.016E1,1.13E1,9.635E0));
#4297=CARTESIAN_POINT('',(-9.635E0,1.13E1,1.015999999973E1));
#4298=VERTEX_POINT('',#4296);
#4299=VERTEX_POINT('',#4297);
#4300=CARTESIAN_POINT('',(-1.0685E1,1.13E1,1.016E1));
#4301=VERTEX_POINT('',#4300);
#4302=CARTESIAN_POINT('',(-1.016E1,1.13E1,1.0685E1));
#4303=VERTEX_POINT('',#4302);
#4304=CARTESIAN_POINT('',(9.635E0,1.13E1,1.016E1));
#4305=CARTESIAN_POINT('',(1.016E1,1.13E1,9.635E0));
#4306=VERTEX_POINT('',#4304);
#4307=VERTEX_POINT('',#4305);
#4308=CARTESIAN_POINT('',(1.0685E1,1.13E1,1.015999999973E1));
#4309=VERTEX_POINT('',#4308);
#4310=CARTESIAN_POINT('',(1.016E1,1.13E1,1.0685E1));
#4311=VERTEX_POINT('',#4310);
#4312=CARTESIAN_POINT('',(1.016E1,1.13E1,-5.25E-1));
#4313=CARTESIAN_POINT('',(1.0685E1,1.13E1,-2.701195255866E-10));
#4314=VERTEX_POINT('',#4312);
#4315=VERTEX_POINT('',#4313);
#4316=CARTESIAN_POINT('',(9.635E0,1.13E1,0.E0));
#4317=VERTEX_POINT('',#4316);
#4318=CARTESIAN_POINT('',(1.016E1,1.04E1,-6.25E-1));
#4319=CARTESIAN_POINT('',(1.0785E1,1.04E1,0.E0));
#4320=VERTEX_POINT('',#4318);
#4321=VERTEX_POINT('',#4319);
#4322=CARTESIAN_POINT('',(9.535E0,1.04E1,0.E0));
#4323=VERTEX_POINT('',#4322);
#4324=CARTESIAN_POINT('',(8.36E0,1.04E1,0.E0));
#4325=CARTESIAN_POINT('',(1.196E1,1.04E1,0.E0));
#4326=VERTEX_POINT('',#4324);
#4327=VERTEX_POINT('',#4325);
#4328=CARTESIAN_POINT('',(1.016E1,1.04E1,6.25E-1));
#4329=VERTEX_POINT('',#4328);
#4330=CARTESIAN_POINT('',(1.016E1,1.13E1,5.25E-1));
#4331=VERTEX_POINT('',#4330);
#4332=CARTESIAN_POINT('',(-1.016E1,1.13E1,-3.065E0));
#4333=CARTESIAN_POINT('',(-9.635E0,1.13E1,-2.540000000271E0));
#4334=VERTEX_POINT('',#4332);
#4335=VERTEX_POINT('',#4333);
#4336=CARTESIAN_POINT('',(-1.0685E1,1.13E1,-2.54E0));
#4337=VERTEX_POINT('',#4336);
#4338=CARTESIAN_POINT('',(-1.016E1,1.04E1,-3.165E0));
#4339=CARTESIAN_POINT('',(-9.535E0,1.04E1,-2.54E0));
#4340=VERTEX_POINT('',#4338);
#4341=VERTEX_POINT('',#4339);
#4342=CARTESIAN_POINT('',(-1.0785E1,1.04E1,-2.54E0));
#4343=VERTEX_POINT('',#4342);
#4344=CARTESIAN_POINT('',(-1.196E1,1.04E1,-2.54E0));
#4345=CARTESIAN_POINT('',(-8.36E0,1.04E1,-2.54E0));
#4346=VERTEX_POINT('',#4344);
#4347=VERTEX_POINT('',#4345);
#4348=CARTESIAN_POINT('',(-1.016E1,1.04E1,-1.915E0));
#4349=VERTEX_POINT('',#4348);
#4350=CARTESIAN_POINT('',(-1.016E1,1.13E1,-2.015E0));
#4351=VERTEX_POINT('',#4350);
#4352=CARTESIAN_POINT('',(-1.72E1,8.4E0,1.115E1));
#4353=CARTESIAN_POINT('',(-1.72E1,1.E1,1.065E1));
#4354=VERTEX_POINT('',#4352);
#4355=VERTEX_POINT('',#4353);
#4356=CARTESIAN_POINT('',(-1.72E1,1.025E1,1.065E1));
#4357=VERTEX_POINT('',#4356);
#4358=CARTESIAN_POINT('',(-1.65E1,1.E1,1.065E1));
#4359=CARTESIAN_POINT('',(-1.65E1,8.4E0,1.115E1));
#4360=VERTEX_POINT('',#4358);
#4361=VERTEX_POINT('',#4359);
#4362=CARTESIAN_POINT('',(-1.65E1,1.025E1,1.065E1));
#4363=VERTEX_POINT('',#4362);
#4364=CARTESIAN_POINT('',(-2.2335E1,1.13E1,-2.540000000416E0));
#4365=VERTEX_POINT('',#4364);
#4366=CARTESIAN_POINT('',(-2.286E1,1.13E1,-2.015E0));
#4367=VERTEX_POINT('',#4366);
#4368=CARTESIAN_POINT('',(-2.3385E1,1.13E1,-2.539999999616E0));
#4369=VERTEX_POINT('',#4368);
#4370=CARTESIAN_POINT('',(-2.286E1,1.13E1,-3.065E0));
#4371=VERTEX_POINT('',#4370);
#4372=CARTESIAN_POINT('',(-2.2335E1,1.13E1,-7.620000000380E0));
#4373=VERTEX_POINT('',#4372);
#4374=CARTESIAN_POINT('',(-2.286E1,1.13E1,-7.095E0));
#4375=VERTEX_POINT('',#4374);
#4376=CARTESIAN_POINT('',(-2.3385E1,1.13E1,-7.619999999616E0));
#4377=VERTEX_POINT('',#4376);
#4378=CARTESIAN_POINT('',(-2.286E1,1.13E1,-8.145E0));
#4379=VERTEX_POINT('',#4378);
#4380=CARTESIAN_POINT('',(-2.2335E1,1.13E1,7.619999999620E0));
#4381=VERTEX_POINT('',#4380);
#4382=CARTESIAN_POINT('',(-2.286E1,1.13E1,8.145E0));
#4383=VERTEX_POINT('',#4382);
#4384=CARTESIAN_POINT('',(-2.3385E1,1.13E1,7.620000000384E0));
#4385=VERTEX_POINT('',#4384);
#4386=CARTESIAN_POINT('',(-2.286E1,1.13E1,7.095E0));
#4387=VERTEX_POINT('',#4386);
#4388=CARTESIAN_POINT('',(2.425E1,9.3E0,-1.E1));
#4389=VERTEX_POINT('',#4388);
#4390=CARTESIAN_POINT('',(2.425E1,9.3E0,1.E1));
#4391=VERTEX_POINT('',#4390);
#4392=CARTESIAN_POINT('',(2.425E1,7.8E0,1.E1));
#4393=VERTEX_POINT('',#4392);
#4394=CARTESIAN_POINT('',(2.425E1,7.8E0,-1.E1));
#4395=VERTEX_POINT('',#4394);
#4396=CARTESIAN_POINT('',(2.3E1,9.3E0,-1.205E1));
#4397=CARTESIAN_POINT('',(2.425E1,9.3E0,-1.205E1));
#4398=VERTEX_POINT('',#4396);
#4399=VERTEX_POINT('',#4397);
#4400=CARTESIAN_POINT('',(2.475E1,9.3E0,-1.E1));
#4401=VERTEX_POINT('',#4400);
#4402=CARTESIAN_POINT('',(2.475E1,9.3E0,-1.155E1));
#4403=VERTEX_POINT('',#4402);
#4404=CARTESIAN_POINT('',(-2.3E1,8.2E0,-1.205E1));
#4405=VERTEX_POINT('',#4404);
#4406=CARTESIAN_POINT('',(2.3E1,8.2E0,-1.205E1));
#4407=VERTEX_POINT('',#4406);
#4408=CARTESIAN_POINT('',(2.425E1,1.1E1,-1.205E1));
#4409=VERTEX_POINT('',#4408);
#4410=CARTESIAN_POINT('',(2.469999999997E1,1.1E1,-1.205E1));
#4411=VERTEX_POINT('',#4410);
#4412=CARTESIAN_POINT('',(2.469999999998E1,7.E-1,-1.205E1));
#4413=VERTEX_POINT('',#4412);
#4414=CARTESIAN_POINT('',(-2.47E1,7.E-1,-1.205E1));
#4415=VERTEX_POINT('',#4414);
#4416=CARTESIAN_POINT('',(-2.3E1,7.8E0,-1.185E1));
#4417=VERTEX_POINT('',#4416);
#4418=CARTESIAN_POINT('',(2.3E1,7.8E0,-1.185E1));
#4419=VERTEX_POINT('',#4418);
#4420=CARTESIAN_POINT('',(2.475E1,1.1E1,-1.155E1));
#4421=VERTEX_POINT('',#4420);
#4422=CARTESIAN_POINT('',(2.475E1,9.3E0,1.E1));
#4423=CARTESIAN_POINT('',(2.475E1,9.3E0,1.155E1));
#4424=VERTEX_POINT('',#4422);
#4425=VERTEX_POINT('',#4423);
#4426=CARTESIAN_POINT('',(2.475E1,1.1E1,1.155E1));
#4427=VERTEX_POINT('',#4426);
#4428=CARTESIAN_POINT('',(2.475E1,1.1E1,1.200000000020E1));
#4429=VERTEX_POINT('',#4428);
#4430=CARTESIAN_POINT('',(2.475E1,7.E-1,1.200000000009E1));
#4431=VERTEX_POINT('',#4430);
#4432=CARTESIAN_POINT('',(2.475E1,7.E-1,-1.200000000001E1));
#4433=VERTEX_POINT('',#4432);
#4434=CARTESIAN_POINT('',(2.475E1,1.1E1,-1.200000000002E1));
#4435=VERTEX_POINT('',#4434);
#4436=CARTESIAN_POINT('',(2.475E1,8.2E0,-1.E1));
#4437=VERTEX_POINT('',#4436);
#4438=CARTESIAN_POINT('',(2.475E1,8.2E0,1.E1));
#4439=VERTEX_POINT('',#4438);
#4440=CARTESIAN_POINT('',(2.47E1,6.5E-1,1.2E1));
#4441=VERTEX_POINT('',#4440);
#4442=CARTESIAN_POINT('',(-2.47E1,6.5E-1,1.2E1));
#4443=VERTEX_POINT('',#4442);
#4444=CARTESIAN_POINT('',(2.47E1,6.5E-1,-1.2E1));
#4445=CARTESIAN_POINT('',(-2.47E1,6.5E-1,-1.2E1));
#4446=VERTEX_POINT('',#4444);
#4447=VERTEX_POINT('',#4445);
#4448=CARTESIAN_POINT('',(2.455E1,7.8E0,1.E1));
#4449=VERTEX_POINT('',#4448);
#4450=CARTESIAN_POINT('',(2.455E1,7.8E0,-1.E1));
#4451=VERTEX_POINT('',#4450);
#4452=CARTESIAN_POINT('',(-1.74E1,9.4E0,-1.205E1));
#4453=CARTESIAN_POINT('',(-1.86E1,9.4E0,-1.205E1));
#4454=VERTEX_POINT('',#4452);
#4455=VERTEX_POINT('',#4453);
#4456=CARTESIAN_POINT('',(-1.848989794856E1,9.500000007211E0,-1.205E1));
#4457=CARTESIAN_POINT('',(-1.751010205144E1,9.499999992789E0,-1.205E1));
#4458=VERTEX_POINT('',#4456);
#4459=VERTEX_POINT('',#4457);
#4460=CARTESIAN_POINT('',(-1.8E1,9.5E0,-1.165E1));
#4461=VERTEX_POINT('',#4460);
#4462=CARTESIAN_POINT('',(6.E-1,9.4E0,-1.205E1));
#4463=CARTESIAN_POINT('',(-6.E-1,9.4E0,-1.205E1));
#4464=VERTEX_POINT('',#4462);
#4465=VERTEX_POINT('',#4463);
#4466=CARTESIAN_POINT('',(1.86E1,9.4E0,-1.205E1));
#4467=CARTESIAN_POINT('',(1.74E1,9.4E0,-1.205E1));
#4468=VERTEX_POINT('',#4466);
#4469=VERTEX_POINT('',#4467);
#4470=CARTESIAN_POINT('',(1.751010205144E1,9.500000007211E0,-1.205E1));
#4471=CARTESIAN_POINT('',(1.848989794856E1,9.499999992789E0,-1.205E1));
#4472=VERTEX_POINT('',#4470);
#4473=VERTEX_POINT('',#4471);
#4474=CARTESIAN_POINT('',(1.8E1,9.5E0,-1.165E1));
#4475=VERTEX_POINT('',#4474);
#4476=CARTESIAN_POINT('',(-2.455E1,7.8E0,1.E1));
#4477=VERTEX_POINT('',#4476);
#4478=CARTESIAN_POINT('',(-1.86E1,9.4E0,1.205E1));
#4479=CARTESIAN_POINT('',(-1.74E1,9.4E0,1.205E1));
#4480=VERTEX_POINT('',#4478);
#4481=VERTEX_POINT('',#4479);
#4482=CARTESIAN_POINT('',(-1.751010205144E1,9.499999992789E0,1.205E1));
#4483=CARTESIAN_POINT('',(-1.848989794856E1,9.500000007211E0,1.205E1));
#4484=VERTEX_POINT('',#4482);
#4485=VERTEX_POINT('',#4483);
#4486=CARTESIAN_POINT('',(-1.8E1,9.5E0,1.165E1));
#4487=VERTEX_POINT('',#4486);
#4488=CARTESIAN_POINT('',(-6.E-1,9.4E0,1.205E1));
#4489=CARTESIAN_POINT('',(6.E-1,9.4E0,1.205E1));
#4490=VERTEX_POINT('',#4488);
#4491=VERTEX_POINT('',#4489);
#4492=CARTESIAN_POINT('',(1.74E1,9.4E0,1.205E1));
#4493=CARTESIAN_POINT('',(1.86E1,9.4E0,1.205E1));
#4494=VERTEX_POINT('',#4492);
#4495=VERTEX_POINT('',#4493);
#4496=CARTESIAN_POINT('',(1.848989794856E1,9.499999992789E0,1.205E1));
#4497=CARTESIAN_POINT('',(1.751010205144E1,9.500000007211E0,1.205E1));
#4498=VERTEX_POINT('',#4496);
#4499=VERTEX_POINT('',#4497);
#4500=CARTESIAN_POINT('',(1.8E1,9.5E0,1.165E1));
#4501=VERTEX_POINT('',#4500);
#4502=CARTESIAN_POINT('',(2.3385E1,1.13E1,-3.803564171137E-10));
#4503=VERTEX_POINT('',#4502);
#4504=CARTESIAN_POINT('',(2.286E1,1.13E1,5.25E-1));
#4505=VERTEX_POINT('',#4504);
#4506=CARTESIAN_POINT('',(2.2335E1,1.13E1,3.841528865850E-10));
#4507=VERTEX_POINT('',#4506);
#4508=CARTESIAN_POINT('',(2.286E1,1.13E1,-5.25E-1));
#4509=VERTEX_POINT('',#4508);
#4510=CARTESIAN_POINT('',(2.3385E1,1.13E1,-1.016000000038E1));
#4511=VERTEX_POINT('',#4510);
#4512=CARTESIAN_POINT('',(2.286E1,1.13E1,-9.635E0));
#4513=VERTEX_POINT('',#4512);
#4514=CARTESIAN_POINT('',(2.2335E1,1.13E1,-1.015999999961E1));
#4515=VERTEX_POINT('',#4514);
#4516=CARTESIAN_POINT('',(2.286E1,1.13E1,-1.0685E1));
#4517=VERTEX_POINT('',#4516);
#4518=CARTESIAN_POINT('',(2.3385E1,1.13E1,1.015999999962E1));
#4519=VERTEX_POINT('',#4518);
#4520=CARTESIAN_POINT('',(2.286E1,1.13E1,1.0685E1));
#4521=VERTEX_POINT('',#4520);
#4522=CARTESIAN_POINT('',(2.2335E1,1.13E1,1.016000000039E1));
#4523=VERTEX_POINT('',#4522);
#4524=CARTESIAN_POINT('',(2.286E1,1.13E1,9.635E0));
#4525=VERTEX_POINT('',#4524);
#4526=CARTESIAN_POINT('',(-1.016E1,1.753E1,2.54E0));
#4527=DIRECTION('',(0.E0,-1.E0,0.E0));
#4528=DIRECTION('',(-1.E0,0.E0,0.E0));
#4529=AXIS2_PLACEMENT_3D('',#4526,#4527,#4528);
#4530=CYLINDRICAL_SURFACE('',#4529,5.25E-1);
#4532=ORIENTED_EDGE('',*,*,#4531,.F.);
#4534=ORIENTED_EDGE('',*,*,#4533,.F.);
#4536=ORIENTED_EDGE('',*,*,#4535,.F.);
#4538=ORIENTED_EDGE('',*,*,#4537,.F.);
#4540=ORIENTED_EDGE('',*,*,#4539,.T.);
#4541=EDGE_LOOP('',(#4532,#4534,#4536,#4538,#4540));
#4542=FACE_OUTER_BOUND('',#4541,.F.);
#4544=CARTESIAN_POINT('',(-1.016E1,1.085E1,2.54E0));
#4545=DIRECTION('',(0.E0,-1.E0,0.E0));
#4546=DIRECTION('',(0.E0,0.E0,-1.E0));
#4547=AXIS2_PLACEMENT_3D('',#4544,#4545,#4546);
#4548=CONICAL_SURFACE('',#4547,5.75E-1,6.340191745910E0);
#4550=ORIENTED_EDGE('',*,*,#4549,.F.);
#4552=ORIENTED_EDGE('',*,*,#4551,.F.);
#4554=ORIENTED_EDGE('',*,*,#4553,.F.);
#4555=ORIENTED_EDGE('',*,*,#4533,.T.);
#4556=ORIENTED_EDGE('',*,*,#4531,.T.);
#4558=ORIENTED_EDGE('',*,*,#4557,.T.);
#4559=EDGE_LOOP('',(#4550,#4552,#4554,#4555,#4556,#4558));
#4560=FACE_OUTER_BOUND('',#4559,.F.);
#4562=CARTESIAN_POINT('',(0.E0,1.04E1,0.E0));
#4563=DIRECTION('',(0.E0,1.E0,0.E0));
#4564=DIRECTION('',(1.E0,0.E0,0.E0));
#4565=AXIS2_PLACEMENT_3D('',#4562,#4563,#4564);
#4566=PLANE('',#4565);
#4568=ORIENTED_EDGE('',*,*,#4567,.T.);
#4570=ORIENTED_EDGE('',*,*,#4569,.T.);
#4571=EDGE_LOOP('',(#4568,#4570));
#4572=FACE_OUTER_BOUND('',#4571,.F.);
#4574=ORIENTED_EDGE('',*,*,#4573,.T.);
#4576=ORIENTED_EDGE('',*,*,#4575,.T.);
#4577=ORIENTED_EDGE('',*,*,#4551,.T.);
#4578=ORIENTED_EDGE('',*,*,#4549,.T.);
#4579=EDGE_LOOP('',(#4574,#4576,#4577,#4578));
#4580=FACE_BOUND('',#4579,.F.);
#4582=CARTESIAN_POINT('',(-1.016E1,1.04E1,2.54E0));
#4583=DIRECTION('',(0.E0,-1.E0,0.E0));
#4584=DIRECTION('',(-1.E0,0.E0,0.E0));
#4585=AXIS2_PLACEMENT_3D('',#4582,#4583,#4584);
#4586=CYLINDRICAL_SURFACE('',#4585,1.8E0);
#4587=ORIENTED_EDGE('',*,*,#4567,.F.);
#4589=ORIENTED_EDGE('',*,*,#4588,.F.);
#4591=ORIENTED_EDGE('',*,*,#4590,.F.);
#4593=ORIENTED_EDGE('',*,*,#4592,.T.);
#4594=EDGE_LOOP('',(#4587,#4589,#4591,#4593));
#4595=FACE_OUTER_BOUND('',#4594,.F.);
#4597=CARTESIAN_POINT('',(-1.016E1,1.04E1,2.54E0));
#4598=DIRECTION('',(0.E0,-1.E0,0.E0));
#4599=DIRECTION('',(-1.E0,0.E0,0.E0));
#4600=AXIS2_PLACEMENT_3D('',#4597,#4598,#4599);
#4601=CYLINDRICAL_SURFACE('',#4600,1.8E0);
#4602=ORIENTED_EDGE('',*,*,#4569,.F.);
#4603=ORIENTED_EDGE('',*,*,#4592,.F.);
#4605=ORIENTED_EDGE('',*,*,#4604,.F.);
#4606=ORIENTED_EDGE('',*,*,#4588,.T.);
#4607=EDGE_LOOP('',(#4602,#4603,#4605,#4606));
#4608=FACE_OUTER_BOUND('',#4607,.F.);
#4610=CARTESIAN_POINT('',(0.E0,1.055E1,0.E0));
#4611=DIRECTION('',(0.E0,-1.E0,0.E0));
#4612=DIRECTION('',(-1.E0,0.E0,0.E0));
#4613=AXIS2_PLACEMENT_3D('',#4610,#4611,#4612);
#4614=PLANE('',#4613);
#4616=ORIENTED_EDGE('',*,*,#4615,.T.);
#4618=ORIENTED_EDGE('',*,*,#4617,.T.);
#4620=ORIENTED_EDGE('',*,*,#4619,.T.);
#4622=ORIENTED_EDGE('',*,*,#4621,.T.);
#4624=ORIENTED_EDGE('',*,*,#4623,.T.);
#4626=ORIENTED_EDGE('',*,*,#4625,.T.);
#4628=ORIENTED_EDGE('',*,*,#4627,.T.);
#4630=ORIENTED_EDGE('',*,*,#4629,.T.);
#4632=ORIENTED_EDGE('',*,*,#4631,.T.);
#4634=ORIENTED_EDGE('',*,*,#4633,.T.);
#4636=ORIENTED_EDGE('',*,*,#4635,.T.);
#4638=ORIENTED_EDGE('',*,*,#4637,.T.);
#4640=ORIENTED_EDGE('',*,*,#4639,.T.);
#4642=ORIENTED_EDGE('',*,*,#4641,.T.);
#4644=ORIENTED_EDGE('',*,*,#4643,.T.);
#4646=ORIENTED_EDGE('',*,*,#4645,.T.);
#4648=ORIENTED_EDGE('',*,*,#4647,.T.);
#4650=ORIENTED_EDGE('',*,*,#4649,.T.);
#4652=ORIENTED_EDGE('',*,*,#4651,.T.);
#4654=ORIENTED_EDGE('',*,*,#4653,.T.);
#4656=ORIENTED_EDGE('',*,*,#4655,.T.);
#4658=ORIENTED_EDGE('',*,*,#4657,.T.);
#4660=ORIENTED_EDGE('',*,*,#4659,.T.);
#4662=ORIENTED_EDGE('',*,*,#4661,.T.);
#4664=ORIENTED_EDGE('',*,*,#4663,.T.);
#4666=ORIENTED_EDGE('',*,*,#4665,.T.);
#4668=ORIENTED_EDGE('',*,*,#4667,.T.);
#4670=ORIENTED_EDGE('',*,*,#4669,.T.);
#4672=ORIENTED_EDGE('',*,*,#4671,.T.);
#4674=ORIENTED_EDGE('',*,*,#4673,.T.);
#4676=ORIENTED_EDGE('',*,*,#4675,.T.);
#4678=ORIENTED_EDGE('',*,*,#4677,.T.);
#4679=EDGE_LOOP('',(#4616,#4618,#4620,#4622,#4624,#4626,#4628,#4630,#4632,#4634,
#4636,#4638,#4640,#4642,#4644,#4646,#4648,#4650,#4652,#4654,#4656,#4658,#4660,
#4662,#4664,#4666,#4668,#4670,#4672,#4674,#4676,#4678));
#4680=FACE_OUTER_BOUND('',#4679,.F.);
#4681=ORIENTED_EDGE('',*,*,#4590,.T.);
#4682=ORIENTED_EDGE('',*,*,#4604,.T.);
#4683=EDGE_LOOP('',(#4681,#4682));
#4684=FACE_BOUND('',#4683,.F.);
#4686=ORIENTED_EDGE('',*,*,#4685,.T.);
#4688=ORIENTED_EDGE('',*,*,#4687,.T.);
#4689=EDGE_LOOP('',(#4686,#4688));
#4690=FACE_BOUND('',#4689,.F.);
#4692=ORIENTED_EDGE('',*,*,#4691,.T.);
#4694=ORIENTED_EDGE('',*,*,#4693,.T.);
#4695=EDGE_LOOP('',(#4692,#4694));
#4696=FACE_BOUND('',#4695,.F.);
#4698=CARTESIAN_POINT('',(2.106E1,1.04E1,1.1E1));
#4699=DIRECTION('',(0.E0,0.E0,1.E0));
#4700=DIRECTION('',(-1.E0,0.E0,0.E0));
#4701=AXIS2_PLACEMENT_3D('',#4698,#4699,#4700);
#4702=PLANE('',#4701);
#4704=ORIENTED_EDGE('',*,*,#4703,.T.);
#4706=ORIENTED_EDGE('',*,*,#4705,.F.);
#4707=ORIENTED_EDGE('',*,*,#4615,.F.);
#4709=ORIENTED_EDGE('',*,*,#4708,.T.);
#4711=ORIENTED_EDGE('',*,*,#4710,.T.);
#4713=ORIENTED_EDGE('',*,*,#4712,.F.);
#4715=ORIENTED_EDGE('',*,*,#4714,.T.);
#4717=ORIENTED_EDGE('',*,*,#4716,.T.);
#4718=EDGE_LOOP('',(#4704,#4706,#4707,#4709,#4711,#4713,#4715,#4717));
#4719=FACE_OUTER_BOUND('',#4718,.F.);
#4721=CARTESIAN_POINT('',(0.E0,1.04E1,0.E0));
#4722=DIRECTION('',(0.E0,1.E0,0.E0));
#4723=DIRECTION('',(1.E0,0.E0,0.E0));
#4724=AXIS2_PLACEMENT_3D('',#4721,#4722,#4723);
#4725=PLANE('',#4724);
#4726=ORIENTED_EDGE('',*,*,#4703,.F.);
#4728=ORIENTED_EDGE('',*,*,#4727,.F.);
#4730=ORIENTED_EDGE('',*,*,#4729,.T.);
#4732=ORIENTED_EDGE('',*,*,#4731,.T.);
#4734=ORIENTED_EDGE('',*,*,#4733,.T.);
#4736=ORIENTED_EDGE('',*,*,#4735,.F.);
#4738=ORIENTED_EDGE('',*,*,#4737,.F.);
#4740=ORIENTED_EDGE('',*,*,#4739,.F.);
#4742=ORIENTED_EDGE('',*,*,#4741,.T.);
#4744=ORIENTED_EDGE('',*,*,#4743,.F.);
#4746=ORIENTED_EDGE('',*,*,#4745,.T.);
#4748=ORIENTED_EDGE('',*,*,#4747,.T.);
#4750=ORIENTED_EDGE('',*,*,#4749,.F.);
#4752=ORIENTED_EDGE('',*,*,#4751,.T.);
#4754=ORIENTED_EDGE('',*,*,#4753,.F.);
#4755=EDGE_LOOP('',(#4726,#4728,#4730,#4732,#4734,#4736,#4738,#4740,#4742,#4744,
#4746,#4748,#4750,#4752,#4754));
#4756=FACE_OUTER_BOUND('',#4755,.F.);
#4758=ORIENTED_EDGE('',*,*,#4757,.T.);
#4760=ORIENTED_EDGE('',*,*,#4759,.T.);
#4762=ORIENTED_EDGE('',*,*,#4761,.T.);
#4764=ORIENTED_EDGE('',*,*,#4763,.T.);
#4765=EDGE_LOOP('',(#4758,#4760,#4762,#4764));
#4766=FACE_BOUND('',#4765,.F.);
#4768=ORIENTED_EDGE('',*,*,#4767,.T.);
#4770=ORIENTED_EDGE('',*,*,#4769,.T.);
#4772=ORIENTED_EDGE('',*,*,#4771,.T.);
#4774=ORIENTED_EDGE('',*,*,#4773,.T.);
#4775=EDGE_LOOP('',(#4768,#4770,#4772,#4774));
#4776=FACE_BOUND('',#4775,.F.);
#4778=ORIENTED_EDGE('',*,*,#4777,.T.);
#4780=ORIENTED_EDGE('',*,*,#4779,.T.);
#4782=ORIENTED_EDGE('',*,*,#4781,.T.);
#4784=ORIENTED_EDGE('',*,*,#4783,.T.);
#4785=EDGE_LOOP('',(#4778,#4780,#4782,#4784));
#4786=FACE_BOUND('',#4785,.F.);
#4788=CARTESIAN_POINT('',(1.72E1,1.04E1,1.065E1));
#4789=DIRECTION('',(1.E0,0.E0,0.E0));
#4790=DIRECTION('',(0.E0,0.E0,1.E0));
#4791=AXIS2_PLACEMENT_3D('',#4788,#4789,#4790);
#4792=PLANE('',#4791);
#4794=ORIENTED_EDGE('',*,*,#4793,.T.);
#4796=ORIENTED_EDGE('',*,*,#4795,.F.);
#4798=ORIENTED_EDGE('',*,*,#4797,.T.);
#4799=ORIENTED_EDGE('',*,*,#4727,.T.);
#4800=ORIENTED_EDGE('',*,*,#4716,.F.);
#4802=ORIENTED_EDGE('',*,*,#4801,.T.);
#4804=ORIENTED_EDGE('',*,*,#4803,.F.);
#4805=EDGE_LOOP('',(#4794,#4796,#4798,#4799,#4800,#4802,#4804));
#4806=FACE_OUTER_BOUND('',#4805,.F.);
#4808=CARTESIAN_POINT('',(1.685E1,9.2E0,1.09E1));
#4809=DIRECTION('',(0.E0,-2.982749931359E-1,-9.544799780350E-1));
#4810=DIRECTION('',(0.E0,9.544799780350E-1,-2.982749931359E-1));
#4811=AXIS2_PLACEMENT_3D('',#4808,#4809,#4810);
#4812=PLANE('',#4811);
#4813=ORIENTED_EDGE('',*,*,#4793,.F.);
#4815=ORIENTED_EDGE('',*,*,#4814,.T.);
#4817=ORIENTED_EDGE('',*,*,#4816,.F.);
#4819=ORIENTED_EDGE('',*,*,#4818,.F.);
#4820=EDGE_LOOP('',(#4813,#4815,#4817,#4819));
#4821=FACE_OUTER_BOUND('',#4820,.F.);
#4823=CARTESIAN_POINT('',(1.65E1,1.04E1,1.065E1));
#4824=DIRECTION('',(0.E0,0.E0,-1.E0));
#4825=DIRECTION('',(1.E0,0.E0,0.E0));
#4826=AXIS2_PLACEMENT_3D('',#4823,#4824,#4825);
#4827=PLANE('',#4826);
#4828=ORIENTED_EDGE('',*,*,#4814,.F.);
#4829=ORIENTED_EDGE('',*,*,#4803,.T.);
#4831=ORIENTED_EDGE('',*,*,#4830,.T.);
#4833=ORIENTED_EDGE('',*,*,#4832,.F.);
#4834=EDGE_LOOP('',(#4828,#4829,#4831,#4833));
#4835=FACE_OUTER_BOUND('',#4834,.F.);
#4837=CARTESIAN_POINT('',(0.E0,1.025E1,0.E0));
#4838=DIRECTION('',(0.E0,-1.E0,0.E0));
#4839=DIRECTION('',(-1.E0,0.E0,0.E0));
#4840=AXIS2_PLACEMENT_3D('',#4837,#4838,#4839);
#4841=PLANE('',#4840);
#4843=ORIENTED_EDGE('',*,*,#4842,.T.);
#4844=ORIENTED_EDGE('',*,*,#4830,.F.);
#4845=ORIENTED_EDGE('',*,*,#4801,.F.);
#4846=ORIENTED_EDGE('',*,*,#4714,.F.);
#4847=EDGE_LOOP('',(#4843,#4844,#4845,#4846));
#4848=FACE_OUTER_BOUND('',#4847,.F.);
#4850=CARTESIAN_POINT('',(1.65E1,1.04E1,1.155E1));
#4851=DIRECTION('',(-1.E0,0.E0,0.E0));
#4852=DIRECTION('',(0.E0,0.E0,-1.E0));
#4853=AXIS2_PLACEMENT_3D('',#4850,#4851,#4852);
#4854=PLANE('',#4853);
#4855=ORIENTED_EDGE('',*,*,#4816,.T.);
#4856=ORIENTED_EDGE('',*,*,#4832,.T.);
#4857=ORIENTED_EDGE('',*,*,#4842,.F.);
#4858=ORIENTED_EDGE('',*,*,#4712,.T.);
#4860=ORIENTED_EDGE('',*,*,#4859,.T.);
#4862=ORIENTED_EDGE('',*,*,#4861,.F.);
#4864=ORIENTED_EDGE('',*,*,#4863,.F.);
#4865=EDGE_LOOP('',(#4855,#4856,#4857,#4858,#4860,#4862,#4864));
#4866=FACE_OUTER_BOUND('',#4865,.F.);
#4868=CARTESIAN_POINT('',(0.E0,1.04E1,0.E0));
#4869=DIRECTION('',(0.E0,1.E0,0.E0));
#4870=DIRECTION('',(1.E0,0.E0,0.E0));
#4871=AXIS2_PLACEMENT_3D('',#4868,#4869,#4870);
#4872=PLANE('',#4871);
#4874=ORIENTED_EDGE('',*,*,#4873,.F.);
#4876=ORIENTED_EDGE('',*,*,#4875,.T.);
#4878=ORIENTED_EDGE('',*,*,#4877,.T.);
#4879=ORIENTED_EDGE('',*,*,#4859,.F.);
#4880=ORIENTED_EDGE('',*,*,#4710,.F.);
#4882=ORIENTED_EDGE('',*,*,#4881,.F.);
#4884=ORIENTED_EDGE('',*,*,#4883,.T.);
#4886=ORIENTED_EDGE('',*,*,#4885,.F.);
#4887=EDGE_LOOP('',(#4874,#4876,#4878,#4879,#4880,#4882,#4884,#4886));
#4888=FACE_OUTER_BOUND('',#4887,.F.);
#4890=ORIENTED_EDGE('',*,*,#4889,.T.);
#4892=ORIENTED_EDGE('',*,*,#4891,.T.);
#4894=ORIENTED_EDGE('',*,*,#4893,.T.);
#4896=ORIENTED_EDGE('',*,*,#4895,.T.);
#4897=EDGE_LOOP('',(#4890,#4892,#4894,#4896));
#4898=FACE_BOUND('',#4897,.F.);
#4900=CARTESIAN_POINT('',(8.36E0,1.04E1,1.1E1));
#4901=DIRECTION('',(0.E0,0.E0,1.E0));
#4902=DIRECTION('',(-1.E0,0.E0,0.E0));
#4903=AXIS2_PLACEMENT_3D('',#4900,#4901,#4902);
#4904=PLANE('',#4903);
#4906=ORIENTED_EDGE('',*,*,#4905,.T.);
#4908=ORIENTED_EDGE('',*,*,#4907,.T.);
#4910=ORIENTED_EDGE('',*,*,#4909,.F.);
#4912=ORIENTED_EDGE('',*,*,#4911,.F.);
#4914=ORIENTED_EDGE('',*,*,#4913,.T.);
#4916=ORIENTED_EDGE('',*,*,#4915,.T.);
#4918=ORIENTED_EDGE('',*,*,#4917,.F.);
#4920=ORIENTED_EDGE('',*,*,#4919,.F.);
#4922=ORIENTED_EDGE('',*,*,#4921,.T.);
#4923=ORIENTED_EDGE('',*,*,#4873,.T.);
#4925=ORIENTED_EDGE('',*,*,#4924,.F.);
#4926=ORIENTED_EDGE('',*,*,#4671,.F.);
#4927=EDGE_LOOP('',(#4906,#4908,#4910,#4912,#4914,#4916,#4918,#4920,#4922,#4923,
#4925,#4926));
#4928=FACE_OUTER_BOUND('',#4927,.F.);
#4930=CARTESIAN_POINT('',(-8.36E0,1.04E1,1.1E1));
#4931=DIRECTION('',(-1.E0,0.E0,0.E0));
#4932=DIRECTION('',(0.E0,0.E0,-1.E0));
#4933=AXIS2_PLACEMENT_3D('',#4930,#4931,#4932);
#4934=PLANE('',#4933);
#4936=ORIENTED_EDGE('',*,*,#4935,.T.);
#4937=ORIENTED_EDGE('',*,*,#4905,.F.);
#4938=ORIENTED_EDGE('',*,*,#4669,.F.);
#4940=ORIENTED_EDGE('',*,*,#4939,.F.);
#4941=EDGE_LOOP('',(#4936,#4937,#4938,#4940));
#4942=FACE_OUTER_BOUND('',#4941,.F.);
#4944=CARTESIAN_POINT('',(0.E0,1.04E1,0.E0));
#4945=DIRECTION('',(0.E0,1.E0,0.E0));
#4946=DIRECTION('',(1.E0,0.E0,0.E0));
#4947=AXIS2_PLACEMENT_3D('',#4944,#4945,#4946);
#4948=PLANE('',#4947);
#4950=ORIENTED_EDGE('',*,*,#4949,.F.);
#4951=ORIENTED_EDGE('',*,*,#4907,.F.);
#4952=ORIENTED_EDGE('',*,*,#4935,.F.);
#4954=ORIENTED_EDGE('',*,*,#4953,.T.);
#4956=ORIENTED_EDGE('',*,*,#4955,.F.);
#4958=ORIENTED_EDGE('',*,*,#4957,.F.);
#4960=ORIENTED_EDGE('',*,*,#4959,.F.);
#4962=ORIENTED_EDGE('',*,*,#4961,.T.);
#4963=EDGE_LOOP('',(#4950,#4951,#4952,#4954,#4956,#4958,#4960,#4962));
#4964=FACE_OUTER_BOUND('',#4963,.F.);
#4966=ORIENTED_EDGE('',*,*,#4965,.T.);
#4968=ORIENTED_EDGE('',*,*,#4967,.T.);
#4970=ORIENTED_EDGE('',*,*,#4969,.T.);
#4972=ORIENTED_EDGE('',*,*,#4971,.T.);
#4973=EDGE_LOOP('',(#4966,#4968,#4970,#4972));
#4974=FACE_BOUND('',#4973,.F.);
#4976=CARTESIAN_POINT('',(-9.8E0,1.04E1,1.155E1));
#4977=DIRECTION('',(-1.E0,0.E0,0.E0));
#4978=DIRECTION('',(0.E0,0.E0,-1.E0));
#4979=AXIS2_PLACEMENT_3D('',#4976,#4977,#4978);
#4980=PLANE('',#4979);
#4981=ORIENTED_EDGE('',*,*,#4949,.T.);
#4983=ORIENTED_EDGE('',*,*,#4982,.F.);
#4985=ORIENTED_EDGE('',*,*,#4984,.F.);
#4986=ORIENTED_EDGE('',*,*,#4909,.T.);
#4987=EDGE_LOOP('',(#4981,#4983,#4985,#4986));
#4988=FACE_OUTER_BOUND('',#4987,.F.);
#4990=CARTESIAN_POINT('',(2.425E1,1.1E1,1.155E1));
#4991=DIRECTION('',(0.E0,0.E0,-1.E0));
#4992=DIRECTION('',(-1.E0,0.E0,0.E0));
#4993=AXIS2_PLACEMENT_3D('',#4990,#4991,#4992);
#4994=PLANE('',#4993);
#4996=ORIENTED_EDGE('',*,*,#4995,.F.);
#4998=ORIENTED_EDGE('',*,*,#4997,.F.);
#5000=ORIENTED_EDGE('',*,*,#4999,.T.);
#5002=ORIENTED_EDGE('',*,*,#5001,.F.);
#5003=ORIENTED_EDGE('',*,*,#4729,.F.);
#5004=ORIENTED_EDGE('',*,*,#4797,.F.);
#5006=ORIENTED_EDGE('',*,*,#5005,.F.);
#5007=ORIENTED_EDGE('',*,*,#4861,.T.);
#5008=ORIENTED_EDGE('',*,*,#4877,.F.);
#5010=ORIENTED_EDGE('',*,*,#5009,.F.);
#5012=ORIENTED_EDGE('',*,*,#5011,.F.);
#5014=ORIENTED_EDGE('',*,*,#5013,.T.);
#5016=ORIENTED_EDGE('',*,*,#5015,.F.);
#5018=ORIENTED_EDGE('',*,*,#5017,.F.);
#5020=ORIENTED_EDGE('',*,*,#5019,.F.);
#5021=ORIENTED_EDGE('',*,*,#4982,.T.);
#5022=ORIENTED_EDGE('',*,*,#4961,.F.);
#5024=ORIENTED_EDGE('',*,*,#5023,.F.);
#5026=ORIENTED_EDGE('',*,*,#5025,.F.);
#5028=ORIENTED_EDGE('',*,*,#5027,.T.);
#5030=ORIENTED_EDGE('',*,*,#5029,.F.);
#5032=ORIENTED_EDGE('',*,*,#5031,.T.);
#5034=ORIENTED_EDGE('',*,*,#5033,.T.);
#5036=ORIENTED_EDGE('',*,*,#5035,.T.);
#5037=EDGE_LOOP('',(#4996,#4998,#5000,#5002,#5003,#5004,#5006,#5007,#5008,#5010,
#5012,#5014,#5016,#5018,#5020,#5021,#5022,#5024,#5026,#5028,#5030,#5032,#5034,
#5036));
#5038=FACE_OUTER_BOUND('',#5037,.F.);
#5040=ORIENTED_EDGE('',*,*,#5039,.T.);
#5042=ORIENTED_EDGE('',*,*,#5041,.T.);
#5043=EDGE_LOOP('',(#5040,#5042));
#5044=FACE_BOUND('',#5043,.F.);
#5046=ORIENTED_EDGE('',*,*,#5045,.T.);
#5048=ORIENTED_EDGE('',*,*,#5047,.T.);
#5049=EDGE_LOOP('',(#5046,#5048));
#5050=FACE_BOUND('',#5049,.F.);
#5052=ORIENTED_EDGE('',*,*,#5051,.T.);
#5054=ORIENTED_EDGE('',*,*,#5053,.T.);
#5055=EDGE_LOOP('',(#5052,#5054));
#5056=FACE_BOUND('',#5055,.F.);
#5058=CARTESIAN_POINT('',(0.E0,7.8E0,0.E0));
#5059=DIRECTION('',(0.E0,1.E0,0.E0));
#5060=DIRECTION('',(1.E0,0.E0,0.E0));
#5061=AXIS2_PLACEMENT_3D('',#5058,#5059,#5060);
#5062=PLANE('',#5061);
#5064=ORIENTED_EDGE('',*,*,#5063,.F.);
#5066=ORIENTED_EDGE('',*,*,#5065,.F.);
#5067=ORIENTED_EDGE('',*,*,#4995,.T.);
#5069=ORIENTED_EDGE('',*,*,#5068,.T.);
#5070=EDGE_LOOP('',(#5064,#5066,#5067,#5069));
#5071=FACE_OUTER_BOUND('',#5070,.F.);
#5073=CARTESIAN_POINT('',(-2.131628207280E-14,8.E0,1.195E1));
#5074=DIRECTION('',(0.E0,-4.472135955E-1,8.944271909999E-1));
#5075=DIRECTION('',(0.E0,-8.944271909999E-1,-4.472135955E-1));
#5076=AXIS2_PLACEMENT_3D('',#5073,#5074,#5075);
#5077=PLANE('',#5076);
#5079=ORIENTED_EDGE('',*,*,#5078,.F.);
#5081=ORIENTED_EDGE('',*,*,#5080,.F.);
#5082=ORIENTED_EDGE('',*,*,#5063,.T.);
#5084=ORIENTED_EDGE('',*,*,#5083,.F.);
#5085=EDGE_LOOP('',(#5079,#5081,#5082,#5084));
#5086=FACE_OUTER_BOUND('',#5085,.F.);
#5088=CARTESIAN_POINT('',(0.E0,0.E0,1.205E1));
#5089=DIRECTION('',(0.E0,0.E0,1.E0));
#5090=DIRECTION('',(1.E0,0.E0,0.E0));
#5091=AXIS2_PLACEMENT_3D('',#5088,#5089,#5090);
#5092=PLANE('',#5091);
#5094=ORIENTED_EDGE('',*,*,#5093,.F.);
#5096=ORIENTED_EDGE('',*,*,#5095,.F.);
#5098=ORIENTED_EDGE('',*,*,#5097,.F.);
#5100=ORIENTED_EDGE('',*,*,#5099,.F.);
#5102=ORIENTED_EDGE('',*,*,#5101,.F.);
#5104=ORIENTED_EDGE('',*,*,#5103,.F.);
#5106=ORIENTED_EDGE('',*,*,#5105,.F.);
#5107=ORIENTED_EDGE('',*,*,#5078,.T.);
#5109=ORIENTED_EDGE('',*,*,#5108,.T.);
#5111=ORIENTED_EDGE('',*,*,#5110,.T.);
#5113=ORIENTED_EDGE('',*,*,#5112,.F.);
#5115=ORIENTED_EDGE('',*,*,#5114,.T.);
#5116=EDGE_LOOP('',(#5094,#5096,#5098,#5100,#5102,#5104,#5106,#5107,#5109,#5111,
#5113,#5115));
#5117=FACE_OUTER_BOUND('',#5116,.F.);
#5119=CARTESIAN_POINT('',(-2.47E1,2.53396E1,1.2E1));
#5120=DIRECTION('',(0.E0,-1.E0,0.E0));
#5121=DIRECTION('',(0.E0,0.E0,1.E0));
#5122=AXIS2_PLACEMENT_3D('',#5119,#5120,#5121);
#5123=CYLINDRICAL_SURFACE('',#5122,5.E-2);
#5125=ORIENTED_EDGE('',*,*,#5124,.F.);
#5127=ORIENTED_EDGE('',*,*,#5126,.T.);
#5129=ORIENTED_EDGE('',*,*,#5128,.F.);
#5130=ORIENTED_EDGE('',*,*,#5093,.T.);
#5131=EDGE_LOOP('',(#5125,#5127,#5129,#5130));
#5132=FACE_OUTER_BOUND('',#5131,.F.);
#5134=CARTESIAN_POINT('',(0.E0,1.1E1,0.E0));
#5135=DIRECTION('',(0.E0,1.E0,0.E0));
#5136=DIRECTION('',(-1.E0,0.E0,0.E0));
#5137=AXIS2_PLACEMENT_3D('',#5134,#5135,#5136);
#5138=PLANE('',#5137);
#5139=ORIENTED_EDGE('',*,*,#5114,.F.);
#5141=ORIENTED_EDGE('',*,*,#5140,.T.);
#5143=ORIENTED_EDGE('',*,*,#5142,.F.);
#5144=ORIENTED_EDGE('',*,*,#5124,.T.);
#5145=EDGE_LOOP('',(#5139,#5141,#5143,#5144));
#5146=FACE_OUTER_BOUND('',#5145,.F.);
#5148=CARTESIAN_POINT('',(-2.425E1,3.62848E0,1.155E1));
#5149=DIRECTION('',(0.E0,1.E0,0.E0));
#5150=DIRECTION('',(-1.E0,0.E0,0.E0));
#5151=AXIS2_PLACEMENT_3D('',#5148,#5149,#5150);
#5152=CYLINDRICAL_SURFACE('',#5151,5.E-1);
#5153=ORIENTED_EDGE('',*,*,#5112,.T.);
#5155=ORIENTED_EDGE('',*,*,#5154,.F.);
#5157=ORIENTED_EDGE('',*,*,#5156,.T.);
#5158=ORIENTED_EDGE('',*,*,#5140,.F.);
#5159=EDGE_LOOP('',(#5153,#5155,#5157,#5158));
#5160=FACE_OUTER_BOUND('',#5159,.F.);
#5162=CARTESIAN_POINT('',(0.E0,9.3E0,0.E0));
#5163=DIRECTION('',(0.E0,-1.E0,0.E0));
#5164=DIRECTION('',(1.E0,0.E0,0.E0));
#5165=AXIS2_PLACEMENT_3D('',#5162,#5163,#5164);
#5166=PLANE('',#5165);
#5167=ORIENTED_EDGE('',*,*,#5110,.F.);
#5169=ORIENTED_EDGE('',*,*,#5168,.T.);
#5170=ORIENTED_EDGE('',*,*,#5033,.F.);
#5172=ORIENTED_EDGE('',*,*,#5171,.F.);
#5174=ORIENTED_EDGE('',*,*,#5173,.T.);
#5176=ORIENTED_EDGE('',*,*,#5175,.T.);
#5177=ORIENTED_EDGE('',*,*,#5154,.T.);
#5178=EDGE_LOOP('',(#5167,#5169,#5170,#5172,#5174,#5176,#5177));
#5179=FACE_OUTER_BOUND('',#5178,.F.);
#5181=CARTESIAN_POINT('',(-2.3E1,7.8E0,1.E1));
#5182=DIRECTION('',(1.E0,0.E0,0.E0));
#5183=DIRECTION('',(0.E0,0.E0,1.E0));
#5184=AXIS2_PLACEMENT_3D('',#5181,#5182,#5183);
#5185=PLANE('',#5184);
#5186=ORIENTED_EDGE('',*,*,#5108,.F.);
#5187=ORIENTED_EDGE('',*,*,#5083,.T.);
#5188=ORIENTED_EDGE('',*,*,#5068,.F.);
#5189=ORIENTED_EDGE('',*,*,#5035,.F.);
#5190=ORIENTED_EDGE('',*,*,#5168,.F.);
#5191=EDGE_LOOP('',(#5186,#5187,#5188,#5189,#5190));
#5192=FACE_OUTER_BOUND('',#5191,.F.);
#5194=CARTESIAN_POINT('',(-2.425E1,1.1E1,1.155E1));
#5195=DIRECTION('',(1.E0,0.E0,0.E0));
#5196=DIRECTION('',(0.E0,0.E0,-1.E0));
#5197=AXIS2_PLACEMENT_3D('',#5194,#5195,#5196);
#5198=PLANE('',#5197);
#5200=ORIENTED_EDGE('',*,*,#5199,.T.);
#5202=ORIENTED_EDGE('',*,*,#5201,.F.);
#5204=ORIENTED_EDGE('',*,*,#5203,.F.);
#5205=ORIENTED_EDGE('',*,*,#5171,.T.);
#5206=ORIENTED_EDGE('',*,*,#5031,.F.);
#5208=ORIENTED_EDGE('',*,*,#5207,.F.);
#5210=ORIENTED_EDGE('',*,*,#5209,.T.);
#5212=ORIENTED_EDGE('',*,*,#5211,.T.);
#5214=ORIENTED_EDGE('',*,*,#5213,.T.);
#5216=ORIENTED_EDGE('',*,*,#5215,.F.);
#5218=ORIENTED_EDGE('',*,*,#5217,.T.);
#5220=ORIENTED_EDGE('',*,*,#5219,.T.);
#5222=ORIENTED_EDGE('',*,*,#5221,.T.);
#5224=ORIENTED_EDGE('',*,*,#5223,.T.);
#5225=EDGE_LOOP('',(#5200,#5202,#5204,#5205,#5206,#5208,#5210,#5212,#5214,#5216,
#5218,#5220,#5222,#5224));
#5226=FACE_OUTER_BOUND('',#5225,.F.);
#5228=CARTESIAN_POINT('',(-9.162288E1,8.1E0,4.310447021876E0));
#5229=DIRECTION('',(1.E0,0.E0,0.E0));
#5230=DIRECTION('',(0.E0,-1.E0,0.E0));
#5231=AXIS2_PLACEMENT_3D('',#5228,#5229,#5230);
#5232=CYLINDRICAL_SURFACE('',#5231,3.E-1);
#5233=ORIENTED_EDGE('',*,*,#5199,.F.);
#5235=ORIENTED_EDGE('',*,*,#5234,.T.);
#5237=ORIENTED_EDGE('',*,*,#5236,.T.);
#5239=ORIENTED_EDGE('',*,*,#5238,.T.);
#5240=EDGE_LOOP('',(#5233,#5235,#5237,#5239));
#5241=FACE_OUTER_BOUND('',#5240,.F.);
#5243=CARTESIAN_POINT('',(0.E0,8.365429081048E0,3.998572332373E0));
#5244=DIRECTION('',(0.E0,4.361938736533E-2,9.990482215819E-1));
#5245=DIRECTION('',(0.E0,-9.990482215819E-1,4.361938736533E-2));
#5246=AXIS2_PLACEMENT_3D('',#5243,#5244,#5245);
#5247=PLANE('',#5246);
#5249=ORIENTED_EDGE('',*,*,#5248,.F.);
#5251=ORIENTED_EDGE('',*,*,#5250,.T.);
#5252=ORIENTED_EDGE('',*,*,#5234,.F.);
#5253=ORIENTED_EDGE('',*,*,#5223,.F.);
#5255=ORIENTED_EDGE('',*,*,#5254,.F.);
#5256=EDGE_LOOP('',(#5249,#5251,#5252,#5253,#5255));
#5257=FACE_OUTER_BOUND('',#5256,.F.);
#5259=CARTESIAN_POINT('',(-2.475E1,1.1E1,-1.27E1));
#5260=DIRECTION('',(-1.E0,0.E0,0.E0));
#5261=DIRECTION('',(0.E0,-1.E0,0.E0));
#5262=AXIS2_PLACEMENT_3D('',#5259,#5260,#5261);
#5263=PLANE('',#5262);
#5265=ORIENTED_EDGE('',*,*,#5264,.T.);
#5267=ORIENTED_EDGE('',*,*,#5266,.F.);
#5269=ORIENTED_EDGE('',*,*,#5268,.F.);
#5270=ORIENTED_EDGE('',*,*,#5126,.F.);
#5271=ORIENTED_EDGE('',*,*,#5142,.T.);
#5272=ORIENTED_EDGE('',*,*,#5156,.F.);
#5273=ORIENTED_EDGE('',*,*,#5175,.F.);
#5275=ORIENTED_EDGE('',*,*,#5274,.F.);
#5277=ORIENTED_EDGE('',*,*,#5276,.F.);
#5278=ORIENTED_EDGE('',*,*,#5248,.T.);
#5280=ORIENTED_EDGE('',*,*,#5279,.T.);
#5282=ORIENTED_EDGE('',*,*,#5281,.T.);
#5284=ORIENTED_EDGE('',*,*,#5283,.F.);
#5286=ORIENTED_EDGE('',*,*,#5285,.T.);
#5288=ORIENTED_EDGE('',*,*,#5287,.T.);
#5290=ORIENTED_EDGE('',*,*,#5289,.F.);
#5291=EDGE_LOOP('',(#5265,#5267,#5269,#5270,#5271,#5272,#5273,#5275,#5277,#5278,
#5280,#5282,#5284,#5286,#5288,#5290));
#5292=FACE_OUTER_BOUND('',#5291,.F.);
#5294=CARTESIAN_POINT('',(0.E0,1.1E1,0.E0));
#5295=DIRECTION('',(0.E0,1.E0,0.E0));
#5296=DIRECTION('',(-1.E0,0.E0,0.E0));
#5297=AXIS2_PLACEMENT_3D('',#5294,#5295,#5296);
#5298=PLANE('',#5297);
#5299=ORIENTED_EDGE('',*,*,#5264,.F.);
#5301=ORIENTED_EDGE('',*,*,#5300,.T.);
#5303=ORIENTED_EDGE('',*,*,#5302,.T.);
#5305=ORIENTED_EDGE('',*,*,#5304,.T.);
#5306=EDGE_LOOP('',(#5299,#5301,#5303,#5305));
#5307=FACE_OUTER_BOUND('',#5306,.F.);
#5309=CARTESIAN_POINT('',(-2.425E1,1.517152E1,-1.155E1));
#5310=DIRECTION('',(0.E0,-1.E0,0.E0));
#5311=DIRECTION('',(-1.E0,0.E0,0.E0));
#5312=AXIS2_PLACEMENT_3D('',#5309,#5310,#5311);
#5313=CYLINDRICAL_SURFACE('',#5312,5.E-1);
#5314=ORIENTED_EDGE('',*,*,#5289,.T.);
#5316=ORIENTED_EDGE('',*,*,#5315,.F.);
#5318=ORIENTED_EDGE('',*,*,#5317,.T.);
#5319=ORIENTED_EDGE('',*,*,#5300,.F.);
#5320=EDGE_LOOP('',(#5314,#5316,#5318,#5319));
#5321=FACE_OUTER_BOUND('',#5320,.F.);
#5323=CARTESIAN_POINT('',(0.E0,9.3E0,0.E0));
#5324=DIRECTION('',(0.E0,-1.E0,0.E0));
#5325=DIRECTION('',(1.E0,0.E0,0.E0));
#5326=AXIS2_PLACEMENT_3D('',#5323,#5324,#5325);
#5327=PLANE('',#5326);
#5328=ORIENTED_EDGE('',*,*,#5287,.F.);
#5330=ORIENTED_EDGE('',*,*,#5329,.T.);
#5331=ORIENTED_EDGE('',*,*,#5211,.F.);
#5333=ORIENTED_EDGE('',*,*,#5332,.F.);
#5335=ORIENTED_EDGE('',*,*,#5334,.T.);
#5337=ORIENTED_EDGE('',*,*,#5336,.T.);
#5338=ORIENTED_EDGE('',*,*,#5315,.T.);
#5339=EDGE_LOOP('',(#5328,#5330,#5331,#5333,#5335,#5337,#5338));
#5340=FACE_OUTER_BOUND('',#5339,.F.);
#5342=CARTESIAN_POINT('',(-2.3E1,7.8E0,-1.E1));
#5343=DIRECTION('',(0.E0,0.E0,1.E0));
#5344=DIRECTION('',(-1.E0,0.E0,0.E0));
#5345=AXIS2_PLACEMENT_3D('',#5342,#5343,#5344);
#5346=PLANE('',#5345);
#5347=ORIENTED_EDGE('',*,*,#5285,.F.);
#5349=ORIENTED_EDGE('',*,*,#5348,.T.);
#5351=ORIENTED_EDGE('',*,*,#5350,.F.);
#5352=ORIENTED_EDGE('',*,*,#5213,.F.);
#5353=ORIENTED_EDGE('',*,*,#5329,.F.);
#5354=EDGE_LOOP('',(#5347,#5349,#5351,#5352,#5353));
#5355=FACE_OUTER_BOUND('',#5354,.F.);
#5357=CARTESIAN_POINT('',(-2.465E1,8.E0,-1.065814103640E-14));
#5358=DIRECTION('',(-8.944271909999E-1,-4.472135955E-1,0.E0));
#5359=DIRECTION('',(-4.472135955E-1,8.944271909999E-1,0.E0));
#5360=AXIS2_PLACEMENT_3D('',#5357,#5358,#5359);
#5361=PLANE('',#5360);
#5362=ORIENTED_EDGE('',*,*,#5283,.T.);
#5364=ORIENTED_EDGE('',*,*,#5363,.F.);
#5366=ORIENTED_EDGE('',*,*,#5365,.F.);
#5368=ORIENTED_EDGE('',*,*,#5367,.F.);
#5369=ORIENTED_EDGE('',*,*,#5348,.F.);
#5370=EDGE_LOOP('',(#5362,#5364,#5366,#5368,#5369));
#5371=FACE_OUTER_BOUND('',#5370,.F.);
#5373=CARTESIAN_POINT('',(0.E0,7.4E0,9.592761236374E-1));
#5374=DIRECTION('',(0.E0,4.361938736533E-2,-9.990482215819E-1));
#5375=DIRECTION('',(0.E0,9.990482215819E-1,4.361938736533E-2));
#5376=AXIS2_PLACEMENT_3D('',#5373,#5374,#5375);
#5377=PLANE('',#5376);
#5378=ORIENTED_EDGE('',*,*,#5281,.F.);
#5380=ORIENTED_EDGE('',*,*,#5379,.F.);
#5381=ORIENTED_EDGE('',*,*,#5219,.F.);
#5383=ORIENTED_EDGE('',*,*,#5382,.F.);
#5384=ORIENTED_EDGE('',*,*,#5363,.T.);
#5385=EDGE_LOOP('',(#5378,#5380,#5381,#5383,#5384));
#5386=FACE_OUTER_BOUND('',#5385,.F.);
#5388=CARTESIAN_POINT('',(0.E0,8.3E0,2.5E0));
#5389=DIRECTION('',(1.E0,0.E0,0.E0));
#5390=DIRECTION('',(0.E0,0.E0,1.E0));
#5391=AXIS2_PLACEMENT_3D('',#5388,#5389,#5390);
#5392=CYLINDRICAL_SURFACE('',#5391,1.5E0);
#5393=ORIENTED_EDGE('',*,*,#5279,.F.);
#5394=ORIENTED_EDGE('',*,*,#5254,.T.);
#5395=ORIENTED_EDGE('',*,*,#5221,.F.);
#5396=ORIENTED_EDGE('',*,*,#5379,.T.);
#5397=EDGE_LOOP('',(#5393,#5394,#5395,#5396));
#5398=FACE_OUTER_BOUND('',#5397,.F.);
#5400=CARTESIAN_POINT('',(7.941204280168E1,8.1E0,6.895529781243E-1));
#5401=DIRECTION('',(-1.E0,0.E0,0.E0));
#5402=DIRECTION('',(0.E0,-1.E0,0.E0));
#5403=AXIS2_PLACEMENT_3D('',#5400,#5401,#5402);
#5404=CYLINDRICAL_SURFACE('',#5403,3.E-1);
#5405=ORIENTED_EDGE('',*,*,#5365,.T.);
#5406=ORIENTED_EDGE('',*,*,#5382,.T.);
#5407=ORIENTED_EDGE('',*,*,#5217,.F.);
#5409=ORIENTED_EDGE('',*,*,#5408,.T.);
#5410=EDGE_LOOP('',(#5405,#5406,#5407,#5409));
#5411=FACE_OUTER_BOUND('',#5410,.F.);
#5413=CARTESIAN_POINT('',(0.E0,7.8E0,0.E0));
#5414=DIRECTION('',(0.E0,1.E0,0.E0));
#5415=DIRECTION('',(1.E0,0.E0,0.E0));
#5416=AXIS2_PLACEMENT_3D('',#5413,#5414,#5415);
#5417=PLANE('',#5416);
#5418=ORIENTED_EDGE('',*,*,#5408,.F.);
#5419=ORIENTED_EDGE('',*,*,#5215,.T.);
#5420=ORIENTED_EDGE('',*,*,#5350,.T.);
#5421=ORIENTED_EDGE('',*,*,#5367,.T.);
#5422=EDGE_LOOP('',(#5418,#5419,#5420,#5421));
#5423=FACE_OUTER_BOUND('',#5422,.F.);
#5425=CARTESIAN_POINT('',(-2.425E1,1.1E1,-1.155E1));
#5426=DIRECTION('',(0.E0,0.E0,1.E0));
#5427=DIRECTION('',(1.E0,0.E0,0.E0));
#5428=AXIS2_PLACEMENT_3D('',#5425,#5426,#5427);
#5429=PLANE('',#5428);
#5431=ORIENTED_EDGE('',*,*,#5430,.F.);
#5433=ORIENTED_EDGE('',*,*,#5432,.T.);
#5435=ORIENTED_EDGE('',*,*,#5434,.F.);
#5437=ORIENTED_EDGE('',*,*,#5436,.F.);
#5439=ORIENTED_EDGE('',*,*,#5438,.T.);
#5441=ORIENTED_EDGE('',*,*,#5440,.T.);
#5442=ORIENTED_EDGE('',*,*,#4733,.F.);
#5444=ORIENTED_EDGE('',*,*,#5443,.T.);
#5446=ORIENTED_EDGE('',*,*,#5445,.T.);
#5448=ORIENTED_EDGE('',*,*,#5447,.T.);
#5450=ORIENTED_EDGE('',*,*,#5449,.F.);
#5452=ORIENTED_EDGE('',*,*,#5451,.F.);
#5453=ORIENTED_EDGE('',*,*,#5332,.T.);
#5454=ORIENTED_EDGE('',*,*,#5209,.F.);
#5456=ORIENTED_EDGE('',*,*,#5455,.F.);
#5458=ORIENTED_EDGE('',*,*,#5457,.F.);
#5460=ORIENTED_EDGE('',*,*,#5459,.T.);
#5462=ORIENTED_EDGE('',*,*,#5461,.T.);
#5464=ORIENTED_EDGE('',*,*,#5463,.F.);
#5466=ORIENTED_EDGE('',*,*,#5465,.F.);
#5468=ORIENTED_EDGE('',*,*,#5467,.F.);
#5470=ORIENTED_EDGE('',*,*,#5469,.T.);
#5472=ORIENTED_EDGE('',*,*,#5471,.F.);
#5474=ORIENTED_EDGE('',*,*,#5473,.F.);
#5475=EDGE_LOOP('',(#5431,#5433,#5435,#5437,#5439,#5441,#5442,#5444,#5446,#5448,
#5450,#5452,#5453,#5454,#5456,#5458,#5460,#5462,#5464,#5466,#5468,#5470,#5472,
#5474));
#5476=FACE_OUTER_BOUND('',#5475,.F.);
#5478=ORIENTED_EDGE('',*,*,#5477,.T.);
#5480=ORIENTED_EDGE('',*,*,#5479,.T.);
#5481=EDGE_LOOP('',(#5478,#5480));
#5482=FACE_BOUND('',#5481,.F.);
#5484=ORIENTED_EDGE('',*,*,#5483,.T.);
#5486=ORIENTED_EDGE('',*,*,#5485,.T.);
#5487=EDGE_LOOP('',(#5484,#5486));
#5488=FACE_BOUND('',#5487,.F.);
#5490=ORIENTED_EDGE('',*,*,#5489,.T.);
#5492=ORIENTED_EDGE('',*,*,#5491,.T.);
#5493=EDGE_LOOP('',(#5490,#5492));
#5494=FACE_BOUND('',#5493,.F.);
#5496=CARTESIAN_POINT('',(0.E0,9.2E0,0.E0));
#5497=DIRECTION('',(0.E0,-1.E0,0.E0));
#5498=DIRECTION('',(0.E0,0.E0,1.E0));
#5499=AXIS2_PLACEMENT_3D('',#5496,#5497,#5498);
#5500=PLANE('',#5499);
#5501=ORIENTED_EDGE('',*,*,#5430,.T.);
#5503=ORIENTED_EDGE('',*,*,#5502,.T.);
#5505=ORIENTED_EDGE('',*,*,#5504,.T.);
#5507=ORIENTED_EDGE('',*,*,#5506,.T.);
#5508=EDGE_LOOP('',(#5501,#5503,#5505,#5507));
#5509=FACE_OUTER_BOUND('',#5508,.F.);
#5511=CARTESIAN_POINT('',(6.E0,1.04E1,-1.1E1));
#5512=DIRECTION('',(-1.E0,0.E0,0.E0));
#5513=DIRECTION('',(0.E0,0.E0,-1.E0));
#5514=AXIS2_PLACEMENT_3D('',#5511,#5512,#5513);
#5515=PLANE('',#5514);
#5517=ORIENTED_EDGE('',*,*,#5516,.F.);
#5519=ORIENTED_EDGE('',*,*,#5518,.F.);
#5520=ORIENTED_EDGE('',*,*,#5502,.F.);
#5521=ORIENTED_EDGE('',*,*,#5473,.T.);
#5522=EDGE_LOOP('',(#5517,#5519,#5520,#5521));
#5523=FACE_OUTER_BOUND('',#5522,.F.);
#5525=CARTESIAN_POINT('',(0.E0,1.04E1,0.E0));
#5526=DIRECTION('',(0.E0,1.E0,0.E0));
#5527=DIRECTION('',(1.E0,0.E0,0.E0));
#5528=AXIS2_PLACEMENT_3D('',#5525,#5526,#5527);
#5529=PLANE('',#5528);
#5530=ORIENTED_EDGE('',*,*,#5516,.T.);
#5531=ORIENTED_EDGE('',*,*,#5471,.T.);
#5533=ORIENTED_EDGE('',*,*,#5532,.F.);
#5535=ORIENTED_EDGE('',*,*,#5534,.F.);
#5536=EDGE_LOOP('',(#5530,#5531,#5533,#5535));
#5537=FACE_OUTER_BOUND('',#5536,.F.);
#5539=CARTESIAN_POINT('',(-6.E0,1.04E1,-1.155E1));
#5540=DIRECTION('',(1.E0,0.E0,0.E0));
#5541=DIRECTION('',(0.E0,0.E0,1.E0));
#5542=AXIS2_PLACEMENT_3D('',#5539,#5540,#5541);
#5543=PLANE('',#5542);
#5544=ORIENTED_EDGE('',*,*,#5532,.T.);
#5545=ORIENTED_EDGE('',*,*,#5469,.F.);
#5547=ORIENTED_EDGE('',*,*,#5546,.F.);
#5549=ORIENTED_EDGE('',*,*,#5548,.T.);
#5550=EDGE_LOOP('',(#5544,#5545,#5547,#5549));
#5551=FACE_OUTER_BOUND('',#5550,.F.);
#5553=CARTESIAN_POINT('',(0.E0,9.2E0,0.E0));
#5554=DIRECTION('',(0.E0,-1.E0,0.E0));
#5555=DIRECTION('',(0.E0,0.E0,1.E0));
#5556=AXIS2_PLACEMENT_3D('',#5553,#5554,#5555);
#5557=PLANE('',#5556);
#5558=ORIENTED_EDGE('',*,*,#5467,.T.);
#5560=ORIENTED_EDGE('',*,*,#5559,.T.);
#5562=ORIENTED_EDGE('',*,*,#5561,.T.);
#5563=ORIENTED_EDGE('',*,*,#5546,.T.);
#5564=EDGE_LOOP('',(#5558,#5560,#5562,#5563));
#5565=FACE_OUTER_BOUND('',#5564,.F.);
#5567=CARTESIAN_POINT('',(-9.8E0,1.04E1,-1.1E1));
#5568=DIRECTION('',(-1.E0,0.E0,0.E0));
#5569=DIRECTION('',(0.E0,0.E0,-1.E0));
#5570=AXIS2_PLACEMENT_3D('',#5567,#5568,#5569);
#5571=PLANE('',#5570);
#5573=ORIENTED_EDGE('',*,*,#5572,.F.);
#5575=ORIENTED_EDGE('',*,*,#5574,.F.);
#5576=ORIENTED_EDGE('',*,*,#5559,.F.);
#5577=ORIENTED_EDGE('',*,*,#5465,.T.);
#5578=EDGE_LOOP('',(#5573,#5575,#5576,#5577));
#5579=FACE_OUTER_BOUND('',#5578,.F.);
#5581=CARTESIAN_POINT('',(0.E0,1.04E1,0.E0));
#5582=DIRECTION('',(0.E0,1.E0,0.E0));
#5583=DIRECTION('',(1.E0,0.E0,0.E0));
#5584=AXIS2_PLACEMENT_3D('',#5581,#5582,#5583);
#5585=PLANE('',#5584);
#5586=ORIENTED_EDGE('',*,*,#5572,.T.);
#5587=ORIENTED_EDGE('',*,*,#5463,.T.);
#5589=ORIENTED_EDGE('',*,*,#5588,.F.);
#5591=ORIENTED_EDGE('',*,*,#5590,.F.);
#5592=EDGE_LOOP('',(#5586,#5587,#5589,#5591));
#5593=FACE_OUTER_BOUND('',#5592,.F.);
#5595=CARTESIAN_POINT('',(-1.65E1,1.04E1,-1.155E1));
#5596=DIRECTION('',(1.E0,0.E0,0.E0));
#5597=DIRECTION('',(0.E0,0.E0,1.E0));
#5598=AXIS2_PLACEMENT_3D('',#5595,#5596,#5597);
#5599=PLANE('',#5598);
#5601=ORIENTED_EDGE('',*,*,#5600,.T.);
#5603=ORIENTED_EDGE('',*,*,#5602,.T.);
#5605=ORIENTED_EDGE('',*,*,#5604,.F.);
#5607=ORIENTED_EDGE('',*,*,#5606,.T.);
#5608=ORIENTED_EDGE('',*,*,#5588,.T.);
#5609=ORIENTED_EDGE('',*,*,#5461,.F.);
#5611=ORIENTED_EDGE('',*,*,#5610,.F.);
#5612=EDGE_LOOP('',(#5601,#5603,#5605,#5607,#5608,#5609,#5611));
#5613=FACE_OUTER_BOUND('',#5612,.F.);
#5615=CARTESIAN_POINT('',(-1.685E1,9.2E0,-1.09E1));
#5616=DIRECTION('',(0.E0,-2.982749931359E-1,9.544799780350E-1));
#5617=DIRECTION('',(0.E0,9.544799780350E-1,2.982749931359E-1));
#5618=AXIS2_PLACEMENT_3D('',#5615,#5616,#5617);
#5619=PLANE('',#5618);
#5621=ORIENTED_EDGE('',*,*,#5620,.F.);
#5623=ORIENTED_EDGE('',*,*,#5622,.T.);
#5624=ORIENTED_EDGE('',*,*,#5600,.F.);
#5626=ORIENTED_EDGE('',*,*,#5625,.F.);
#5627=EDGE_LOOP('',(#5621,#5623,#5624,#5626));
#5628=FACE_OUTER_BOUND('',#5627,.F.);
#5630=CARTESIAN_POINT('',(-1.72E1,1.04E1,-1.065E1));
#5631=DIRECTION('',(-1.E0,0.E0,0.E0));
#5632=DIRECTION('',(0.E0,0.E0,-1.E0));
#5633=AXIS2_PLACEMENT_3D('',#5630,#5631,#5632);
#5634=PLANE('',#5633);
#5635=ORIENTED_EDGE('',*,*,#5620,.T.);
#5637=ORIENTED_EDGE('',*,*,#5636,.F.);
#5638=ORIENTED_EDGE('',*,*,#5457,.T.);
#5640=ORIENTED_EDGE('',*,*,#5639,.T.);
#5642=ORIENTED_EDGE('',*,*,#5641,.F.);
#5644=ORIENTED_EDGE('',*,*,#5643,.T.);
#5646=ORIENTED_EDGE('',*,*,#5645,.F.);
#5647=EDGE_LOOP('',(#5635,#5637,#5638,#5640,#5642,#5644,#5646));
#5648=FACE_OUTER_BOUND('',#5647,.F.);
#5650=CARTESIAN_POINT('',(0.E0,8.4E0,0.E0));
#5651=DIRECTION('',(0.E0,-1.E0,0.E0));
#5652=DIRECTION('',(-1.E0,0.E0,0.E0));
#5653=AXIS2_PLACEMENT_3D('',#5650,#5651,#5652);
#5654=PLANE('',#5653);
#5655=ORIENTED_EDGE('',*,*,#5625,.T.);
#5656=ORIENTED_EDGE('',*,*,#5610,.T.);
#5657=ORIENTED_EDGE('',*,*,#5459,.F.);
#5658=ORIENTED_EDGE('',*,*,#5636,.T.);
#5659=EDGE_LOOP('',(#5655,#5656,#5657,#5658));
#5660=FACE_OUTER_BOUND('',#5659,.F.);
#5662=CARTESIAN_POINT('',(0.E0,1.04E1,0.E0));
#5663=DIRECTION('',(0.E0,1.E0,0.E0));
#5664=DIRECTION('',(1.E0,0.E0,0.E0));
#5665=AXIS2_PLACEMENT_3D('',#5662,#5663,#5664);
#5666=PLANE('',#5665);
#5668=ORIENTED_EDGE('',*,*,#5667,.F.);
#5670=ORIENTED_EDGE('',*,*,#5669,.F.);
#5672=ORIENTED_EDGE('',*,*,#5671,.T.);
#5674=ORIENTED_EDGE('',*,*,#5673,.T.);
#5676=ORIENTED_EDGE('',*,*,#5675,.F.);
#5678=ORIENTED_EDGE('',*,*,#5677,.T.);
#5680=ORIENTED_EDGE('',*,*,#5679,.T.);
#5682=ORIENTED_EDGE('',*,*,#5681,.F.);
#5684=ORIENTED_EDGE('',*,*,#5683,.T.);
#5686=ORIENTED_EDGE('',*,*,#5685,.T.);
#5688=ORIENTED_EDGE('',*,*,#5687,.F.);
#5690=ORIENTED_EDGE('',*,*,#5689,.F.);
#5691=ORIENTED_EDGE('',*,*,#5639,.F.);
#5692=ORIENTED_EDGE('',*,*,#5455,.T.);
#5693=ORIENTED_EDGE('',*,*,#5207,.T.);
#5694=ORIENTED_EDGE('',*,*,#5029,.T.);
#5696=ORIENTED_EDGE('',*,*,#5695,.F.);
#5697=EDGE_LOOP('',(#5668,#5670,#5672,#5674,#5676,#5678,#5680,#5682,#5684,#5686,
#5688,#5690,#5691,#5692,#5693,#5694,#5696));
#5698=FACE_OUTER_BOUND('',#5697,.F.);
#5700=ORIENTED_EDGE('',*,*,#5699,.T.);
#5702=ORIENTED_EDGE('',*,*,#5701,.T.);
#5704=ORIENTED_EDGE('',*,*,#5703,.T.);
#5706=ORIENTED_EDGE('',*,*,#5705,.T.);
#5707=EDGE_LOOP('',(#5700,#5702,#5704,#5706));
#5708=FACE_BOUND('',#5707,.F.);
#5710=ORIENTED_EDGE('',*,*,#5709,.T.);
#5712=ORIENTED_EDGE('',*,*,#5711,.T.);
#5714=ORIENTED_EDGE('',*,*,#5713,.T.);
#5716=ORIENTED_EDGE('',*,*,#5715,.T.);
#5717=EDGE_LOOP('',(#5710,#5712,#5714,#5716));
#5718=FACE_BOUND('',#5717,.F.);
#5720=ORIENTED_EDGE('',*,*,#5719,.T.);
#5722=ORIENTED_EDGE('',*,*,#5721,.T.);
#5724=ORIENTED_EDGE('',*,*,#5723,.T.);
#5726=ORIENTED_EDGE('',*,*,#5725,.T.);
#5727=EDGE_LOOP('',(#5720,#5722,#5724,#5726));
#5728=FACE_BOUND('',#5727,.F.);
#5730=CARTESIAN_POINT('',(-1.196E1,1.04E1,1.1E1));
#5731=DIRECTION('',(0.E0,0.E0,1.E0));
#5732=DIRECTION('',(-1.E0,0.E0,0.E0));
#5733=AXIS2_PLACEMENT_3D('',#5730,#5731,#5732);
#5734=PLANE('',#5733);
#5735=ORIENTED_EDGE('',*,*,#4957,.T.);
#5737=ORIENTED_EDGE('',*,*,#5736,.F.);
#5738=ORIENTED_EDGE('',*,*,#4663,.F.);
#5740=ORIENTED_EDGE('',*,*,#5739,.T.);
#5741=ORIENTED_EDGE('',*,*,#5667,.T.);
#5743=ORIENTED_EDGE('',*,*,#5742,.F.);
#5745=ORIENTED_EDGE('',*,*,#5744,.T.);
#5747=ORIENTED_EDGE('',*,*,#5746,.T.);
#5748=EDGE_LOOP('',(#5735,#5737,#5738,#5740,#5741,#5743,#5745,#5747));
#5749=FACE_OUTER_BOUND('',#5748,.F.);
#5751=CARTESIAN_POINT('',(-1.196E1,1.04E1,1.016E1));
#5752=DIRECTION('',(1.E0,0.E0,0.E0));
#5753=DIRECTION('',(0.E0,0.E0,1.E0));
#5754=AXIS2_PLACEMENT_3D('',#5751,#5752,#5753);
#5755=PLANE('',#5754);
#5756=ORIENTED_EDGE('',*,*,#4955,.T.);
#5758=ORIENTED_EDGE('',*,*,#5757,.F.);
#5759=ORIENTED_EDGE('',*,*,#4665,.F.);
#5760=ORIENTED_EDGE('',*,*,#5736,.T.);
#5761=EDGE_LOOP('',(#5756,#5758,#5759,#5760));
#5762=FACE_OUTER_BOUND('',#5761,.F.);
#5764=CARTESIAN_POINT('',(-1.016E1,1.04E1,1.016E1));
#5765=DIRECTION('',(0.E0,-1.E0,0.E0));
#5766=DIRECTION('',(-1.E0,0.E0,0.E0));
#5767=AXIS2_PLACEMENT_3D('',#5764,#5765,#5766);
#5768=CYLINDRICAL_SURFACE('',#5767,1.8E0);
#5769=ORIENTED_EDGE('',*,*,#4953,.F.);
#5770=ORIENTED_EDGE('',*,*,#4939,.T.);
#5771=ORIENTED_EDGE('',*,*,#4667,.F.);
#5772=ORIENTED_EDGE('',*,*,#5757,.T.);
#5773=EDGE_LOOP('',(#5769,#5770,#5771,#5772));
#5774=FACE_OUTER_BOUND('',#5773,.F.);
#5776=CARTESIAN_POINT('',(-2.3E1,1.04E1,1.1E1));
#5777=DIRECTION('',(-1.E0,0.E0,0.E0));
#5778=DIRECTION('',(0.E0,0.E0,-1.E0));
#5779=AXIS2_PLACEMENT_3D('',#5776,#5777,#5778);
#5780=PLANE('',#5779);
#5781=ORIENTED_EDGE('',*,*,#5669,.T.);
#5782=ORIENTED_EDGE('',*,*,#5739,.F.);
#5783=ORIENTED_EDGE('',*,*,#4661,.F.);
#5785=ORIENTED_EDGE('',*,*,#5784,.F.);
#5786=EDGE_LOOP('',(#5781,#5782,#5783,#5785));
#5787=FACE_OUTER_BOUND('',#5786,.F.);
#5789=CARTESIAN_POINT('',(-2.286E1,1.04E1,7.62E0));
#5790=DIRECTION('',(0.E0,-1.E0,0.E0));
#5791=DIRECTION('',(-1.E0,0.E0,0.E0));
#5792=AXIS2_PLACEMENT_3D('',#5789,#5790,#5791);
#5793=CYLINDRICAL_SURFACE('',#5792,1.8E0);
#5794=ORIENTED_EDGE('',*,*,#5673,.F.);
#5795=ORIENTED_EDGE('',*,*,#5671,.F.);
#5796=ORIENTED_EDGE('',*,*,#5784,.T.);
#5797=ORIENTED_EDGE('',*,*,#4659,.F.);
#5798=ORIENTED_EDGE('',*,*,#4657,.F.);
#5800=ORIENTED_EDGE('',*,*,#5799,.T.);
#5801=EDGE_LOOP('',(#5794,#5795,#5796,#5797,#5798,#5800));
#5802=FACE_OUTER_BOUND('',#5801,.F.);
#5804=CARTESIAN_POINT('',(-2.3E1,1.04E1,5.825452703326E0));
#5805=DIRECTION('',(-1.E0,0.E0,0.E0));
#5806=DIRECTION('',(0.E0,0.E0,-1.E0));
#5807=AXIS2_PLACEMENT_3D('',#5804,#5805,#5806);
#5808=PLANE('',#5807);
#5809=ORIENTED_EDGE('',*,*,#5675,.T.);
#5810=ORIENTED_EDGE('',*,*,#5799,.F.);
#5811=ORIENTED_EDGE('',*,*,#4655,.F.);
#5813=ORIENTED_EDGE('',*,*,#5812,.F.);
#5814=EDGE_LOOP('',(#5809,#5810,#5811,#5813));
#5815=FACE_OUTER_BOUND('',#5814,.F.);
#5817=CARTESIAN_POINT('',(-2.286E1,1.04E1,-2.54E0));
#5818=DIRECTION('',(0.E0,-1.E0,0.E0));
#5819=DIRECTION('',(-1.E0,0.E0,0.E0));
#5820=AXIS2_PLACEMENT_3D('',#5817,#5818,#5819);
#5821=CYLINDRICAL_SURFACE('',#5820,1.8E0);
#5822=ORIENTED_EDGE('',*,*,#5679,.F.);
#5823=ORIENTED_EDGE('',*,*,#5677,.F.);
#5824=ORIENTED_EDGE('',*,*,#5812,.T.);
#5825=ORIENTED_EDGE('',*,*,#4653,.F.);
#5826=ORIENTED_EDGE('',*,*,#4651,.F.);
#5828=ORIENTED_EDGE('',*,*,#5827,.T.);
#5829=EDGE_LOOP('',(#5822,#5823,#5824,#5825,#5826,#5828));
#5830=FACE_OUTER_BOUND('',#5829,.F.);
#5832=CARTESIAN_POINT('',(-2.3E1,1.04E1,-4.334547296674E0));
#5833=DIRECTION('',(-1.E0,0.E0,0.E0));
#5834=DIRECTION('',(0.E0,0.E0,-1.E0));
#5835=AXIS2_PLACEMENT_3D('',#5832,#5833,#5834);
#5836=PLANE('',#5835);
#5837=ORIENTED_EDGE('',*,*,#5681,.T.);
#5838=ORIENTED_EDGE('',*,*,#5827,.F.);
#5839=ORIENTED_EDGE('',*,*,#4649,.F.);
#5841=ORIENTED_EDGE('',*,*,#5840,.F.);
#5842=EDGE_LOOP('',(#5837,#5838,#5839,#5841));
#5843=FACE_OUTER_BOUND('',#5842,.F.);
#5845=CARTESIAN_POINT('',(-2.286E1,1.04E1,-7.62E0));
#5846=DIRECTION('',(0.E0,-1.E0,0.E0));
#5847=DIRECTION('',(-1.E0,0.E0,0.E0));
#5848=AXIS2_PLACEMENT_3D('',#5845,#5846,#5847);
#5849=CYLINDRICAL_SURFACE('',#5848,1.8E0);
#5850=ORIENTED_EDGE('',*,*,#5685,.F.);
#5851=ORIENTED_EDGE('',*,*,#5683,.F.);
#5852=ORIENTED_EDGE('',*,*,#5840,.T.);
#5853=ORIENTED_EDGE('',*,*,#4647,.F.);
#5854=ORIENTED_EDGE('',*,*,#4645,.F.);
#5856=ORIENTED_EDGE('',*,*,#5855,.T.);
#5857=EDGE_LOOP('',(#5850,#5851,#5852,#5853,#5854,#5856));
#5858=FACE_OUTER_BOUND('',#5857,.F.);
#5860=CARTESIAN_POINT('',(-2.3E1,1.04E1,-9.414547296674E0));
#5861=DIRECTION('',(-1.E0,0.E0,0.E0));
#5862=DIRECTION('',(0.E0,0.E0,-1.E0));
#5863=AXIS2_PLACEMENT_3D('',#5860,#5861,#5862);
#5864=PLANE('',#5863);
#5865=ORIENTED_EDGE('',*,*,#5687,.T.);
#5866=ORIENTED_EDGE('',*,*,#5855,.F.);
#5867=ORIENTED_EDGE('',*,*,#4643,.F.);
#5869=ORIENTED_EDGE('',*,*,#5868,.T.);
#5870=EDGE_LOOP('',(#5865,#5866,#5867,#5869));
#5871=FACE_OUTER_BOUND('',#5870,.F.);
#5873=CARTESIAN_POINT('',(-2.3E1,1.04E1,-1.1E1));
#5874=DIRECTION('',(0.E0,0.E0,-1.E0));
#5875=DIRECTION('',(1.E0,0.E0,0.E0));
#5876=AXIS2_PLACEMENT_3D('',#5873,#5874,#5875);
#5877=PLANE('',#5876);
#5878=ORIENTED_EDGE('',*,*,#5534,.T.);
#5879=ORIENTED_EDGE('',*,*,#5548,.F.);
#5880=ORIENTED_EDGE('',*,*,#5561,.F.);
#5881=ORIENTED_EDGE('',*,*,#5574,.T.);
#5882=ORIENTED_EDGE('',*,*,#5590,.T.);
#5883=ORIENTED_EDGE('',*,*,#5606,.F.);
#5885=ORIENTED_EDGE('',*,*,#5884,.T.);
#5886=ORIENTED_EDGE('',*,*,#5641,.T.);
#5887=ORIENTED_EDGE('',*,*,#5689,.T.);
#5888=ORIENTED_EDGE('',*,*,#5868,.F.);
#5889=ORIENTED_EDGE('',*,*,#4641,.F.);
#5891=ORIENTED_EDGE('',*,*,#5890,.T.);
#5893=ORIENTED_EDGE('',*,*,#5892,.T.);
#5895=ORIENTED_EDGE('',*,*,#5894,.F.);
#5896=ORIENTED_EDGE('',*,*,#5504,.F.);
#5897=ORIENTED_EDGE('',*,*,#5518,.T.);
#5898=EDGE_LOOP('',(#5878,#5879,#5880,#5881,#5882,#5883,#5885,#5886,#5887,#5888,
#5889,#5891,#5893,#5895,#5896,#5897));
#5899=FACE_OUTER_BOUND('',#5898,.F.);
#5901=CARTESIAN_POINT('',(0.E0,1.025E1,0.E0));
#5902=DIRECTION('',(0.E0,-1.E0,0.E0));
#5903=DIRECTION('',(-1.E0,0.E0,0.E0));
#5904=AXIS2_PLACEMENT_3D('',#5901,#5902,#5903);
#5905=PLANE('',#5904);
#5906=ORIENTED_EDGE('',*,*,#5604,.T.);
#5908=ORIENTED_EDGE('',*,*,#5907,.F.);
#5909=ORIENTED_EDGE('',*,*,#5643,.F.);
#5910=ORIENTED_EDGE('',*,*,#5884,.F.);
#5911=EDGE_LOOP('',(#5906,#5908,#5909,#5910));
#5912=FACE_OUTER_BOUND('',#5911,.F.);
#5914=CARTESIAN_POINT('',(-1.65E1,1.04E1,-1.065E1));
#5915=DIRECTION('',(0.E0,0.E0,1.E0));
#5916=DIRECTION('',(-1.E0,0.E0,0.E0));
#5917=AXIS2_PLACEMENT_3D('',#5914,#5915,#5916);
#5918=PLANE('',#5917);
#5919=ORIENTED_EDGE('',*,*,#5622,.F.);
#5920=ORIENTED_EDGE('',*,*,#5645,.T.);
#5921=ORIENTED_EDGE('',*,*,#5907,.T.);
#5922=ORIENTED_EDGE('',*,*,#5602,.F.);
#5923=EDGE_LOOP('',(#5919,#5920,#5921,#5922));
#5924=FACE_OUTER_BOUND('',#5923,.F.);
#5926=CARTESIAN_POINT('',(8.36E0,1.04E1,-1.1E1));
#5927=DIRECTION('',(1.E0,0.E0,6.344131569287E-14));
#5928=DIRECTION('',(-6.344131569287E-14,0.E0,1.E0));
#5929=AXIS2_PLACEMENT_3D('',#5926,#5927,#5928);
#5930=PLANE('',#5929);
#5932=ORIENTED_EDGE('',*,*,#5931,.T.);
#5933=ORIENTED_EDGE('',*,*,#5890,.F.);
#5934=ORIENTED_EDGE('',*,*,#4639,.F.);
#5936=ORIENTED_EDGE('',*,*,#5935,.F.);
#5937=EDGE_LOOP('',(#5932,#5933,#5934,#5936));
#5938=FACE_OUTER_BOUND('',#5937,.F.);
#5940=CARTESIAN_POINT('',(0.E0,1.04E1,0.E0));
#5941=DIRECTION('',(0.E0,1.E0,0.E0));
#5942=DIRECTION('',(1.E0,0.E0,0.E0));
#5943=AXIS2_PLACEMENT_3D('',#5940,#5941,#5942);
#5944=PLANE('',#5943);
#5946=ORIENTED_EDGE('',*,*,#5945,.F.);
#5947=ORIENTED_EDGE('',*,*,#5892,.F.);
#5948=ORIENTED_EDGE('',*,*,#5931,.F.);
#5950=ORIENTED_EDGE('',*,*,#5949,.T.);
#5952=ORIENTED_EDGE('',*,*,#5951,.F.);
#5954=ORIENTED_EDGE('',*,*,#5953,.F.);
#5956=ORIENTED_EDGE('',*,*,#5955,.F.);
#5957=ORIENTED_EDGE('',*,*,#5434,.T.);
#5958=EDGE_LOOP('',(#5946,#5947,#5948,#5950,#5952,#5954,#5956,#5957));
#5959=FACE_OUTER_BOUND('',#5958,.F.);
#5961=ORIENTED_EDGE('',*,*,#5960,.T.);
#5963=ORIENTED_EDGE('',*,*,#5962,.T.);
#5965=ORIENTED_EDGE('',*,*,#5964,.T.);
#5967=ORIENTED_EDGE('',*,*,#5966,.T.);
#5968=EDGE_LOOP('',(#5961,#5963,#5965,#5967));
#5969=FACE_BOUND('',#5968,.F.);
#5971=CARTESIAN_POINT('',(9.8E0,1.04E1,-1.155E1));
#5972=DIRECTION('',(1.E0,0.E0,0.E0));
#5973=DIRECTION('',(0.E0,0.E0,1.E0));
#5974=AXIS2_PLACEMENT_3D('',#5971,#5972,#5973);
#5975=PLANE('',#5974);
#5976=ORIENTED_EDGE('',*,*,#5945,.T.);
#5977=ORIENTED_EDGE('',*,*,#5432,.F.);
#5978=ORIENTED_EDGE('',*,*,#5506,.F.);
#5979=ORIENTED_EDGE('',*,*,#5894,.T.);
#5980=EDGE_LOOP('',(#5976,#5977,#5978,#5979));
#5981=FACE_OUTER_BOUND('',#5980,.F.);
#5983=CARTESIAN_POINT('',(1.016E1,1.04E1,-1.016E1));
#5984=DIRECTION('',(0.E0,-1.E0,0.E0));
#5985=DIRECTION('',(-1.E0,0.E0,0.E0));
#5986=AXIS2_PLACEMENT_3D('',#5983,#5984,#5985);
#5987=CYLINDRICAL_SURFACE('',#5986,1.8E0);
#5988=ORIENTED_EDGE('',*,*,#5949,.F.);
#5989=ORIENTED_EDGE('',*,*,#5935,.T.);
#5990=ORIENTED_EDGE('',*,*,#4637,.F.);
#5992=ORIENTED_EDGE('',*,*,#5991,.T.);
#5993=EDGE_LOOP('',(#5988,#5989,#5990,#5992));
#5994=FACE_OUTER_BOUND('',#5993,.F.);
#5996=CARTESIAN_POINT('',(1.196E1,1.04E1,-1.016E1));
#5997=DIRECTION('',(-1.E0,0.E0,6.555602621597E-14));
#5998=DIRECTION('',(-6.555602621597E-14,0.E0,-1.E0));
#5999=AXIS2_PLACEMENT_3D('',#5996,#5997,#5998);
#6000=PLANE('',#5999);
#6001=ORIENTED_EDGE('',*,*,#5951,.T.);
#6002=ORIENTED_EDGE('',*,*,#5991,.F.);
#6003=ORIENTED_EDGE('',*,*,#4635,.F.);
#6005=ORIENTED_EDGE('',*,*,#6004,.T.);
#6006=EDGE_LOOP('',(#6001,#6002,#6003,#6005));
#6007=FACE_OUTER_BOUND('',#6006,.F.);
#6009=CARTESIAN_POINT('',(1.196E1,1.04E1,-1.1E1));
#6010=DIRECTION('',(0.E0,0.E0,-1.E0));
#6011=DIRECTION('',(1.E0,0.E0,0.E0));
#6012=AXIS2_PLACEMENT_3D('',#6009,#6010,#6011);
#6013=PLANE('',#6012);
#6014=ORIENTED_EDGE('',*,*,#5953,.T.);
#6015=ORIENTED_EDGE('',*,*,#6004,.F.);
#6016=ORIENTED_EDGE('',*,*,#4633,.F.);
#6018=ORIENTED_EDGE('',*,*,#6017,.T.);
#6019=ORIENTED_EDGE('',*,*,#4737,.T.);
#6021=ORIENTED_EDGE('',*,*,#6020,.F.);
#6023=ORIENTED_EDGE('',*,*,#6022,.T.);
#6025=ORIENTED_EDGE('',*,*,#6024,.T.);
#6026=EDGE_LOOP('',(#6014,#6015,#6016,#6018,#6019,#6021,#6023,#6025));
#6027=FACE_OUTER_BOUND('',#6026,.F.);
#6029=CARTESIAN_POINT('',(2.106E1,1.04E1,-1.1E1));
#6030=DIRECTION('',(1.E0,0.E0,0.E0));
#6031=DIRECTION('',(0.E0,0.E0,1.E0));
#6032=AXIS2_PLACEMENT_3D('',#6029,#6030,#6031);
#6033=PLANE('',#6032);
#6034=ORIENTED_EDGE('',*,*,#4739,.T.);
#6035=ORIENTED_EDGE('',*,*,#6017,.F.);
#6036=ORIENTED_EDGE('',*,*,#4631,.F.);
#6038=ORIENTED_EDGE('',*,*,#6037,.F.);
#6039=EDGE_LOOP('',(#6034,#6035,#6036,#6038));
#6040=FACE_OUTER_BOUND('',#6039,.F.);
#6042=CARTESIAN_POINT('',(2.286E1,1.04E1,-1.016E1));
#6043=DIRECTION('',(0.E0,-1.E0,0.E0));
#6044=DIRECTION('',(-1.E0,0.E0,0.E0));
#6045=AXIS2_PLACEMENT_3D('',#6042,#6043,#6044);
#6046=CYLINDRICAL_SURFACE('',#6045,1.8E0);
#6047=ORIENTED_EDGE('',*,*,#4741,.F.);
#6048=ORIENTED_EDGE('',*,*,#6037,.T.);
#6049=ORIENTED_EDGE('',*,*,#4629,.F.);
#6051=ORIENTED_EDGE('',*,*,#6050,.T.);
#6052=EDGE_LOOP('',(#6047,#6048,#6049,#6051));
#6053=FACE_OUTER_BOUND('',#6052,.F.);
#6055=CARTESIAN_POINT('',(2.3E1,1.04E1,-8.365452703326E0));
#6056=DIRECTION('',(1.E0,0.E0,0.E0));
#6057=DIRECTION('',(0.E0,0.E0,1.E0));
#6058=AXIS2_PLACEMENT_3D('',#6055,#6056,#6057);
#6059=PLANE('',#6058);
#6060=ORIENTED_EDGE('',*,*,#4743,.T.);
#6061=ORIENTED_EDGE('',*,*,#6050,.F.);
#6062=ORIENTED_EDGE('',*,*,#4627,.F.);
#6064=ORIENTED_EDGE('',*,*,#6063,.F.);
#6065=EDGE_LOOP('',(#6060,#6061,#6062,#6064));
#6066=FACE_OUTER_BOUND('',#6065,.F.);
#6068=CARTESIAN_POINT('',(2.286E1,1.04E1,-1.398840616139E-13));
#6069=DIRECTION('',(0.E0,-1.E0,0.E0));
#6070=DIRECTION('',(-1.E0,0.E0,0.E0));
#6071=AXIS2_PLACEMENT_3D('',#6068,#6069,#6070);
#6072=CYLINDRICAL_SURFACE('',#6071,1.8E0);
#6073=ORIENTED_EDGE('',*,*,#4747,.F.);
#6074=ORIENTED_EDGE('',*,*,#4745,.F.);
#6075=ORIENTED_EDGE('',*,*,#6063,.T.);
#6076=ORIENTED_EDGE('',*,*,#4625,.F.);
#6077=ORIENTED_EDGE('',*,*,#4623,.F.);
#6079=ORIENTED_EDGE('',*,*,#6078,.T.);
#6080=EDGE_LOOP('',(#6073,#6074,#6075,#6076,#6077,#6079));
#6081=FACE_OUTER_BOUND('',#6080,.F.);
#6083=CARTESIAN_POINT('',(2.3E1,1.04E1,1.794547296674E0));
#6084=DIRECTION('',(1.E0,0.E0,0.E0));
#6085=DIRECTION('',(0.E0,0.E0,1.E0));
#6086=AXIS2_PLACEMENT_3D('',#6083,#6084,#6085);
#6087=PLANE('',#6086);
#6088=ORIENTED_EDGE('',*,*,#4749,.T.);
#6089=ORIENTED_EDGE('',*,*,#6078,.F.);
#6090=ORIENTED_EDGE('',*,*,#4621,.F.);
#6092=ORIENTED_EDGE('',*,*,#6091,.F.);
#6093=EDGE_LOOP('',(#6088,#6089,#6090,#6092));
#6094=FACE_OUTER_BOUND('',#6093,.F.);
#6096=CARTESIAN_POINT('',(2.286E1,1.04E1,1.016E1));
#6097=DIRECTION('',(0.E0,-1.E0,0.E0));
#6098=DIRECTION('',(-1.E0,0.E0,0.E0));
#6099=AXIS2_PLACEMENT_3D('',#6096,#6097,#6098);
#6100=CYLINDRICAL_SURFACE('',#6099,1.8E0);
#6101=ORIENTED_EDGE('',*,*,#4751,.F.);
#6102=ORIENTED_EDGE('',*,*,#6091,.T.);
#6103=ORIENTED_EDGE('',*,*,#4619,.F.);
#6105=ORIENTED_EDGE('',*,*,#6104,.T.);
#6106=EDGE_LOOP('',(#6101,#6102,#6103,#6105));
#6107=FACE_OUTER_BOUND('',#6106,.F.);
#6109=CARTESIAN_POINT('',(2.106E1,1.04E1,1.016E1));
#6110=DIRECTION('',(1.E0,0.E0,-6.344131569287E-14));
#6111=DIRECTION('',(6.344131569287E-14,0.E0,1.E0));
#6112=AXIS2_PLACEMENT_3D('',#6109,#6110,#6111);
#6113=PLANE('',#6112);
#6114=ORIENTED_EDGE('',*,*,#4753,.T.);
#6115=ORIENTED_EDGE('',*,*,#6104,.F.);
#6116=ORIENTED_EDGE('',*,*,#4617,.F.);
#6117=ORIENTED_EDGE('',*,*,#4705,.T.);
#6118=EDGE_LOOP('',(#6114,#6115,#6116,#6117));
#6119=FACE_OUTER_BOUND('',#6118,.F.);
#6121=CARTESIAN_POINT('',(1.72E1,1.04E1,-1.155E1));
#6122=DIRECTION('',(1.E0,0.E0,0.E0));
#6123=DIRECTION('',(0.E0,0.E0,1.E0));
#6124=AXIS2_PLACEMENT_3D('',#6121,#6122,#6123);
#6125=PLANE('',#6124);
#6127=ORIENTED_EDGE('',*,*,#6126,.T.);
#6129=ORIENTED_EDGE('',*,*,#6128,.T.);
#6131=ORIENTED_EDGE('',*,*,#6130,.F.);
#6132=ORIENTED_EDGE('',*,*,#6020,.T.);
#6133=ORIENTED_EDGE('',*,*,#4735,.T.);
#6134=ORIENTED_EDGE('',*,*,#5440,.F.);
#6136=ORIENTED_EDGE('',*,*,#6135,.F.);
#6137=EDGE_LOOP('',(#6127,#6129,#6131,#6132,#6133,#6134,#6136));
#6138=FACE_OUTER_BOUND('',#6137,.F.);
#6140=CARTESIAN_POINT('',(1.685E1,9.2E0,-1.09E1));
#6141=DIRECTION('',(0.E0,-2.982749931359E-1,9.544799780350E-1));
#6142=DIRECTION('',(0.E0,9.544799780350E-1,2.982749931359E-1));
#6143=AXIS2_PLACEMENT_3D('',#6140,#6141,#6142);
#6144=PLANE('',#6143);
#6146=ORIENTED_EDGE('',*,*,#6145,.F.);
#6148=ORIENTED_EDGE('',*,*,#6147,.T.);
#6149=ORIENTED_EDGE('',*,*,#6126,.F.);
#6151=ORIENTED_EDGE('',*,*,#6150,.F.);
#6152=EDGE_LOOP('',(#6146,#6148,#6149,#6151));
#6153=FACE_OUTER_BOUND('',#6152,.F.);
#6155=CARTESIAN_POINT('',(1.65E1,1.04E1,-1.065E1));
#6156=DIRECTION('',(-1.E0,0.E0,0.E0));
#6157=DIRECTION('',(0.E0,0.E0,-1.E0));
#6158=AXIS2_PLACEMENT_3D('',#6155,#6156,#6157);
#6159=PLANE('',#6158);
#6160=ORIENTED_EDGE('',*,*,#6145,.T.);
#6162=ORIENTED_EDGE('',*,*,#6161,.F.);
#6163=ORIENTED_EDGE('',*,*,#5436,.T.);
#6164=ORIENTED_EDGE('',*,*,#5955,.T.);
#6165=ORIENTED_EDGE('',*,*,#6024,.F.);
#6167=ORIENTED_EDGE('',*,*,#6166,.T.);
#6169=ORIENTED_EDGE('',*,*,#6168,.F.);
#6170=EDGE_LOOP('',(#6160,#6162,#6163,#6164,#6165,#6167,#6169));
#6171=FACE_OUTER_BOUND('',#6170,.F.);
#6173=CARTESIAN_POINT('',(0.E0,8.4E0,0.E0));
#6174=DIRECTION('',(0.E0,-1.E0,0.E0));
#6175=DIRECTION('',(-1.E0,0.E0,0.E0));
#6176=AXIS2_PLACEMENT_3D('',#6173,#6174,#6175);
#6177=PLANE('',#6176);
#6178=ORIENTED_EDGE('',*,*,#6150,.T.);
#6179=ORIENTED_EDGE('',*,*,#6135,.T.);
#6180=ORIENTED_EDGE('',*,*,#5438,.F.);
#6181=ORIENTED_EDGE('',*,*,#6161,.T.);
#6182=EDGE_LOOP('',(#6178,#6179,#6180,#6181));
#6183=FACE_OUTER_BOUND('',#6182,.F.);
#6185=CARTESIAN_POINT('',(0.E0,1.025E1,0.E0));
#6186=DIRECTION('',(0.E0,-1.E0,0.E0));
#6187=DIRECTION('',(-1.E0,0.E0,0.E0));
#6188=AXIS2_PLACEMENT_3D('',#6185,#6186,#6187);
#6189=PLANE('',#6188);
#6190=ORIENTED_EDGE('',*,*,#6130,.T.);
#6192=ORIENTED_EDGE('',*,*,#6191,.F.);
#6193=ORIENTED_EDGE('',*,*,#6166,.F.);
#6194=ORIENTED_EDGE('',*,*,#6022,.F.);
#6195=EDGE_LOOP('',(#6190,#6192,#6193,#6194));
#6196=FACE_OUTER_BOUND('',#6195,.F.);
#6198=CARTESIAN_POINT('',(1.72E1,1.04E1,-1.065E1));
#6199=DIRECTION('',(0.E0,0.E0,1.E0));
#6200=DIRECTION('',(-1.E0,0.E0,0.E0));
#6201=AXIS2_PLACEMENT_3D('',#6198,#6199,#6200);
#6202=PLANE('',#6201);
#6203=ORIENTED_EDGE('',*,*,#6147,.F.);
#6204=ORIENTED_EDGE('',*,*,#6168,.T.);
#6205=ORIENTED_EDGE('',*,*,#6191,.T.);
#6206=ORIENTED_EDGE('',*,*,#6128,.F.);
#6207=EDGE_LOOP('',(#6203,#6204,#6205,#6206));
#6208=FACE_OUTER_BOUND('',#6207,.F.);
#6210=CARTESIAN_POINT('',(1.016E1,1.085E1,-1.016E1));
#6211=DIRECTION('',(0.E0,-1.E0,0.E0));
#6212=DIRECTION('',(0.E0,0.E0,-1.E0));
#6213=AXIS2_PLACEMENT_3D('',#6210,#6211,#6212);
#6214=CONICAL_SURFACE('',#6213,5.75E-1,6.340191745910E0);
#6215=ORIENTED_EDGE('',*,*,#5962,.F.);
#6216=ORIENTED_EDGE('',*,*,#5960,.F.);
#6218=ORIENTED_EDGE('',*,*,#6217,.F.);
#6220=ORIENTED_EDGE('',*,*,#6219,.T.);
#6222=ORIENTED_EDGE('',*,*,#6221,.T.);
#6224=ORIENTED_EDGE('',*,*,#6223,.T.);
#6225=EDGE_LOOP('',(#6215,#6216,#6218,#6220,#6222,#6224));
#6226=FACE_OUTER_BOUND('',#6225,.F.);
#6228=CARTESIAN_POINT('',(1.016E1,1.085E1,-1.016E1));
#6229=DIRECTION('',(0.E0,-1.E0,0.E0));
#6230=DIRECTION('',(0.E0,0.E0,-1.E0));
#6231=AXIS2_PLACEMENT_3D('',#6228,#6229,#6230);
#6232=CONICAL_SURFACE('',#6231,5.75E-1,6.340191745910E0);
#6233=ORIENTED_EDGE('',*,*,#5966,.F.);
#6234=ORIENTED_EDGE('',*,*,#5964,.F.);
#6235=ORIENTED_EDGE('',*,*,#6223,.F.);
#6237=ORIENTED_EDGE('',*,*,#6236,.T.);
#6239=ORIENTED_EDGE('',*,*,#6238,.T.);
#6240=ORIENTED_EDGE('',*,*,#6217,.T.);
#6241=EDGE_LOOP('',(#6233,#6234,#6235,#6237,#6239,#6240));
#6242=FACE_OUTER_BOUND('',#6241,.F.);
#6244=CARTESIAN_POINT('',(1.016E1,1.753E1,-1.016E1));
#6245=DIRECTION('',(0.E0,-1.E0,0.E0));
#6246=DIRECTION('',(-1.E0,0.E0,0.E0));
#6247=AXIS2_PLACEMENT_3D('',#6244,#6245,#6246);
#6248=CYLINDRICAL_SURFACE('',#6247,5.25E-1);
#6249=ORIENTED_EDGE('',*,*,#6238,.F.);
#6250=ORIENTED_EDGE('',*,*,#6236,.F.);
#6252=ORIENTED_EDGE('',*,*,#6251,.F.);
#6254=ORIENTED_EDGE('',*,*,#6253,.F.);
#6256=ORIENTED_EDGE('',*,*,#6255,.T.);
#6257=EDGE_LOOP('',(#6249,#6250,#6252,#6254,#6256));
#6258=FACE_OUTER_BOUND('',#6257,.F.);
#6260=CARTESIAN_POINT('',(1.016E1,1.753E1,-1.016E1));
#6261=DIRECTION('',(0.E0,-1.E0,0.E0));
#6262=DIRECTION('',(-1.E0,0.E0,0.E0));
#6263=AXIS2_PLACEMENT_3D('',#6260,#6261,#6262);
#6264=CYLINDRICAL_SURFACE('',#6263,5.25E-1);
#6265=ORIENTED_EDGE('',*,*,#6221,.F.);
#6266=ORIENTED_EDGE('',*,*,#6219,.F.);
#6267=ORIENTED_EDGE('',*,*,#6255,.F.);
#6269=ORIENTED_EDGE('',*,*,#6268,.F.);
#6270=ORIENTED_EDGE('',*,*,#6251,.T.);
#6271=EDGE_LOOP('',(#6265,#6266,#6267,#6269,#6270));
#6272=FACE_OUTER_BOUND('',#6271,.F.);
#6274=CARTESIAN_POINT('',(0.E0,1.18E1,0.E0));
#6275=DIRECTION('',(0.E0,1.E0,0.E0));
#6276=DIRECTION('',(-1.E0,0.E0,0.E0));
#6277=AXIS2_PLACEMENT_3D('',#6274,#6275,#6276);
#6278=PLANE('',#6277);
#6280=ORIENTED_EDGE('',*,*,#6279,.F.);
#6282=ORIENTED_EDGE('',*,*,#6281,.T.);
#6284=ORIENTED_EDGE('',*,*,#6283,.T.);
#6286=ORIENTED_EDGE('',*,*,#6285,.F.);
#6288=ORIENTED_EDGE('',*,*,#6287,.T.);
#6290=ORIENTED_EDGE('',*,*,#6289,.F.);
#6292=ORIENTED_EDGE('',*,*,#6291,.T.);
#6294=ORIENTED_EDGE('',*,*,#6293,.F.);
#6296=ORIENTED_EDGE('',*,*,#6295,.F.);
#6298=ORIENTED_EDGE('',*,*,#6297,.T.);
#6300=ORIENTED_EDGE('',*,*,#6299,.T.);
#6302=ORIENTED_EDGE('',*,*,#6301,.F.);
#6304=ORIENTED_EDGE('',*,*,#6303,.F.);
#6306=ORIENTED_EDGE('',*,*,#6305,.T.);
#6308=ORIENTED_EDGE('',*,*,#6307,.T.);
#6310=ORIENTED_EDGE('',*,*,#6309,.F.);
#6312=ORIENTED_EDGE('',*,*,#6311,.T.);
#6314=ORIENTED_EDGE('',*,*,#6313,.F.);
#6316=ORIENTED_EDGE('',*,*,#6315,.T.);
#6318=ORIENTED_EDGE('',*,*,#6317,.F.);
#6320=ORIENTED_EDGE('',*,*,#6319,.F.);
#6322=ORIENTED_EDGE('',*,*,#6321,.T.);
#6324=ORIENTED_EDGE('',*,*,#6323,.T.);
#6326=ORIENTED_EDGE('',*,*,#6325,.F.);
#6327=EDGE_LOOP('',(#6280,#6282,#6284,#6286,#6288,#6290,#6292,#6294,#6296,#6298,
#6300,#6302,#6304,#6306,#6308,#6310,#6312,#6314,#6316,#6318,#6320,#6322,#6324,
#6326));
#6328=FACE_OUTER_BOUND('',#6327,.F.);
#6329=ORIENTED_EDGE('',*,*,#4537,.T.);
#6331=ORIENTED_EDGE('',*,*,#6330,.T.);
#6332=EDGE_LOOP('',(#6329,#6331));
#6333=FACE_BOUND('',#6332,.F.);
#6335=ORIENTED_EDGE('',*,*,#6334,.T.);
#6337=ORIENTED_EDGE('',*,*,#6336,.T.);
#6338=EDGE_LOOP('',(#6335,#6337));
#6339=FACE_BOUND('',#6338,.F.);
#6341=ORIENTED_EDGE('',*,*,#6340,.T.);
#6343=ORIENTED_EDGE('',*,*,#6342,.T.);
#6344=EDGE_LOOP('',(#6341,#6343));
#6345=FACE_BOUND('',#6344,.F.);
#6347=ORIENTED_EDGE('',*,*,#6346,.T.);
#6349=ORIENTED_EDGE('',*,*,#6348,.T.);
#6350=EDGE_LOOP('',(#6347,#6349));
#6351=FACE_BOUND('',#6350,.F.);
#6352=ORIENTED_EDGE('',*,*,#6253,.T.);
#6353=ORIENTED_EDGE('',*,*,#6268,.T.);
#6354=EDGE_LOOP('',(#6352,#6353));
#6355=FACE_BOUND('',#6354,.F.);
#6357=ORIENTED_EDGE('',*,*,#6356,.T.);
#6359=ORIENTED_EDGE('',*,*,#6358,.T.);
#6360=EDGE_LOOP('',(#6357,#6359));
#6361=FACE_BOUND('',#6360,.F.);
#6363=FILL_AREA_STYLE_COLOUR('',#23);
#6364=FILL_AREA_STYLE('',(#6363));
#6365=SURFACE_STYLE_FILL_AREA(#6364);
#6366=SURFACE_SIDE_STYLE('',(#6365));
#6367=SURFACE_STYLE_USAGE(.POSITIVE.,#6366);
#6368=PRESENTATION_STYLE_ASSIGNMENT((#6367));
#6369=STYLED_ITEM('',(#6368),#6362);
#6370=CARTESIAN_POINT('',(-6.8E0,1.04E1,1.205E1));
#6371=DIRECTION('',(1.E0,0.E0,0.E0));
#6372=DIRECTION('',(0.E0,0.E0,1.E0));
#6373=AXIS2_PLACEMENT_3D('',#6370,#6371,#6372);
#6374=PLANE('',#6373);
#6376=ORIENTED_EDGE('',*,*,#6375,.F.);
#6378=ORIENTED_EDGE('',*,*,#6377,.F.);
#6380=ORIENTED_EDGE('',*,*,#6379,.T.);
#6382=ORIENTED_EDGE('',*,*,#6381,.T.);
#6383=ORIENTED_EDGE('',*,*,#6279,.T.);
#6385=ORIENTED_EDGE('',*,*,#6384,.T.);
#6387=ORIENTED_EDGE('',*,*,#6386,.F.);
#6388=EDGE_LOOP('',(#6376,#6378,#6380,#6382,#6383,#6385,#6387));
#6389=FACE_OUTER_BOUND('',#6388,.F.);
#6391=CARTESIAN_POINT('',(2.54E1,1.1E1,-1.27E1));
#6392=DIRECTION('',(0.E0,1.E0,0.E0));
#6393=DIRECTION('',(-1.E0,0.E0,0.E0));
#6394=AXIS2_PLACEMENT_3D('',#6391,#6392,#6393);
#6395=PLANE('',#6394);
#6396=ORIENTED_EDGE('',*,*,#6375,.T.);
#6398=ORIENTED_EDGE('',*,*,#6397,.F.);
#6400=ORIENTED_EDGE('',*,*,#6399,.F.);
#6402=ORIENTED_EDGE('',*,*,#6401,.F.);
#6403=EDGE_LOOP('',(#6396,#6398,#6400,#6402));
#6404=FACE_OUTER_BOUND('',#6403,.F.);
#6406=CARTESIAN_POINT('',(0.E0,0.E0,1.27E1));
#6407=DIRECTION('',(0.E0,0.E0,1.E0));
#6408=DIRECTION('',(1.E0,0.E0,0.E0));
#6409=AXIS2_PLACEMENT_3D('',#6406,#6407,#6408);
#6410=PLANE('',#6409);
#6411=ORIENTED_EDGE('',*,*,#6397,.T.);
#6412=ORIENTED_EDGE('',*,*,#6386,.T.);
#6414=ORIENTED_EDGE('',*,*,#6413,.F.);
#6416=ORIENTED_EDGE('',*,*,#6415,.T.);
#6418=ORIENTED_EDGE('',*,*,#6417,.T.);
#6420=ORIENTED_EDGE('',*,*,#6419,.F.);
#6422=ORIENTED_EDGE('',*,*,#6421,.F.);
#6424=ORIENTED_EDGE('',*,*,#6423,.F.);
#6426=ORIENTED_EDGE('',*,*,#6425,.F.);
#6428=ORIENTED_EDGE('',*,*,#6427,.F.);
#6430=ORIENTED_EDGE('',*,*,#6429,.F.);
#6432=ORIENTED_EDGE('',*,*,#6431,.T.);
#6433=EDGE_LOOP('',(#6411,#6412,#6414,#6416,#6418,#6420,#6422,#6424,#6426,#6428,
#6430,#6432));
#6434=FACE_OUTER_BOUND('',#6433,.F.);
#6436=ORIENTED_EDGE('',*,*,#6435,.T.);
#6438=ORIENTED_EDGE('',*,*,#6437,.T.);
#6439=EDGE_LOOP('',(#6436,#6438));
#6440=FACE_BOUND('',#6439,.F.);
#6442=ORIENTED_EDGE('',*,*,#6441,.T.);
#6444=ORIENTED_EDGE('',*,*,#6443,.T.);
#6445=EDGE_LOOP('',(#6442,#6444));
#6446=FACE_BOUND('',#6445,.F.);
#6448=FILL_AREA_STYLE_COLOUR('',#23);
#6449=FILL_AREA_STYLE('',(#6448));
#6450=SURFACE_STYLE_FILL_AREA(#6449);
#6451=SURFACE_SIDE_STYLE('',(#6450));
#6452=SURFACE_STYLE_USAGE(.POSITIVE.,#6451);
#6453=PRESENTATION_STYLE_ASSIGNMENT((#6452));
#6454=STYLED_ITEM('',(#6453),#6447);
#6455=CARTESIAN_POINT('',(-2.479606385209E1,1.15E1,1.24E1));
#6456=DIRECTION('',(1.E0,0.E0,0.E0));
#6457=DIRECTION('',(0.E0,1.E0,0.E0));
#6458=AXIS2_PLACEMENT_3D('',#6455,#6456,#6457);
#6459=CYLINDRICAL_SURFACE('',#6458,3.E-1);
#6460=ORIENTED_EDGE('',*,*,#6384,.F.);
#6461=ORIENTED_EDGE('',*,*,#6325,.T.);
#6463=ORIENTED_EDGE('',*,*,#6462,.F.);
#6464=ORIENTED_EDGE('',*,*,#6413,.T.);
#6465=EDGE_LOOP('',(#6460,#6461,#6463,#6464));
#6466=FACE_OUTER_BOUND('',#6465,.F.);
#6468=FILL_AREA_STYLE_COLOUR('',#23);
#6469=FILL_AREA_STYLE('',(#6468));
#6470=SURFACE_STYLE_FILL_AREA(#6469);
#6471=SURFACE_SIDE_STYLE('',(#6470));
#6472=SURFACE_STYLE_USAGE(.POSITIVE.,#6471);
#6473=PRESENTATION_STYLE_ASSIGNMENT((#6472));
#6474=STYLED_ITEM('',(#6473),#6467);
#6475=CARTESIAN_POINT('',(6.8E0,1.04E1,1.451249897566E1));
#6476=DIRECTION('',(-1.E0,0.E0,0.E0));
#6477=DIRECTION('',(0.E0,0.E0,-1.E0));
#6478=AXIS2_PLACEMENT_3D('',#6475,#6476,#6477);
#6479=PLANE('',#6478);
#6481=ORIENTED_EDGE('',*,*,#6480,.T.);
#6482=ORIENTED_EDGE('',*,*,#6415,.F.);
#6483=ORIENTED_EDGE('',*,*,#6462,.T.);
#6484=ORIENTED_EDGE('',*,*,#6323,.F.);
#6486=ORIENTED_EDGE('',*,*,#6485,.T.);
#6488=ORIENTED_EDGE('',*,*,#6487,.F.);
#6490=ORIENTED_EDGE('',*,*,#6489,.T.);
#6491=EDGE_LOOP('',(#6481,#6482,#6483,#6484,#6486,#6488,#6490));
#6492=FACE_OUTER_BOUND('',#6491,.F.);
#6494=CARTESIAN_POINT('',(2.54E1,1.1E1,-1.27E1));
#6495=DIRECTION('',(0.E0,1.E0,0.E0));
#6496=DIRECTION('',(-1.E0,0.E0,0.E0));
#6497=AXIS2_PLACEMENT_3D('',#6494,#6495,#6496);
#6498=PLANE('',#6497);
#6500=ORIENTED_EDGE('',*,*,#6499,.T.);
#6501=ORIENTED_EDGE('',*,*,#6417,.F.);
#6502=ORIENTED_EDGE('',*,*,#6480,.F.);
#6504=ORIENTED_EDGE('',*,*,#6503,.F.);
#6505=EDGE_LOOP('',(#6500,#6501,#6502,#6504));
#6506=FACE_OUTER_BOUND('',#6505,.F.);
#6508=CARTESIAN_POINT('',(9.E0,3.275E0,1.155E1));
#6509=DIRECTION('',(1.E0,0.E0,0.E0));
#6510=DIRECTION('',(0.E0,0.E0,1.E0));
#6511=AXIS2_PLACEMENT_3D('',#6508,#6509,#6510);
#6512=PLANE('',#6511);
#6513=ORIENTED_EDGE('',*,*,#6499,.F.);
#6515=ORIENTED_EDGE('',*,*,#6514,.F.);
#6517=ORIENTED_EDGE('',*,*,#6516,.T.);
#6519=ORIENTED_EDGE('',*,*,#6518,.T.);
#6520=ORIENTED_EDGE('',*,*,#6319,.T.);
#6522=ORIENTED_EDGE('',*,*,#6521,.T.);
#6523=ORIENTED_EDGE('',*,*,#6419,.T.);
#6524=EDGE_LOOP('',(#6513,#6515,#6517,#6519,#6520,#6522,#6523));
#6525=FACE_OUTER_BOUND('',#6524,.F.);
#6527=CARTESIAN_POINT('',(0.E0,0.E0,1.205E1));
#6528=DIRECTION('',(0.E0,0.E0,1.E0));
#6529=DIRECTION('',(1.E0,0.E0,0.E0));
#6530=AXIS2_PLACEMENT_3D('',#6527,#6528,#6529);
#6531=PLANE('',#6530);
#6532=ORIENTED_EDGE('',*,*,#6514,.T.);
#6533=ORIENTED_EDGE('',*,*,#6503,.T.);
#6534=ORIENTED_EDGE('',*,*,#6489,.F.);
#6536=ORIENTED_EDGE('',*,*,#6535,.T.);
#6537=EDGE_LOOP('',(#6532,#6533,#6534,#6536));
#6538=FACE_OUTER_BOUND('',#6537,.F.);
#6540=CARTESIAN_POINT('',(0.E0,1.E1,0.E0));
#6541=DIRECTION('',(0.E0,-1.E0,0.E0));
#6542=DIRECTION('',(0.E0,0.E0,1.E0));
#6543=AXIS2_PLACEMENT_3D('',#6540,#6541,#6542);
#6544=PLANE('',#6543);
#6545=ORIENTED_EDGE('',*,*,#6535,.F.);
#6546=ORIENTED_EDGE('',*,*,#6487,.T.);
#6548=ORIENTED_EDGE('',*,*,#6547,.F.);
#6549=ORIENTED_EDGE('',*,*,#6516,.F.);
#6550=EDGE_LOOP('',(#6545,#6546,#6548,#6549));
#6551=FACE_OUTER_BOUND('',#6550,.F.);
#6553=CARTESIAN_POINT('',(6.8E0,3.275E0,1.155E1));
#6554=DIRECTION('',(0.E0,0.E0,-1.E0));
#6555=DIRECTION('',(1.E0,0.E0,0.E0));
#6556=AXIS2_PLACEMENT_3D('',#6553,#6554,#6555);
#6557=PLANE('',#6556);
#6558=ORIENTED_EDGE('',*,*,#6547,.T.);
#6559=ORIENTED_EDGE('',*,*,#6485,.F.);
#6560=ORIENTED_EDGE('',*,*,#6321,.F.);
#6561=ORIENTED_EDGE('',*,*,#6518,.F.);
#6562=EDGE_LOOP('',(#6558,#6559,#6560,#6561));
#6563=FACE_OUTER_BOUND('',#6562,.F.);
#6565=CARTESIAN_POINT('',(-2.479606385209E1,1.15E1,1.24E1));
#6566=DIRECTION('',(1.E0,0.E0,0.E0));
#6567=DIRECTION('',(0.E0,1.E0,0.E0));
#6568=AXIS2_PLACEMENT_3D('',#6565,#6566,#6567);
#6569=CYLINDRICAL_SURFACE('',#6568,3.E-1);
#6570=ORIENTED_EDGE('',*,*,#6521,.F.);
#6571=ORIENTED_EDGE('',*,*,#6317,.T.);
#6573=ORIENTED_EDGE('',*,*,#6572,.F.);
#6574=ORIENTED_EDGE('',*,*,#6421,.T.);
#6575=EDGE_LOOP('',(#6570,#6571,#6573,#6574));
#6576=FACE_OUTER_BOUND('',#6575,.F.);
#6578=FILL_AREA_STYLE_COLOUR('',#23);
#6579=FILL_AREA_STYLE('',(#6578));
#6580=SURFACE_STYLE_FILL_AREA(#6579);
#6581=SURFACE_SIDE_STYLE('',(#6580));
#6582=SURFACE_STYLE_USAGE(.POSITIVE.,#6581);
#6583=PRESENTATION_STYLE_ASSIGNMENT((#6582));
#6584=STYLED_ITEM('',(#6583),#6577);
#6585=CARTESIAN_POINT('',(2.47E1,1.15E1,1.2E1));
#6586=DIRECTION('',(0.E0,-1.E0,0.E0));
#6587=DIRECTION('',(-1.937161468347E-1,0.E0,9.810576203544E-1));
#6588=AXIS2_PLACEMENT_3D('',#6585,#6586,#6587);
#6589=TOROIDAL_SURFACE('',#6588,4.E-1,3.E-1);
#6590=ORIENTED_EDGE('',*,*,#6315,.F.);
#6592=ORIENTED_EDGE('',*,*,#6591,.T.);
#6594=ORIENTED_EDGE('',*,*,#6593,.T.);
#6595=ORIENTED_EDGE('',*,*,#6572,.T.);
#6596=EDGE_LOOP('',(#6590,#6592,#6594,#6595));
#6597=FACE_OUTER_BOUND('',#6596,.F.);
#6599=FILL_AREA_STYLE_COLOUR('',#23);
#6600=FILL_AREA_STYLE('',(#6599));
#6601=SURFACE_STYLE_FILL_AREA(#6600);
#6602=SURFACE_SIDE_STYLE('',(#6601));
#6603=SURFACE_STYLE_USAGE(.POSITIVE.,#6602);
#6604=PRESENTATION_STYLE_ASSIGNMENT((#6603));
#6605=STYLED_ITEM('',(#6604),#6598);
#6606=CARTESIAN_POINT('',(2.51E1,1.15E1,1.209606385209E1));
#6607=DIRECTION('',(0.E0,0.E0,-1.E0));
#6608=DIRECTION('',(0.E0,1.E0,0.E0));
#6609=AXIS2_PLACEMENT_3D('',#6606,#6607,#6608);
#6610=CYLINDRICAL_SURFACE('',#6609,3.E-1);
#6611=ORIENTED_EDGE('',*,*,#6313,.T.);
#6613=ORIENTED_EDGE('',*,*,#6612,.F.);
#6615=ORIENTED_EDGE('',*,*,#6614,.T.);
#6616=ORIENTED_EDGE('',*,*,#6591,.F.);
#6617=EDGE_LOOP('',(#6611,#6613,#6615,#6616));
#6618=FACE_OUTER_BOUND('',#6617,.F.);
#6620=FILL_AREA_STYLE_COLOUR('',#23);
#6621=FILL_AREA_STYLE('',(#6620));
#6622=SURFACE_STYLE_FILL_AREA(#6621);
#6623=SURFACE_SIDE_STYLE('',(#6622));
#6624=SURFACE_STYLE_USAGE(.POSITIVE.,#6623);
#6625=PRESENTATION_STYLE_ASSIGNMENT((#6624));
#6626=STYLED_ITEM('',(#6625),#6619);
#6627=CARTESIAN_POINT('',(2.47E1,1.15E1,-1.2E1));
#6628=DIRECTION('',(0.E0,-1.E0,0.E0));
#6629=DIRECTION('',(9.810576203544E-1,0.E0,1.937161468347E-1));
#6630=AXIS2_PLACEMENT_3D('',#6627,#6628,#6629);
#6631=TOROIDAL_SURFACE('',#6630,4.E-1,3.E-1);
#6632=ORIENTED_EDGE('',*,*,#6311,.F.);
#6634=ORIENTED_EDGE('',*,*,#6633,.T.);
#6636=ORIENTED_EDGE('',*,*,#6635,.T.);
#6637=ORIENTED_EDGE('',*,*,#6612,.T.);
#6638=EDGE_LOOP('',(#6632,#6634,#6636,#6637));
#6639=FACE_OUTER_BOUND('',#6638,.F.);
#6641=FILL_AREA_STYLE_COLOUR('',#23);
#6642=FILL_AREA_STYLE('',(#6641));
#6643=SURFACE_STYLE_FILL_AREA(#6642);
#6644=SURFACE_SIDE_STYLE('',(#6643));
#6645=SURFACE_STYLE_USAGE(.POSITIVE.,#6644);
#6646=PRESENTATION_STYLE_ASSIGNMENT((#6645));
#6647=STYLED_ITEM('',(#6646),#6640);
#6648=CARTESIAN_POINT('',(2.479606385209E1,1.15E1,-1.24E1));
#6649=DIRECTION('',(-1.E0,0.E0,0.E0));
#6650=DIRECTION('',(0.E0,1.E0,0.E0));
#6651=AXIS2_PLACEMENT_3D('',#6648,#6649,#6650);
#6652=CYLINDRICAL_SURFACE('',#6651,3.E-1);
#6654=ORIENTED_EDGE('',*,*,#6653,.F.);
#6656=ORIENTED_EDGE('',*,*,#6655,.T.);
#6657=ORIENTED_EDGE('',*,*,#6633,.F.);
#6658=ORIENTED_EDGE('',*,*,#6309,.T.);
#6659=EDGE_LOOP('',(#6654,#6656,#6657,#6658));
#6660=FACE_OUTER_BOUND('',#6659,.F.);
#6662=FILL_AREA_STYLE_COLOUR('',#23);
#6663=FILL_AREA_STYLE('',(#6662));
#6664=SURFACE_STYLE_FILL_AREA(#6663);
#6665=SURFACE_SIDE_STYLE('',(#6664));
#6666=SURFACE_STYLE_USAGE(.POSITIVE.,#6665);
#6667=PRESENTATION_STYLE_ASSIGNMENT((#6666));
#6668=STYLED_ITEM('',(#6667),#6661);
#6669=CARTESIAN_POINT('',(9.E0,3.275E0,-1.337446179554E1));
#6670=DIRECTION('',(1.E0,0.E0,0.E0));
#6671=DIRECTION('',(0.E0,0.E0,1.E0));
#6672=AXIS2_PLACEMENT_3D('',#6669,#6670,#6671);
#6673=PLANE('',#6672);
#6675=ORIENTED_EDGE('',*,*,#6674,.T.);
#6677=ORIENTED_EDGE('',*,*,#6676,.F.);
#6678=ORIENTED_EDGE('',*,*,#6653,.T.);
#6679=ORIENTED_EDGE('',*,*,#6307,.F.);
#6681=ORIENTED_EDGE('',*,*,#6680,.T.);
#6683=ORIENTED_EDGE('',*,*,#6682,.F.);
#6685=ORIENTED_EDGE('',*,*,#6684,.T.);
#6686=EDGE_LOOP('',(#6675,#6677,#6678,#6679,#6681,#6683,#6685));
#6687=FACE_OUTER_BOUND('',#6686,.F.);
#6689=CARTESIAN_POINT('',(2.54E1,1.1E1,-1.27E1));
#6690=DIRECTION('',(0.E0,1.E0,0.E0));
#6691=DIRECTION('',(-1.E0,0.E0,0.E0));
#6692=AXIS2_PLACEMENT_3D('',#6689,#6690,#6691);
#6693=PLANE('',#6692);
#6695=ORIENTED_EDGE('',*,*,#6694,.T.);
#6697=ORIENTED_EDGE('',*,*,#6696,.F.);
#6698=ORIENTED_EDGE('',*,*,#6674,.F.);
#6700=ORIENTED_EDGE('',*,*,#6699,.F.);
#6701=EDGE_LOOP('',(#6695,#6697,#6698,#6700));
#6702=FACE_OUTER_BOUND('',#6701,.F.);
#6704=CARTESIAN_POINT('',(6.8E0,1.04E1,-1.205E1));
#6705=DIRECTION('',(-1.E0,0.E0,0.E0));
#6706=DIRECTION('',(0.E0,0.E0,-1.E0));
#6707=AXIS2_PLACEMENT_3D('',#6704,#6705,#6706);
#6708=PLANE('',#6707);
#6709=ORIENTED_EDGE('',*,*,#6694,.F.);
#6711=ORIENTED_EDGE('',*,*,#6710,.F.);
#6713=ORIENTED_EDGE('',*,*,#6712,.T.);
#6715=ORIENTED_EDGE('',*,*,#6714,.T.);
#6716=ORIENTED_EDGE('',*,*,#6303,.T.);
#6718=ORIENTED_EDGE('',*,*,#6717,.T.);
#6720=ORIENTED_EDGE('',*,*,#6719,.F.);
#6721=EDGE_LOOP('',(#6709,#6711,#6713,#6715,#6716,#6718,#6720));
#6722=FACE_OUTER_BOUND('',#6721,.F.);
#6724=CARTESIAN_POINT('',(0.E0,0.E0,-1.205E1));
#6725=DIRECTION('',(0.E0,0.E0,1.E0));
#6726=DIRECTION('',(1.E0,0.E0,0.E0));
#6727=AXIS2_PLACEMENT_3D('',#6724,#6725,#6726);
#6728=PLANE('',#6727);
#6729=ORIENTED_EDGE('',*,*,#6710,.T.);
#6730=ORIENTED_EDGE('',*,*,#6699,.T.);
#6731=ORIENTED_EDGE('',*,*,#6684,.F.);
#6733=ORIENTED_EDGE('',*,*,#6732,.F.);
#6734=EDGE_LOOP('',(#6729,#6730,#6731,#6733));
#6735=FACE_OUTER_BOUND('',#6734,.F.);
#6737=CARTESIAN_POINT('',(0.E0,1.E1,0.E0));
#6738=DIRECTION('',(0.E0,-1.E0,0.E0));
#6739=DIRECTION('',(0.E0,0.E0,1.E0));
#6740=AXIS2_PLACEMENT_3D('',#6737,#6738,#6739);
#6741=PLANE('',#6740);
#6742=ORIENTED_EDGE('',*,*,#6732,.T.);
#6743=ORIENTED_EDGE('',*,*,#6682,.T.);
#6745=ORIENTED_EDGE('',*,*,#6744,.F.);
#6746=ORIENTED_EDGE('',*,*,#6712,.F.);
#6747=EDGE_LOOP('',(#6742,#6743,#6745,#6746));
#6748=FACE_OUTER_BOUND('',#6747,.F.);
#6750=CARTESIAN_POINT('',(9.E0,3.275E0,-1.155E1));
#6751=DIRECTION('',(0.E0,0.E0,1.E0));
#6752=DIRECTION('',(-1.E0,0.E0,0.E0));
#6753=AXIS2_PLACEMENT_3D('',#6750,#6751,#6752);
#6754=PLANE('',#6753);
#6755=ORIENTED_EDGE('',*,*,#6744,.T.);
#6756=ORIENTED_EDGE('',*,*,#6680,.F.);
#6757=ORIENTED_EDGE('',*,*,#6305,.F.);
#6758=ORIENTED_EDGE('',*,*,#6714,.F.);
#6759=EDGE_LOOP('',(#6755,#6756,#6757,#6758));
#6760=FACE_OUTER_BOUND('',#6759,.F.);
#6762=CARTESIAN_POINT('',(2.479606385209E1,1.15E1,-1.24E1));
#6763=DIRECTION('',(-1.E0,0.E0,0.E0));
#6764=DIRECTION('',(0.E0,1.E0,0.E0));
#6765=AXIS2_PLACEMENT_3D('',#6762,#6763,#6764);
#6766=CYLINDRICAL_SURFACE('',#6765,3.E-1);
#6768=ORIENTED_EDGE('',*,*,#6767,.F.);
#6770=ORIENTED_EDGE('',*,*,#6769,.T.);
#6771=ORIENTED_EDGE('',*,*,#6717,.F.);
#6772=ORIENTED_EDGE('',*,*,#6301,.T.);
#6773=EDGE_LOOP('',(#6768,#6770,#6771,#6772));
#6774=FACE_OUTER_BOUND('',#6773,.F.);
#6776=FILL_AREA_STYLE_COLOUR('',#23);
#6777=FILL_AREA_STYLE('',(#6776));
#6778=SURFACE_STYLE_FILL_AREA(#6777);
#6779=SURFACE_SIDE_STYLE('',(#6778));
#6780=SURFACE_STYLE_USAGE(.POSITIVE.,#6779);
#6781=PRESENTATION_STYLE_ASSIGNMENT((#6780));
#6782=STYLED_ITEM('',(#6781),#6775);
#6783=CARTESIAN_POINT('',(-6.8E0,1.04E1,-1.451249897566E1));
#6784=DIRECTION('',(1.E0,0.E0,0.E0));
#6785=DIRECTION('',(0.E0,0.E0,1.E0));
#6786=AXIS2_PLACEMENT_3D('',#6783,#6784,#6785);
#6787=PLANE('',#6786);
#6789=ORIENTED_EDGE('',*,*,#6788,.T.);
#6791=ORIENTED_EDGE('',*,*,#6790,.F.);
#6792=ORIENTED_EDGE('',*,*,#6767,.T.);
#6793=ORIENTED_EDGE('',*,*,#6299,.F.);
#6795=ORIENTED_EDGE('',*,*,#6794,.T.);
#6797=ORIENTED_EDGE('',*,*,#6796,.F.);
#6799=ORIENTED_EDGE('',*,*,#6798,.T.);
#6800=EDGE_LOOP('',(#6789,#6791,#6792,#6793,#6795,#6797,#6799));
#6801=FACE_OUTER_BOUND('',#6800,.F.);
#6803=CARTESIAN_POINT('',(2.54E1,1.1E1,-1.27E1));
#6804=DIRECTION('',(0.E0,1.E0,0.E0));
#6805=DIRECTION('',(-1.E0,0.E0,0.E0));
#6806=AXIS2_PLACEMENT_3D('',#6803,#6804,#6805);
#6807=PLANE('',#6806);
#6809=ORIENTED_EDGE('',*,*,#6808,.T.);
#6811=ORIENTED_EDGE('',*,*,#6810,.F.);
#6812=ORIENTED_EDGE('',*,*,#6788,.F.);
#6814=ORIENTED_EDGE('',*,*,#6813,.F.);
#6815=EDGE_LOOP('',(#6809,#6811,#6812,#6814));
#6816=FACE_OUTER_BOUND('',#6815,.F.);
#6818=CARTESIAN_POINT('',(-9.E0,3.275E0,-1.155E1));
#6819=DIRECTION('',(-1.E0,0.E0,0.E0));
#6820=DIRECTION('',(0.E0,0.E0,-1.E0));
#6821=AXIS2_PLACEMENT_3D('',#6818,#6819,#6820);
#6822=PLANE('',#6821);
#6823=ORIENTED_EDGE('',*,*,#6808,.F.);
#6825=ORIENTED_EDGE('',*,*,#6824,.F.);
#6827=ORIENTED_EDGE('',*,*,#6826,.T.);
#6829=ORIENTED_EDGE('',*,*,#6828,.T.);
#6830=ORIENTED_EDGE('',*,*,#6295,.T.);
#6832=ORIENTED_EDGE('',*,*,#6831,.T.);
#6834=ORIENTED_EDGE('',*,*,#6833,.T.);
#6835=EDGE_LOOP('',(#6823,#6825,#6827,#6829,#6830,#6832,#6834));
#6836=FACE_OUTER_BOUND('',#6835,.F.);
#6838=CARTESIAN_POINT('',(0.E0,0.E0,-1.205E1));
#6839=DIRECTION('',(0.E0,0.E0,1.E0));
#6840=DIRECTION('',(1.E0,0.E0,0.E0));
#6841=AXIS2_PLACEMENT_3D('',#6838,#6839,#6840);
#6842=PLANE('',#6841);
#6843=ORIENTED_EDGE('',*,*,#6824,.T.);
#6844=ORIENTED_EDGE('',*,*,#6813,.T.);
#6845=ORIENTED_EDGE('',*,*,#6798,.F.);
#6847=ORIENTED_EDGE('',*,*,#6846,.F.);
#6848=EDGE_LOOP('',(#6843,#6844,#6845,#6847));
#6849=FACE_OUTER_BOUND('',#6848,.F.);
#6851=CARTESIAN_POINT('',(0.E0,1.E1,0.E0));
#6852=DIRECTION('',(0.E0,-1.E0,0.E0));
#6853=DIRECTION('',(0.E0,0.E0,1.E0));
#6854=AXIS2_PLACEMENT_3D('',#6851,#6852,#6853);
#6855=PLANE('',#6854);
#6856=ORIENTED_EDGE('',*,*,#6846,.T.);
#6857=ORIENTED_EDGE('',*,*,#6796,.T.);
#6859=ORIENTED_EDGE('',*,*,#6858,.F.);
#6860=ORIENTED_EDGE('',*,*,#6826,.F.);
#6861=EDGE_LOOP('',(#6856,#6857,#6859,#6860));
#6862=FACE_OUTER_BOUND('',#6861,.F.);
#6864=CARTESIAN_POINT('',(-6.8E0,3.275E0,-1.155E1));
#6865=DIRECTION('',(0.E0,0.E0,1.E0));
#6866=DIRECTION('',(-1.E0,0.E0,0.E0));
#6867=AXIS2_PLACEMENT_3D('',#6864,#6865,#6866);
#6868=PLANE('',#6867);
#6869=ORIENTED_EDGE('',*,*,#6858,.T.);
#6870=ORIENTED_EDGE('',*,*,#6794,.F.);
#6871=ORIENTED_EDGE('',*,*,#6297,.F.);
#6872=ORIENTED_EDGE('',*,*,#6828,.F.);
#6873=EDGE_LOOP('',(#6869,#6870,#6871,#6872));
#6874=FACE_OUTER_BOUND('',#6873,.F.);
#6876=CARTESIAN_POINT('',(2.479606385209E1,1.15E1,-1.24E1));
#6877=DIRECTION('',(-1.E0,0.E0,0.E0));
#6878=DIRECTION('',(0.E0,1.E0,0.E0));
#6879=AXIS2_PLACEMENT_3D('',#6876,#6877,#6878);
#6880=CYLINDRICAL_SURFACE('',#6879,3.E-1);
#6881=ORIENTED_EDGE('',*,*,#6831,.F.);
#6882=ORIENTED_EDGE('',*,*,#6293,.T.);
#6884=ORIENTED_EDGE('',*,*,#6883,.F.);
#6886=ORIENTED_EDGE('',*,*,#6885,.T.);
#6887=EDGE_LOOP('',(#6881,#6882,#6884,#6886));
#6888=FACE_OUTER_BOUND('',#6887,.F.);
#6890=FILL_AREA_STYLE_COLOUR('',#23);
#6891=FILL_AREA_STYLE('',(#6890));
#6892=SURFACE_STYLE_FILL_AREA(#6891);
#6893=SURFACE_SIDE_STYLE('',(#6892));
#6894=SURFACE_STYLE_USAGE(.POSITIVE.,#6893);
#6895=PRESENTATION_STYLE_ASSIGNMENT((#6894));
#6896=STYLED_ITEM('',(#6895),#6889);
#6897=CARTESIAN_POINT('',(-2.47E1,1.15E1,-1.2E1));
#6898=DIRECTION('',(0.E0,-1.E0,0.E0));
#6899=DIRECTION('',(1.937161468347E-1,0.E0,-9.810576203544E-1));
#6900=AXIS2_PLACEMENT_3D('',#6897,#6898,#6899);
#6901=TOROIDAL_SURFACE('',#6900,4.E-1,3.E-1);
#6902=ORIENTED_EDGE('',*,*,#6291,.F.);
#6904=ORIENTED_EDGE('',*,*,#6903,.T.);
#6906=ORIENTED_EDGE('',*,*,#6905,.T.);
#6907=ORIENTED_EDGE('',*,*,#6883,.T.);
#6908=EDGE_LOOP('',(#6902,#6904,#6906,#6907));
#6909=FACE_OUTER_BOUND('',#6908,.F.);
#6911=FILL_AREA_STYLE_COLOUR('',#23);
#6912=FILL_AREA_STYLE('',(#6911));
#6913=SURFACE_STYLE_FILL_AREA(#6912);
#6914=SURFACE_SIDE_STYLE('',(#6913));
#6915=SURFACE_STYLE_USAGE(.POSITIVE.,#6914);
#6916=PRESENTATION_STYLE_ASSIGNMENT((#6915));
#6917=STYLED_ITEM('',(#6916),#6910);
#6918=CARTESIAN_POINT('',(-2.51E1,1.15E1,-1.209606385209E1));
#6919=DIRECTION('',(0.E0,0.E0,1.E0));
#6920=DIRECTION('',(0.E0,1.E0,0.E0));
#6921=AXIS2_PLACEMENT_3D('',#6918,#6919,#6920);
#6922=CYLINDRICAL_SURFACE('',#6921,3.E-1);
#6923=ORIENTED_EDGE('',*,*,#6289,.T.);
#6925=ORIENTED_EDGE('',*,*,#6924,.F.);
#6927=ORIENTED_EDGE('',*,*,#6926,.T.);
#6928=ORIENTED_EDGE('',*,*,#6903,.F.);
#6929=EDGE_LOOP('',(#6923,#6925,#6927,#6928));
#6930=FACE_OUTER_BOUND('',#6929,.F.);
#6932=FILL_AREA_STYLE_COLOUR('',#23);
#6933=FILL_AREA_STYLE('',(#6932));
#6934=SURFACE_STYLE_FILL_AREA(#6933);
#6935=SURFACE_SIDE_STYLE('',(#6934));
#6936=SURFACE_STYLE_USAGE(.POSITIVE.,#6935);
#6937=PRESENTATION_STYLE_ASSIGNMENT((#6936));
#6938=STYLED_ITEM('',(#6937),#6931);
#6939=CARTESIAN_POINT('',(-2.47E1,1.15E1,1.2E1));
#6940=DIRECTION('',(0.E0,-1.E0,0.E0));
#6941=DIRECTION('',(-9.810576203544E-1,0.E0,-1.937161468347E-1));
#6942=AXIS2_PLACEMENT_3D('',#6939,#6940,#6941);
#6943=TOROIDAL_SURFACE('',#6942,4.E-1,3.E-1);
#6944=ORIENTED_EDGE('',*,*,#6287,.F.);
#6946=ORIENTED_EDGE('',*,*,#6945,.T.);
#6948=ORIENTED_EDGE('',*,*,#6947,.T.);
#6949=ORIENTED_EDGE('',*,*,#6924,.T.);
#6950=EDGE_LOOP('',(#6944,#6946,#6948,#6949));
#6951=FACE_OUTER_BOUND('',#6950,.F.);
#6953=FILL_AREA_STYLE_COLOUR('',#23);
#6954=FILL_AREA_STYLE('',(#6953));
#6955=SURFACE_STYLE_FILL_AREA(#6954);
#6956=SURFACE_SIDE_STYLE('',(#6955));
#6957=SURFACE_STYLE_USAGE(.POSITIVE.,#6956);
#6958=PRESENTATION_STYLE_ASSIGNMENT((#6957));
#6959=STYLED_ITEM('',(#6958),#6952);
#6960=CARTESIAN_POINT('',(-2.479606385209E1,1.15E1,1.24E1));
#6961=DIRECTION('',(1.E0,0.E0,0.E0));
#6962=DIRECTION('',(0.E0,1.E0,0.E0));
#6963=AXIS2_PLACEMENT_3D('',#6960,#6961,#6962);
#6964=CYLINDRICAL_SURFACE('',#6963,3.E-1);
#6966=ORIENTED_EDGE('',*,*,#6965,.F.);
#6967=ORIENTED_EDGE('',*,*,#6429,.T.);
#6968=ORIENTED_EDGE('',*,*,#6945,.F.);
#6969=ORIENTED_EDGE('',*,*,#6285,.T.);
#6970=EDGE_LOOP('',(#6966,#6967,#6968,#6969));
#6971=FACE_OUTER_BOUND('',#6970,.F.);
#6973=FILL_AREA_STYLE_COLOUR('',#23);
#6974=FILL_AREA_STYLE('',(#6973));
#6975=SURFACE_STYLE_FILL_AREA(#6974);
#6976=SURFACE_SIDE_STYLE('',(#6975));
#6977=SURFACE_STYLE_USAGE(.POSITIVE.,#6976);
#6978=PRESENTATION_STYLE_ASSIGNMENT((#6977));
#6979=STYLED_ITEM('',(#6978),#6972);
#6980=CARTESIAN_POINT('',(-9.E0,3.275E0,1.337446179554E1));
#6981=DIRECTION('',(-1.E0,0.E0,0.E0));
#6982=DIRECTION('',(0.E0,0.E0,-1.E0));
#6983=AXIS2_PLACEMENT_3D('',#6980,#6981,#6982);
#6984=PLANE('',#6983);
#6985=ORIENTED_EDGE('',*,*,#6399,.T.);
#6986=ORIENTED_EDGE('',*,*,#6431,.F.);
#6987=ORIENTED_EDGE('',*,*,#6965,.T.);
#6988=ORIENTED_EDGE('',*,*,#6283,.F.);
#6990=ORIENTED_EDGE('',*,*,#6989,.T.);
#6992=ORIENTED_EDGE('',*,*,#6991,.F.);
#6994=ORIENTED_EDGE('',*,*,#6993,.T.);
#6995=EDGE_LOOP('',(#6985,#6986,#6987,#6988,#6990,#6992,#6994));
#6996=FACE_OUTER_BOUND('',#6995,.F.);
#6998=CARTESIAN_POINT('',(-9.E0,3.275E0,1.155E1));
#6999=DIRECTION('',(0.E0,0.E0,-1.E0));
#7000=DIRECTION('',(1.E0,0.E0,0.E0));
#7001=AXIS2_PLACEMENT_3D('',#6998,#6999,#7000);
#7002=PLANE('',#7001);
#7004=ORIENTED_EDGE('',*,*,#7003,.T.);
#7005=ORIENTED_EDGE('',*,*,#6989,.F.);
#7006=ORIENTED_EDGE('',*,*,#6281,.F.);
#7007=ORIENTED_EDGE('',*,*,#6381,.F.);
#7008=EDGE_LOOP('',(#7004,#7005,#7006,#7007));
#7009=FACE_OUTER_BOUND('',#7008,.F.);
#7011=CARTESIAN_POINT('',(0.E0,1.E1,0.E0));
#7012=DIRECTION('',(0.E0,-1.E0,0.E0));
#7013=DIRECTION('',(0.E0,0.E0,1.E0));
#7014=AXIS2_PLACEMENT_3D('',#7011,#7012,#7013);
#7015=PLANE('',#7014);
#7017=ORIENTED_EDGE('',*,*,#7016,.F.);
#7018=ORIENTED_EDGE('',*,*,#6991,.T.);
#7019=ORIENTED_EDGE('',*,*,#7003,.F.);
#7020=ORIENTED_EDGE('',*,*,#6379,.F.);
#7021=EDGE_LOOP('',(#7017,#7018,#7019,#7020));
#7022=FACE_OUTER_BOUND('',#7021,.F.);
#7024=CARTESIAN_POINT('',(0.E0,0.E0,1.205E1));
#7025=DIRECTION('',(0.E0,0.E0,1.E0));
#7026=DIRECTION('',(1.E0,0.E0,0.E0));
#7027=AXIS2_PLACEMENT_3D('',#7024,#7025,#7026);
#7028=PLANE('',#7027);
#7029=ORIENTED_EDGE('',*,*,#6377,.T.);
#7030=ORIENTED_EDGE('',*,*,#6401,.T.);
#7031=ORIENTED_EDGE('',*,*,#6993,.F.);
#7032=ORIENTED_EDGE('',*,*,#7016,.T.);
#7033=EDGE_LOOP('',(#7029,#7030,#7031,#7032));
#7034=FACE_OUTER_BOUND('',#7033,.F.);
#7036=CARTESIAN_POINT('',(-2.47E1,2.53396E1,1.2E1));
#7037=DIRECTION('',(0.E0,-1.E0,0.E0));
#7038=DIRECTION('',(0.E0,0.E0,1.E0));
#7039=AXIS2_PLACEMENT_3D('',#7036,#7037,#7038);
#7040=CYLINDRICAL_SURFACE('',#7039,7.E-1);
#7042=ORIENTED_EDGE('',*,*,#7041,.T.);
#7043=ORIENTED_EDGE('',*,*,#6947,.F.);
#7044=ORIENTED_EDGE('',*,*,#6427,.T.);
#7046=ORIENTED_EDGE('',*,*,#7045,.F.);
#7047=EDGE_LOOP('',(#7042,#7043,#7044,#7046));
#7048=FACE_OUTER_BOUND('',#7047,.F.);
#7050=FILL_AREA_STYLE_COLOUR('',#23);
#7051=FILL_AREA_STYLE('',(#7050));
#7052=SURFACE_STYLE_FILL_AREA(#7051);
#7053=SURFACE_SIDE_STYLE('',(#7052));
#7054=SURFACE_STYLE_USAGE(.POSITIVE.,#7053);
#7055=PRESENTATION_STYLE_ASSIGNMENT((#7054));
#7056=STYLED_ITEM('',(#7055),#7049);
#7057=CARTESIAN_POINT('',(-2.54E1,1.1E1,-1.27E1));
#7058=DIRECTION('',(-1.E0,0.E0,0.E0));
#7059=DIRECTION('',(0.E0,-1.E0,0.E0));
#7060=AXIS2_PLACEMENT_3D('',#7057,#7058,#7059);
#7061=PLANE('',#7060);
#7063=ORIENTED_EDGE('',*,*,#7062,.F.);
#7064=ORIENTED_EDGE('',*,*,#6926,.F.);
#7065=ORIENTED_EDGE('',*,*,#7041,.F.);
#7067=ORIENTED_EDGE('',*,*,#7066,.F.);
#7068=EDGE_LOOP('',(#7063,#7064,#7065,#7067));
#7069=FACE_OUTER_BOUND('',#7068,.F.);
#7071=FILL_AREA_STYLE_COLOUR('',#23);
#7072=FILL_AREA_STYLE('',(#7071));
#7073=SURFACE_STYLE_FILL_AREA(#7072);
#7074=SURFACE_SIDE_STYLE('',(#7073));
#7075=SURFACE_STYLE_USAGE(.POSITIVE.,#7074);
#7076=PRESENTATION_STYLE_ASSIGNMENT((#7075));
#7077=STYLED_ITEM('',(#7076),#7070);
#7078=CARTESIAN_POINT('',(-2.47E1,-1.43396E1,-1.2E1));
#7079=DIRECTION('',(0.E0,1.E0,0.E0));
#7080=DIRECTION('',(0.E0,0.E0,-1.E0));
#7081=AXIS2_PLACEMENT_3D('',#7078,#7079,#7080);
#7082=CYLINDRICAL_SURFACE('',#7081,7.E-1);
#7084=ORIENTED_EDGE('',*,*,#7083,.T.);
#7085=ORIENTED_EDGE('',*,*,#6905,.F.);
#7086=ORIENTED_EDGE('',*,*,#7062,.T.);
#7088=ORIENTED_EDGE('',*,*,#7087,.F.);
#7089=EDGE_LOOP('',(#7084,#7085,#7086,#7088));
#7090=FACE_OUTER_BOUND('',#7089,.F.);
#7092=FILL_AREA_STYLE_COLOUR('',#23);
#7093=FILL_AREA_STYLE('',(#7092));
#7094=SURFACE_STYLE_FILL_AREA(#7093);
#7095=SURFACE_SIDE_STYLE('',(#7094));
#7096=SURFACE_STYLE_USAGE(.POSITIVE.,#7095);
#7097=PRESENTATION_STYLE_ASSIGNMENT((#7096));
#7098=STYLED_ITEM('',(#7097),#7091);
#7099=CARTESIAN_POINT('',(0.E0,0.E0,-1.27E1));
#7100=DIRECTION('',(0.E0,0.E0,1.E0));
#7101=DIRECTION('',(1.E0,0.E0,0.E0));
#7102=AXIS2_PLACEMENT_3D('',#7099,#7100,#7101);
#7103=PLANE('',#7102);
#7104=ORIENTED_EDGE('',*,*,#6696,.T.);
#7105=ORIENTED_EDGE('',*,*,#6719,.T.);
#7106=ORIENTED_EDGE('',*,*,#6769,.F.);
#7107=ORIENTED_EDGE('',*,*,#6790,.T.);
#7108=ORIENTED_EDGE('',*,*,#6810,.T.);
#7109=ORIENTED_EDGE('',*,*,#6833,.F.);
#7110=ORIENTED_EDGE('',*,*,#6885,.F.);
#7111=ORIENTED_EDGE('',*,*,#7083,.F.);
#7113=ORIENTED_EDGE('',*,*,#7112,.F.);
#7115=ORIENTED_EDGE('',*,*,#7114,.F.);
#7116=ORIENTED_EDGE('',*,*,#6655,.F.);
#7117=ORIENTED_EDGE('',*,*,#6676,.T.);
#7118=EDGE_LOOP('',(#7104,#7105,#7106,#7107,#7108,#7109,#7110,#7111,#7113,#7115,
#7116,#7117));
#7119=FACE_OUTER_BOUND('',#7118,.F.);
#7121=ORIENTED_EDGE('',*,*,#7120,.T.);
#7123=ORIENTED_EDGE('',*,*,#7122,.T.);
#7125=ORIENTED_EDGE('',*,*,#7124,.T.);
#7127=ORIENTED_EDGE('',*,*,#7126,.T.);
#7128=EDGE_LOOP('',(#7121,#7123,#7125,#7127));
#7129=FACE_BOUND('',#7128,.F.);
#7131=ORIENTED_EDGE('',*,*,#7130,.T.);
#7133=ORIENTED_EDGE('',*,*,#7132,.T.);
#7135=ORIENTED_EDGE('',*,*,#7134,.T.);
#7137=ORIENTED_EDGE('',*,*,#7136,.T.);
#7138=EDGE_LOOP('',(#7131,#7133,#7135,#7137));
#7139=FACE_BOUND('',#7138,.F.);
#7141=FILL_AREA_STYLE_COLOUR('',#23);
#7142=FILL_AREA_STYLE('',(#7141));
#7143=SURFACE_STYLE_FILL_AREA(#7142);
#7144=SURFACE_SIDE_STYLE('',(#7143));
#7145=SURFACE_STYLE_USAGE(.POSITIVE.,#7144);
#7146=PRESENTATION_STYLE_ASSIGNMENT((#7145));
#7147=STYLED_ITEM('',(#7146),#7140);
#7148=CARTESIAN_POINT('',(-2.478895358870E1,7.E-1,-1.2E1));
#7149=DIRECTION('',(1.E0,0.E0,0.E0));
#7150=DIRECTION('',(0.E0,-1.E0,0.E0));
#7151=AXIS2_PLACEMENT_3D('',#7148,#7149,#7150);
#7152=CYLINDRICAL_SURFACE('',#7151,7.E-1);
#7154=ORIENTED_EDGE('',*,*,#7153,.T.);
#7156=ORIENTED_EDGE('',*,*,#7155,.F.);
#7157=ORIENTED_EDGE('',*,*,#7112,.T.);
#7159=ORIENTED_EDGE('',*,*,#7158,.F.);
#7160=EDGE_LOOP('',(#7154,#7156,#7157,#7159));
#7161=FACE_OUTER_BOUND('',#7160,.F.);
#7163=FILL_AREA_STYLE_COLOUR('',#23);
#7164=FILL_AREA_STYLE('',(#7163));
#7165=SURFACE_STYLE_FILL_AREA(#7164);
#7166=SURFACE_SIDE_STYLE('',(#7165));
#7167=SURFACE_STYLE_USAGE(.POSITIVE.,#7166);
#7168=PRESENTATION_STYLE_ASSIGNMENT((#7167));
#7169=STYLED_ITEM('',(#7168),#7162);
#7170=CARTESIAN_POINT('',(-2.54E1,0.E0,-1.27E1));
#7171=DIRECTION('',(0.E0,-1.E0,0.E0));
#7172=DIRECTION('',(1.E0,0.E0,0.E0));
#7173=AXIS2_PLACEMENT_3D('',#7170,#7171,#7172);
#7174=PLANE('',#7173);
#7175=ORIENTED_EDGE('',*,*,#7153,.F.);
#7177=ORIENTED_EDGE('',*,*,#7176,.F.);
#7179=ORIENTED_EDGE('',*,*,#7178,.F.);
#7181=ORIENTED_EDGE('',*,*,#7180,.F.);
#7182=EDGE_LOOP('',(#7175,#7177,#7179,#7181));
#7183=FACE_OUTER_BOUND('',#7182,.F.);
#7185=FILL_AREA_STYLE_COLOUR('',#23);
#7186=FILL_AREA_STYLE('',(#7185));
#7187=SURFACE_STYLE_FILL_AREA(#7186);
#7188=SURFACE_SIDE_STYLE('',(#7187));
#7189=SURFACE_STYLE_USAGE(.POSITIVE.,#7188);
#7190=PRESENTATION_STYLE_ASSIGNMENT((#7189));
#7191=STYLED_ITEM('',(#7190),#7184);
#7192=CARTESIAN_POINT('',(-2.47E1,7.E-1,1.213352062783E1));
#7193=DIRECTION('',(0.E0,0.E0,-1.E0));
#7194=DIRECTION('',(0.E0,-1.E0,0.E0));
#7195=AXIS2_PLACEMENT_3D('',#7192,#7193,#7194);
#7196=CYLINDRICAL_SURFACE('',#7195,7.E-1);
#7197=ORIENTED_EDGE('',*,*,#7176,.T.);
#7199=ORIENTED_EDGE('',*,*,#7198,.F.);
#7200=ORIENTED_EDGE('',*,*,#7066,.T.);
#7202=ORIENTED_EDGE('',*,*,#7201,.F.);
#7203=EDGE_LOOP('',(#7197,#7199,#7200,#7202));
#7204=FACE_OUTER_BOUND('',#7203,.F.);
#7206=FILL_AREA_STYLE_COLOUR('',#23);
#7207=FILL_AREA_STYLE('',(#7206));
#7208=SURFACE_STYLE_FILL_AREA(#7207);
#7209=SURFACE_SIDE_STYLE('',(#7208));
#7210=SURFACE_STYLE_USAGE(.POSITIVE.,#7209);
#7211=PRESENTATION_STYLE_ASSIGNMENT((#7210));
#7212=STYLED_ITEM('',(#7211),#7205);
#7213=CARTESIAN_POINT('',(-2.47E1,7.E-1,-1.2E1));
#7214=DIRECTION('',(-1.E0,0.E0,0.E0));
#7215=DIRECTION('',(0.E0,0.E0,-1.E0));
#7216=AXIS2_PLACEMENT_3D('',#7213,#7214,#7215);
#7217=SPHERICAL_SURFACE('',#7216,7.E-1);
#7218=ORIENTED_EDGE('',*,*,#7087,.T.);
#7219=ORIENTED_EDGE('',*,*,#7198,.T.);
#7220=ORIENTED_EDGE('',*,*,#7158,.T.);
#7221=EDGE_LOOP('',(#7218,#7219,#7220));
#7222=FACE_OUTER_BOUND('',#7221,.F.);
#7224=FILL_AREA_STYLE_COLOUR('',#23);
#7225=FILL_AREA_STYLE('',(#7224));
#7226=SURFACE_STYLE_FILL_AREA(#7225);
#7227=SURFACE_SIDE_STYLE('',(#7226));
#7228=SURFACE_STYLE_USAGE(.POSITIVE.,#7227);
#7229=PRESENTATION_STYLE_ASSIGNMENT((#7228));
#7230=STYLED_ITEM('',(#7229),#7223);
#7231=CARTESIAN_POINT('',(-2.47E1,7.E-1,1.2E1));
#7232=DIRECTION('',(-1.E0,0.E0,0.E0));
#7233=DIRECTION('',(0.E0,0.E0,-1.E0));
#7234=AXIS2_PLACEMENT_3D('',#7231,#7232,#7233);
#7235=SPHERICAL_SURFACE('',#7234,7.E-1);
#7236=ORIENTED_EDGE('',*,*,#7045,.T.);
#7238=ORIENTED_EDGE('',*,*,#7237,.T.);
#7239=ORIENTED_EDGE('',*,*,#7201,.T.);
#7240=EDGE_LOOP('',(#7236,#7238,#7239));
#7241=FACE_OUTER_BOUND('',#7240,.F.);
#7243=FILL_AREA_STYLE_COLOUR('',#23);
#7244=FILL_AREA_STYLE('',(#7243));
#7245=SURFACE_STYLE_FILL_AREA(#7244);
#7246=SURFACE_SIDE_STYLE('',(#7245));
#7247=SURFACE_STYLE_USAGE(.POSITIVE.,#7246);
#7248=PRESENTATION_STYLE_ASSIGNMENT((#7247));
#7249=STYLED_ITEM('',(#7248),#7242);
#7250=CARTESIAN_POINT('',(2.482636352233E1,7.E-1,1.2E1));
#7251=DIRECTION('',(-1.E0,0.E0,0.E0));
#7252=DIRECTION('',(0.E0,-1.E0,0.E0));
#7253=AXIS2_PLACEMENT_3D('',#7250,#7251,#7252);
#7254=CYLINDRICAL_SURFACE('',#7253,7.E-1);
#7255=ORIENTED_EDGE('',*,*,#7178,.T.);
#7256=ORIENTED_EDGE('',*,*,#7237,.F.);
#7257=ORIENTED_EDGE('',*,*,#6425,.T.);
#7259=ORIENTED_EDGE('',*,*,#7258,.F.);
#7260=EDGE_LOOP('',(#7255,#7256,#7257,#7259));
#7261=FACE_OUTER_BOUND('',#7260,.F.);
#7263=FILL_AREA_STYLE_COLOUR('',#23);
#7264=FILL_AREA_STYLE('',(#7263));
#7265=SURFACE_STYLE_FILL_AREA(#7264);
#7266=SURFACE_SIDE_STYLE('',(#7265));
#7267=SURFACE_STYLE_USAGE(.POSITIVE.,#7266);
#7268=PRESENTATION_STYLE_ASSIGNMENT((#7267));
#7269=STYLED_ITEM('',(#7268),#7262);
#7270=CARTESIAN_POINT('',(2.47E1,7.E-1,1.2E1));
#7271=DIRECTION('',(1.E0,0.E0,2.171428870046E-9));
#7272=DIRECTION('',(-2.171428870046E-9,0.E0,1.E0));
#7273=AXIS2_PLACEMENT_3D('',#7270,#7271,#7272);
#7274=SPHERICAL_SURFACE('',#7273,7.E-1);
#7276=ORIENTED_EDGE('',*,*,#7275,.T.);
#7278=ORIENTED_EDGE('',*,*,#7277,.T.);
#7279=ORIENTED_EDGE('',*,*,#7258,.T.);
#7280=EDGE_LOOP('',(#7276,#7278,#7279));
#7281=FACE_OUTER_BOUND('',#7280,.F.);
#7283=FILL_AREA_STYLE_COLOUR('',#23);
#7284=FILL_AREA_STYLE('',(#7283));
#7285=SURFACE_STYLE_FILL_AREA(#7284);
#7286=SURFACE_SIDE_STYLE('',(#7285));
#7287=SURFACE_STYLE_USAGE(.POSITIVE.,#7286);
#7288=PRESENTATION_STYLE_ASSIGNMENT((#7287));
#7289=STYLED_ITEM('',(#7288),#7282);
#7290=CARTESIAN_POINT('',(2.47E1,-1.43396E1,1.2E1));
#7291=DIRECTION('',(0.E0,1.E0,0.E0));
#7292=DIRECTION('',(0.E0,0.E0,1.E0));
#7293=AXIS2_PLACEMENT_3D('',#7290,#7291,#7292);
#7294=CYLINDRICAL_SURFACE('',#7293,7.E-1);
#7295=ORIENTED_EDGE('',*,*,#6423,.T.);
#7296=ORIENTED_EDGE('',*,*,#6593,.F.);
#7298=ORIENTED_EDGE('',*,*,#7297,.T.);
#7299=ORIENTED_EDGE('',*,*,#7275,.F.);
#7300=EDGE_LOOP('',(#7295,#7296,#7298,#7299));
#7301=FACE_OUTER_BOUND('',#7300,.F.);
#7303=FILL_AREA_STYLE_COLOUR('',#23);
#7304=FILL_AREA_STYLE('',(#7303));
#7305=SURFACE_STYLE_FILL_AREA(#7304);
#7306=SURFACE_SIDE_STYLE('',(#7305));
#7307=SURFACE_STYLE_USAGE(.POSITIVE.,#7306);
#7308=PRESENTATION_STYLE_ASSIGNMENT((#7307));
#7309=STYLED_ITEM('',(#7308),#7302);
#7310=CARTESIAN_POINT('',(2.54E1,0.E0,-1.27E1));
#7311=DIRECTION('',(1.E0,0.E0,0.E0));
#7312=DIRECTION('',(0.E0,1.E0,0.E0));
#7313=AXIS2_PLACEMENT_3D('',#7310,#7311,#7312);
#7314=PLANE('',#7313);
#7315=ORIENTED_EDGE('',*,*,#7297,.F.);
#7316=ORIENTED_EDGE('',*,*,#6614,.F.);
#7318=ORIENTED_EDGE('',*,*,#7317,.F.);
#7320=ORIENTED_EDGE('',*,*,#7319,.F.);
#7321=EDGE_LOOP('',(#7315,#7316,#7318,#7320));
#7322=FACE_OUTER_BOUND('',#7321,.F.);
#7324=FILL_AREA_STYLE_COLOUR('',#23);
#7325=FILL_AREA_STYLE('',(#7324));
#7326=SURFACE_STYLE_FILL_AREA(#7325);
#7327=SURFACE_SIDE_STYLE('',(#7326));
#7328=SURFACE_STYLE_USAGE(.POSITIVE.,#7327);
#7329=PRESENTATION_STYLE_ASSIGNMENT((#7328));
#7330=STYLED_ITEM('',(#7329),#7323);
#7331=CARTESIAN_POINT('',(2.47E1,2.53396E1,-1.2E1));
#7332=DIRECTION('',(0.E0,-1.E0,0.E0));
#7333=DIRECTION('',(0.E0,0.E0,-1.E0));
#7334=AXIS2_PLACEMENT_3D('',#7331,#7332,#7333);
#7335=CYLINDRICAL_SURFACE('',#7334,7.E-1);
#7336=ORIENTED_EDGE('',*,*,#7317,.T.);
#7337=ORIENTED_EDGE('',*,*,#6635,.F.);
#7338=ORIENTED_EDGE('',*,*,#7114,.T.);
#7340=ORIENTED_EDGE('',*,*,#7339,.F.);
#7341=EDGE_LOOP('',(#7336,#7337,#7338,#7340));
#7342=FACE_OUTER_BOUND('',#7341,.F.);
#7344=FILL_AREA_STYLE_COLOUR('',#23);
#7345=FILL_AREA_STYLE('',(#7344));
#7346=SURFACE_STYLE_FILL_AREA(#7345);
#7347=SURFACE_SIDE_STYLE('',(#7346));
#7348=SURFACE_STYLE_USAGE(.POSITIVE.,#7347);
#7349=PRESENTATION_STYLE_ASSIGNMENT((#7348));
#7350=STYLED_ITEM('',(#7349),#7343);
#7351=CARTESIAN_POINT('',(2.47E1,7.E-1,-1.2E1));
#7352=DIRECTION('',(1.E0,0.E0,0.E0));
#7353=DIRECTION('',(0.E0,0.E0,1.E0));
#7354=AXIS2_PLACEMENT_3D('',#7351,#7352,#7353);
#7355=SPHERICAL_SURFACE('',#7354,7.E-1);
#7356=ORIENTED_EDGE('',*,*,#7339,.T.);
#7357=ORIENTED_EDGE('',*,*,#7155,.T.);
#7359=ORIENTED_EDGE('',*,*,#7358,.T.);
#7360=EDGE_LOOP('',(#7356,#7357,#7359));
#7361=FACE_OUTER_BOUND('',#7360,.F.);
#7363=FILL_AREA_STYLE_COLOUR('',#23);
#7364=FILL_AREA_STYLE('',(#7363));
#7365=SURFACE_STYLE_FILL_AREA(#7364);
#7366=SURFACE_SIDE_STYLE('',(#7365));
#7367=SURFACE_STYLE_USAGE(.POSITIVE.,#7366);
#7368=PRESENTATION_STYLE_ASSIGNMENT((#7367));
#7369=STYLED_ITEM('',(#7368),#7362);
#7370=CARTESIAN_POINT('',(2.47E1,7.E-1,-1.207734672119E1));
#7371=DIRECTION('',(0.E0,0.E0,1.E0));
#7372=DIRECTION('',(0.E0,-1.E0,0.E0));
#7373=AXIS2_PLACEMENT_3D('',#7370,#7371,#7372);
#7374=CYLINDRICAL_SURFACE('',#7373,7.E-1);
#7375=ORIENTED_EDGE('',*,*,#7180,.T.);
#7376=ORIENTED_EDGE('',*,*,#7277,.F.);
#7377=ORIENTED_EDGE('',*,*,#7319,.T.);
#7378=ORIENTED_EDGE('',*,*,#7358,.F.);
#7379=EDGE_LOOP('',(#7375,#7376,#7377,#7378));
#7380=FACE_OUTER_BOUND('',#7379,.F.);
#7382=FILL_AREA_STYLE_COLOUR('',#23);
#7383=FILL_AREA_STYLE('',(#7382));
#7384=SURFACE_STYLE_FILL_AREA(#7383);
#7385=SURFACE_SIDE_STYLE('',(#7384));
#7386=SURFACE_STYLE_USAGE(.POSITIVE.,#7385);
#7387=PRESENTATION_STYLE_ASSIGNMENT((#7386));
#7388=STYLED_ITEM('',(#7387),#7381);
#7389=CARTESIAN_POINT('',(1.8E1,9.5E0,-1.25E1));
#7390=DIRECTION('',(0.E0,0.E0,1.E0));
#7391=DIRECTION('',(-9.373631160581E-1,3.483538268111E-1,0.E0));
#7392=AXIS2_PLACEMENT_3D('',#7389,#7390,#7391);
#7393=TOROIDAL_SURFACE('',#7392,4.5E-1,2.E-1);
#7394=ORIENTED_EDGE('',*,*,#7122,.F.);
#7395=ORIENTED_EDGE('',*,*,#7120,.F.);
#7397=ORIENTED_EDGE('',*,*,#7396,.F.);
#7399=ORIENTED_EDGE('',*,*,#7398,.T.);
#7401=ORIENTED_EDGE('',*,*,#7400,.T.);
#7403=ORIENTED_EDGE('',*,*,#7402,.T.);
#7404=EDGE_LOOP('',(#7394,#7395,#7397,#7399,#7401,#7403));
#7405=FACE_OUTER_BOUND('',#7404,.F.);
#7407=CARTESIAN_POINT('',(1.8E1,9.5E0,-1.25E1));
#7408=DIRECTION('',(0.E0,0.E0,1.E0));
#7409=DIRECTION('',(9.373631160581E-1,-3.483538268111E-1,0.E0));
#7410=AXIS2_PLACEMENT_3D('',#7407,#7408,#7409);
#7411=TOROIDAL_SURFACE('',#7410,4.5E-1,2.E-1);
#7412=ORIENTED_EDGE('',*,*,#7126,.F.);
#7413=ORIENTED_EDGE('',*,*,#7124,.F.);
#7414=ORIENTED_EDGE('',*,*,#7402,.F.);
#7416=ORIENTED_EDGE('',*,*,#7415,.T.);
#7418=ORIENTED_EDGE('',*,*,#7417,.T.);
#7419=ORIENTED_EDGE('',*,*,#7396,.T.);
#7420=EDGE_LOOP('',(#7412,#7413,#7414,#7416,#7418,#7419));
#7421=FACE_OUTER_BOUND('',#7420,.F.);
#7423=CARTESIAN_POINT('',(1.8E1,9.5E0,-1.27E1));
#7424=DIRECTION('',(0.E0,0.E0,1.E0));
#7425=DIRECTION('',(1.E0,0.E0,0.E0));
#7426=AXIS2_PLACEMENT_3D('',#7423,#7424,#7425);
#7427=CYLINDRICAL_SURFACE('',#7426,2.5E-1);
#7428=ORIENTED_EDGE('',*,*,#7417,.F.);
#7429=ORIENTED_EDGE('',*,*,#7415,.F.);
#7431=ORIENTED_EDGE('',*,*,#7430,.F.);
#7433=ORIENTED_EDGE('',*,*,#7432,.F.);
#7435=ORIENTED_EDGE('',*,*,#7434,.T.);
#7436=EDGE_LOOP('',(#7428,#7429,#7431,#7433,#7435));
#7437=FACE_OUTER_BOUND('',#7436,.F.);
#7439=CARTESIAN_POINT('',(1.8E1,9.5E0,-1.27E1));
#7440=DIRECTION('',(0.E0,0.E0,1.E0));
#7441=DIRECTION('',(1.E0,0.E0,0.E0));
#7442=AXIS2_PLACEMENT_3D('',#7439,#7440,#7441);
#7443=CYLINDRICAL_SURFACE('',#7442,2.5E-1);
#7444=ORIENTED_EDGE('',*,*,#7400,.F.);
#7445=ORIENTED_EDGE('',*,*,#7398,.F.);
#7446=ORIENTED_EDGE('',*,*,#7434,.F.);
#7448=ORIENTED_EDGE('',*,*,#7447,.F.);
#7449=ORIENTED_EDGE('',*,*,#7430,.T.);
#7450=EDGE_LOOP('',(#7444,#7445,#7446,#7448,#7449));
#7451=FACE_OUTER_BOUND('',#7450,.F.);
#7453=CARTESIAN_POINT('',(0.E0,0.E0,-1.23E1));
#7454=DIRECTION('',(0.E0,0.E0,1.E0));
#7455=DIRECTION('',(1.E0,0.E0,0.E0));
#7456=AXIS2_PLACEMENT_3D('',#7453,#7454,#7455);
#7457=PLANE('',#7456);
#7458=ORIENTED_EDGE('',*,*,#7432,.T.);
#7459=ORIENTED_EDGE('',*,*,#7447,.T.);
#7460=EDGE_LOOP('',(#7458,#7459));
#7461=FACE_OUTER_BOUND('',#7460,.F.);
#7463=CARTESIAN_POINT('',(-1.8E1,9.5E0,-1.25E1));
#7464=DIRECTION('',(0.E0,0.E0,1.E0));
#7465=DIRECTION('',(-9.373631160581E-1,3.483538268111E-1,0.E0));
#7466=AXIS2_PLACEMENT_3D('',#7463,#7464,#7465);
#7467=TOROIDAL_SURFACE('',#7466,4.5E-1,2.E-1);
#7468=ORIENTED_EDGE('',*,*,#7132,.F.);
#7469=ORIENTED_EDGE('',*,*,#7130,.F.);
#7471=ORIENTED_EDGE('',*,*,#7470,.F.);
#7473=ORIENTED_EDGE('',*,*,#7472,.T.);
#7475=ORIENTED_EDGE('',*,*,#7474,.T.);
#7477=ORIENTED_EDGE('',*,*,#7476,.T.);
#7478=EDGE_LOOP('',(#7468,#7469,#7471,#7473,#7475,#7477));
#7479=FACE_OUTER_BOUND('',#7478,.F.);
#7481=CARTESIAN_POINT('',(-1.8E1,9.5E0,-1.25E1));
#7482=DIRECTION('',(0.E0,0.E0,1.E0));
#7483=DIRECTION('',(9.373631160581E-1,-3.483538268111E-1,0.E0));
#7484=AXIS2_PLACEMENT_3D('',#7481,#7482,#7483);
#7485=TOROIDAL_SURFACE('',#7484,4.5E-1,2.E-1);
#7486=ORIENTED_EDGE('',*,*,#7136,.F.);
#7487=ORIENTED_EDGE('',*,*,#7134,.F.);
#7488=ORIENTED_EDGE('',*,*,#7476,.F.);
#7490=ORIENTED_EDGE('',*,*,#7489,.T.);
#7492=ORIENTED_EDGE('',*,*,#7491,.T.);
#7493=ORIENTED_EDGE('',*,*,#7470,.T.);
#7494=EDGE_LOOP('',(#7486,#7487,#7488,#7490,#7492,#7493));
#7495=FACE_OUTER_BOUND('',#7494,.F.);
#7497=CARTESIAN_POINT('',(-1.8E1,9.5E0,-1.27E1));
#7498=DIRECTION('',(0.E0,0.E0,1.E0));
#7499=DIRECTION('',(1.E0,0.E0,0.E0));
#7500=AXIS2_PLACEMENT_3D('',#7497,#7498,#7499);
#7501=CYLINDRICAL_SURFACE('',#7500,2.5E-1);
#7502=ORIENTED_EDGE('',*,*,#7491,.F.);
#7503=ORIENTED_EDGE('',*,*,#7489,.F.);
#7505=ORIENTED_EDGE('',*,*,#7504,.F.);
#7507=ORIENTED_EDGE('',*,*,#7506,.F.);
#7509=ORIENTED_EDGE('',*,*,#7508,.T.);
#7510=EDGE_LOOP('',(#7502,#7503,#7505,#7507,#7509));
#7511=FACE_OUTER_BOUND('',#7510,.F.);
#7513=CARTESIAN_POINT('',(-1.8E1,9.5E0,-1.27E1));
#7514=DIRECTION('',(0.E0,0.E0,1.E0));
#7515=DIRECTION('',(1.E0,0.E0,0.E0));
#7516=AXIS2_PLACEMENT_3D('',#7513,#7514,#7515);
#7517=CYLINDRICAL_SURFACE('',#7516,2.5E-1);
#7518=ORIENTED_EDGE('',*,*,#7474,.F.);
#7519=ORIENTED_EDGE('',*,*,#7472,.F.);
#7520=ORIENTED_EDGE('',*,*,#7508,.F.);
#7522=ORIENTED_EDGE('',*,*,#7521,.F.);
#7523=ORIENTED_EDGE('',*,*,#7504,.T.);
#7524=EDGE_LOOP('',(#7518,#7519,#7520,#7522,#7523));
#7525=FACE_OUTER_BOUND('',#7524,.F.);
#7527=CARTESIAN_POINT('',(0.E0,0.E0,-1.23E1));
#7528=DIRECTION('',(0.E0,0.E0,1.E0));
#7529=DIRECTION('',(1.E0,0.E0,0.E0));
#7530=AXIS2_PLACEMENT_3D('',#7527,#7528,#7529);
#7531=PLANE('',#7530);
#7532=ORIENTED_EDGE('',*,*,#7506,.T.);
#7533=ORIENTED_EDGE('',*,*,#7521,.T.);
#7534=EDGE_LOOP('',(#7532,#7533));
#7535=FACE_OUTER_BOUND('',#7534,.F.);
#7537=CARTESIAN_POINT('',(-1.8E1,9.5E0,1.25E1));
#7538=DIRECTION('',(0.E0,0.E0,1.E0));
#7539=DIRECTION('',(8.749546924196E-1,4.842047978004E-1,0.E0));
#7540=AXIS2_PLACEMENT_3D('',#7537,#7538,#7539);
#7541=TOROIDAL_SURFACE('',#7540,4.5E-1,2.E-1);
#7542=ORIENTED_EDGE('',*,*,#6435,.F.);
#7544=ORIENTED_EDGE('',*,*,#7543,.F.);
#7546=ORIENTED_EDGE('',*,*,#7545,.T.);
#7548=ORIENTED_EDGE('',*,*,#7547,.T.);
#7550=ORIENTED_EDGE('',*,*,#7549,.T.);
#7551=EDGE_LOOP('',(#7542,#7544,#7546,#7548,#7550));
#7552=FACE_OUTER_BOUND('',#7551,.F.);
#7554=CARTESIAN_POINT('',(-1.8E1,9.5E0,1.25E1));
#7555=DIRECTION('',(0.E0,0.E0,1.E0));
#7556=DIRECTION('',(-8.749546924196E-1,-4.842047978004E-1,0.E0));
#7557=AXIS2_PLACEMENT_3D('',#7554,#7555,#7556);
#7558=TOROIDAL_SURFACE('',#7557,4.5E-1,2.E-1);
#7559=ORIENTED_EDGE('',*,*,#6437,.F.);
#7560=ORIENTED_EDGE('',*,*,#7549,.F.);
#7562=ORIENTED_EDGE('',*,*,#7561,.T.);
#7564=ORIENTED_EDGE('',*,*,#7563,.T.);
#7565=ORIENTED_EDGE('',*,*,#7543,.T.);
#7566=EDGE_LOOP('',(#7559,#7560,#7562,#7564,#7565));
#7567=FACE_OUTER_BOUND('',#7566,.F.);
#7569=CARTESIAN_POINT('',(-1.8E1,9.5E0,1.27E1));
#7570=DIRECTION('',(0.E0,0.E0,1.E0));
#7571=DIRECTION('',(1.E0,0.E0,0.E0));
#7572=AXIS2_PLACEMENT_3D('',#7569,#7570,#7571);
#7573=CYLINDRICAL_SURFACE('',#7572,2.5E-1);
#7574=ORIENTED_EDGE('',*,*,#7563,.F.);
#7575=ORIENTED_EDGE('',*,*,#7561,.F.);
#7577=ORIENTED_EDGE('',*,*,#7576,.F.);
#7579=ORIENTED_EDGE('',*,*,#7578,.F.);
#7581=ORIENTED_EDGE('',*,*,#7580,.T.);
#7582=EDGE_LOOP('',(#7574,#7575,#7577,#7579,#7581));
#7583=FACE_OUTER_BOUND('',#7582,.F.);
#7585=CARTESIAN_POINT('',(-1.8E1,9.5E0,1.27E1));
#7586=DIRECTION('',(0.E0,0.E0,1.E0));
#7587=DIRECTION('',(1.E0,0.E0,0.E0));
#7588=AXIS2_PLACEMENT_3D('',#7585,#7586,#7587);
#7589=CYLINDRICAL_SURFACE('',#7588,2.5E-1);
#7590=ORIENTED_EDGE('',*,*,#7547,.F.);
#7591=ORIENTED_EDGE('',*,*,#7545,.F.);
#7592=ORIENTED_EDGE('',*,*,#7580,.F.);
#7594=ORIENTED_EDGE('',*,*,#7593,.F.);
#7595=ORIENTED_EDGE('',*,*,#7576,.T.);
#7596=EDGE_LOOP('',(#7590,#7591,#7592,#7594,#7595));
#7597=FACE_OUTER_BOUND('',#7596,.F.);
#7599=CARTESIAN_POINT('',(0.E0,0.E0,1.23E1));
#7600=DIRECTION('',(0.E0,0.E0,1.E0));
#7601=DIRECTION('',(1.E0,0.E0,0.E0));
#7602=AXIS2_PLACEMENT_3D('',#7599,#7600,#7601);
#7603=PLANE('',#7602);
#7604=ORIENTED_EDGE('',*,*,#7578,.T.);
#7605=ORIENTED_EDGE('',*,*,#7593,.T.);
#7606=EDGE_LOOP('',(#7604,#7605));
#7607=FACE_OUTER_BOUND('',#7606,.F.);
#7609=CARTESIAN_POINT('',(1.8E1,9.5E0,1.25E1));
#7610=DIRECTION('',(0.E0,0.E0,1.E0));
#7611=DIRECTION('',(8.749546924196E-1,4.842047978004E-1,0.E0));
#7612=AXIS2_PLACEMENT_3D('',#7609,#7610,#7611);
#7613=TOROIDAL_SURFACE('',#7612,4.5E-1,2.E-1);
#7614=ORIENTED_EDGE('',*,*,#6441,.F.);
#7616=ORIENTED_EDGE('',*,*,#7615,.F.);
#7618=ORIENTED_EDGE('',*,*,#7617,.T.);
#7620=ORIENTED_EDGE('',*,*,#7619,.T.);
#7622=ORIENTED_EDGE('',*,*,#7621,.T.);
#7623=EDGE_LOOP('',(#7614,#7616,#7618,#7620,#7622));
#7624=FACE_OUTER_BOUND('',#7623,.F.);
#7626=CARTESIAN_POINT('',(1.8E1,9.5E0,1.25E1));
#7627=DIRECTION('',(0.E0,0.E0,1.E0));
#7628=DIRECTION('',(-8.749546924196E-1,-4.842047978004E-1,0.E0));
#7629=AXIS2_PLACEMENT_3D('',#7626,#7627,#7628);
#7630=TOROIDAL_SURFACE('',#7629,4.5E-1,2.E-1);
#7631=ORIENTED_EDGE('',*,*,#6443,.F.);
#7632=ORIENTED_EDGE('',*,*,#7621,.F.);
#7634=ORIENTED_EDGE('',*,*,#7633,.T.);
#7636=ORIENTED_EDGE('',*,*,#7635,.T.);
#7637=ORIENTED_EDGE('',*,*,#7615,.T.);
#7638=EDGE_LOOP('',(#7631,#7632,#7634,#7636,#7637));
#7639=FACE_OUTER_BOUND('',#7638,.F.);
#7641=CARTESIAN_POINT('',(1.8E1,9.5E0,1.27E1));
#7642=DIRECTION('',(0.E0,0.E0,1.E0));
#7643=DIRECTION('',(1.E0,0.E0,0.E0));
#7644=AXIS2_PLACEMENT_3D('',#7641,#7642,#7643);
#7645=CYLINDRICAL_SURFACE('',#7644,2.5E-1);
#7646=ORIENTED_EDGE('',*,*,#7635,.F.);
#7647=ORIENTED_EDGE('',*,*,#7633,.F.);
#7649=ORIENTED_EDGE('',*,*,#7648,.F.);
#7651=ORIENTED_EDGE('',*,*,#7650,.F.);
#7653=ORIENTED_EDGE('',*,*,#7652,.T.);
#7654=EDGE_LOOP('',(#7646,#7647,#7649,#7651,#7653));
#7655=FACE_OUTER_BOUND('',#7654,.F.);
#7657=CARTESIAN_POINT('',(1.8E1,9.5E0,1.27E1));
#7658=DIRECTION('',(0.E0,0.E0,1.E0));
#7659=DIRECTION('',(1.E0,0.E0,0.E0));
#7660=AXIS2_PLACEMENT_3D('',#7657,#7658,#7659);
#7661=CYLINDRICAL_SURFACE('',#7660,2.5E-1);
#7662=ORIENTED_EDGE('',*,*,#7619,.F.);
#7663=ORIENTED_EDGE('',*,*,#7617,.F.);
#7664=ORIENTED_EDGE('',*,*,#7652,.F.);
#7666=ORIENTED_EDGE('',*,*,#7665,.F.);
#7667=ORIENTED_EDGE('',*,*,#7648,.T.);
#7668=EDGE_LOOP('',(#7662,#7663,#7664,#7666,#7667));
#7669=FACE_OUTER_BOUND('',#7668,.F.);
#7671=CARTESIAN_POINT('',(0.E0,0.E0,1.23E1));
#7672=DIRECTION('',(0.E0,0.E0,1.E0));
#7673=DIRECTION('',(1.E0,0.E0,0.E0));
#7674=AXIS2_PLACEMENT_3D('',#7671,#7672,#7673);
#7675=PLANE('',#7674);
#7676=ORIENTED_EDGE('',*,*,#7650,.T.);
#7677=ORIENTED_EDGE('',*,*,#7665,.T.);
#7678=EDGE_LOOP('',(#7676,#7677));
#7679=FACE_OUTER_BOUND('',#7678,.F.);
#7681=CARTESIAN_POINT('',(-1.016E1,1.753E1,2.54E0));
#7682=DIRECTION('',(0.E0,-1.E0,0.E0));
#7683=DIRECTION('',(-1.E0,0.E0,0.E0));
#7684=AXIS2_PLACEMENT_3D('',#7681,#7682,#7683);
#7685=CYLINDRICAL_SURFACE('',#7684,5.25E-1);
#7687=ORIENTED_EDGE('',*,*,#7686,.F.);
#7689=ORIENTED_EDGE('',*,*,#7688,.F.);
#7690=ORIENTED_EDGE('',*,*,#4539,.F.);
#7691=ORIENTED_EDGE('',*,*,#6330,.F.);
#7692=ORIENTED_EDGE('',*,*,#4535,.T.);
#7693=EDGE_LOOP('',(#7687,#7689,#7690,#7691,#7692));
#7694=FACE_OUTER_BOUND('',#7693,.F.);
#7696=CARTESIAN_POINT('',(-1.016E1,1.085E1,2.54E0));
#7697=DIRECTION('',(0.E0,-1.E0,0.E0));
#7698=DIRECTION('',(0.E0,0.E0,-1.E0));
#7699=AXIS2_PLACEMENT_3D('',#7696,#7697,#7698);
#7700=CONICAL_SURFACE('',#7699,5.75E-1,6.340191745910E0);
#7701=ORIENTED_EDGE('',*,*,#4575,.F.);
#7702=ORIENTED_EDGE('',*,*,#4573,.F.);
#7703=ORIENTED_EDGE('',*,*,#4557,.F.);
#7704=ORIENTED_EDGE('',*,*,#7688,.T.);
#7705=ORIENTED_EDGE('',*,*,#7686,.T.);
#7706=ORIENTED_EDGE('',*,*,#4553,.T.);
#7707=EDGE_LOOP('',(#7701,#7702,#7703,#7704,#7705,#7706));
#7708=FACE_OUTER_BOUND('',#7707,.F.);
#7710=CARTESIAN_POINT('',(-1.016E1,1.753E1,1.016E1));
#7711=DIRECTION('',(0.E0,-1.E0,0.E0));
#7712=DIRECTION('',(-1.E0,0.E0,0.E0));
#7713=AXIS2_PLACEMENT_3D('',#7710,#7711,#7712);
#7714=CYLINDRICAL_SURFACE('',#7713,5.25E-1);
#7716=ORIENTED_EDGE('',*,*,#7715,.F.);
#7718=ORIENTED_EDGE('',*,*,#7717,.F.);
#7720=ORIENTED_EDGE('',*,*,#7719,.F.);
#7721=ORIENTED_EDGE('',*,*,#6334,.F.);
#7723=ORIENTED_EDGE('',*,*,#7722,.T.);
#7724=EDGE_LOOP('',(#7716,#7718,#7720,#7721,#7723));
#7725=FACE_OUTER_BOUND('',#7724,.F.);
#7727=CARTESIAN_POINT('',(-1.016E1,1.085E1,1.016E1));
#7728=DIRECTION('',(0.E0,-1.E0,0.E0));
#7729=DIRECTION('',(0.E0,0.E0,-1.E0));
#7730=AXIS2_PLACEMENT_3D('',#7727,#7728,#7729);
#7731=CONICAL_SURFACE('',#7730,5.75E-1,6.340191745910E0);
#7732=ORIENTED_EDGE('',*,*,#4971,.F.);
#7733=ORIENTED_EDGE('',*,*,#4969,.F.);
#7735=ORIENTED_EDGE('',*,*,#7734,.F.);
#7736=ORIENTED_EDGE('',*,*,#7717,.T.);
#7737=ORIENTED_EDGE('',*,*,#7715,.T.);
#7739=ORIENTED_EDGE('',*,*,#7738,.T.);
#7740=EDGE_LOOP('',(#7732,#7733,#7735,#7736,#7737,#7739));
#7741=FACE_OUTER_BOUND('',#7740,.F.);
#7743=CARTESIAN_POINT('',(-1.016E1,1.085E1,1.016E1));
#7744=DIRECTION('',(0.E0,-1.E0,0.E0));
#7745=DIRECTION('',(0.E0,0.E0,-1.E0));
#7746=AXIS2_PLACEMENT_3D('',#7743,#7744,#7745);
#7747=CONICAL_SURFACE('',#7746,5.75E-1,6.340191745910E0);
#7748=ORIENTED_EDGE('',*,*,#4967,.F.);
#7749=ORIENTED_EDGE('',*,*,#4965,.F.);
#7750=ORIENTED_EDGE('',*,*,#7738,.F.);
#7752=ORIENTED_EDGE('',*,*,#7751,.T.);
#7754=ORIENTED_EDGE('',*,*,#7753,.T.);
#7755=ORIENTED_EDGE('',*,*,#7734,.T.);
#7756=EDGE_LOOP('',(#7748,#7749,#7750,#7752,#7754,#7755));
#7757=FACE_OUTER_BOUND('',#7756,.F.);
#7759=CARTESIAN_POINT('',(-1.016E1,1.753E1,1.016E1));
#7760=DIRECTION('',(0.E0,-1.E0,0.E0));
#7761=DIRECTION('',(-1.E0,0.E0,0.E0));
#7762=AXIS2_PLACEMENT_3D('',#7759,#7760,#7761);
#7763=CYLINDRICAL_SURFACE('',#7762,5.25E-1);
#7764=ORIENTED_EDGE('',*,*,#7753,.F.);
#7765=ORIENTED_EDGE('',*,*,#7751,.F.);
#7766=ORIENTED_EDGE('',*,*,#7722,.F.);
#7767=ORIENTED_EDGE('',*,*,#6336,.F.);
#7768=ORIENTED_EDGE('',*,*,#7719,.T.);
#7769=EDGE_LOOP('',(#7764,#7765,#7766,#7767,#7768));
#7770=FACE_OUTER_BOUND('',#7769,.F.);
#7772=CARTESIAN_POINT('',(1.016E1,1.753E1,1.016E1));
#7773=DIRECTION('',(0.E0,-1.E0,0.E0));
#7774=DIRECTION('',(-1.E0,0.E0,0.E0));
#7775=AXIS2_PLACEMENT_3D('',#7772,#7773,#7774);
#7776=CYLINDRICAL_SURFACE('',#7775,5.25E-1);
#7778=ORIENTED_EDGE('',*,*,#7777,.F.);
#7780=ORIENTED_EDGE('',*,*,#7779,.F.);
#7782=ORIENTED_EDGE('',*,*,#7781,.F.);
#7783=ORIENTED_EDGE('',*,*,#6340,.F.);
#7785=ORIENTED_EDGE('',*,*,#7784,.T.);
#7786=EDGE_LOOP('',(#7778,#7780,#7782,#7783,#7785));
#7787=FACE_OUTER_BOUND('',#7786,.F.);
#7789=CARTESIAN_POINT('',(1.016E1,1.085E1,1.016E1));
#7790=DIRECTION('',(0.E0,-1.E0,0.E0));
#7791=DIRECTION('',(0.E0,0.E0,-1.E0));
#7792=AXIS2_PLACEMENT_3D('',#7789,#7790,#7791);
#7793=CONICAL_SURFACE('',#7792,5.75E-1,6.340191745910E0);
#7794=ORIENTED_EDGE('',*,*,#4895,.F.);
#7795=ORIENTED_EDGE('',*,*,#4893,.F.);
#7797=ORIENTED_EDGE('',*,*,#7796,.F.);
#7798=ORIENTED_EDGE('',*,*,#7779,.T.);
#7799=ORIENTED_EDGE('',*,*,#7777,.T.);
#7801=ORIENTED_EDGE('',*,*,#7800,.T.);
#7802=EDGE_LOOP('',(#7794,#7795,#7797,#7798,#7799,#7801));
#7803=FACE_OUTER_BOUND('',#7802,.F.);
#7805=CARTESIAN_POINT('',(1.016E1,1.085E1,1.016E1));
#7806=DIRECTION('',(0.E0,-1.E0,0.E0));
#7807=DIRECTION('',(0.E0,0.E0,-1.E0));
#7808=AXIS2_PLACEMENT_3D('',#7805,#7806,#7807);
#7809=CONICAL_SURFACE('',#7808,5.75E-1,6.340191745910E0);
#7810=ORIENTED_EDGE('',*,*,#4891,.F.);
#7811=ORIENTED_EDGE('',*,*,#4889,.F.);
#7812=ORIENTED_EDGE('',*,*,#7800,.F.);
#7814=ORIENTED_EDGE('',*,*,#7813,.T.);
#7816=ORIENTED_EDGE('',*,*,#7815,.T.);
#7817=ORIENTED_EDGE('',*,*,#7796,.T.);
#7818=EDGE_LOOP('',(#7810,#7811,#7812,#7814,#7816,#7817));
#7819=FACE_OUTER_BOUND('',#7818,.F.);
#7821=CARTESIAN_POINT('',(1.016E1,1.753E1,1.016E1));
#7822=DIRECTION('',(0.E0,-1.E0,0.E0));
#7823=DIRECTION('',(-1.E0,0.E0,0.E0));
#7824=AXIS2_PLACEMENT_3D('',#7821,#7822,#7823);
#7825=CYLINDRICAL_SURFACE('',#7824,5.25E-1);
#7826=ORIENTED_EDGE('',*,*,#7815,.F.);
#7827=ORIENTED_EDGE('',*,*,#7813,.F.);
#7828=ORIENTED_EDGE('',*,*,#7784,.F.);
#7829=ORIENTED_EDGE('',*,*,#6342,.F.);
#7830=ORIENTED_EDGE('',*,*,#7781,.T.);
#7831=EDGE_LOOP('',(#7826,#7827,#7828,#7829,#7830));
#7832=FACE_OUTER_BOUND('',#7831,.F.);
#7834=CARTESIAN_POINT('',(1.016E1,1.753E1,0.E0));
#7835=DIRECTION('',(0.E0,-1.E0,0.E0));
#7836=DIRECTION('',(-1.E0,0.E0,0.E0));
#7837=AXIS2_PLACEMENT_3D('',#7834,#7835,#7836);
#7838=CYLINDRICAL_SURFACE('',#7837,5.25E-1);
#7840=ORIENTED_EDGE('',*,*,#7839,.F.);
#7842=ORIENTED_EDGE('',*,*,#7841,.F.);
#7844=ORIENTED_EDGE('',*,*,#7843,.F.);
#7845=ORIENTED_EDGE('',*,*,#6346,.F.);
#7847=ORIENTED_EDGE('',*,*,#7846,.T.);
#7848=EDGE_LOOP('',(#7840,#7842,#7844,#7845,#7847));
#7849=FACE_OUTER_BOUND('',#7848,.F.);
#7851=CARTESIAN_POINT('',(1.016E1,1.085E1,0.E0));
#7852=DIRECTION('',(0.E0,-1.E0,0.E0));
#7853=DIRECTION('',(0.E0,0.E0,-1.E0));
#7854=AXIS2_PLACEMENT_3D('',#7851,#7852,#7853);
#7855=CONICAL_SURFACE('',#7854,5.75E-1,6.340191745910E0);
#7857=ORIENTED_EDGE('',*,*,#7856,.F.);
#7859=ORIENTED_EDGE('',*,*,#7858,.F.);
#7861=ORIENTED_EDGE('',*,*,#7860,.F.);
#7862=ORIENTED_EDGE('',*,*,#7841,.T.);
#7863=ORIENTED_EDGE('',*,*,#7839,.T.);
#7865=ORIENTED_EDGE('',*,*,#7864,.T.);
#7866=EDGE_LOOP('',(#7857,#7859,#7861,#7862,#7863,#7865));
#7867=FACE_OUTER_BOUND('',#7866,.F.);
#7869=CARTESIAN_POINT('',(0.E0,1.04E1,0.E0));
#7870=DIRECTION('',(0.E0,1.E0,0.E0));
#7871=DIRECTION('',(1.E0,0.E0,0.E0));
#7872=AXIS2_PLACEMENT_3D('',#7869,#7870,#7871);
#7873=PLANE('',#7872);
#7875=ORIENTED_EDGE('',*,*,#7874,.T.);
#7877=ORIENTED_EDGE('',*,*,#7876,.T.);
#7878=EDGE_LOOP('',(#7875,#7877));
#7879=FACE_OUTER_BOUND('',#7878,.F.);
#7881=ORIENTED_EDGE('',*,*,#7880,.T.);
#7883=ORIENTED_EDGE('',*,*,#7882,.T.);
#7884=ORIENTED_EDGE('',*,*,#7858,.T.);
#7885=ORIENTED_EDGE('',*,*,#7856,.T.);
#7886=EDGE_LOOP('',(#7881,#7883,#7884,#7885));
#7887=FACE_BOUND('',#7886,.F.);
#7889=CARTESIAN_POINT('',(1.016E1,1.04E1,0.E0));
#7890=DIRECTION('',(0.E0,-1.E0,0.E0));
#7891=DIRECTION('',(-1.E0,0.E0,0.E0));
#7892=AXIS2_PLACEMENT_3D('',#7889,#7890,#7891);
#7893=CYLINDRICAL_SURFACE('',#7892,1.8E0);
#7894=ORIENTED_EDGE('',*,*,#7874,.F.);
#7896=ORIENTED_EDGE('',*,*,#7895,.F.);
#7897=ORIENTED_EDGE('',*,*,#4685,.F.);
#7899=ORIENTED_EDGE('',*,*,#7898,.T.);
#7900=EDGE_LOOP('',(#7894,#7896,#7897,#7899));
#7901=FACE_OUTER_BOUND('',#7900,.F.);
#7903=CARTESIAN_POINT('',(1.016E1,1.04E1,0.E0));
#7904=DIRECTION('',(0.E0,-1.E0,0.E0));
#7905=DIRECTION('',(-1.E0,0.E0,0.E0));
#7906=AXIS2_PLACEMENT_3D('',#7903,#7904,#7905);
#7907=CYLINDRICAL_SURFACE('',#7906,1.8E0);
#7908=ORIENTED_EDGE('',*,*,#7876,.F.);
#7909=ORIENTED_EDGE('',*,*,#7898,.F.);
#7910=ORIENTED_EDGE('',*,*,#4687,.F.);
#7911=ORIENTED_EDGE('',*,*,#7895,.T.);
#7912=EDGE_LOOP('',(#7908,#7909,#7910,#7911));
#7913=FACE_OUTER_BOUND('',#7912,.F.);
#7915=CARTESIAN_POINT('',(1.016E1,1.085E1,0.E0));
#7916=DIRECTION('',(0.E0,-1.E0,0.E0));
#7917=DIRECTION('',(0.E0,0.E0,-1.E0));
#7918=AXIS2_PLACEMENT_3D('',#7915,#7916,#7917);
#7919=CONICAL_SURFACE('',#7918,5.75E-1,6.340191745910E0);
#7920=ORIENTED_EDGE('',*,*,#7882,.F.);
#7921=ORIENTED_EDGE('',*,*,#7880,.F.);
#7922=ORIENTED_EDGE('',*,*,#7864,.F.);
#7924=ORIENTED_EDGE('',*,*,#7923,.T.);
#7926=ORIENTED_EDGE('',*,*,#7925,.T.);
#7927=ORIENTED_EDGE('',*,*,#7860,.T.);
#7928=EDGE_LOOP('',(#7920,#7921,#7922,#7924,#7926,#7927));
#7929=FACE_OUTER_BOUND('',#7928,.F.);
#7931=CARTESIAN_POINT('',(1.016E1,1.753E1,0.E0));
#7932=DIRECTION('',(0.E0,-1.E0,0.E0));
#7933=DIRECTION('',(-1.E0,0.E0,0.E0));
#7934=AXIS2_PLACEMENT_3D('',#7931,#7932,#7933);
#7935=CYLINDRICAL_SURFACE('',#7934,5.25E-1);
#7936=ORIENTED_EDGE('',*,*,#7925,.F.);
#7937=ORIENTED_EDGE('',*,*,#7923,.F.);
#7938=ORIENTED_EDGE('',*,*,#7846,.F.);
#7939=ORIENTED_EDGE('',*,*,#6348,.F.);
#7940=ORIENTED_EDGE('',*,*,#7843,.T.);
#7941=EDGE_LOOP('',(#7936,#7937,#7938,#7939,#7940));
#7942=FACE_OUTER_BOUND('',#7941,.F.);
#7944=CARTESIAN_POINT('',(-1.016E1,1.753E1,-2.54E0));
#7945=DIRECTION('',(0.E0,-1.E0,0.E0));
#7946=DIRECTION('',(-1.E0,0.E0,0.E0));
#7947=AXIS2_PLACEMENT_3D('',#7944,#7945,#7946);
#7948=CYLINDRICAL_SURFACE('',#7947,5.25E-1);
#7950=ORIENTED_EDGE('',*,*,#7949,.F.);
#7952=ORIENTED_EDGE('',*,*,#7951,.F.);
#7954=ORIENTED_EDGE('',*,*,#7953,.F.);
#7955=ORIENTED_EDGE('',*,*,#6356,.F.);
#7957=ORIENTED_EDGE('',*,*,#7956,.T.);
#7958=EDGE_LOOP('',(#7950,#7952,#7954,#7955,#7957));
#7959=FACE_OUTER_BOUND('',#7958,.F.);
#7961=CARTESIAN_POINT('',(-1.016E1,1.085E1,-2.54E0));
#7962=DIRECTION('',(0.E0,-1.E0,0.E0));
#7963=DIRECTION('',(0.E0,0.E0,-1.E0));
#7964=AXIS2_PLACEMENT_3D('',#7961,#7962,#7963);
#7965=CONICAL_SURFACE('',#7964,5.75E-1,6.340191745910E0);
#7967=ORIENTED_EDGE('',*,*,#7966,.F.);
#7969=ORIENTED_EDGE('',*,*,#7968,.F.);
#7971=ORIENTED_EDGE('',*,*,#7970,.F.);
#7972=ORIENTED_EDGE('',*,*,#7951,.T.);
#7973=ORIENTED_EDGE('',*,*,#7949,.T.);
#7975=ORIENTED_EDGE('',*,*,#7974,.T.);
#7976=EDGE_LOOP('',(#7967,#7969,#7971,#7972,#7973,#7975));
#7977=FACE_OUTER_BOUND('',#7976,.F.);
#7979=CARTESIAN_POINT('',(0.E0,1.04E1,0.E0));
#7980=DIRECTION('',(0.E0,1.E0,0.E0));
#7981=DIRECTION('',(1.E0,0.E0,0.E0));
#7982=AXIS2_PLACEMENT_3D('',#7979,#7980,#7981);
#7983=PLANE('',#7982);
#7985=ORIENTED_EDGE('',*,*,#7984,.T.);
#7987=ORIENTED_EDGE('',*,*,#7986,.T.);
#7988=EDGE_LOOP('',(#7985,#7987));
#7989=FACE_OUTER_BOUND('',#7988,.F.);
#7991=ORIENTED_EDGE('',*,*,#7990,.T.);
#7993=ORIENTED_EDGE('',*,*,#7992,.T.);
#7994=ORIENTED_EDGE('',*,*,#7968,.T.);
#7995=ORIENTED_EDGE('',*,*,#7966,.T.);
#7996=EDGE_LOOP('',(#7991,#7993,#7994,#7995));
#7997=FACE_BOUND('',#7996,.F.);
#7999=CARTESIAN_POINT('',(-1.016E1,1.04E1,-2.54E0));
#8000=DIRECTION('',(0.E0,-1.E0,0.E0));
#8001=DIRECTION('',(-1.E0,0.E0,0.E0));
#8002=AXIS2_PLACEMENT_3D('',#7999,#8000,#8001);
#8003=CYLINDRICAL_SURFACE('',#8002,1.8E0);
#8004=ORIENTED_EDGE('',*,*,#7984,.F.);
#8006=ORIENTED_EDGE('',*,*,#8005,.F.);
#8007=ORIENTED_EDGE('',*,*,#4691,.F.);
#8009=ORIENTED_EDGE('',*,*,#8008,.T.);
#8010=EDGE_LOOP('',(#8004,#8006,#8007,#8009));
#8011=FACE_OUTER_BOUND('',#8010,.F.);
#8013=CARTESIAN_POINT('',(-1.016E1,1.04E1,-2.54E0));
#8014=DIRECTION('',(0.E0,-1.E0,0.E0));
#8015=DIRECTION('',(-1.E0,0.E0,0.E0));
#8016=AXIS2_PLACEMENT_3D('',#8013,#8014,#8015);
#8017=CYLINDRICAL_SURFACE('',#8016,1.8E0);
#8018=ORIENTED_EDGE('',*,*,#7986,.F.);
#8019=ORIENTED_EDGE('',*,*,#8008,.F.);
#8020=ORIENTED_EDGE('',*,*,#4693,.F.);
#8021=ORIENTED_EDGE('',*,*,#8005,.T.);
#8022=EDGE_LOOP('',(#8018,#8019,#8020,#8021));
#8023=FACE_OUTER_BOUND('',#8022,.F.);
#8025=CARTESIAN_POINT('',(-1.016E1,1.085E1,-2.54E0));
#8026=DIRECTION('',(0.E0,-1.E0,0.E0));
#8027=DIRECTION('',(0.E0,0.E0,-1.E0));
#8028=AXIS2_PLACEMENT_3D('',#8025,#8026,#8027);
#8029=CONICAL_SURFACE('',#8028,5.75E-1,6.340191745910E0);
#8030=ORIENTED_EDGE('',*,*,#7992,.F.);
#8031=ORIENTED_EDGE('',*,*,#7990,.F.);
#8032=ORIENTED_EDGE('',*,*,#7974,.F.);
#8034=ORIENTED_EDGE('',*,*,#8033,.T.);
#8036=ORIENTED_EDGE('',*,*,#8035,.T.);
#8037=ORIENTED_EDGE('',*,*,#7970,.T.);
#8038=EDGE_LOOP('',(#8030,#8031,#8032,#8034,#8036,#8037));
#8039=FACE_OUTER_BOUND('',#8038,.F.);
#8041=CARTESIAN_POINT('',(-1.016E1,1.753E1,-2.54E0));
#8042=DIRECTION('',(0.E0,-1.E0,0.E0));
#8043=DIRECTION('',(-1.E0,0.E0,0.E0));
#8044=AXIS2_PLACEMENT_3D('',#8041,#8042,#8043);
#8045=CYLINDRICAL_SURFACE('',#8044,5.25E-1);
#8046=ORIENTED_EDGE('',*,*,#8035,.F.);
#8047=ORIENTED_EDGE('',*,*,#8033,.F.);
#8048=ORIENTED_EDGE('',*,*,#7956,.F.);
#8049=ORIENTED_EDGE('',*,*,#6358,.F.);
#8050=ORIENTED_EDGE('',*,*,#7953,.T.);
#8051=EDGE_LOOP('',(#8046,#8047,#8048,#8049,#8050));
#8052=FACE_OUTER_BOUND('',#8051,.F.);
#8054=CARTESIAN_POINT('',(-1.72E1,1.04E1,1.155E1));
#8055=DIRECTION('',(-1.E0,0.E0,0.E0));
#8056=DIRECTION('',(0.E0,0.E0,-1.E0));
#8057=AXIS2_PLACEMENT_3D('',#8054,#8055,#8056);
#8058=PLANE('',#8057);
#8060=ORIENTED_EDGE('',*,*,#8059,.T.);
#8062=ORIENTED_EDGE('',*,*,#8061,.T.);
#8064=ORIENTED_EDGE('',*,*,#8063,.F.);
#8065=ORIENTED_EDGE('',*,*,#5742,.T.);
#8066=ORIENTED_EDGE('',*,*,#5695,.T.);
#8067=ORIENTED_EDGE('',*,*,#5027,.F.);
#8069=ORIENTED_EDGE('',*,*,#8068,.F.);
#8070=EDGE_LOOP('',(#8060,#8062,#8064,#8065,#8066,#8067,#8069));
#8071=FACE_OUTER_BOUND('',#8070,.F.);
#8073=CARTESIAN_POINT('',(-1.685E1,9.2E0,1.09E1));
#8074=DIRECTION('',(0.E0,-2.982749931359E-1,-9.544799780350E-1));
#8075=DIRECTION('',(0.E0,9.544799780350E-1,-2.982749931359E-1));
#8076=AXIS2_PLACEMENT_3D('',#8073,#8074,#8075);
#8077=PLANE('',#8076);
#8079=ORIENTED_EDGE('',*,*,#8078,.F.);
#8081=ORIENTED_EDGE('',*,*,#8080,.T.);
#8082=ORIENTED_EDGE('',*,*,#8059,.F.);
#8084=ORIENTED_EDGE('',*,*,#8083,.F.);
#8085=EDGE_LOOP('',(#8079,#8081,#8082,#8084));
#8086=FACE_OUTER_BOUND('',#8085,.F.);
#8088=CARTESIAN_POINT('',(-1.65E1,1.04E1,1.065E1));
#8089=DIRECTION('',(1.E0,0.E0,0.E0));
#8090=DIRECTION('',(0.E0,0.E0,1.E0));
#8091=AXIS2_PLACEMENT_3D('',#8088,#8089,#8090);
#8092=PLANE('',#8091);
#8093=ORIENTED_EDGE('',*,*,#8078,.T.);
#8095=ORIENTED_EDGE('',*,*,#8094,.F.);
#8096=ORIENTED_EDGE('',*,*,#5023,.T.);
#8097=ORIENTED_EDGE('',*,*,#4959,.T.);
#8098=ORIENTED_EDGE('',*,*,#5746,.F.);
#8100=ORIENTED_EDGE('',*,*,#8099,.T.);
#8102=ORIENTED_EDGE('',*,*,#8101,.F.);
#8103=EDGE_LOOP('',(#8093,#8095,#8096,#8097,#8098,#8100,#8102));
#8104=FACE_OUTER_BOUND('',#8103,.F.);
#8106=CARTESIAN_POINT('',(0.E0,8.4E0,0.E0));
#8107=DIRECTION('',(0.E0,-1.E0,0.E0));
#8108=DIRECTION('',(-1.E0,0.E0,0.E0));
#8109=AXIS2_PLACEMENT_3D('',#8106,#8107,#8108);
#8110=PLANE('',#8109);
#8111=ORIENTED_EDGE('',*,*,#8083,.T.);
#8112=ORIENTED_EDGE('',*,*,#8068,.T.);
#8113=ORIENTED_EDGE('',*,*,#5025,.T.);
#8114=ORIENTED_EDGE('',*,*,#8094,.T.);
#8115=EDGE_LOOP('',(#8111,#8112,#8113,#8114));
#8116=FACE_OUTER_BOUND('',#8115,.F.);
#8118=CARTESIAN_POINT('',(0.E0,1.025E1,0.E0));
#8119=DIRECTION('',(0.E0,-1.E0,0.E0));
#8120=DIRECTION('',(-1.E0,0.E0,0.E0));
#8121=AXIS2_PLACEMENT_3D('',#8118,#8119,#8120);
#8122=PLANE('',#8121);
#8123=ORIENTED_EDGE('',*,*,#8063,.T.);
#8125=ORIENTED_EDGE('',*,*,#8124,.F.);
#8126=ORIENTED_EDGE('',*,*,#8099,.F.);
#8127=ORIENTED_EDGE('',*,*,#5744,.F.);
#8128=EDGE_LOOP('',(#8123,#8125,#8126,#8127));
#8129=FACE_OUTER_BOUND('',#8128,.F.);
#8131=CARTESIAN_POINT('',(-1.72E1,1.04E1,1.065E1));
#8132=DIRECTION('',(0.E0,0.E0,-1.E0));
#8133=DIRECTION('',(1.E0,0.E0,0.E0));
#8134=AXIS2_PLACEMENT_3D('',#8131,#8132,#8133);
#8135=PLANE('',#8134);
#8136=ORIENTED_EDGE('',*,*,#8080,.F.);
#8137=ORIENTED_EDGE('',*,*,#8101,.T.);
#8138=ORIENTED_EDGE('',*,*,#8124,.T.);
#8139=ORIENTED_EDGE('',*,*,#8061,.F.);
#8140=EDGE_LOOP('',(#8136,#8137,#8138,#8139));
#8141=FACE_OUTER_BOUND('',#8140,.F.);
#8143=CARTESIAN_POINT('',(-2.286E1,1.085E1,-2.54E0));
#8144=DIRECTION('',(0.E0,-1.E0,0.E0));
#8145=DIRECTION('',(0.E0,0.E0,-1.E0));
#8146=AXIS2_PLACEMENT_3D('',#8143,#8144,#8145);
#8147=CONICAL_SURFACE('',#8146,5.75E-1,6.340191745910E0);
#8149=ORIENTED_EDGE('',*,*,#8148,.F.);
#8151=ORIENTED_EDGE('',*,*,#8150,.F.);
#8153=ORIENTED_EDGE('',*,*,#8152,.F.);
#8155=ORIENTED_EDGE('',*,*,#8154,.T.);
#8156=ORIENTED_EDGE('',*,*,#5701,.F.);
#8157=ORIENTED_EDGE('',*,*,#5699,.F.);
#8158=EDGE_LOOP('',(#8149,#8151,#8153,#8155,#8156,#8157));
#8159=FACE_OUTER_BOUND('',#8158,.F.);
#8161=CARTESIAN_POINT('',(-2.286E1,1.085E1,-2.54E0));
#8162=DIRECTION('',(0.E0,-1.E0,0.E0));
#8163=DIRECTION('',(0.E0,0.E0,-1.E0));
#8164=AXIS2_PLACEMENT_3D('',#8161,#8162,#8163);
#8165=CONICAL_SURFACE('',#8164,5.75E-1,6.340191745910E0);
#8166=ORIENTED_EDGE('',*,*,#8148,.T.);
#8167=ORIENTED_EDGE('',*,*,#5705,.F.);
#8168=ORIENTED_EDGE('',*,*,#5703,.F.);
#8169=ORIENTED_EDGE('',*,*,#8154,.F.);
#8171=ORIENTED_EDGE('',*,*,#8170,.F.);
#8173=ORIENTED_EDGE('',*,*,#8172,.F.);
#8174=EDGE_LOOP('',(#8166,#8167,#8168,#8169,#8171,#8173));
#8175=FACE_OUTER_BOUND('',#8174,.F.);
#8177=CARTESIAN_POINT('',(0.E0,1.13E1,0.E0));
#8178=DIRECTION('',(0.E0,1.E0,0.E0));
#8179=DIRECTION('',(1.E0,0.E0,0.E0));
#8180=AXIS2_PLACEMENT_3D('',#8177,#8178,#8179);
#8181=PLANE('',#8180);
#8182=ORIENTED_EDGE('',*,*,#8172,.T.);
#8183=ORIENTED_EDGE('',*,*,#8170,.T.);
#8184=ORIENTED_EDGE('',*,*,#8152,.T.);
#8185=ORIENTED_EDGE('',*,*,#8150,.T.);
#8186=EDGE_LOOP('',(#8182,#8183,#8184,#8185));
#8187=FACE_OUTER_BOUND('',#8186,.F.);
#8189=CARTESIAN_POINT('',(-2.286E1,1.085E1,-7.62E0));
#8190=DIRECTION('',(0.E0,-1.E0,0.E0));
#8191=DIRECTION('',(0.E0,0.E0,-1.E0));
#8192=AXIS2_PLACEMENT_3D('',#8189,#8190,#8191);
#8193=CONICAL_SURFACE('',#8192,5.75E-1,6.340191745910E0);
#8195=ORIENTED_EDGE('',*,*,#8194,.F.);
#8197=ORIENTED_EDGE('',*,*,#8196,.F.);
#8199=ORIENTED_EDGE('',*,*,#8198,.F.);
#8201=ORIENTED_EDGE('',*,*,#8200,.T.);
#8202=ORIENTED_EDGE('',*,*,#5711,.F.);
#8203=ORIENTED_EDGE('',*,*,#5709,.F.);
#8204=EDGE_LOOP('',(#8195,#8197,#8199,#8201,#8202,#8203));
#8205=FACE_OUTER_BOUND('',#8204,.F.);
#8207=CARTESIAN_POINT('',(-2.286E1,1.085E1,-7.62E0));
#8208=DIRECTION('',(0.E0,-1.E0,0.E0));
#8209=DIRECTION('',(0.E0,0.E0,-1.E0));
#8210=AXIS2_PLACEMENT_3D('',#8207,#8208,#8209);
#8211=CONICAL_SURFACE('',#8210,5.75E-1,6.340191745910E0);
#8212=ORIENTED_EDGE('',*,*,#8194,.T.);
#8213=ORIENTED_EDGE('',*,*,#5715,.F.);
#8214=ORIENTED_EDGE('',*,*,#5713,.F.);
#8215=ORIENTED_EDGE('',*,*,#8200,.F.);
#8217=ORIENTED_EDGE('',*,*,#8216,.F.);
#8219=ORIENTED_EDGE('',*,*,#8218,.F.);
#8220=EDGE_LOOP('',(#8212,#8213,#8214,#8215,#8217,#8219));
#8221=FACE_OUTER_BOUND('',#8220,.F.);
#8223=CARTESIAN_POINT('',(0.E0,1.13E1,0.E0));
#8224=DIRECTION('',(0.E0,1.E0,0.E0));
#8225=DIRECTION('',(1.E0,0.E0,0.E0));
#8226=AXIS2_PLACEMENT_3D('',#8223,#8224,#8225);
#8227=PLANE('',#8226);
#8228=ORIENTED_EDGE('',*,*,#8218,.T.);
#8229=ORIENTED_EDGE('',*,*,#8216,.T.);
#8230=ORIENTED_EDGE('',*,*,#8198,.T.);
#8231=ORIENTED_EDGE('',*,*,#8196,.T.);
#8232=EDGE_LOOP('',(#8228,#8229,#8230,#8231));
#8233=FACE_OUTER_BOUND('',#8232,.F.);
#8235=CARTESIAN_POINT('',(-2.286E1,1.085E1,7.62E0));
#8236=DIRECTION('',(0.E0,-1.E0,0.E0));
#8237=DIRECTION('',(0.E0,0.E0,-1.E0));
#8238=AXIS2_PLACEMENT_3D('',#8235,#8236,#8237);
#8239=CONICAL_SURFACE('',#8238,5.75E-1,6.340191745910E0);
#8241=ORIENTED_EDGE('',*,*,#8240,.F.);
#8243=ORIENTED_EDGE('',*,*,#8242,.F.);
#8245=ORIENTED_EDGE('',*,*,#8244,.F.);
#8247=ORIENTED_EDGE('',*,*,#8246,.T.);
#8248=ORIENTED_EDGE('',*,*,#5721,.F.);
#8249=ORIENTED_EDGE('',*,*,#5719,.F.);
#8250=EDGE_LOOP('',(#8241,#8243,#8245,#8247,#8248,#8249));
#8251=FACE_OUTER_BOUND('',#8250,.F.);
#8253=CARTESIAN_POINT('',(-2.286E1,1.085E1,7.62E0));
#8254=DIRECTION('',(0.E0,-1.E0,0.E0));
#8255=DIRECTION('',(0.E0,0.E0,-1.E0));
#8256=AXIS2_PLACEMENT_3D('',#8253,#8254,#8255);
#8257=CONICAL_SURFACE('',#8256,5.75E-1,6.340191745910E0);
#8258=ORIENTED_EDGE('',*,*,#8240,.T.);
#8259=ORIENTED_EDGE('',*,*,#5725,.F.);
#8260=ORIENTED_EDGE('',*,*,#5723,.F.);
#8261=ORIENTED_EDGE('',*,*,#8246,.F.);
#8263=ORIENTED_EDGE('',*,*,#8262,.F.);
#8265=ORIENTED_EDGE('',*,*,#8264,.F.);
#8266=EDGE_LOOP('',(#8258,#8259,#8260,#8261,#8263,#8265));
#8267=FACE_OUTER_BOUND('',#8266,.F.);
#8269=CARTESIAN_POINT('',(0.E0,1.13E1,0.E0));
#8270=DIRECTION('',(0.E0,1.E0,0.E0));
#8271=DIRECTION('',(1.E0,0.E0,0.E0));
#8272=AXIS2_PLACEMENT_3D('',#8269,#8270,#8271);
#8273=PLANE('',#8272);
#8274=ORIENTED_EDGE('',*,*,#8264,.T.);
#8275=ORIENTED_EDGE('',*,*,#8262,.T.);
#8276=ORIENTED_EDGE('',*,*,#8244,.T.);
#8277=ORIENTED_EDGE('',*,*,#8242,.T.);
#8278=EDGE_LOOP('',(#8274,#8275,#8276,#8277));
#8279=FACE_OUTER_BOUND('',#8278,.F.);
#8281=CARTESIAN_POINT('',(2.425E1,1.1E1,-1.155E1));
#8282=DIRECTION('',(-1.E0,0.E0,0.E0));
#8283=DIRECTION('',(0.E0,0.E0,1.E0));
#8284=AXIS2_PLACEMENT_3D('',#8281,#8282,#8283);
#8285=PLANE('',#8284);
#8287=ORIENTED_EDGE('',*,*,#8286,.T.);
#8288=ORIENTED_EDGE('',*,*,#5443,.F.);
#8289=ORIENTED_EDGE('',*,*,#4731,.F.);
#8290=ORIENTED_EDGE('',*,*,#5001,.T.);
#8292=ORIENTED_EDGE('',*,*,#8291,.T.);
#8294=ORIENTED_EDGE('',*,*,#8293,.T.);
#8296=ORIENTED_EDGE('',*,*,#8295,.F.);
#8298=ORIENTED_EDGE('',*,*,#8297,.F.);
#8299=EDGE_LOOP('',(#8287,#8288,#8289,#8290,#8292,#8294,#8296,#8298));
#8300=FACE_OUTER_BOUND('',#8299,.F.);
#8302=CARTESIAN_POINT('',(0.E0,9.3E0,0.E0));
#8303=DIRECTION('',(0.E0,-1.E0,0.E0));
#8304=DIRECTION('',(1.E0,0.E0,0.E0));
#8305=AXIS2_PLACEMENT_3D('',#8302,#8303,#8304);
#8306=PLANE('',#8305);
#8308=ORIENTED_EDGE('',*,*,#8307,.F.);
#8310=ORIENTED_EDGE('',*,*,#8309,.T.);
#8311=ORIENTED_EDGE('',*,*,#5445,.F.);
#8312=ORIENTED_EDGE('',*,*,#8286,.F.);
#8314=ORIENTED_EDGE('',*,*,#8313,.T.);
#8316=ORIENTED_EDGE('',*,*,#8315,.T.);
#8318=ORIENTED_EDGE('',*,*,#8317,.T.);
#8319=EDGE_LOOP('',(#8308,#8310,#8311,#8312,#8314,#8316,#8318));
#8320=FACE_OUTER_BOUND('',#8319,.F.);
#8322=CARTESIAN_POINT('',(0.E0,0.E0,-1.205E1));
#8323=DIRECTION('',(0.E0,0.E0,1.E0));
#8324=DIRECTION('',(1.E0,0.E0,0.E0));
#8325=AXIS2_PLACEMENT_3D('',#8322,#8323,#8324);
#8326=PLANE('',#8325);
#8327=ORIENTED_EDGE('',*,*,#5317,.F.);
#8328=ORIENTED_EDGE('',*,*,#5336,.F.);
#8330=ORIENTED_EDGE('',*,*,#8329,.F.);
#8332=ORIENTED_EDGE('',*,*,#8331,.T.);
#8334=ORIENTED_EDGE('',*,*,#8333,.T.);
#8335=ORIENTED_EDGE('',*,*,#8307,.T.);
#8337=ORIENTED_EDGE('',*,*,#8336,.F.);
#8339=ORIENTED_EDGE('',*,*,#8338,.T.);
#8341=ORIENTED_EDGE('',*,*,#8340,.F.);
#8343=ORIENTED_EDGE('',*,*,#8342,.F.);
#8345=ORIENTED_EDGE('',*,*,#8344,.F.);
#8346=ORIENTED_EDGE('',*,*,#5302,.F.);
#8347=EDGE_LOOP('',(#8327,#8328,#8330,#8332,#8334,#8335,#8337,#8339,#8341,#8343,
#8345,#8346));
#8348=FACE_OUTER_BOUND('',#8347,.F.);
#8350=CARTESIAN_POINT('',(-2.3E1,7.8E0,-1.339525370627E1));
#8351=DIRECTION('',(1.E0,0.E0,0.E0));
#8352=DIRECTION('',(0.E0,0.E0,1.E0));
#8353=AXIS2_PLACEMENT_3D('',#8350,#8351,#8352);
#8354=PLANE('',#8353);
#8355=ORIENTED_EDGE('',*,*,#8329,.T.);
#8356=ORIENTED_EDGE('',*,*,#5334,.F.);
#8357=ORIENTED_EDGE('',*,*,#5451,.T.);
#8359=ORIENTED_EDGE('',*,*,#8358,.T.);
#8361=ORIENTED_EDGE('',*,*,#8360,.T.);
#8362=EDGE_LOOP('',(#8355,#8356,#8357,#8359,#8361));
#8363=FACE_OUTER_BOUND('',#8362,.F.);
#8365=CARTESIAN_POINT('',(0.E0,7.8E0,0.E0));
#8366=DIRECTION('',(0.E0,1.E0,0.E0));
#8367=DIRECTION('',(1.E0,0.E0,0.E0));
#8368=AXIS2_PLACEMENT_3D('',#8365,#8366,#8367);
#8369=PLANE('',#8368);
#8371=ORIENTED_EDGE('',*,*,#8370,.F.);
#8372=ORIENTED_EDGE('',*,*,#8358,.F.);
#8373=ORIENTED_EDGE('',*,*,#5449,.T.);
#8375=ORIENTED_EDGE('',*,*,#8374,.T.);
#8376=EDGE_LOOP('',(#8371,#8372,#8373,#8375));
#8377=FACE_OUTER_BOUND('',#8376,.F.);
#8379=CARTESIAN_POINT('',(0.E0,8.E0,-1.195E1));
#8380=DIRECTION('',(0.E0,-4.472135955E-1,-8.944271909999E-1));
#8381=DIRECTION('',(0.E0,-8.944271909999E-1,4.472135955E-1));
#8382=AXIS2_PLACEMENT_3D('',#8379,#8380,#8381);
#8383=PLANE('',#8382);
#8384=ORIENTED_EDGE('',*,*,#8331,.F.);
#8385=ORIENTED_EDGE('',*,*,#8360,.F.);
#8386=ORIENTED_EDGE('',*,*,#8370,.T.);
#8388=ORIENTED_EDGE('',*,*,#8387,.F.);
#8389=EDGE_LOOP('',(#8384,#8385,#8386,#8388));
#8390=FACE_OUTER_BOUND('',#8389,.F.);
#8392=CARTESIAN_POINT('',(2.3E1,7.8E0,-1.E1));
#8393=DIRECTION('',(-1.E0,0.E0,0.E0));
#8394=DIRECTION('',(0.E0,0.E0,-1.E0));
#8395=AXIS2_PLACEMENT_3D('',#8392,#8393,#8394);
#8396=PLANE('',#8395);
#8397=ORIENTED_EDGE('',*,*,#8333,.F.);
#8398=ORIENTED_EDGE('',*,*,#8387,.T.);
#8399=ORIENTED_EDGE('',*,*,#8374,.F.);
#8400=ORIENTED_EDGE('',*,*,#5447,.F.);
#8401=ORIENTED_EDGE('',*,*,#8309,.F.);
#8402=EDGE_LOOP('',(#8397,#8398,#8399,#8400,#8401));
#8403=FACE_OUTER_BOUND('',#8402,.F.);
#8405=CARTESIAN_POINT('',(2.425E1,3.62848E0,-1.155E1));
#8406=DIRECTION('',(0.E0,1.E0,0.E0));
#8407=DIRECTION('',(1.E0,0.E0,0.E0));
#8408=AXIS2_PLACEMENT_3D('',#8405,#8406,#8407);
#8409=CYLINDRICAL_SURFACE('',#8408,5.E-1);
#8410=ORIENTED_EDGE('',*,*,#8336,.T.);
#8411=ORIENTED_EDGE('',*,*,#8317,.F.);
#8413=ORIENTED_EDGE('',*,*,#8412,.T.);
#8415=ORIENTED_EDGE('',*,*,#8414,.F.);
#8416=EDGE_LOOP('',(#8410,#8411,#8413,#8415));
#8417=FACE_OUTER_BOUND('',#8416,.F.);
#8419=CARTESIAN_POINT('',(2.475E1,0.E0,-1.27E1));
#8420=DIRECTION('',(1.E0,0.E0,0.E0));
#8421=DIRECTION('',(0.E0,1.E0,0.E0));
#8422=AXIS2_PLACEMENT_3D('',#8419,#8420,#8421);
#8423=PLANE('',#8422);
#8425=ORIENTED_EDGE('',*,*,#8424,.T.);
#8427=ORIENTED_EDGE('',*,*,#8426,.F.);
#8429=ORIENTED_EDGE('',*,*,#8428,.F.);
#8431=ORIENTED_EDGE('',*,*,#8430,.F.);
#8433=ORIENTED_EDGE('',*,*,#8432,.F.);
#8435=ORIENTED_EDGE('',*,*,#8434,.F.);
#8437=ORIENTED_EDGE('',*,*,#8436,.F.);
#8438=ORIENTED_EDGE('',*,*,#8412,.F.);
#8439=ORIENTED_EDGE('',*,*,#8315,.F.);
#8441=ORIENTED_EDGE('',*,*,#8440,.F.);
#8443=ORIENTED_EDGE('',*,*,#8442,.F.);
#8445=ORIENTED_EDGE('',*,*,#8444,.T.);
#8446=EDGE_LOOP('',(#8425,#8427,#8429,#8431,#8433,#8435,#8437,#8438,#8439,#8441,
#8443,#8445));
#8447=FACE_OUTER_BOUND('',#8446,.F.);
#8449=CARTESIAN_POINT('',(0.E0,9.3E0,0.E0));
#8450=DIRECTION('',(0.E0,-1.E0,0.E0));
#8451=DIRECTION('',(1.E0,0.E0,0.E0));
#8452=AXIS2_PLACEMENT_3D('',#8449,#8450,#8451);
#8453=PLANE('',#8452);
#8454=ORIENTED_EDGE('',*,*,#5103,.T.);
#8456=ORIENTED_EDGE('',*,*,#8455,.T.);
#8457=ORIENTED_EDGE('',*,*,#8424,.F.);
#8459=ORIENTED_EDGE('',*,*,#8458,.T.);
#8460=ORIENTED_EDGE('',*,*,#8291,.F.);
#8461=ORIENTED_EDGE('',*,*,#4999,.F.);
#8463=ORIENTED_EDGE('',*,*,#8462,.T.);
#8464=EDGE_LOOP('',(#8454,#8456,#8457,#8459,#8460,#8461,#8463));
#8465=FACE_OUTER_BOUND('',#8464,.F.);
#8467=CARTESIAN_POINT('',(2.425E1,1.517152E1,1.155E1));
#8468=DIRECTION('',(0.E0,-1.E0,0.E0));
#8469=DIRECTION('',(1.E0,0.E0,0.E0));
#8470=AXIS2_PLACEMENT_3D('',#8467,#8468,#8469);
#8471=CYLINDRICAL_SURFACE('',#8470,5.E-1);
#8472=ORIENTED_EDGE('',*,*,#5101,.T.);
#8474=ORIENTED_EDGE('',*,*,#8473,.F.);
#8475=ORIENTED_EDGE('',*,*,#8426,.T.);
#8476=ORIENTED_EDGE('',*,*,#8455,.F.);
#8477=EDGE_LOOP('',(#8472,#8474,#8475,#8476));
#8478=FACE_OUTER_BOUND('',#8477,.F.);
#8480=CARTESIAN_POINT('',(0.E0,1.1E1,0.E0));
#8481=DIRECTION('',(0.E0,1.E0,0.E0));
#8482=DIRECTION('',(-1.E0,0.E0,0.E0));
#8483=AXIS2_PLACEMENT_3D('',#8480,#8481,#8482);
#8484=PLANE('',#8483);
#8485=ORIENTED_EDGE('',*,*,#5099,.T.);
#8487=ORIENTED_EDGE('',*,*,#8486,.T.);
#8488=ORIENTED_EDGE('',*,*,#8428,.T.);
#8489=ORIENTED_EDGE('',*,*,#8473,.T.);
#8490=EDGE_LOOP('',(#8485,#8487,#8488,#8489));
#8491=FACE_OUTER_BOUND('',#8490,.F.);
#8493=CARTESIAN_POINT('',(2.47E1,-1.43396E1,1.2E1));
#8494=DIRECTION('',(0.E0,1.E0,0.E0));
#8495=DIRECTION('',(0.E0,0.E0,1.E0));
#8496=AXIS2_PLACEMENT_3D('',#8493,#8494,#8495);
#8497=CYLINDRICAL_SURFACE('',#8496,5.E-2);
#8498=ORIENTED_EDGE('',*,*,#8486,.F.);
#8499=ORIENTED_EDGE('',*,*,#5097,.T.);
#8501=ORIENTED_EDGE('',*,*,#8500,.F.);
#8502=ORIENTED_EDGE('',*,*,#8430,.T.);
#8503=EDGE_LOOP('',(#8498,#8499,#8501,#8502));
#8504=FACE_OUTER_BOUND('',#8503,.F.);
#8506=CARTESIAN_POINT('',(2.47E1,7.E-1,1.2E1));
#8507=DIRECTION('',(0.E0,-1.E0,0.E0));
#8508=DIRECTION('',(7.071067759696E-1,0.E0,7.071067864035E-1));
#8509=AXIS2_PLACEMENT_3D('',#8506,#8507,#8508);
#8510=SPHERICAL_SURFACE('',#8509,5.E-2);
#8511=ORIENTED_EDGE('',*,*,#8500,.T.);
#8513=ORIENTED_EDGE('',*,*,#8512,.T.);
#8515=ORIENTED_EDGE('',*,*,#8514,.T.);
#8516=EDGE_LOOP('',(#8511,#8513,#8515));
#8517=FACE_OUTER_BOUND('',#8516,.F.);
#8519=CARTESIAN_POINT('',(2.482636352233E1,7.E-1,1.2E1));
#8520=DIRECTION('',(-1.E0,0.E0,0.E0));
#8521=DIRECTION('',(0.E0,-1.E0,0.E0));
#8522=AXIS2_PLACEMENT_3D('',#8519,#8520,#8521);
#8523=CYLINDRICAL_SURFACE('',#8522,5.E-2);
#8525=ORIENTED_EDGE('',*,*,#8524,.T.);
#8526=ORIENTED_EDGE('',*,*,#8512,.F.);
#8527=ORIENTED_EDGE('',*,*,#5095,.T.);
#8529=ORIENTED_EDGE('',*,*,#8528,.F.);
#8530=EDGE_LOOP('',(#8525,#8526,#8527,#8529));
#8531=FACE_OUTER_BOUND('',#8530,.F.);
#8533=CARTESIAN_POINT('',(-2.54E1,6.5E-1,-1.27E1));
#8534=DIRECTION('',(0.E0,-1.E0,0.E0));
#8535=DIRECTION('',(1.E0,0.E0,0.E0));
#8536=AXIS2_PLACEMENT_3D('',#8533,#8534,#8535);
#8537=PLANE('',#8536);
#8539=ORIENTED_EDGE('',*,*,#8538,.F.);
#8541=ORIENTED_EDGE('',*,*,#8540,.F.);
#8542=ORIENTED_EDGE('',*,*,#8524,.F.);
#8544=ORIENTED_EDGE('',*,*,#8543,.F.);
#8545=EDGE_LOOP('',(#8539,#8541,#8542,#8544));
#8546=FACE_OUTER_BOUND('',#8545,.F.);
#8548=CARTESIAN_POINT('',(-2.478895358870E1,7.E-1,-1.2E1));
#8549=DIRECTION('',(1.E0,0.E0,0.E0));
#8550=DIRECTION('',(0.E0,-1.E0,0.E0));
#8551=AXIS2_PLACEMENT_3D('',#8548,#8549,#8550);
#8552=CYLINDRICAL_SURFACE('',#8551,5.E-2);
#8553=ORIENTED_EDGE('',*,*,#8538,.T.);
#8555=ORIENTED_EDGE('',*,*,#8554,.F.);
#8556=ORIENTED_EDGE('',*,*,#8342,.T.);
#8558=ORIENTED_EDGE('',*,*,#8557,.F.);
#8559=EDGE_LOOP('',(#8553,#8555,#8556,#8558));
#8560=FACE_OUTER_BOUND('',#8559,.F.);
#8562=CARTESIAN_POINT('',(-2.47E1,7.E-1,-1.2E1));
#8563=DIRECTION('',(0.E0,-1.E0,0.E0));
#8564=DIRECTION('',(-7.071067759696E-1,0.E0,-7.071067864035E-1));
#8565=AXIS2_PLACEMENT_3D('',#8562,#8563,#8564);
#8566=SPHERICAL_SURFACE('',#8565,5.E-2);
#8568=ORIENTED_EDGE('',*,*,#8567,.T.);
#8569=ORIENTED_EDGE('',*,*,#8554,.T.);
#8571=ORIENTED_EDGE('',*,*,#8570,.T.);
#8572=EDGE_LOOP('',(#8568,#8569,#8571));
#8573=FACE_OUTER_BOUND('',#8572,.F.);
#8575=CARTESIAN_POINT('',(-2.47E1,-1.43396E1,-1.2E1));
#8576=DIRECTION('',(0.E0,1.E0,0.E0));
#8577=DIRECTION('',(0.E0,0.E0,-1.E0));
#8578=AXIS2_PLACEMENT_3D('',#8575,#8576,#8577);
#8579=CYLINDRICAL_SURFACE('',#8578,5.E-2);
#8580=ORIENTED_EDGE('',*,*,#5304,.F.);
#8581=ORIENTED_EDGE('',*,*,#8344,.T.);
#8582=ORIENTED_EDGE('',*,*,#8567,.F.);
#8583=ORIENTED_EDGE('',*,*,#5266,.T.);
#8584=EDGE_LOOP('',(#8580,#8581,#8582,#8583));
#8585=FACE_OUTER_BOUND('',#8584,.F.);
#8587=CARTESIAN_POINT('',(-2.47E1,7.E-1,1.213352062783E1));
#8588=DIRECTION('',(0.E0,0.E0,-1.E0));
#8589=DIRECTION('',(0.E0,-1.E0,0.E0));
#8590=AXIS2_PLACEMENT_3D('',#8587,#8588,#8589);
#8591=CYLINDRICAL_SURFACE('',#8590,5.E-2);
#8592=ORIENTED_EDGE('',*,*,#8543,.T.);
#8594=ORIENTED_EDGE('',*,*,#8593,.F.);
#8595=ORIENTED_EDGE('',*,*,#5268,.T.);
#8596=ORIENTED_EDGE('',*,*,#8570,.F.);
#8597=EDGE_LOOP('',(#8592,#8594,#8595,#8596));
#8598=FACE_OUTER_BOUND('',#8597,.F.);
#8600=CARTESIAN_POINT('',(-2.47E1,7.E-1,1.2E1));
#8601=DIRECTION('',(0.E0,-1.E0,0.E0));
#8602=DIRECTION('',(-7.071067759696E-1,0.E0,7.071067864035E-1));
#8603=AXIS2_PLACEMENT_3D('',#8600,#8601,#8602);
#8604=SPHERICAL_SURFACE('',#8603,5.E-2);
#8605=ORIENTED_EDGE('',*,*,#5128,.T.);
#8606=ORIENTED_EDGE('',*,*,#8593,.T.);
#8607=ORIENTED_EDGE('',*,*,#8528,.T.);
#8608=EDGE_LOOP('',(#8605,#8606,#8607));
#8609=FACE_OUTER_BOUND('',#8608,.F.);
#8611=CARTESIAN_POINT('',(2.47E1,7.E-1,-1.2E1));
#8612=DIRECTION('',(0.E0,-1.E0,0.E0));
#8613=DIRECTION('',(7.071067759696E-1,0.E0,-7.071067864035E-1));
#8614=AXIS2_PLACEMENT_3D('',#8611,#8612,#8613);
#8615=SPHERICAL_SURFACE('',#8614,5.E-2);
#8617=ORIENTED_EDGE('',*,*,#8616,.T.);
#8619=ORIENTED_EDGE('',*,*,#8618,.T.);
#8620=ORIENTED_EDGE('',*,*,#8557,.T.);
#8621=EDGE_LOOP('',(#8617,#8619,#8620));
#8622=FACE_OUTER_BOUND('',#8621,.F.);
#8624=CARTESIAN_POINT('',(2.47E1,2.53396E1,-1.2E1));
#8625=DIRECTION('',(0.E0,-1.E0,0.E0));
#8626=DIRECTION('',(0.E0,0.E0,-1.E0));
#8627=AXIS2_PLACEMENT_3D('',#8624,#8625,#8626);
#8628=CYLINDRICAL_SURFACE('',#8627,5.E-2);
#8630=ORIENTED_EDGE('',*,*,#8629,.F.);
#8631=ORIENTED_EDGE('',*,*,#8434,.T.);
#8632=ORIENTED_EDGE('',*,*,#8616,.F.);
#8633=ORIENTED_EDGE('',*,*,#8340,.T.);
#8634=EDGE_LOOP('',(#8630,#8631,#8632,#8633));
#8635=FACE_OUTER_BOUND('',#8634,.F.);
#8637=CARTESIAN_POINT('',(0.E0,1.1E1,0.E0));
#8638=DIRECTION('',(0.E0,1.E0,0.E0));
#8639=DIRECTION('',(-1.E0,0.E0,0.E0));
#8640=AXIS2_PLACEMENT_3D('',#8637,#8638,#8639);
#8641=PLANE('',#8640);
#8642=ORIENTED_EDGE('',*,*,#8338,.F.);
#8643=ORIENTED_EDGE('',*,*,#8414,.T.);
#8644=ORIENTED_EDGE('',*,*,#8436,.T.);
#8645=ORIENTED_EDGE('',*,*,#8629,.T.);
#8646=EDGE_LOOP('',(#8642,#8643,#8644,#8645));
#8647=FACE_OUTER_BOUND('',#8646,.F.);
#8649=CARTESIAN_POINT('',(2.47E1,7.E-1,-1.207734672119E1));
#8650=DIRECTION('',(0.E0,0.E0,1.E0));
#8651=DIRECTION('',(0.E0,-1.E0,0.E0));
#8652=AXIS2_PLACEMENT_3D('',#8649,#8650,#8651);
#8653=CYLINDRICAL_SURFACE('',#8652,5.E-2);
#8654=ORIENTED_EDGE('',*,*,#8540,.T.);
#8655=ORIENTED_EDGE('',*,*,#8618,.F.);
#8656=ORIENTED_EDGE('',*,*,#8432,.T.);
#8657=ORIENTED_EDGE('',*,*,#8514,.F.);
#8658=EDGE_LOOP('',(#8654,#8655,#8656,#8657));
#8659=FACE_OUTER_BOUND('',#8658,.F.);
#8661=CARTESIAN_POINT('',(2.3E1,7.8E0,1.E1));
#8662=DIRECTION('',(0.E0,0.E0,-1.E0));
#8663=DIRECTION('',(1.E0,0.E0,0.E0));
#8664=AXIS2_PLACEMENT_3D('',#8661,#8662,#8663);
#8665=PLANE('',#8664);
#8666=ORIENTED_EDGE('',*,*,#8444,.F.);
#8668=ORIENTED_EDGE('',*,*,#8667,.T.);
#8670=ORIENTED_EDGE('',*,*,#8669,.F.);
#8671=ORIENTED_EDGE('',*,*,#8293,.F.);
#8672=ORIENTED_EDGE('',*,*,#8458,.F.);
#8673=EDGE_LOOP('',(#8666,#8668,#8670,#8671,#8672));
#8674=FACE_OUTER_BOUND('',#8673,.F.);
#8676=CARTESIAN_POINT('',(2.465E1,8.E0,-1.776356839400E-14));
#8677=DIRECTION('',(8.944271909999E-1,-4.472135955E-1,0.E0));
#8678=DIRECTION('',(4.472135955E-1,8.944271909999E-1,0.E0));
#8679=AXIS2_PLACEMENT_3D('',#8676,#8677,#8678);
#8680=PLANE('',#8679);
#8681=ORIENTED_EDGE('',*,*,#8442,.T.);
#8683=ORIENTED_EDGE('',*,*,#8682,.F.);
#8685=ORIENTED_EDGE('',*,*,#8684,.F.);
#8686=ORIENTED_EDGE('',*,*,#8667,.F.);
#8687=EDGE_LOOP('',(#8681,#8683,#8685,#8686));
#8688=FACE_OUTER_BOUND('',#8687,.F.);
#8690=CARTESIAN_POINT('',(2.566171123887E1,7.8E0,-1.E1));
#8691=DIRECTION('',(0.E0,0.E0,1.E0));
#8692=DIRECTION('',(-1.E0,0.E0,0.E0));
#8693=AXIS2_PLACEMENT_3D('',#8690,#8691,#8692);
#8694=PLANE('',#8693);
#8695=ORIENTED_EDGE('',*,*,#8440,.T.);
#8696=ORIENTED_EDGE('',*,*,#8313,.F.);
#8697=ORIENTED_EDGE('',*,*,#8297,.T.);
#8699=ORIENTED_EDGE('',*,*,#8698,.T.);
#8700=ORIENTED_EDGE('',*,*,#8682,.T.);
#8701=EDGE_LOOP('',(#8695,#8696,#8697,#8699,#8700));
#8702=FACE_OUTER_BOUND('',#8701,.F.);
#8704=CARTESIAN_POINT('',(0.E0,7.8E0,0.E0));
#8705=DIRECTION('',(0.E0,1.E0,0.E0));
#8706=DIRECTION('',(1.E0,0.E0,0.E0));
#8707=AXIS2_PLACEMENT_3D('',#8704,#8705,#8706);
#8708=PLANE('',#8707);
#8709=ORIENTED_EDGE('',*,*,#8684,.T.);
#8710=ORIENTED_EDGE('',*,*,#8698,.F.);
#8711=ORIENTED_EDGE('',*,*,#8295,.T.);
#8712=ORIENTED_EDGE('',*,*,#8669,.T.);
#8713=EDGE_LOOP('',(#8709,#8710,#8711,#8712));
#8714=FACE_OUTER_BOUND('',#8713,.F.);
#8716=CARTESIAN_POINT('',(2.3E1,7.8E0,1.339525370627E1));
#8717=DIRECTION('',(-1.E0,0.E0,0.E0));
#8718=DIRECTION('',(0.E0,0.E0,-1.E0));
#8719=AXIS2_PLACEMENT_3D('',#8716,#8717,#8718);
#8720=PLANE('',#8719);
#8721=ORIENTED_EDGE('',*,*,#5105,.T.);
#8722=ORIENTED_EDGE('',*,*,#8462,.F.);
#8723=ORIENTED_EDGE('',*,*,#4997,.T.);
#8724=ORIENTED_EDGE('',*,*,#5065,.T.);
#8725=ORIENTED_EDGE('',*,*,#5080,.T.);
#8726=EDGE_LOOP('',(#8721,#8722,#8723,#8724,#8725));
#8727=FACE_OUTER_BOUND('',#8726,.F.);
#8729=CARTESIAN_POINT('',(-1.8E1,9.4E0,-1.85E1));
#8730=DIRECTION('',(0.E0,0.E0,1.E0));
#8731=DIRECTION('',(-1.E0,0.E0,0.E0));
#8732=AXIS2_PLACEMENT_3D('',#8729,#8730,#8731);
#8733=CYLINDRICAL_SURFACE('',#8732,6.E-1);
#8735=ORIENTED_EDGE('',*,*,#8734,.F.);
#8737=ORIENTED_EDGE('',*,*,#8736,.F.);
#8738=ORIENTED_EDGE('',*,*,#5477,.F.);
#8740=ORIENTED_EDGE('',*,*,#8739,.T.);
#8741=EDGE_LOOP('',(#8735,#8737,#8738,#8740));
#8742=FACE_OUTER_BOUND('',#8741,.F.);
#8744=CARTESIAN_POINT('',(0.E0,0.E0,-1.205E1));
#8745=DIRECTION('',(0.E0,0.E0,1.E0));
#8746=DIRECTION('',(1.E0,0.E0,0.E0));
#8747=AXIS2_PLACEMENT_3D('',#8744,#8745,#8746);
#8748=PLANE('',#8747);
#8749=ORIENTED_EDGE('',*,*,#8734,.T.);
#8751=ORIENTED_EDGE('',*,*,#8750,.T.);
#8752=EDGE_LOOP('',(#8749,#8751));
#8753=FACE_OUTER_BOUND('',#8752,.F.);
#8755=ORIENTED_EDGE('',*,*,#8754,.T.);
#8757=ORIENTED_EDGE('',*,*,#8756,.T.);
#8758=EDGE_LOOP('',(#8755,#8757));
#8759=FACE_BOUND('',#8758,.F.);
#8761=CARTESIAN_POINT('',(-1.8E1,9.4E0,-1.85E1));
#8762=DIRECTION('',(0.E0,0.E0,1.E0));
#8763=DIRECTION('',(-1.E0,0.E0,0.E0));
#8764=AXIS2_PLACEMENT_3D('',#8761,#8762,#8763);
#8765=CYLINDRICAL_SURFACE('',#8764,6.E-1);
#8766=ORIENTED_EDGE('',*,*,#8750,.F.);
#8767=ORIENTED_EDGE('',*,*,#8739,.F.);
#8768=ORIENTED_EDGE('',*,*,#5479,.F.);
#8769=ORIENTED_EDGE('',*,*,#8736,.T.);
#8770=EDGE_LOOP('',(#8766,#8767,#8768,#8769));
#8771=FACE_OUTER_BOUND('',#8770,.F.);
#8773=CARTESIAN_POINT('',(-1.8E1,9.5E0,-1.215E1));
#8774=DIRECTION('',(0.E0,0.E0,-1.E0));
#8775=DIRECTION('',(1.E0,-1.481542401679E-8,0.E0));
#8776=AXIS2_PLACEMENT_3D('',#8773,#8774,#8775);
#8777=SPHERICAL_SURFACE('',#8776,5.E-1);
#8779=ORIENTED_EDGE('',*,*,#8778,.T.);
#8781=ORIENTED_EDGE('',*,*,#8780,.F.);
#8782=ORIENTED_EDGE('',*,*,#8754,.F.);
#8783=EDGE_LOOP('',(#8779,#8781,#8782));
#8784=FACE_OUTER_BOUND('',#8783,.F.);
#8786=CARTESIAN_POINT('',(-1.8E1,9.5E0,-1.215E1));
#8787=DIRECTION('',(0.E0,0.E0,-1.E0));
#8788=DIRECTION('',(-1.E0,1.481542587647E-8,0.E0));
#8789=AXIS2_PLACEMENT_3D('',#8786,#8787,#8788);
#8790=SPHERICAL_SURFACE('',#8789,5.E-1);
#8791=ORIENTED_EDGE('',*,*,#8778,.F.);
#8792=ORIENTED_EDGE('',*,*,#8756,.F.);
#8793=ORIENTED_EDGE('',*,*,#8780,.T.);
#8794=EDGE_LOOP('',(#8791,#8792,#8793));
#8795=FACE_OUTER_BOUND('',#8794,.F.);
#8797=CARTESIAN_POINT('',(0.E0,9.4E0,-1.85E1));
#8798=DIRECTION('',(0.E0,0.E0,1.E0));
#8799=DIRECTION('',(-1.E0,0.E0,0.E0));
#8800=AXIS2_PLACEMENT_3D('',#8797,#8798,#8799);
#8801=CYLINDRICAL_SURFACE('',#8800,6.E-1);
#8803=ORIENTED_EDGE('',*,*,#8802,.F.);
#8805=ORIENTED_EDGE('',*,*,#8804,.F.);
#8806=ORIENTED_EDGE('',*,*,#5483,.F.);
#8808=ORIENTED_EDGE('',*,*,#8807,.T.);
#8809=EDGE_LOOP('',(#8803,#8805,#8806,#8808));
#8810=FACE_OUTER_BOUND('',#8809,.F.);
#8812=CARTESIAN_POINT('',(0.E0,0.E0,-1.205E1));
#8813=DIRECTION('',(0.E0,0.E0,1.E0));
#8814=DIRECTION('',(1.E0,0.E0,0.E0));
#8815=AXIS2_PLACEMENT_3D('',#8812,#8813,#8814);
#8816=PLANE('',#8815);
#8817=ORIENTED_EDGE('',*,*,#8802,.T.);
#8819=ORIENTED_EDGE('',*,*,#8818,.T.);
#8820=EDGE_LOOP('',(#8817,#8819));
#8821=FACE_OUTER_BOUND('',#8820,.F.);
#8823=CARTESIAN_POINT('',(0.E0,9.4E0,-1.85E1));
#8824=DIRECTION('',(0.E0,0.E0,1.E0));
#8825=DIRECTION('',(-1.E0,0.E0,0.E0));
#8826=AXIS2_PLACEMENT_3D('',#8823,#8824,#8825);
#8827=CYLINDRICAL_SURFACE('',#8826,6.E-1);
#8828=ORIENTED_EDGE('',*,*,#8818,.F.);
#8829=ORIENTED_EDGE('',*,*,#8807,.F.);
#8830=ORIENTED_EDGE('',*,*,#5485,.F.);
#8831=ORIENTED_EDGE('',*,*,#8804,.T.);
#8832=EDGE_LOOP('',(#8828,#8829,#8830,#8831));
#8833=FACE_OUTER_BOUND('',#8832,.F.);
#8835=CARTESIAN_POINT('',(1.8E1,9.4E0,-1.85E1));
#8836=DIRECTION('',(0.E0,0.E0,1.E0));
#8837=DIRECTION('',(-1.E0,0.E0,0.E0));
#8838=AXIS2_PLACEMENT_3D('',#8835,#8836,#8837);
#8839=CYLINDRICAL_SURFACE('',#8838,6.E-1);
#8841=ORIENTED_EDGE('',*,*,#8840,.F.);
#8843=ORIENTED_EDGE('',*,*,#8842,.F.);
#8844=ORIENTED_EDGE('',*,*,#5489,.F.);
#8846=ORIENTED_EDGE('',*,*,#8845,.T.);
#8847=EDGE_LOOP('',(#8841,#8843,#8844,#8846));
#8848=FACE_OUTER_BOUND('',#8847,.F.);
#8850=CARTESIAN_POINT('',(0.E0,0.E0,-1.205E1));
#8851=DIRECTION('',(0.E0,0.E0,1.E0));
#8852=DIRECTION('',(1.E0,0.E0,0.E0));
#8853=AXIS2_PLACEMENT_3D('',#8850,#8851,#8852);
#8854=PLANE('',#8853);
#8855=ORIENTED_EDGE('',*,*,#8840,.T.);
#8857=ORIENTED_EDGE('',*,*,#8856,.T.);
#8858=EDGE_LOOP('',(#8855,#8857));
#8859=FACE_OUTER_BOUND('',#8858,.F.);
#8861=ORIENTED_EDGE('',*,*,#8860,.T.);
#8863=ORIENTED_EDGE('',*,*,#8862,.T.);
#8864=EDGE_LOOP('',(#8861,#8863));
#8865=FACE_BOUND('',#8864,.F.);
#8867=CARTESIAN_POINT('',(1.8E1,9.4E0,-1.85E1));
#8868=DIRECTION('',(0.E0,0.E0,1.E0));
#8869=DIRECTION('',(-1.E0,0.E0,0.E0));
#8870=AXIS2_PLACEMENT_3D('',#8867,#8868,#8869);
#8871=CYLINDRICAL_SURFACE('',#8870,6.E-1);
#8872=ORIENTED_EDGE('',*,*,#8856,.F.);
#8873=ORIENTED_EDGE('',*,*,#8845,.F.);
#8874=ORIENTED_EDGE('',*,*,#5491,.F.);
#8875=ORIENTED_EDGE('',*,*,#8842,.T.);
#8876=EDGE_LOOP('',(#8872,#8873,#8874,#8875));
#8877=FACE_OUTER_BOUND('',#8876,.F.);
#8879=CARTESIAN_POINT('',(1.8E1,9.5E0,-1.215E1));
#8880=DIRECTION('',(0.E0,0.E0,-1.E0));
#8881=DIRECTION('',(1.E0,-1.481542634139E-8,0.E0));
#8882=AXIS2_PLACEMENT_3D('',#8879,#8880,#8881);
#8883=SPHERICAL_SURFACE('',#8882,5.E-1);
#8885=ORIENTED_EDGE('',*,*,#8884,.T.);
#8887=ORIENTED_EDGE('',*,*,#8886,.F.);
#8888=ORIENTED_EDGE('',*,*,#8860,.F.);
#8889=EDGE_LOOP('',(#8885,#8887,#8888));
#8890=FACE_OUTER_BOUND('',#8889,.F.);
#8892=CARTESIAN_POINT('',(1.8E1,9.5E0,-1.215E1));
#8893=DIRECTION('',(0.E0,0.E0,-1.E0));
#8894=DIRECTION('',(-1.E0,1.481542416945E-8,0.E0));
#8895=AXIS2_PLACEMENT_3D('',#8892,#8893,#8894);
#8896=SPHERICAL_SURFACE('',#8895,5.E-1);
#8897=ORIENTED_EDGE('',*,*,#8884,.F.);
#8898=ORIENTED_EDGE('',*,*,#8862,.F.);
#8899=ORIENTED_EDGE('',*,*,#8886,.T.);
#8900=EDGE_LOOP('',(#8897,#8898,#8899));
#8901=FACE_OUTER_BOUND('',#8900,.F.);
#8903=CARTESIAN_POINT('',(-2.566171123887E1,7.8E0,1.E1));
#8904=DIRECTION('',(0.E0,0.E0,-1.E0));
#8905=DIRECTION('',(1.E0,0.E0,0.E0));
#8906=AXIS2_PLACEMENT_3D('',#8903,#8904,#8905);
#8907=PLANE('',#8906);
#8908=ORIENTED_EDGE('',*,*,#5274,.T.);
#8909=ORIENTED_EDGE('',*,*,#5173,.F.);
#8910=ORIENTED_EDGE('',*,*,#5203,.T.);
#8912=ORIENTED_EDGE('',*,*,#8911,.T.);
#8914=ORIENTED_EDGE('',*,*,#8913,.T.);
#8915=EDGE_LOOP('',(#8908,#8909,#8910,#8912,#8914));
#8916=FACE_OUTER_BOUND('',#8915,.F.);
#8918=CARTESIAN_POINT('',(0.E0,7.8E0,0.E0));
#8919=DIRECTION('',(0.E0,1.E0,0.E0));
#8920=DIRECTION('',(1.E0,0.E0,0.E0));
#8921=AXIS2_PLACEMENT_3D('',#8918,#8919,#8920);
#8922=PLANE('',#8921);
#8923=ORIENTED_EDGE('',*,*,#5238,.F.);
#8925=ORIENTED_EDGE('',*,*,#8924,.T.);
#8926=ORIENTED_EDGE('',*,*,#8911,.F.);
#8927=ORIENTED_EDGE('',*,*,#5201,.T.);
#8928=EDGE_LOOP('',(#8923,#8925,#8926,#8927));
#8929=FACE_OUTER_BOUND('',#8928,.F.);
#8931=CARTESIAN_POINT('',(-2.465E1,8.E0,-1.065814103640E-14));
#8932=DIRECTION('',(-8.944271909999E-1,-4.472135955E-1,0.E0));
#8933=DIRECTION('',(-4.472135955E-1,8.944271909999E-1,0.E0));
#8934=AXIS2_PLACEMENT_3D('',#8931,#8932,#8933);
#8935=PLANE('',#8934);
#8936=ORIENTED_EDGE('',*,*,#5276,.T.);
#8937=ORIENTED_EDGE('',*,*,#8913,.F.);
#8938=ORIENTED_EDGE('',*,*,#8924,.F.);
#8939=ORIENTED_EDGE('',*,*,#5236,.F.);
#8940=ORIENTED_EDGE('',*,*,#5250,.F.);
#8941=EDGE_LOOP('',(#8936,#8937,#8938,#8939,#8940));
#8942=FACE_OUTER_BOUND('',#8941,.F.);
#8944=CARTESIAN_POINT('',(0.E0,8.4E0,0.E0));
#8945=DIRECTION('',(0.E0,-1.E0,0.E0));
#8946=DIRECTION('',(-1.E0,0.E0,0.E0));
#8947=AXIS2_PLACEMENT_3D('',#8944,#8945,#8946);
#8948=PLANE('',#8947);
#8949=ORIENTED_EDGE('',*,*,#4818,.T.);
#8950=ORIENTED_EDGE('',*,*,#4863,.T.);
#8951=ORIENTED_EDGE('',*,*,#5005,.T.);
#8952=ORIENTED_EDGE('',*,*,#4795,.T.);
#8953=EDGE_LOOP('',(#8949,#8950,#8951,#8952));
#8954=FACE_OUTER_BOUND('',#8953,.F.);
#8956=CARTESIAN_POINT('',(9.8E0,1.04E1,1.1E1));
#8957=DIRECTION('',(1.E0,0.E0,0.E0));
#8958=DIRECTION('',(0.E0,0.E0,1.E0));
#8959=AXIS2_PLACEMENT_3D('',#8956,#8957,#8958);
#8960=PLANE('',#8959);
#8961=ORIENTED_EDGE('',*,*,#4875,.F.);
#8962=ORIENTED_EDGE('',*,*,#4921,.F.);
#8964=ORIENTED_EDGE('',*,*,#8963,.F.);
#8965=ORIENTED_EDGE('',*,*,#5009,.T.);
#8966=EDGE_LOOP('',(#8961,#8962,#8964,#8965));
#8967=FACE_OUTER_BOUND('',#8966,.F.);
#8969=CARTESIAN_POINT('',(0.E0,9.2E0,0.E0));
#8970=DIRECTION('',(0.E0,-1.E0,0.E0));
#8971=DIRECTION('',(0.E0,0.E0,1.E0));
#8972=AXIS2_PLACEMENT_3D('',#8969,#8970,#8971);
#8973=PLANE('',#8972);
#8974=ORIENTED_EDGE('',*,*,#5011,.T.);
#8975=ORIENTED_EDGE('',*,*,#8963,.T.);
#8976=ORIENTED_EDGE('',*,*,#4919,.T.);
#8978=ORIENTED_EDGE('',*,*,#8977,.T.);
#8979=EDGE_LOOP('',(#8974,#8975,#8976,#8978));
#8980=FACE_OUTER_BOUND('',#8979,.F.);
#8982=CARTESIAN_POINT('',(6.E0,1.04E1,1.155E1));
#8983=DIRECTION('',(-1.E0,0.E0,0.E0));
#8984=DIRECTION('',(0.E0,0.E0,-1.E0));
#8985=AXIS2_PLACEMENT_3D('',#8982,#8983,#8984);
#8986=PLANE('',#8985);
#8988=ORIENTED_EDGE('',*,*,#8987,.T.);
#8989=ORIENTED_EDGE('',*,*,#5013,.F.);
#8990=ORIENTED_EDGE('',*,*,#8977,.F.);
#8991=ORIENTED_EDGE('',*,*,#4917,.T.);
#8992=EDGE_LOOP('',(#8988,#8989,#8990,#8991));
#8993=FACE_OUTER_BOUND('',#8992,.F.);
#8995=CARTESIAN_POINT('',(0.E0,1.04E1,0.E0));
#8996=DIRECTION('',(0.E0,1.E0,0.E0));
#8997=DIRECTION('',(1.E0,0.E0,0.E0));
#8998=AXIS2_PLACEMENT_3D('',#8995,#8996,#8997);
#8999=PLANE('',#8998);
#9000=ORIENTED_EDGE('',*,*,#8987,.F.);
#9001=ORIENTED_EDGE('',*,*,#4915,.F.);
#9003=ORIENTED_EDGE('',*,*,#9002,.T.);
#9004=ORIENTED_EDGE('',*,*,#5015,.T.);
#9005=EDGE_LOOP('',(#9000,#9001,#9003,#9004));
#9006=FACE_OUTER_BOUND('',#9005,.F.);
#9008=CARTESIAN_POINT('',(-6.E0,1.04E1,1.1E1));
#9009=DIRECTION('',(1.E0,0.E0,0.E0));
#9010=DIRECTION('',(0.E0,0.E0,1.E0));
#9011=AXIS2_PLACEMENT_3D('',#9008,#9009,#9010);
#9012=PLANE('',#9011);
#9013=ORIENTED_EDGE('',*,*,#9002,.F.);
#9014=ORIENTED_EDGE('',*,*,#4913,.F.);
#9016=ORIENTED_EDGE('',*,*,#9015,.F.);
#9017=ORIENTED_EDGE('',*,*,#5017,.T.);
#9018=EDGE_LOOP('',(#9013,#9014,#9016,#9017));
#9019=FACE_OUTER_BOUND('',#9018,.F.);
#9021=CARTESIAN_POINT('',(0.E0,9.2E0,0.E0));
#9022=DIRECTION('',(0.E0,-1.E0,0.E0));
#9023=DIRECTION('',(0.E0,0.E0,1.E0));
#9024=AXIS2_PLACEMENT_3D('',#9021,#9022,#9023);
#9025=PLANE('',#9024);
#9026=ORIENTED_EDGE('',*,*,#5019,.T.);
#9027=ORIENTED_EDGE('',*,*,#9015,.T.);
#9028=ORIENTED_EDGE('',*,*,#4911,.T.);
#9029=ORIENTED_EDGE('',*,*,#4984,.T.);
#9030=EDGE_LOOP('',(#9026,#9027,#9028,#9029));
#9031=FACE_OUTER_BOUND('',#9030,.F.);
#9033=CARTESIAN_POINT('',(-1.8E1,9.4E0,-1.85E1));
#9034=DIRECTION('',(0.E0,0.E0,1.E0));
#9035=DIRECTION('',(-1.E0,0.E0,0.E0));
#9036=AXIS2_PLACEMENT_3D('',#9033,#9034,#9035);
#9037=CYLINDRICAL_SURFACE('',#9036,6.E-1);
#9039=ORIENTED_EDGE('',*,*,#9038,.F.);
#9041=ORIENTED_EDGE('',*,*,#9040,.T.);
#9042=ORIENTED_EDGE('',*,*,#5039,.F.);
#9044=ORIENTED_EDGE('',*,*,#9043,.F.);
#9045=EDGE_LOOP('',(#9039,#9041,#9042,#9044));
#9046=FACE_OUTER_BOUND('',#9045,.F.);
#9048=CARTESIAN_POINT('',(0.E0,0.E0,1.205E1));
#9049=DIRECTION('',(0.E0,0.E0,1.E0));
#9050=DIRECTION('',(1.E0,0.E0,0.E0));
#9051=AXIS2_PLACEMENT_3D('',#9048,#9049,#9050);
#9052=PLANE('',#9051);
#9053=ORIENTED_EDGE('',*,*,#9038,.T.);
#9055=ORIENTED_EDGE('',*,*,#9054,.T.);
#9056=EDGE_LOOP('',(#9053,#9055));
#9057=FACE_OUTER_BOUND('',#9056,.F.);
#9059=ORIENTED_EDGE('',*,*,#9058,.T.);
#9061=ORIENTED_EDGE('',*,*,#9060,.T.);
#9062=EDGE_LOOP('',(#9059,#9061));
#9063=FACE_BOUND('',#9062,.F.);
#9065=CARTESIAN_POINT('',(-1.8E1,9.4E0,-1.85E1));
#9066=DIRECTION('',(0.E0,0.E0,1.E0));
#9067=DIRECTION('',(-1.E0,0.E0,0.E0));
#9068=AXIS2_PLACEMENT_3D('',#9065,#9066,#9067);
#9069=CYLINDRICAL_SURFACE('',#9068,6.E-1);
#9070=ORIENTED_EDGE('',*,*,#9054,.F.);
#9071=ORIENTED_EDGE('',*,*,#9043,.T.);
#9072=ORIENTED_EDGE('',*,*,#5041,.F.);
#9073=ORIENTED_EDGE('',*,*,#9040,.F.);
#9074=EDGE_LOOP('',(#9070,#9071,#9072,#9073));
#9075=FACE_OUTER_BOUND('',#9074,.F.);
#9077=CARTESIAN_POINT('',(-1.8E1,9.5E0,1.215E1));
#9078=DIRECTION('',(0.E0,0.E0,-1.E0));
#9079=DIRECTION('',(1.E0,-1.481542401679E-8,0.E0));
#9080=AXIS2_PLACEMENT_3D('',#9077,#9078,#9079);
#9081=SPHERICAL_SURFACE('',#9080,5.E-1);
#9083=ORIENTED_EDGE('',*,*,#9082,.F.);
#9084=ORIENTED_EDGE('',*,*,#9058,.F.);
#9086=ORIENTED_EDGE('',*,*,#9085,.T.);
#9087=EDGE_LOOP('',(#9083,#9084,#9086));
#9088=FACE_OUTER_BOUND('',#9087,.F.);
#9090=CARTESIAN_POINT('',(-1.8E1,9.5E0,1.215E1));
#9091=DIRECTION('',(0.E0,0.E0,-1.E0));
#9092=DIRECTION('',(-1.E0,1.481542587647E-8,0.E0));
#9093=AXIS2_PLACEMENT_3D('',#9090,#9091,#9092);
#9094=SPHERICAL_SURFACE('',#9093,5.E-1);
#9095=ORIENTED_EDGE('',*,*,#9082,.T.);
#9096=ORIENTED_EDGE('',*,*,#9085,.F.);
#9097=ORIENTED_EDGE('',*,*,#9060,.F.);
#9098=EDGE_LOOP('',(#9095,#9096,#9097));
#9099=FACE_OUTER_BOUND('',#9098,.F.);
#9101=CARTESIAN_POINT('',(0.E0,9.4E0,-1.85E1));
#9102=DIRECTION('',(0.E0,0.E0,1.E0));
#9103=DIRECTION('',(-1.E0,0.E0,0.E0));
#9104=AXIS2_PLACEMENT_3D('',#9101,#9102,#9103);
#9105=CYLINDRICAL_SURFACE('',#9104,6.E-1);
#9107=ORIENTED_EDGE('',*,*,#9106,.F.);
#9109=ORIENTED_EDGE('',*,*,#9108,.T.);
#9110=ORIENTED_EDGE('',*,*,#5045,.F.);
#9112=ORIENTED_EDGE('',*,*,#9111,.F.);
#9113=EDGE_LOOP('',(#9107,#9109,#9110,#9112));
#9114=FACE_OUTER_BOUND('',#9113,.F.);
#9116=CARTESIAN_POINT('',(0.E0,0.E0,1.205E1));
#9117=DIRECTION('',(0.E0,0.E0,1.E0));
#9118=DIRECTION('',(1.E0,0.E0,0.E0));
#9119=AXIS2_PLACEMENT_3D('',#9116,#9117,#9118);
#9120=PLANE('',#9119);
#9121=ORIENTED_EDGE('',*,*,#9106,.T.);
#9123=ORIENTED_EDGE('',*,*,#9122,.T.);
#9124=EDGE_LOOP('',(#9121,#9123));
#9125=FACE_OUTER_BOUND('',#9124,.F.);
#9127=CARTESIAN_POINT('',(0.E0,9.4E0,-1.85E1));
#9128=DIRECTION('',(0.E0,0.E0,1.E0));
#9129=DIRECTION('',(-1.E0,0.E0,0.E0));
#9130=AXIS2_PLACEMENT_3D('',#9127,#9128,#9129);
#9131=CYLINDRICAL_SURFACE('',#9130,6.E-1);
#9132=ORIENTED_EDGE('',*,*,#9122,.F.);
#9133=ORIENTED_EDGE('',*,*,#9111,.T.);
#9134=ORIENTED_EDGE('',*,*,#5047,.F.);
#9135=ORIENTED_EDGE('',*,*,#9108,.F.);
#9136=EDGE_LOOP('',(#9132,#9133,#9134,#9135));
#9137=FACE_OUTER_BOUND('',#9136,.F.);
#9139=CARTESIAN_POINT('',(1.8E1,9.4E0,-1.85E1));
#9140=DIRECTION('',(0.E0,0.E0,1.E0));
#9141=DIRECTION('',(-1.E0,0.E0,0.E0));
#9142=AXIS2_PLACEMENT_3D('',#9139,#9140,#9141);
#9143=CYLINDRICAL_SURFACE('',#9142,6.E-1);
#9145=ORIENTED_EDGE('',*,*,#9144,.F.);
#9147=ORIENTED_EDGE('',*,*,#9146,.T.);
#9148=ORIENTED_EDGE('',*,*,#5051,.F.);
#9150=ORIENTED_EDGE('',*,*,#9149,.F.);
#9151=EDGE_LOOP('',(#9145,#9147,#9148,#9150));
#9152=FACE_OUTER_BOUND('',#9151,.F.);
#9154=CARTESIAN_POINT('',(0.E0,0.E0,1.205E1));
#9155=DIRECTION('',(0.E0,0.E0,1.E0));
#9156=DIRECTION('',(1.E0,0.E0,0.E0));
#9157=AXIS2_PLACEMENT_3D('',#9154,#9155,#9156);
#9158=PLANE('',#9157);
#9159=ORIENTED_EDGE('',*,*,#9144,.T.);
#9161=ORIENTED_EDGE('',*,*,#9160,.T.);
#9162=EDGE_LOOP('',(#9159,#9161));
#9163=FACE_OUTER_BOUND('',#9162,.F.);
#9165=ORIENTED_EDGE('',*,*,#9164,.T.);
#9167=ORIENTED_EDGE('',*,*,#9166,.T.);
#9168=EDGE_LOOP('',(#9165,#9167));
#9169=FACE_BOUND('',#9168,.F.);
#9171=CARTESIAN_POINT('',(1.8E1,9.4E0,-1.85E1));
#9172=DIRECTION('',(0.E0,0.E0,1.E0));
#9173=DIRECTION('',(-1.E0,0.E0,0.E0));
#9174=AXIS2_PLACEMENT_3D('',#9171,#9172,#9173);
#9175=CYLINDRICAL_SURFACE('',#9174,6.E-1);
#9176=ORIENTED_EDGE('',*,*,#9160,.F.);
#9177=ORIENTED_EDGE('',*,*,#9149,.T.);
#9178=ORIENTED_EDGE('',*,*,#5053,.F.);
#9179=ORIENTED_EDGE('',*,*,#9146,.F.);
#9180=EDGE_LOOP('',(#9176,#9177,#9178,#9179));
#9181=FACE_OUTER_BOUND('',#9180,.F.);
#9183=CARTESIAN_POINT('',(1.8E1,9.5E0,1.215E1));
#9184=DIRECTION('',(0.E0,0.E0,-1.E0));
#9185=DIRECTION('',(1.E0,-1.481542634139E-8,0.E0));
#9186=AXIS2_PLACEMENT_3D('',#9183,#9184,#9185);
#9187=SPHERICAL_SURFACE('',#9186,5.E-1);
#9189=ORIENTED_EDGE('',*,*,#9188,.F.);
#9190=ORIENTED_EDGE('',*,*,#9164,.F.);
#9192=ORIENTED_EDGE('',*,*,#9191,.T.);
#9193=EDGE_LOOP('',(#9189,#9190,#9192));
#9194=FACE_OUTER_BOUND('',#9193,.F.);
#9196=CARTESIAN_POINT('',(1.8E1,9.5E0,1.215E1));
#9197=DIRECTION('',(0.E0,0.E0,-1.E0));
#9198=DIRECTION('',(-1.E0,1.481542416945E-8,0.E0));
#9199=AXIS2_PLACEMENT_3D('',#9196,#9197,#9198);
#9200=SPHERICAL_SURFACE('',#9199,5.E-1);
#9201=ORIENTED_EDGE('',*,*,#9188,.T.);
#9202=ORIENTED_EDGE('',*,*,#9191,.F.);
#9203=ORIENTED_EDGE('',*,*,#9166,.F.);
#9204=EDGE_LOOP('',(#9201,#9202,#9203));
#9205=FACE_OUTER_BOUND('',#9204,.F.);
#9207=CARTESIAN_POINT('',(8.36E0,1.04E1,1.016E1));
#9208=DIRECTION('',(1.E0,0.E0,0.E0));
#9209=DIRECTION('',(0.E0,0.E0,1.E0));
#9210=AXIS2_PLACEMENT_3D('',#9207,#9208,#9209);
#9211=PLANE('',#9210);
#9212=ORIENTED_EDGE('',*,*,#4885,.T.);
#9214=ORIENTED_EDGE('',*,*,#9213,.F.);
#9215=ORIENTED_EDGE('',*,*,#4673,.F.);
#9216=ORIENTED_EDGE('',*,*,#4924,.T.);
#9217=EDGE_LOOP('',(#9212,#9214,#9215,#9216));
#9218=FACE_OUTER_BOUND('',#9217,.F.);
#9220=CARTESIAN_POINT('',(1.016E1,1.04E1,1.016E1));
#9221=DIRECTION('',(0.E0,-1.E0,0.E0));
#9222=DIRECTION('',(-1.E0,0.E0,0.E0));
#9223=AXIS2_PLACEMENT_3D('',#9220,#9221,#9222);
#9224=CYLINDRICAL_SURFACE('',#9223,1.8E0);
#9225=ORIENTED_EDGE('',*,*,#4883,.F.);
#9227=ORIENTED_EDGE('',*,*,#9226,.T.);
#9228=ORIENTED_EDGE('',*,*,#4675,.F.);
#9229=ORIENTED_EDGE('',*,*,#9213,.T.);
#9230=EDGE_LOOP('',(#9225,#9227,#9228,#9229));
#9231=FACE_OUTER_BOUND('',#9230,.F.);
#9233=CARTESIAN_POINT('',(1.196E1,1.04E1,1.1E1));
#9234=DIRECTION('',(-1.E0,0.E0,0.E0));
#9235=DIRECTION('',(0.E0,0.E0,-1.E0));
#9236=AXIS2_PLACEMENT_3D('',#9233,#9234,#9235);
#9237=PLANE('',#9236);
#9238=ORIENTED_EDGE('',*,*,#4881,.T.);
#9239=ORIENTED_EDGE('',*,*,#4708,.F.);
#9240=ORIENTED_EDGE('',*,*,#4677,.F.);
#9241=ORIENTED_EDGE('',*,*,#9226,.F.);
#9242=EDGE_LOOP('',(#9238,#9239,#9240,#9241));
#9243=FACE_OUTER_BOUND('',#9242,.F.);
#9245=CARTESIAN_POINT('',(2.286E1,1.085E1,0.E0));
#9246=DIRECTION('',(0.E0,-1.E0,0.E0));
#9247=DIRECTION('',(0.E0,0.E0,-1.E0));
#9248=AXIS2_PLACEMENT_3D('',#9245,#9246,#9247);
#9249=CONICAL_SURFACE('',#9248,5.75E-1,6.340191745910E0);
#9251=ORIENTED_EDGE('',*,*,#9250,.F.);
#9253=ORIENTED_EDGE('',*,*,#9252,.F.);
#9255=ORIENTED_EDGE('',*,*,#9254,.F.);
#9257=ORIENTED_EDGE('',*,*,#9256,.T.);
#9258=ORIENTED_EDGE('',*,*,#4759,.F.);
#9259=ORIENTED_EDGE('',*,*,#4757,.F.);
#9260=EDGE_LOOP('',(#9251,#9253,#9255,#9257,#9258,#9259));
#9261=FACE_OUTER_BOUND('',#9260,.F.);
#9263=CARTESIAN_POINT('',(2.286E1,1.085E1,0.E0));
#9264=DIRECTION('',(0.E0,-1.E0,0.E0));
#9265=DIRECTION('',(0.E0,0.E0,-1.E0));
#9266=AXIS2_PLACEMENT_3D('',#9263,#9264,#9265);
#9267=CONICAL_SURFACE('',#9266,5.75E-1,6.340191745910E0);
#9268=ORIENTED_EDGE('',*,*,#9250,.T.);
#9269=ORIENTED_EDGE('',*,*,#4763,.F.);
#9270=ORIENTED_EDGE('',*,*,#4761,.F.);
#9271=ORIENTED_EDGE('',*,*,#9256,.F.);
#9273=ORIENTED_EDGE('',*,*,#9272,.F.);
#9275=ORIENTED_EDGE('',*,*,#9274,.F.);
#9276=EDGE_LOOP('',(#9268,#9269,#9270,#9271,#9273,#9275));
#9277=FACE_OUTER_BOUND('',#9276,.F.);
#9279=CARTESIAN_POINT('',(0.E0,1.13E1,0.E0));
#9280=DIRECTION('',(0.E0,1.E0,0.E0));
#9281=DIRECTION('',(1.E0,0.E0,0.E0));
#9282=AXIS2_PLACEMENT_3D('',#9279,#9280,#9281);
#9283=PLANE('',#9282);
#9284=ORIENTED_EDGE('',*,*,#9274,.T.);
#9285=ORIENTED_EDGE('',*,*,#9272,.T.);
#9286=ORIENTED_EDGE('',*,*,#9254,.T.);
#9287=ORIENTED_EDGE('',*,*,#9252,.T.);
#9288=EDGE_LOOP('',(#9284,#9285,#9286,#9287));
#9289=FACE_OUTER_BOUND('',#9288,.F.);
#9291=CARTESIAN_POINT('',(2.286E1,1.085E1,-1.016E1));
#9292=DIRECTION('',(0.E0,-1.E0,0.E0));
#9293=DIRECTION('',(0.E0,0.E0,-1.E0));
#9294=AXIS2_PLACEMENT_3D('',#9291,#9292,#9293);
#9295=CONICAL_SURFACE('',#9294,5.75E-1,6.340191745910E0);
#9297=ORIENTED_EDGE('',*,*,#9296,.F.);
#9299=ORIENTED_EDGE('',*,*,#9298,.F.);
#9301=ORIENTED_EDGE('',*,*,#9300,.F.);
#9303=ORIENTED_EDGE('',*,*,#9302,.T.);
#9304=ORIENTED_EDGE('',*,*,#4769,.F.);
#9305=ORIENTED_EDGE('',*,*,#4767,.F.);
#9306=EDGE_LOOP('',(#9297,#9299,#9301,#9303,#9304,#9305));
#9307=FACE_OUTER_BOUND('',#9306,.F.);
#9309=CARTESIAN_POINT('',(2.286E1,1.085E1,-1.016E1));
#9310=DIRECTION('',(0.E0,-1.E0,0.E0));
#9311=DIRECTION('',(0.E0,0.E0,-1.E0));
#9312=AXIS2_PLACEMENT_3D('',#9309,#9310,#9311);
#9313=CONICAL_SURFACE('',#9312,5.75E-1,6.340191745910E0);
#9314=ORIENTED_EDGE('',*,*,#9296,.T.);
#9315=ORIENTED_EDGE('',*,*,#4773,.F.);
#9316=ORIENTED_EDGE('',*,*,#4771,.F.);
#9317=ORIENTED_EDGE('',*,*,#9302,.F.);
#9319=ORIENTED_EDGE('',*,*,#9318,.F.);
#9321=ORIENTED_EDGE('',*,*,#9320,.F.);
#9322=EDGE_LOOP('',(#9314,#9315,#9316,#9317,#9319,#9321));
#9323=FACE_OUTER_BOUND('',#9322,.F.);
#9325=CARTESIAN_POINT('',(0.E0,1.13E1,0.E0));
#9326=DIRECTION('',(0.E0,1.E0,0.E0));
#9327=DIRECTION('',(1.E0,0.E0,0.E0));
#9328=AXIS2_PLACEMENT_3D('',#9325,#9326,#9327);
#9329=PLANE('',#9328);
#9330=ORIENTED_EDGE('',*,*,#9320,.T.);
#9331=ORIENTED_EDGE('',*,*,#9318,.T.);
#9332=ORIENTED_EDGE('',*,*,#9300,.T.);
#9333=ORIENTED_EDGE('',*,*,#9298,.T.);
#9334=EDGE_LOOP('',(#9330,#9331,#9332,#9333));
#9335=FACE_OUTER_BOUND('',#9334,.F.);
#9337=CARTESIAN_POINT('',(2.286E1,1.085E1,1.016E1));
#9338=DIRECTION('',(0.E0,-1.E0,0.E0));
#9339=DIRECTION('',(0.E0,0.E0,-1.E0));
#9340=AXIS2_PLACEMENT_3D('',#9337,#9338,#9339);
#9341=CONICAL_SURFACE('',#9340,5.75E-1,6.340191745910E0);
#9343=ORIENTED_EDGE('',*,*,#9342,.F.);
#9345=ORIENTED_EDGE('',*,*,#9344,.F.);
#9347=ORIENTED_EDGE('',*,*,#9346,.F.);
#9349=ORIENTED_EDGE('',*,*,#9348,.T.);
#9350=ORIENTED_EDGE('',*,*,#4779,.F.);
#9351=ORIENTED_EDGE('',*,*,#4777,.F.);
#9352=EDGE_LOOP('',(#9343,#9345,#9347,#9349,#9350,#9351));
#9353=FACE_OUTER_BOUND('',#9352,.F.);
#9355=CARTESIAN_POINT('',(2.286E1,1.085E1,1.016E1));
#9356=DIRECTION('',(0.E0,-1.E0,0.E0));
#9357=DIRECTION('',(0.E0,0.E0,-1.E0));
#9358=AXIS2_PLACEMENT_3D('',#9355,#9356,#9357);
#9359=CONICAL_SURFACE('',#9358,5.75E-1,6.340191745910E0);
#9360=ORIENTED_EDGE('',*,*,#9342,.T.);
#9361=ORIENTED_EDGE('',*,*,#4783,.F.);
#9362=ORIENTED_EDGE('',*,*,#4781,.F.);
#9363=ORIENTED_EDGE('',*,*,#9348,.F.);
#9365=ORIENTED_EDGE('',*,*,#9364,.F.);
#9367=ORIENTED_EDGE('',*,*,#9366,.F.);
#9368=EDGE_LOOP('',(#9360,#9361,#9362,#9363,#9365,#9367));
#9369=FACE_OUTER_BOUND('',#9368,.F.);
#9371=CARTESIAN_POINT('',(0.E0,1.13E1,0.E0));
#9372=DIRECTION('',(0.E0,1.E0,0.E0));
#9373=DIRECTION('',(1.E0,0.E0,0.E0));
#9374=AXIS2_PLACEMENT_3D('',#9371,#9372,#9373);
#9375=PLANE('',#9374);
#9376=ORIENTED_EDGE('',*,*,#9366,.T.);
#9377=ORIENTED_EDGE('',*,*,#9364,.T.);
#9378=ORIENTED_EDGE('',*,*,#9346,.T.);
#9379=ORIENTED_EDGE('',*,*,#9344,.T.);
#9380=EDGE_LOOP('',(#9376,#9377,#9378,#9379));
#9381=FACE_OUTER_BOUND('',#9380,.F.);
#9383=CLOSED_SHELL('',(#4543,#4561,#4581,#4596,#4609,#4697,#4720,#4787,#4807,
#4822,#4836,#4849,#4867,#4899,#4929,#4943,#4975,#4989,#5057,#5072,#5087,#5118,
#5133,#5147,#5161,#5180,#5193,#5227,#5242,#5258,#5293,#5308,#5322,#5341,#5356,
#5372,#5387,#5399,#5412,#5424,#5495,#5510,#5524,#5538,#5552,#5566,#5580,#5594,
#5614,#5629,#5649,#5661,#5729,#5750,#5763,#5775,#5788,#5803,#5816,#5831,#5844,
#5859,#5872,#5900,#5913,#5925,#5939,#5970,#5982,#5995,#6008,#6028,#6041,#6054,
#6067,#6082,#6095,#6108,#6120,#6139,#6154,#6172,#6184,#6197,#6209,#6227,#6243,
#6259,#6273,#6362,#6390,#6405,#6447,#6467,#6493,#6507,#6526,#6539,#6552,#6564,
#6577,#6598,#6619,#6640,#6661,#6688,#6703,#6723,#6736,#6749,#6761,#6775,#6802,
#6817,#6837,#6850,#6863,#6875,#6889,#6910,#6931,#6952,#6972,#6997,#7010,#7023,
#7035,#7049,#7070,#7091,#7140,#7162,#7184,#7205,#7223,#7242,#7262,#7282,#7302,
#7323,#7343,#7362,#7381,#7406,#7422,#7438,#7452,#7462,#7480,#7496,#7512,#7526,
#7536,#7553,#7568,#7584,#7598,#7608,#7625,#7640,#7656,#7670,#7680,#7695,#7709,
#7726,#7742,#7758,#7771,#7788,#7804,#7820,#7833,#7850,#7868,#7888,#7902,#7914,
#7930,#7943,#7960,#7978,#7998,#8012,#8024,#8040,#8053,#8072,#8087,#8105,#8117,
#8130,#8142,#8160,#8176,#8188,#8206,#8222,#8234,#8252,#8268,#8280,#8301,#8321,
#8349,#8364,#8378,#8391,#8404,#8418,#8448,#8466,#8479,#8492,#8505,#8518,#8532,
#8547,#8561,#8574,#8586,#8599,#8610,#8623,#8636,#8648,#8660,#8675,#8689,#8703,
#8715,#8728,#8743,#8760,#8772,#8785,#8796,#8811,#8822,#8834,#8849,#8866,#8878,
#8891,#8902,#8917,#8930,#8943,#8955,#8968,#8981,#8994,#9007,#9020,#9032,#9047,
#9064,#9076,#9089,#9100,#9115,#9126,#9138,#9153,#9170,#9182,#9195,#9206,#9219,
#9232,#9244,#9262,#9278,#9290,#9308,#9324,#9336,#9354,#9370,#9382));
#9384=MANIFOLD_SOLID_BREP('',#9383);
#9387=PLANE_ANGLE_MEASURE_WITH_UNIT(PLANE_ANGLE_MEASURE(1.745329251994E-2),
#9386);
#9388=(CONVERSION_BASED_UNIT('DEGREE',#9387)NAMED_UNIT(*)PLANE_ANGLE_UNIT());
#9390=UNCERTAINTY_MEASURE_WITH_UNIT(LENGTH_MEASURE(5.800664446582E-3),#9385,
'distance_accuracy_value',
'Maximum model space distance between geometric entities at asserted connectivities');
#9392=CARTESIAN_POINT('',(0.E0,0.E0,0.E0));
#9393=DIRECTION('',(0.E0,0.E0,1.E0));
#9394=DIRECTION('',(1.E0,0.E0,0.E0));
#9397=APPLICATION_CONTEXT('automotive_design');
#9398=APPLICATION_PROTOCOL_DEFINITION('international standard',
'automotive_design',2001,#9397);
#9399=PRODUCT_DEFINITION_CONTEXT('part definition',#9397,'design');
#9400=PRODUCT_CONTEXT('',#9397,'mechanical');
#9401=PRODUCT('MANIFOLD_SOLID_BREP_8609','MANIFOLD_SOLID_BREP_8609',
'NOT SPECIFIED',(#9400));
#9402=PRODUCT_DEFINITION_FORMATION('1','LAST_VERSION',#9401);
#9410=DERIVED_UNIT_ELEMENT(#9409,2.E0);
#9411=DERIVED_UNIT((#9410));
#9412=MEASURE_REPRESENTATION_ITEM('surface area measure',AREA_MEASURE(
8.338759890362E3),#9411);
#9417=DERIVED_UNIT_ELEMENT(#9416,3.E0);
#9418=DERIVED_UNIT((#9417));
#9419=MEASURE_REPRESENTATION_ITEM('volume measure',VOLUME_MEASURE(
3.587461276116E3),#9418);
#9423=CARTESIAN_POINT('centre point',(1.341815056185E-2,7.089334587172E0,
-2.155830050760E-3));
#9428=DERIVED_UNIT_ELEMENT(#9427,2.E0);
#9429=DERIVED_UNIT((#9428));
#9430=MEASURE_REPRESENTATION_ITEM('surface area measure',AREA_MEASURE(
8.338759890362E3),#9429);
#9435=DERIVED_UNIT_ELEMENT(#9434,3.E0);
#9436=DERIVED_UNIT((#9435));
#9437=MEASURE_REPRESENTATION_ITEM('volume measure',VOLUME_MEASURE(
3.587461276116E3),#9436);
#9441=CARTESIAN_POINT('centre point',(1.341815056185E-2,7.089334587172E0,
-2.155830050760E-3));
#9447=GENERAL_PROPERTY('','DESCRIPTION','user defined attribute');
#9448=GENERAL_PROPERTY_ASSOCIATION('user defined attribute','',#9447,#9446);
#9449=DESCRIPTIVE_REPRESENTATION_ITEM('DESCRIPTION','');
#9453=GENERAL_PROPERTY('','MODELED_BY','user defined attribute');
#9454=GENERAL_PROPERTY_ASSOCIATION('user defined attribute','',#9453,#9452);
#9455=DESCRIPTIVE_REPRESENTATION_ITEM('MODELED_BY','');
#9463=CARTESIAN_POINT('centre point',(1.341815056185E-2,7.089334587172E0,
-2.155830050760E-3));
#9467=CARTESIAN_POINT('',(0.E0,0.E0,0.E0));
#9468=DIRECTION('',(0.E0,0.E0,1.E0));
#9469=DIRECTION('',(1.E0,0.E0,0.E0));
#9470=AXIS2_PLACEMENT_3D('',#9467,#9468,#9469);
#9471=ITEM_DEFINED_TRANSFORMATION('','',#9395,#9470);
#9472=(REPRESENTATION_RELATIONSHIP('','',#9396,#9460)REPRESENTATION_RELATIONSHIP_WITH_TRANSFORMATION(#9471)SHAPE_REPRESENTATION_RELATIONSHIP());
#9473=CONTEXT_DEPENDENT_SHAPE_REPRESENTATION(#9472,#9462);
#9475=DIRECTION('',(1.944118784089E-8,-1.E0,1.086070804441E-13));
#9476=VECTOR('',#9475,1.139999999999E1);
#9477=CARTESIAN_POINT('',(1.015999977837E1,1.549999999999E1,1.066E1));
#9478=LINE('',#9477,#9476);
#9479=DRAUGHTING_PRE_DEFINED_CURVE_FONT('continuous');
#9480=CURVE_STYLE('',#9479,POSITIVE_LENGTH_MEASURE(2.E-2),#59);
#9481=PRESENTATION_STYLE_ASSIGNMENT((#9480));
#9482=STYLED_ITEM('',(#9481),#9478);
#9483=CARTESIAN_POINT('',(1.016E1,1.549999999999E1,1.016E1));
#9484=DIRECTION('',(7.610901351816E-13,-1.E0,2.597911020089E-12));
#9485=DIRECTION('',(4.320099833440E-12,2.597033699214E-12,1.E0));
#9486=AXIS2_PLACEMENT_3D('',#9483,#9484,#9485);
#9488=CURVE_STYLE('',#9479,POSITIVE_LENGTH_MEASURE(2.E-2),#59);
#9489=PRESENTATION_STYLE_ASSIGNMENT((#9488));
#9490=STYLED_ITEM('',(#9489),#9487);
#9491=CARTESIAN_POINT('',(1.015999982262E1,1.549999999999E1,1.006000000002E1));
#9492=DIRECTION('',(9.999999999984E-1,7.610857179768E-13,-1.773795082954E-6));
#9493=DIRECTION('',(-1.773795084056E-6,-2.597921877488E-12,-9.999999999984E-1));
#9494=AXIS2_PLACEMENT_3D('',#9491,#9492,#9493);
#9496=CURVE_STYLE('',#9479,POSITIVE_LENGTH_MEASURE(2.E-2),#59);
#9497=PRESENTATION_STYLE_ASSIGNMENT((#9496));
#9498=STYLED_ITEM('',(#9497),#9495);
#9499=CARTESIAN_POINT('',(1.016E1,1.590000000001E1,1.016E1));
#9500=DIRECTION('',(7.610901351816E-13,-1.E0,2.597911020089E-12));
#9501=DIRECTION('',(2.549033894610E-11,2.593442150614E-12,1.E0));
#9502=AXIS2_PLACEMENT_3D('',#9499,#9500,#9501);
#9504=CURVE_STYLE('',#9479,POSITIVE_LENGTH_MEASURE(2.E-2),#59);
#9505=PRESENTATION_STYLE_ASSIGNMENT((#9504));
#9506=STYLED_ITEM('',(#9505),#9503);
#9507=CARTESIAN_POINT('',(1.016E1,1.590000000001E1,1.016E1));
#9508=DIRECTION('',(-1.377615663681E-11,-1.E0,-3.792694975318E-12));
#9509=DIRECTION('',(-2.378506191555E-11,3.801346713912E-12,-1.E0));
#9510=AXIS2_PLACEMENT_3D('',#9507,#9508,#9509);
#9512=CURVE_STYLE('',#9479,POSITIVE_LENGTH_MEASURE(2.E-2),#59);
#9513=PRESENTATION_STYLE_ASSIGNMENT((#9512));
#9514=STYLED_ITEM('',(#9513),#9511);
#9515=CARTESIAN_POINT('',(1.016E1,1.549999999999E1,1.016E1));
#9516=DIRECTION('',(-1.377615663681E-11,-1.E0,-3.792694975318E-12));
#9517=DIRECTION('',(-2.216560162076E-7,3.794298208947E-12,-1.E0));
#9518=AXIS2_PLACEMENT_3D('',#9515,#9516,#9517);
#9520=CURVE_STYLE('',#9479,POSITIVE_LENGTH_MEASURE(2.E-2),#59);
#9521=PRESENTATION_STYLE_ASSIGNMENT((#9520));
#9522=STYLED_ITEM('',(#9521),#9519);
#9523=CARTESIAN_POINT('',(1.016000017737E1,1.549999999999E1,1.025999999998E1));
#9524=DIRECTION('',(-9.999999999984E-1,1.377615110031E-11,1.773708390745E-6));
#9525=DIRECTION('',(1.773708388943E-6,-3.792521851885E-12,9.999999999984E-1));
#9526=AXIS2_PLACEMENT_3D('',#9523,#9524,#9525);
#9528=CURVE_STYLE('',#9479,POSITIVE_LENGTH_MEASURE(2.E-2),#59);
#9529=PRESENTATION_STYLE_ASSIGNMENT((#9528));
#9530=STYLED_ITEM('',(#9529),#9527);
#9531=DIRECTION('',(-2.106046237991E-8,-1.E0,-8.772709654240E-14));
#9532=VECTOR('',#9531,1.139999999999E1);
#9533=CARTESIAN_POINT('',(1.016000016620E1,1.549999999999E1,9.660000000001E0));
#9534=LINE('',#9533,#9532);
#9535=CURVE_STYLE('',#9479,POSITIVE_LENGTH_MEASURE(2.E-2),#59);
#9536=PRESENTATION_STYLE_ASSIGNMENT((#9535));
#9537=STYLED_ITEM('',(#9536),#9534);
#9538=CARTESIAN_POINT('',(1.016E1,4.1E0,1.016E1));
#9539=DIRECTION('',(0.E0,-1.E0,0.E0));
#9540=DIRECTION('',(0.E0,0.E0,-1.E0));
#9541=AXIS2_PLACEMENT_3D('',#9538,#9539,#9540);
#9543=CURVE_STYLE('',#9479,POSITIVE_LENGTH_MEASURE(2.E-2),#59);
#9544=PRESENTATION_STYLE_ASSIGNMENT((#9543));
#9545=STYLED_ITEM('',(#9544),#9542);
#9546=CARTESIAN_POINT('',(1.016E1,4.1E0,1.016E1));
#9547=DIRECTION('',(0.E0,-1.E0,0.E0));
#9548=DIRECTION('',(0.E0,0.E0,1.E0));
#9549=AXIS2_PLACEMENT_3D('',#9546,#9547,#9548);
#9551=CURVE_STYLE('',#9479,POSITIVE_LENGTH_MEASURE(2.E-2),#59);
#9552=PRESENTATION_STYLE_ASSIGNMENT((#9551));
#9553=STYLED_ITEM('',(#9552),#9550);
#9554=CARTESIAN_POINT('',(1.016E1,4.1E0,1.016E1));
#9555=DIRECTION('',(0.E0,1.E0,0.E0));
#9556=DIRECTION('',(0.E0,0.E0,1.E0));
#9557=AXIS2_PLACEMENT_3D('',#9554,#9555,#9556);
#9559=CURVE_STYLE('',#9479,POSITIVE_LENGTH_MEASURE(2.E-2),#59);
#9560=PRESENTATION_STYLE_ASSIGNMENT((#9559));
#9561=STYLED_ITEM('',(#9560),#9558);
#9562=CARTESIAN_POINT('',(1.016E1,4.1E0,1.016E1));
#9563=DIRECTION('',(0.E0,1.E0,0.E0));
#9564=DIRECTION('',(0.E0,0.E0,-1.E0));
#9565=AXIS2_PLACEMENT_3D('',#9562,#9563,#9564);
#9567=CURVE_STYLE('',#9479,POSITIVE_LENGTH_MEASURE(2.E-2),#59);
#9568=PRESENTATION_STYLE_ASSIGNMENT((#9567));
#9569=STYLED_ITEM('',(#9568),#9566);
#9570=DIRECTION('',(0.E0,-1.E0,0.E0));
#9571=VECTOR('',#9570,5.E-1);
#9572=CARTESIAN_POINT('',(1.016E1,4.1E0,9.16E0));
#9573=LINE('',#9572,#9571);
#9574=CURVE_STYLE('',#9479,POSITIVE_LENGTH_MEASURE(2.E-2),#59);
#9575=PRESENTATION_STYLE_ASSIGNMENT((#9574));
#9576=STYLED_ITEM('',(#9575),#9573);
#9577=CARTESIAN_POINT('',(1.016E1,3.6E0,1.016E1));
#9578=DIRECTION('',(0.E0,1.E0,0.E0));
#9579=DIRECTION('',(0.E0,0.E0,1.E0));
#9580=AXIS2_PLACEMENT_3D('',#9577,#9578,#9579);
#9582=CURVE_STYLE('',#9479,POSITIVE_LENGTH_MEASURE(2.E-2),#59);
#9583=PRESENTATION_STYLE_ASSIGNMENT((#9582));
#9584=STYLED_ITEM('',(#9583),#9581);
#9585=CARTESIAN_POINT('',(1.016E1,3.6E0,1.016E1));
#9586=DIRECTION('',(0.E0,1.E0,0.E0));
#9587=DIRECTION('',(0.E0,0.E0,-1.E0));
#9588=AXIS2_PLACEMENT_3D('',#9585,#9586,#9587);
#9590=CURVE_STYLE('',#9479,POSITIVE_LENGTH_MEASURE(2.E-2),#59);
#9591=PRESENTATION_STYLE_ASSIGNMENT((#9590));
#9592=STYLED_ITEM('',(#9591),#9589);
#9593=CARTESIAN_POINT('',(1.016E1,3.6E0,1.016E1));
#9594=DIRECTION('',(0.E0,-1.E0,0.E0));
#9595=DIRECTION('',(-1.E0,0.E0,0.E0));
#9596=AXIS2_PLACEMENT_3D('',#9593,#9594,#9595);
#9598=CURVE_STYLE('',#9479,POSITIVE_LENGTH_MEASURE(2.E-2),#59);
#9599=PRESENTATION_STYLE_ASSIGNMENT((#9598));
#9600=STYLED_ITEM('',(#9599),#9597);
#9601=CARTESIAN_POINT('',(1.016E1,3.6E0,1.016E1));
#9602=DIRECTION('',(0.E0,-1.E0,0.E0));
#9603=DIRECTION('',(1.E0,0.E0,0.E0));
#9604=AXIS2_PLACEMENT_3D('',#9601,#9602,#9603);
#9606=CURVE_STYLE('',#9479,POSITIVE_LENGTH_MEASURE(2.E-2),#59);
#9607=PRESENTATION_STYLE_ASSIGNMENT((#9606));
#9608=STYLED_ITEM('',(#9607),#9605);
#9609=DIRECTION('',(0.E0,-1.E0,0.E0));
#9610=VECTOR('',#9609,5.E-1);
#9611=CARTESIAN_POINT('',(1.016E1,4.1E0,1.116E1));
#9612=LINE('',#9611,#9610);
#9613=CURVE_STYLE('',#9479,POSITIVE_LENGTH_MEASURE(2.E-2),#59);
#9614=PRESENTATION_STYLE_ASSIGNMENT((#9613));
#9615=STYLED_ITEM('',(#9614),#9612);
#9616=DIRECTION('',(3.681903267120E-13,1.E0,1.091312963230E-7));
#9617=VECTOR('',#9616,2.2E0);
#9618=CARTESIAN_POINT('',(1.066E1,1.4E0,1.015999983380E1));
#9619=LINE('',#9618,#9617);
#9620=CURVE_STYLE('',#9479,POSITIVE_LENGTH_MEASURE(2.E-2),#59);
#9621=PRESENTATION_STYLE_ASSIGNMENT((#9620));
#9622=STYLED_ITEM('',(#9621),#9619);
#9623=CARTESIAN_POINT('',(1.016E1,1.4E0,1.016E1));
#9624=DIRECTION('',(9.779370452498E-12,1.E0,6.016438778385E-12));
#9625=DIRECTION('',(1.E0,-9.779288490108E-12,2.216627734697E-7));
#9626=AXIS2_PLACEMENT_3D('',#9623,#9624,#9625);
#9628=CURVE_STYLE('',#9479,POSITIVE_LENGTH_MEASURE(2.E-2),#59);
#9629=PRESENTATION_STYLE_ASSIGNMENT((#9628));
#9630=STYLED_ITEM('',(#9629),#9627);
#9631=CARTESIAN_POINT('',(1.006E1,1.400000000001E0,1.015999982263E1));
#9632=DIRECTION('',(-1.773701769237E-6,-6.016419978867E-12,9.999999999984E-1));
#9633=DIRECTION('',(-9.999999999984E-1,9.779399512412E-12,-1.773701767683E-6));
#9634=AXIS2_PLACEMENT_3D('',#9631,#9632,#9633);
#9636=CURVE_STYLE('',#9479,POSITIVE_LENGTH_MEASURE(2.E-2),#59);
#9637=PRESENTATION_STYLE_ASSIGNMENT((#9636));
#9638=STYLED_ITEM('',(#9637),#9635);
#9639=CARTESIAN_POINT('',(1.016E1,1.000000000003E0,1.016E1));
#9640=DIRECTION('',(-7.385550641735E-12,1.E0,-1.010251486745E-11));
#9641=DIRECTION('',(-1.E0,-7.385092971920E-12,-2.744430220473E-11));
#9642=AXIS2_PLACEMENT_3D('',#9639,#9640,#9641);
#9644=CURVE_STYLE('',#9479,POSITIVE_LENGTH_MEASURE(2.E-2),#59);
#9645=PRESENTATION_STYLE_ASSIGNMENT((#9644));
#9646=STYLED_ITEM('',(#9645),#9643);
#9647=CARTESIAN_POINT('',(1.016E1,1.000000000003E0,1.016E1));
#9648=DIRECTION('',(9.779370452498E-12,1.E0,6.016438778385E-12));
#9649=DIRECTION('',(1.E0,-9.778697970034E-12,2.746206550713E-11));
#9650=AXIS2_PLACEMENT_3D('',#9647,#9648,#9649);
#9652=CURVE_STYLE('',#9479,POSITIVE_LENGTH_MEASURE(2.E-2),#59);
#9653=PRESENTATION_STYLE_ASSIGNMENT((#9652));
#9654=STYLED_ITEM('',(#9653),#9651);
#9655=CARTESIAN_POINT('',(1.016E1,1.4E0,1.016E1));
#9656=DIRECTION('',(-7.385550641735E-12,1.E0,-1.010251486745E-11));
#9657=DIRECTION('',(-1.E0,-7.385647649021E-12,2.589928271847E-12));
#9658=AXIS2_PLACEMENT_3D('',#9655,#9656,#9657);
#9660=CURVE_STYLE('',#9479,POSITIVE_LENGTH_MEASURE(2.E-2),#59);
#9661=PRESENTATION_STYLE_ASSIGNMENT((#9660));
#9662=STYLED_ITEM('',(#9661),#9659);
#9663=CARTESIAN_POINT('',(1.026E1,1.400000000001E0,1.016000017738E1));
#9664=DIRECTION('',(1.773802145777E-6,-1.010250117817E-11,-9.999999999984E-1));
#9665=DIRECTION('',(9.999999999984E-1,7.385758671318E-12,1.773802145166E-6));
#9666=AXIS2_PLACEMENT_3D('',#9663,#9664,#9665);
#9668=CURVE_STYLE('',#9479,POSITIVE_LENGTH_MEASURE(2.E-2),#59);
#9669=PRESENTATION_STYLE_ASSIGNMENT((#9668));
#9670=STYLED_ITEM('',(#9669),#9667);
#9671=DIRECTION('',(-5.870051919292E-13,1.E0,-1.007405649809E-7));
#9672=VECTOR('',#9671,2.199999999999E0);
#9673=CARTESIAN_POINT('',(9.660000000001E0,1.400000000001E0,1.016000022163E1));
#9674=LINE('',#9673,#9672);
#9675=CURVE_STYLE('',#9479,POSITIVE_LENGTH_MEASURE(2.E-2),#59);
#9676=PRESENTATION_STYLE_ASSIGNMENT((#9675));
#9677=STYLED_ITEM('',(#9676),#9674);
#9678=CARTESIAN_POINT('',(1.016E1,1.549999999999E1,1.066E1));
#9679=CARTESIAN_POINT('',(1.015999988917E1,1.549999999999E1,9.66E0));
#9680=VERTEX_POINT('',#9678);
#9681=VERTEX_POINT('',#9679);
#9682=CARTESIAN_POINT('',(1.016E1,4.1E0,1.066E1));
#9683=VERTEX_POINT('',#9682);
#9684=CARTESIAN_POINT('',(1.016E1,4.1E0,9.66E0));
#9685=VERTEX_POINT('',#9684);
#9686=CARTESIAN_POINT('',(1.016E1,1.590000000001E1,1.026000149742E1));
#9687=CARTESIAN_POINT('',(1.016E1,1.590000000001E1,1.005999850257E1));
#9688=VERTEX_POINT('',#9686);
#9689=VERTEX_POINT('',#9687);
#9690=CARTESIAN_POINT('',(1.016E1,4.1E0,9.16E0));
#9691=CARTESIAN_POINT('',(1.016E1,4.1E0,1.116E1));
#9692=VERTEX_POINT('',#9690);
#9693=VERTEX_POINT('',#9691);
#9694=CARTESIAN_POINT('',(1.016E1,3.6E0,1.116E1));
#9695=CARTESIAN_POINT('',(1.016E1,3.6E0,9.16E0));
#9696=VERTEX_POINT('',#9694);
#9697=VERTEX_POINT('',#9695);
#9698=CARTESIAN_POINT('',(9.66E0,3.6E0,1.016E1));
#9699=CARTESIAN_POINT('',(1.066E1,3.6E0,1.016E1));
#9700=VERTEX_POINT('',#9698);
#9701=VERTEX_POINT('',#9699);
#9702=CARTESIAN_POINT('',(1.066E1,1.399999999996E0,1.016000011083E1));
#9703=CARTESIAN_POINT('',(9.660000000001E0,1.400000000005E0,1.016E1));
#9704=VERTEX_POINT('',#9702);
#9705=VERTEX_POINT('',#9703);
#9706=CARTESIAN_POINT('',(1.026000149744E1,1.000000000002E0,1.016E1));
#9707=CARTESIAN_POINT('',(1.005999850255E1,1.000000000004E0,1.016E1));
#9708=VERTEX_POINT('',#9706);
#9709=VERTEX_POINT('',#9707);
#9710=CARTESIAN_POINT('',(1.016E1,4.1E0,1.016E1));
#9711=DIRECTION('',(0.E0,1.E0,0.E0));
#9712=DIRECTION('',(0.E0,0.E0,1.E0));
#9713=AXIS2_PLACEMENT_3D('',#9710,#9711,#9712);
#9714=CYLINDRICAL_SURFACE('',#9713,5.E-1);
#9716=ORIENTED_EDGE('',*,*,#9715,.F.);
#9718=ORIENTED_EDGE('',*,*,#9717,.T.);
#9720=ORIENTED_EDGE('',*,*,#9719,.F.);
#9722=ORIENTED_EDGE('',*,*,#9721,.F.);
#9723=EDGE_LOOP('',(#9716,#9718,#9720,#9722));
#9724=FACE_OUTER_BOUND('',#9723,.F.);
#9726=CARTESIAN_POINT('',(1.025042303128E1,1.548180648876E1,9.668665208073E0));
#9727=CARTESIAN_POINT('',(1.025249417858E1,1.573313165903E1,9.657411142459E0));
#9728=CARTESIAN_POINT('',(1.022029537511E1,1.591102938855E1,9.832370908548E0));
#9729=CARTESIAN_POINT('',(1.017480654834E1,1.589958600784E1,1.007954513968E1));
#9730=CARTESIAN_POINT('',(9.919207490216E0,1.548180648876E1,9.607709799006E0));
#9731=CARTESIAN_POINT('',(9.913692117096E0,1.573313165903E1,9.595059544511E0));
#9732=CARTESIAN_POINT('',(9.999436098348E0,1.591102938855E1,9.791724966881E0));
#9733=CARTESIAN_POINT('',(1.012057082043E1,1.589958600784E1,1.006956384179E1));
#9734=CARTESIAN_POINT('',(9.660414296325E0,1.548180648876E1,9.823221699681E0));
#9735=CARTESIAN_POINT('',(9.648971242869E0,1.573313165903E1,9.815507763783E0));
#9736=CARTESIAN_POINT('',(9.826869082168E0,1.591102938855E1,9.935431395522E0));
#9737=CARTESIAN_POINT('',(1.007819407324E1,1.589958600784E1,1.010485338397E1));
#9738=CARTESIAN_POINT('',(9.660413969027E0,1.548180648876E1,1.015999951447E1));
#9739=CARTESIAN_POINT('',(9.648970908074E0,1.573313165904E1,1.015999950335E1));
#9740=CARTESIAN_POINT('',(9.826868863921E0,1.591102938855E1,1.015999967624E1));
#9741=CARTESIAN_POINT('',(1.007819401964E1,1.589958600784E1,1.015999992049E1));
#9742=CARTESIAN_POINT('',(9.660413641729E0,1.548180648876E1,1.049677732927E1));
#9743=CARTESIAN_POINT('',(9.648970573279E0,1.573313165904E1,1.050449124292E1));
#9744=CARTESIAN_POINT('',(9.826868645674E0,1.591102938855E1,1.038456795696E1));
#9745=CARTESIAN_POINT('',(1.007819396605E1,1.589958600784E1,1.021514645701E1));
#9746=CARTESIAN_POINT('',(9.919206416728E0,1.548180648876E1,1.071228973296E1));
#9747=CARTESIAN_POINT('',(9.913691019020E0,1.573313165904E1,1.072493997673E1));
#9748=CARTESIAN_POINT('',(9.999435382531E0,1.591102938855E1,1.052827472102E1));
#9749=CARTESIAN_POINT('',(1.012057064465E1,1.589958600784E1,1.025043608156E1));
#9750=CARTESIAN_POINT('',(1.025042207627E1,1.548180648876E1,1.065133496768E1));
#9751=CARTESIAN_POINT('',(1.025249320169E1,1.573313165904E1,1.066258903731E1));
#9752=CARTESIAN_POINT('',(1.022029473830E1,1.591102938855E1,1.048762920864E1));
#9753=CARTESIAN_POINT('',(1.017480639196E1,1.589958600784E1,1.024045488909E1));
#9754=(BOUNDED_SURFACE()B_SPLINE_SURFACE(3,3,((#9726,#9727,#9728,#9729),(#9730,
#9731,#9732,#9733),(#9734,#9735,#9736,#9737),(#9738,#9739,#9740,#9741),(#9742,
#9743,#9744,#9745),(#9746,#9747,#9748,#9749),(#9750,#9751,#9752,#9753)),
.UNSPECIFIED.,.F.,.F.,.F.)B_SPLINE_SURFACE_WITH_KNOTS((4,3,4),(4,4),(0.E0,1.E0,
2.E0),(0.E0,1.E0),.UNSPECIFIED.)GEOMETRIC_REPRESENTATION_ITEM()RATIONAL_B_SPLINE_SURFACE(((1.456886437014E0,1.140462962782E0,1.140462962782E0,1.456886437014E0),(
1.107159720326E0,8.666939459627E-1,8.666939459627E-1,1.107159720326E0),(
1.107159720326E0,8.666939459627E-1,8.666939459627E-1,1.107159720326E0),(
1.456886437014E0,1.140462962782E0,1.140462962782E0,1.456886437014E0),(
1.107159720326E0,8.666939459627E-1,8.666939459627E-1,1.107159720326E0),(
1.107159720326E0,8.666939459627E-1,8.666939459627E-1,1.107159720326E0),(
1.456886437014E0,1.140462962782E0,1.140462962782E0,1.456886437014E0)))REPRESENTATION_ITEM('')SURFACE());
#9756=ORIENTED_EDGE('',*,*,#9755,.F.);
#9758=ORIENTED_EDGE('',*,*,#9757,.F.);
#9759=ORIENTED_EDGE('',*,*,#9715,.T.);
#9761=ORIENTED_EDGE('',*,*,#9760,.T.);
#9762=EDGE_LOOP('',(#9756,#9758,#9759,#9761));
#9763=FACE_OUTER_BOUND('',#9762,.F.);
#9765=CARTESIAN_POINT('',(1.016E1,1.59E1,1.016E1));
#9766=DIRECTION('',(0.E0,1.E0,0.E0));
#9767=DIRECTION('',(0.E0,0.E0,1.E0));
#9768=AXIS2_PLACEMENT_3D('',#9765,#9766,#9767);
#9769=PLANE('',#9768);
#9770=ORIENTED_EDGE('',*,*,#9755,.T.);
#9772=ORIENTED_EDGE('',*,*,#9771,.T.);
#9773=EDGE_LOOP('',(#9770,#9772));
#9774=FACE_OUTER_BOUND('',#9773,.F.);
#9776=CARTESIAN_POINT('',(1.006957696871E1,1.548180648875E1,1.065133479193E1));
#9777=CARTESIAN_POINT('',(1.006750582142E1,1.573313165903E1,1.066258885754E1));
#9778=CARTESIAN_POINT('',(1.009970462489E1,1.591102938855E1,1.048762909145E1));
#9779=CARTESIAN_POINT('',(1.014519345166E1,1.589958600784E1,1.024045486032E1));
#9780=CARTESIAN_POINT('',(1.040079250978E1,1.548180648875E1,1.071229020100E1));
#9781=CARTESIAN_POINT('',(1.040630788290E1,1.573313165903E1,1.072494045549E1));
#9782=CARTESIAN_POINT('',(1.032056390165E1,1.591102938854E1,1.052827503312E1));
#9783=CARTESIAN_POINT('',(1.019942917957E1,1.589958600784E1,1.025043615821E1));
#9784=CARTESIAN_POINT('',(1.065958570367E1,1.548180648875E1,1.049677830032E1));
#9785=CARTESIAN_POINT('',(1.067102875713E1,1.573313165903E1,1.050449223622E1));
#9786=CARTESIAN_POINT('',(1.049313091783E1,1.591102938854E1,1.038456860448E1));
#9787=CARTESIAN_POINT('',(1.024180592676E1,1.589958600784E1,1.021514661603E1));
#9788=CARTESIAN_POINT('',(1.065958603097E1,1.548180648875E1,1.016000048552E1));
#9789=CARTESIAN_POINT('',(1.067102909193E1,1.573313165903E1,1.016000049665E1));
#9790=CARTESIAN_POINT('',(1.049313113608E1,1.591102938854E1,1.016000032376E1));
#9791=CARTESIAN_POINT('',(1.024180598036E1,1.589958600784E1,1.016000007951E1));
#9792=CARTESIAN_POINT('',(1.065958635827E1,1.548180648875E1,9.823222670730E0));
#9793=CARTESIAN_POINT('',(1.067102942672E1,1.573313165903E1,9.815508757075E0));
#9794=CARTESIAN_POINT('',(1.049313135433E1,1.591102938854E1,9.935432043035E0));
#9795=CARTESIAN_POINT('',(1.024180603395E1,1.589958600784E1,1.010485354299E1));
#9796=CARTESIAN_POINT('',(1.040079358327E1,1.548180648875E1,9.607710267036E0));
#9797=CARTESIAN_POINT('',(1.040630898098E1,1.573313165903E1,9.595060023264E0));
#9798=CARTESIAN_POINT('',(1.032056461747E1,1.591102938855E1,9.791725278974E0));
#9799=CARTESIAN_POINT('',(1.019942935535E1,1.589958600784E1,1.006956391844E1));
#9800=CARTESIAN_POINT('',(1.006957792372E1,1.548180648876E1,9.668665032319E0));
#9801=CARTESIAN_POINT('',(1.006750679830E1,1.573313165904E1,9.657410962681E0));
#9802=CARTESIAN_POINT('',(1.009970526170E1,1.591102938855E1,9.832370791357E0));
#9803=CARTESIAN_POINT('',(1.014519360804E1,1.589958600784E1,1.007954511091E1));
#9804=(BOUNDED_SURFACE()B_SPLINE_SURFACE(3,3,((#9776,#9777,#9778,#9779),(#9780,
#9781,#9782,#9783),(#9784,#9785,#9786,#9787),(#9788,#9789,#9790,#9791),(#9792,
#9793,#9794,#9795),(#9796,#9797,#9798,#9799),(#9800,#9801,#9802,#9803)),
.UNSPECIFIED.,.F.,.F.,.F.)B_SPLINE_SURFACE_WITH_KNOTS((4,3,4),(4,4),(0.E0,1.E0,
2.E0),(0.E0,1.E0),.UNSPECIFIED.)GEOMETRIC_REPRESENTATION_ITEM()RATIONAL_B_SPLINE_SURFACE(((1.456886437013E0,1.140462962781E0,1.140462962781E0,1.456886437013E0),(
1.107159720326E0,8.666939459629E-1,8.666939459629E-1,1.107159720326E0),(
1.107159720326E0,8.666939459629E-1,8.666939459629E-1,1.107159720326E0),(
1.456886437013E0,1.140462962781E0,1.140462962781E0,1.456886437013E0),(
1.107159720326E0,8.666939459629E-1,8.666939459629E-1,1.107159720326E0),(
1.107159720326E0,8.666939459629E-1,8.666939459629E-1,1.107159720326E0),(
1.456886437013E0,1.140462962781E0,1.140462962781E0,1.456886437013E0)))REPRESENTATION_ITEM('')SURFACE());
#9805=ORIENTED_EDGE('',*,*,#9771,.F.);
#9806=ORIENTED_EDGE('',*,*,#9760,.F.);
#9808=ORIENTED_EDGE('',*,*,#9807,.T.);
#9809=ORIENTED_EDGE('',*,*,#9757,.T.);
#9810=EDGE_LOOP('',(#9805,#9806,#9808,#9809));
#9811=FACE_OUTER_BOUND('',#9810,.F.);
#9813=CARTESIAN_POINT('',(1.016E1,4.1E0,1.016E1));
#9814=DIRECTION('',(0.E0,1.E0,0.E0));
#9815=DIRECTION('',(0.E0,0.E0,1.E0));
#9816=AXIS2_PLACEMENT_3D('',#9813,#9814,#9815);
#9817=CYLINDRICAL_SURFACE('',#9816,5.E-1);
#9818=ORIENTED_EDGE('',*,*,#9807,.F.);
#9819=ORIENTED_EDGE('',*,*,#9721,.T.);
#9821=ORIENTED_EDGE('',*,*,#9820,.F.);
#9822=ORIENTED_EDGE('',*,*,#9717,.F.);
#9823=EDGE_LOOP('',(#9818,#9819,#9821,#9822));
#9824=FACE_OUTER_BOUND('',#9823,.F.);
#9826=CARTESIAN_POINT('',(1.016E1,4.1E0,1.016E1));
#9827=DIRECTION('',(0.E0,1.E0,0.E0));
#9828=DIRECTION('',(0.E0,0.E0,1.E0));
#9829=AXIS2_PLACEMENT_3D('',#9826,#9827,#9828);
#9830=PLANE('',#9829);
#9832=ORIENTED_EDGE('',*,*,#9831,.T.);
#9834=ORIENTED_EDGE('',*,*,#9833,.T.);
#9835=EDGE_LOOP('',(#9832,#9834));
#9836=FACE_OUTER_BOUND('',#9835,.F.);
#9837=ORIENTED_EDGE('',*,*,#9820,.T.);
#9838=ORIENTED_EDGE('',*,*,#9719,.T.);
#9839=EDGE_LOOP('',(#9837,#9838));
#9840=FACE_BOUND('',#9839,.F.);
#9842=CARTESIAN_POINT('',(1.016E1,3.6E0,1.016E1));
#9843=DIRECTION('',(0.E0,1.E0,0.E0));
#9844=DIRECTION('',(0.E0,0.E0,1.E0));
#9845=AXIS2_PLACEMENT_3D('',#9842,#9843,#9844);
#9846=CYLINDRICAL_SURFACE('',#9845,1.E0);
#9848=ORIENTED_EDGE('',*,*,#9847,.F.);
#9850=ORIENTED_EDGE('',*,*,#9849,.F.);
#9851=ORIENTED_EDGE('',*,*,#9831,.F.);
#9853=ORIENTED_EDGE('',*,*,#9852,.T.);
#9854=EDGE_LOOP('',(#9848,#9850,#9851,#9853));
#9855=FACE_OUTER_BOUND('',#9854,.F.);
#9857=CARTESIAN_POINT('',(1.016E1,3.6E0,1.016E1));
#9858=DIRECTION('',(0.E0,1.E0,0.E0));
#9859=DIRECTION('',(0.E0,0.E0,1.E0));
#9860=AXIS2_PLACEMENT_3D('',#9857,#9858,#9859);
#9861=PLANE('',#9860);
#9862=ORIENTED_EDGE('',*,*,#9847,.T.);
#9864=ORIENTED_EDGE('',*,*,#9863,.T.);
#9865=EDGE_LOOP('',(#9862,#9864));
#9866=FACE_OUTER_BOUND('',#9865,.F.);
#9868=ORIENTED_EDGE('',*,*,#9867,.T.);
#9870=ORIENTED_EDGE('',*,*,#9869,.T.);
#9871=EDGE_LOOP('',(#9868,#9870));
#9872=FACE_BOUND('',#9871,.F.);
#9874=CARTESIAN_POINT('',(1.016E1,3.6E0,1.016E1));
#9875=DIRECTION('',(0.E0,1.E0,0.E0));
#9876=DIRECTION('',(0.E0,0.E0,1.E0));
#9877=AXIS2_PLACEMENT_3D('',#9874,#9875,#9876);
#9878=CYLINDRICAL_SURFACE('',#9877,1.E0);
#9879=ORIENTED_EDGE('',*,*,#9863,.F.);
#9880=ORIENTED_EDGE('',*,*,#9852,.F.);
#9881=ORIENTED_EDGE('',*,*,#9833,.F.);
#9882=ORIENTED_EDGE('',*,*,#9849,.T.);
#9883=EDGE_LOOP('',(#9879,#9880,#9881,#9882));
#9884=FACE_OUTER_BOUND('',#9883,.F.);
#9886=CARTESIAN_POINT('',(1.016E1,3.6E0,1.016E1));
#9887=DIRECTION('',(0.E0,-1.E0,0.E0));
#9888=DIRECTION('',(-1.E0,0.E0,0.E0));
#9889=AXIS2_PLACEMENT_3D('',#9886,#9887,#9888);
#9890=CYLINDRICAL_SURFACE('',#9889,5.E-1);
#9892=ORIENTED_EDGE('',*,*,#9891,.F.);
#9894=ORIENTED_EDGE('',*,*,#9893,.T.);
#9895=ORIENTED_EDGE('',*,*,#9867,.F.);
#9897=ORIENTED_EDGE('',*,*,#9896,.F.);
#9898=EDGE_LOOP('',(#9892,#9894,#9895,#9897));
#9899=FACE_OUTER_BOUND('',#9898,.F.);
#9901=CARTESIAN_POINT('',(9.668665208070E0,1.418193511237E0,1.025042303126E1));
#9902=CARTESIAN_POINT('',(9.657411142454E0,1.166868340971E0,1.025249417856E1));
#9903=CARTESIAN_POINT('',(9.832370908534E0,9.889706114675E-1,1.022029537510E1));
#9904=CARTESIAN_POINT('',(1.007954513966E1,1.000413992176E0,1.017480654834E1));
#9905=CARTESIAN_POINT('',(9.607709799020E0,1.418193511240E0,9.919207490202E0));
#9906=CARTESIAN_POINT('',(9.595059544524E0,1.166868340973E0,9.913692117080E0));
#9907=CARTESIAN_POINT('',(9.791724966877E0,9.889706114693E-1,9.999436098333E0));
#9908=CARTESIAN_POINT('',(1.006956384177E1,1.000413992176E0,1.012057082041E1));
#9909=CARTESIAN_POINT('',(9.823221699695E0,1.418193511239E0,9.660414296324E0));
#9910=CARTESIAN_POINT('',(9.815507763796E0,1.166868340973E0,9.648971242866E0));
#9911=CARTESIAN_POINT('',(9.935431395523E0,9.889706114689E-1,9.826869082156E0));
#9912=CARTESIAN_POINT('',(1.010485338396E1,1.000413992176E0,1.007819407321E1));
#9913=CARTESIAN_POINT('',(1.015999951448E1,1.418193511236E0,9.660413969027E0));
#9914=CARTESIAN_POINT('',(1.015999950336E1,1.166868340969E0,9.648970908073E0));
#9915=CARTESIAN_POINT('',(1.015999967624E1,9.889706114667E-1,9.826868863910E0));
#9916=CARTESIAN_POINT('',(1.015999992049E1,1.000413992175E0,1.007819401962E1));
#9917=CARTESIAN_POINT('',(1.049677732926E1,1.418193511232E0,9.660413641730E0));
#9918=CARTESIAN_POINT('',(1.050449124292E1,1.166868340966E0,9.648970573279E0));
#9919=CARTESIAN_POINT('',(1.038456795696E1,9.889706114645E-1,9.826868645664E0));
#9920=CARTESIAN_POINT('',(1.021514645703E1,1.000413992175E0,1.007819396602E1));
#9921=CARTESIAN_POINT('',(1.071228973295E1,1.418193511229E0,9.919206416718E0));
#9922=CARTESIAN_POINT('',(1.072493997672E1,1.166868340962E0,9.913691019008E0));
#9923=CARTESIAN_POINT('',(1.052827472103E1,9.889706114621E-1,9.999435382518E0));
#9924=CARTESIAN_POINT('',(1.025043608159E1,1.000413992174E0,1.012057064463E1));
#9925=CARTESIAN_POINT('',(1.065133496769E1,1.418193511227E0,1.025042207625E1));
#9926=CARTESIAN_POINT('',(1.066258903732E1,1.166868340961E0,1.025249320168E1));
#9927=CARTESIAN_POINT('',(1.048762920865E1,9.889706114611E-1,1.022029473829E1));
#9928=CARTESIAN_POINT('',(1.024045488911E1,1.000413992174E0,1.017480639196E1));
#9929=(BOUNDED_SURFACE()B_SPLINE_SURFACE(3,3,((#9901,#9902,#9903,#9904),(#9905,
#9906,#9907,#9908),(#9909,#9910,#9911,#9912),(#9913,#9914,#9915,#9916),(#9917,
#9918,#9919,#9920),(#9921,#9922,#9923,#9924),(#9925,#9926,#9927,#9928)),
.UNSPECIFIED.,.F.,.F.,.F.)B_SPLINE_SURFACE_WITH_KNOTS((4,3,4),(4,4),(0.E0,1.E0,
2.E0),(0.E0,1.E0),.UNSPECIFIED.)GEOMETRIC_REPRESENTATION_ITEM()RATIONAL_B_SPLINE_SURFACE(((1.456886437001E0,1.140462962770E0,1.140462962770E0,1.456886437001E0),(
1.107159720332E0,8.666939459661E-1,8.666939459661E-1,1.107159720332E0),(
1.107159720332E0,8.666939459661E-1,8.666939459661E-1,1.107159720332E0),(
1.456886437001E0,1.140462962770E0,1.140462962770E0,1.456886437001E0),(
1.107159720332E0,8.666939459661E-1,8.666939459661E-1,1.107159720332E0),(
1.107159720332E0,8.666939459661E-1,8.666939459661E-1,1.107159720332E0),(
1.456886437001E0,1.140462962770E0,1.140462962770E0,1.456886437001E0)))REPRESENTATION_ITEM('')SURFACE());
#9931=ORIENTED_EDGE('',*,*,#9930,.F.);
#9933=ORIENTED_EDGE('',*,*,#9932,.F.);
#9934=ORIENTED_EDGE('',*,*,#9891,.T.);
#9936=ORIENTED_EDGE('',*,*,#9935,.T.);
#9937=EDGE_LOOP('',(#9931,#9933,#9934,#9936));
#9938=FACE_OUTER_BOUND('',#9937,.F.);
#9940=CARTESIAN_POINT('',(1.016E1,1.E0,1.016E1));
#9941=DIRECTION('',(0.E0,-1.E0,0.E0));
#9942=DIRECTION('',(-1.E0,0.E0,0.E0));
#9943=AXIS2_PLACEMENT_3D('',#9940,#9941,#9942);
#9944=PLANE('',#9943);
#9946=ORIENTED_EDGE('',*,*,#9945,.T.);
#9947=ORIENTED_EDGE('',*,*,#9930,.T.);
#9948=EDGE_LOOP('',(#9946,#9947));
#9949=FACE_OUTER_BOUND('',#9948,.F.);
#9951=CARTESIAN_POINT('',(1.065133479193E1,1.418193511235E0,1.006957696874E1));
#9952=CARTESIAN_POINT('',(1.066258885755E1,1.166868340969E0,1.006750582144E1));
#9953=CARTESIAN_POINT('',(1.048762909147E1,9.889706114666E-1,1.009970462490E1));
#9954=CARTESIAN_POINT('',(1.024045486034E1,1.000413992175E0,1.014519345166E1));
#9955=CARTESIAN_POINT('',(1.071229020098E1,1.418193511239E0,1.040079250980E1));
#9956=CARTESIAN_POINT('',(1.072494045548E1,1.166868340973E0,1.040630788292E1));
#9957=CARTESIAN_POINT('',(1.052827503312E1,9.889706114692E-1,1.032056390167E1));
#9958=CARTESIAN_POINT('',(1.025043615823E1,1.000413992176E0,1.019942917959E1));
#9959=CARTESIAN_POINT('',(1.049677830031E1,1.418193511240E0,1.065958570367E1));
#9960=CARTESIAN_POINT('',(1.050449223620E1,1.166868340974E0,1.067102875713E1));
#9961=CARTESIAN_POINT('',(1.038456860448E1,9.889706114698E-1,1.049313091784E1));
#9962=CARTESIAN_POINT('',(1.021514661604E1,1.000413992176E0,1.024180592679E1));
#9963=CARTESIAN_POINT('',(1.016000048552E1,1.418193511238E0,1.065958603097E1));
#9964=CARTESIAN_POINT('',(1.016000049665E1,1.166868340972E0,1.067102909193E1));
#9965=CARTESIAN_POINT('',(1.016000032376E1,9.889706114682E-1,1.049313113609E1));
#9966=CARTESIAN_POINT('',(1.016000007951E1,1.000413992176E0,1.024180598038E1));
#9967=CARTESIAN_POINT('',(9.823222670739E0,1.418193511235E0,1.065958635827E1));
#9968=CARTESIAN_POINT('',(9.815508757086E0,1.166868340969E0,1.067102942672E1));
#9969=CARTESIAN_POINT('',(9.935432043036E0,9.889706114665E-1,1.049313135434E1));
#9970=CARTESIAN_POINT('',(1.010485354297E1,1.000413992175E0,1.024180603398E1));
#9971=CARTESIAN_POINT('',(9.607710267048E0,1.418193511231E0,1.040079358328E1));
#9972=CARTESIAN_POINT('',(9.595060023277E0,1.166868340965E0,1.040630898099E1));
#9973=CARTESIAN_POINT('',(9.791725278973E0,9.889706114637E-1,1.032056461748E1));
#9974=CARTESIAN_POINT('',(1.006956391841E1,1.000413992174E0,1.019942935537E1));
#9975=CARTESIAN_POINT('',(9.668665032316E0,1.418193511228E0,1.006957792374E1));
#9976=CARTESIAN_POINT('',(9.657410962679E0,1.166868340962E0,1.006750679832E1));
#9977=CARTESIAN_POINT('',(9.832370791346E0,9.889706114618E-1,1.009970526171E1));
#9978=CARTESIAN_POINT('',(1.007954511089E1,1.000413992174E0,1.014519360804E1));
#9979=(BOUNDED_SURFACE()B_SPLINE_SURFACE(3,3,((#9951,#9952,#9953,#9954),(#9955,
#9956,#9957,#9958),(#9959,#9960,#9961,#9962),(#9963,#9964,#9965,#9966),(#9967,
#9968,#9969,#9970),(#9971,#9972,#9973,#9974),(#9975,#9976,#9977,#9978)),
.UNSPECIFIED.,.F.,.F.,.F.)B_SPLINE_SURFACE_WITH_KNOTS((4,3,4),(4,4),(0.E0,1.E0,
2.E0),(0.E0,1.E0),.UNSPECIFIED.)GEOMETRIC_REPRESENTATION_ITEM()RATIONAL_B_SPLINE_SURFACE(((1.456886437001E0,1.140462962770E0,1.140462962770E0,1.456886437001E0),(
1.107159720331E0,8.666939459661E-1,8.666939459661E-1,1.107159720331E0),(
1.107159720331E0,8.666939459661E-1,8.666939459661E-1,1.107159720331E0),(
1.456886437001E0,1.140462962770E0,1.140462962770E0,1.456886437001E0),(
1.107159720331E0,8.666939459661E-1,8.666939459661E-1,1.107159720331E0),(
1.107159720331E0,8.666939459661E-1,8.666939459661E-1,1.107159720331E0),(
1.456886437001E0,1.140462962770E0,1.140462962770E0,1.456886437001E0)))REPRESENTATION_ITEM('')SURFACE());
#9980=ORIENTED_EDGE('',*,*,#9945,.F.);
#9981=ORIENTED_EDGE('',*,*,#9935,.F.);
#9983=ORIENTED_EDGE('',*,*,#9982,.T.);
#9984=ORIENTED_EDGE('',*,*,#9932,.T.);
#9985=EDGE_LOOP('',(#9980,#9981,#9983,#9984));
#9986=FACE_OUTER_BOUND('',#9985,.F.);
#9988=CARTESIAN_POINT('',(1.016E1,3.6E0,1.016E1));
#9989=DIRECTION('',(0.E0,-1.E0,0.E0));
#9990=DIRECTION('',(-1.E0,0.E0,0.E0));
#9991=AXIS2_PLACEMENT_3D('',#9988,#9989,#9990);
#9992=CYLINDRICAL_SURFACE('',#9991,5.E-1);
#9993=ORIENTED_EDGE('',*,*,#9982,.F.);
#9994=ORIENTED_EDGE('',*,*,#9896,.T.);
#9995=ORIENTED_EDGE('',*,*,#9869,.F.);
#9996=ORIENTED_EDGE('',*,*,#9893,.F.);
#9997=EDGE_LOOP('',(#9993,#9994,#9995,#9996));
#9998=FACE_OUTER_BOUND('',#9997,.F.);
#10000=CLOSED_SHELL('',(#9725,#9764,#9775,#9812,#9825,#9841,#9856,#9873,#9885,
#9900,#9939,#9950,#9987,#9999));
#10001=MANIFOLD_SOLID_BREP('',#10000);
#10002=FILL_AREA_STYLE_COLOUR('',#59);
#10003=FILL_AREA_STYLE('',(#10002));
#10004=SURFACE_STYLE_FILL_AREA(#10003);
#10005=SURFACE_SIDE_STYLE('',(#10004));
#10006=SURFACE_STYLE_USAGE(.BOTH.,#10005);
#10007=PRESENTATION_STYLE_ASSIGNMENT((#10006));
#9474=STYLED_ITEM('',(#10007),#10001);
#10010=PLANE_ANGLE_MEASURE_WITH_UNIT(PLANE_ANGLE_MEASURE(1.745329251994E-2),
#10009);
#10011=(CONVERSION_BASED_UNIT('DEGREE',#10010)NAMED_UNIT(*)PLANE_ANGLE_UNIT());
#10013=UNCERTAINTY_MEASURE_WITH_UNIT(LENGTH_MEASURE(1.516588510976E-3),#10008,
'distance_accuracy_value',
'Maximum model space distance between geometric entities at asserted connectivities');
#10015=CARTESIAN_POINT('',(0.E0,0.E0,0.E0));
#10016=DIRECTION('',(0.E0,0.E0,1.E0));
#10017=DIRECTION('',(1.E0,0.E0,0.E0));
#10020=PRODUCT_CONTEXT('',#9397,'mechanical');
#10021=PRODUCT('MANIFOLD_SOLID_BREP_9057','MANIFOLD_SOLID_BREP_9057',
'NOT SPECIFIED',(#10020));
#10022=PRODUCT_DEFINITION_FORMATION('1','LAST_VERSION',#10021);
#10030=DERIVED_UNIT_ELEMENT(#10029,2.E0);
#10031=DERIVED_UNIT((#10030));
#10032=MEASURE_REPRESENTATION_ITEM('surface area measure',AREA_MEASURE(
5.344265775123E1),#10031);
#10037=DERIVED_UNIT_ELEMENT(#10036,3.E0);
#10038=DERIVED_UNIT((#10037));
#10039=MEASURE_REPRESENTATION_ITEM('volume measure',VOLUME_MEASURE(
1.270333536208E1),#10038);
#10043=CARTESIAN_POINT('centre point',(1.016000000003E1,8.023399650384E0,
1.016E1));
#10048=DERIVED_UNIT_ELEMENT(#10047,2.E0);
#10049=DERIVED_UNIT((#10048));
#10050=MEASURE_REPRESENTATION_ITEM('surface area measure',AREA_MEASURE(
5.344265775123E1),#10049);
#10055=DERIVED_UNIT_ELEMENT(#10054,3.E0);
#10056=DERIVED_UNIT((#10055));
#10057=MEASURE_REPRESENTATION_ITEM('volume measure',VOLUME_MEASURE(
1.270333536208E1),#10056);
#10061=CARTESIAN_POINT('centre point',(1.016000000003E1,8.023399650384E0,
1.016E1));
#10067=GENERAL_PROPERTY('','DESCRIPTION','user defined attribute');
#10068=GENERAL_PROPERTY_ASSOCIATION('user defined attribute','',#10067,#10066);
#10069=DESCRIPTIVE_REPRESENTATION_ITEM('DESCRIPTION','');
#10073=GENERAL_PROPERTY('','MODELED_BY','user defined attribute');
#10074=GENERAL_PROPERTY_ASSOCIATION('user defined attribute','',#10073,#10072);
#10075=DESCRIPTIVE_REPRESENTATION_ITEM('MODELED_BY','');
#10080=CARTESIAN_POINT('centre point',(1.016000000003E1,8.023399650384E0,
1.016E1));
#10084=CARTESIAN_POINT('',(0.E0,0.E0,0.E0));
#10085=DIRECTION('',(0.E0,0.E0,1.E0));
#10086=DIRECTION('',(1.E0,0.E0,0.E0));
#10087=AXIS2_PLACEMENT_3D('',#10084,#10085,#10086);
#10088=ITEM_DEFINED_TRANSFORMATION('','',#10018,#10087);
#10089=(REPRESENTATION_RELATIONSHIP('','',#10019,#9460)REPRESENTATION_RELATIONSHIP_WITH_TRANSFORMATION(#10088)SHAPE_REPRESENTATION_RELATIONSHIP());
#10090=CONTEXT_DEPENDENT_SHAPE_REPRESENTATION(#10089,#10079);
#10092=DIRECTION('',(1.944118799671E-8,-1.E0,1.022573838472E-13));
#10093=VECTOR('',#10092,1.139999999999E1);
#10094=CARTESIAN_POINT('',(1.015999977837E1,1.549999999999E1,
4.999999999988E-1));
#10095=LINE('',#10094,#10093);
#10096=CURVE_STYLE('',#9479,POSITIVE_LENGTH_MEASURE(2.E-2),#59);
#10097=PRESENTATION_STYLE_ASSIGNMENT((#10096));
#10098=STYLED_ITEM('',(#10097),#10095);
#10099=CARTESIAN_POINT('',(1.016E1,1.549999999999E1,-2.402443439457E-13));
#10100=DIRECTION('',(8.197663578939E-12,-1.E0,-3.955083942069E-13));
#10101=DIRECTION('',(5.115907697478E-13,-3.943512183473E-13,1.E0));
#10102=AXIS2_PLACEMENT_3D('',#10099,#10100,#10101);
#10104=CURVE_STYLE('',#9479,POSITIVE_LENGTH_MEASURE(2.E-2),#59);
#10105=PRESENTATION_STYLE_ASSIGNMENT((#10104));
#10106=STYLED_ITEM('',(#10105),#10103);
#10107=CARTESIAN_POINT('',(1.015999982262E1,1.549999999999E1,
-9.999999997656E-2));
#10108=DIRECTION('',(9.999999999984E-1,8.197665751738E-12,-1.773798880361E-6));
#10109=DIRECTION('',(-1.773798881009E-6,3.952393967438E-13,-9.999999999984E-1));
#10110=AXIS2_PLACEMENT_3D('',#10107,#10108,#10109);
#10112=CURVE_STYLE('',#9479,POSITIVE_LENGTH_MEASURE(2.E-2),#59);
#10113=PRESENTATION_STYLE_ASSIGNMENT((#10112));
#10114=STYLED_ITEM('',(#10113),#10111);
#10115=CARTESIAN_POINT('',(1.016E1,1.590000000001E1,-8.204098625498E-14));
#10116=DIRECTION('',(8.197663578939E-12,-1.E0,-3.955083942069E-13));
#10117=DIRECTION('',(3.620161029445E-11,-3.907926528350E-13,1.E0));
#10118=AXIS2_PLACEMENT_3D('',#10115,#10116,#10117);
#10120=CURVE_STYLE('',#9479,POSITIVE_LENGTH_MEASURE(2.E-2),#59);
#10121=PRESENTATION_STYLE_ASSIGNMENT((#10120));
#10122=STYLED_ITEM('',(#10121),#10119);
#10123=CARTESIAN_POINT('',(1.016E1,1.590000000001E1,8.199793281461E-14));
#10124=DIRECTION('',(-1.218594596330E-11,-1.E0,3.955488425811E-13));
#10125=DIRECTION('',(-3.421212042545E-11,-3.907926528349E-13,-1.E0));
#10126=AXIS2_PLACEMENT_3D('',#10123,#10124,#10125);
#10128=CURVE_STYLE('',#9479,POSITIVE_LENGTH_MEASURE(2.E-2),#59);
#10129=PRESENTATION_STYLE_ASSIGNMENT((#10128));
#10130=STYLED_ITEM('',(#10129),#10127);
#10131=CARTESIAN_POINT('',(1.016E1,1.549999999999E1,2.402174698548E-13));
#10132=DIRECTION('',(-1.218594596330E-11,-1.E0,3.955488425811E-13));
#10133=DIRECTION('',(-2.216593735228E-7,-3.943512183470E-13,-1.E0));
#10134=AXIS2_PLACEMENT_3D('',#10131,#10132,#10133);
#10136=CURVE_STYLE('',#9479,POSITIVE_LENGTH_MEASURE(2.E-2),#59);
#10137=PRESENTATION_STYLE_ASSIGNMENT((#10136));
#10138=STYLED_ITEM('',(#10137),#10135);
#10139=CARTESIAN_POINT('',(1.016000017737E1,1.549999999999E1,
9.999999997732E-2));
#10140=DIRECTION('',(-9.999999999984E-1,1.218594997210E-11,1.773705026659E-6));
#10141=DIRECTION('',(1.773705027197E-6,3.952393967443E-13,9.999999999984E-1));
#10142=AXIS2_PLACEMENT_3D('',#10139,#10140,#10141);
#10144=CURVE_STYLE('',#9479,POSITIVE_LENGTH_MEASURE(2.E-2),#59);
#10145=PRESENTATION_STYLE_ASSIGNMENT((#10144));
#10146=STYLED_ITEM('',(#10145),#10143);
#10147=DIRECTION('',(-2.106046253573E-8,-1.E0,-1.020772160756E-13));
#10148=VECTOR('',#10147,1.139999999999E1);
#10149=CARTESIAN_POINT('',(1.016000016620E1,1.549999999999E1,
-4.999999999988E-1));
#10150=LINE('',#10149,#10148);
#10151=CURVE_STYLE('',#9479,POSITIVE_LENGTH_MEASURE(2.E-2),#59);
#10152=PRESENTATION_STYLE_ASSIGNMENT((#10151));
#10153=STYLED_ITEM('',(#10152),#10150);
#10154=CARTESIAN_POINT('',(1.016E1,4.1E0,0.E0));
#10155=DIRECTION('',(0.E0,-1.E0,0.E0));
#10156=DIRECTION('',(0.E0,0.E0,-1.E0));
#10157=AXIS2_PLACEMENT_3D('',#10154,#10155,#10156);
#10159=CURVE_STYLE('',#9479,POSITIVE_LENGTH_MEASURE(2.E-2),#59);
#10160=PRESENTATION_STYLE_ASSIGNMENT((#10159));
#10161=STYLED_ITEM('',(#10160),#10158);
#10162=CARTESIAN_POINT('',(1.016E1,4.1E0,0.E0));
#10163=DIRECTION('',(0.E0,-1.E0,0.E0));
#10164=DIRECTION('',(0.E0,0.E0,1.E0));
#10165=AXIS2_PLACEMENT_3D('',#10162,#10163,#10164);
#10167=CURVE_STYLE('',#9479,POSITIVE_LENGTH_MEASURE(2.E-2),#59);
#10168=PRESENTATION_STYLE_ASSIGNMENT((#10167));
#10169=STYLED_ITEM('',(#10168),#10166);
#10170=CARTESIAN_POINT('',(1.016E1,4.1E0,0.E0));
#10171=DIRECTION('',(0.E0,1.E0,0.E0));
#10172=DIRECTION('',(0.E0,0.E0,1.E0));
#10173=AXIS2_PLACEMENT_3D('',#10170,#10171,#10172);
#10175=CURVE_STYLE('',#9479,POSITIVE_LENGTH_MEASURE(2.E-2),#59);
#10176=PRESENTATION_STYLE_ASSIGNMENT((#10175));
#10177=STYLED_ITEM('',(#10176),#10174);
#10178=CARTESIAN_POINT('',(1.016E1,4.1E0,0.E0));
#10179=DIRECTION('',(0.E0,1.E0,0.E0));
#10180=DIRECTION('',(0.E0,0.E0,-1.E0));
#10181=AXIS2_PLACEMENT_3D('',#10178,#10179,#10180);
#10183=CURVE_STYLE('',#9479,POSITIVE_LENGTH_MEASURE(2.E-2),#59);
#10184=PRESENTATION_STYLE_ASSIGNMENT((#10183));
#10185=STYLED_ITEM('',(#10184),#10182);
#10186=DIRECTION('',(0.E0,-1.E0,0.E0));
#10187=VECTOR('',#10186,5.E-1);
#10188=CARTESIAN_POINT('',(1.016E1,4.1E0,-1.E0));
#10189=LINE('',#10188,#10187);
#10190=CURVE_STYLE('',#9479,POSITIVE_LENGTH_MEASURE(2.E-2),#59);
#10191=PRESENTATION_STYLE_ASSIGNMENT((#10190));
#10192=STYLED_ITEM('',(#10191),#10189);
#10193=CARTESIAN_POINT('',(1.016E1,3.6E0,0.E0));
#10194=DIRECTION('',(0.E0,1.E0,0.E0));
#10195=DIRECTION('',(0.E0,0.E0,1.E0));
#10196=AXIS2_PLACEMENT_3D('',#10193,#10194,#10195);
#10198=CURVE_STYLE('',#9479,POSITIVE_LENGTH_MEASURE(2.E-2),#59);
#10199=PRESENTATION_STYLE_ASSIGNMENT((#10198));
#10200=STYLED_ITEM('',(#10199),#10197);
#10201=CARTESIAN_POINT('',(1.016E1,3.6E0,0.E0));
#10202=DIRECTION('',(0.E0,1.E0,0.E0));
#10203=DIRECTION('',(0.E0,0.E0,-1.E0));
#10204=AXIS2_PLACEMENT_3D('',#10201,#10202,#10203);
#10206=CURVE_STYLE('',#9479,POSITIVE_LENGTH_MEASURE(2.E-2),#59);
#10207=PRESENTATION_STYLE_ASSIGNMENT((#10206));
#10208=STYLED_ITEM('',(#10207),#10205);
#10209=CARTESIAN_POINT('',(1.016E1,3.6E0,0.E0));
#10210=DIRECTION('',(0.E0,-1.E0,0.E0));
#10211=DIRECTION('',(-1.E0,0.E0,0.E0));
#10212=AXIS2_PLACEMENT_3D('',#10209,#10210,#10211);
#10214=CURVE_STYLE('',#9479,POSITIVE_LENGTH_MEASURE(2.E-2),#59);
#10215=PRESENTATION_STYLE_ASSIGNMENT((#10214));
#10216=STYLED_ITEM('',(#10215),#10213);
#10217=CARTESIAN_POINT('',(1.016E1,3.6E0,0.E0));
#10218=DIRECTION('',(0.E0,-1.E0,0.E0));
#10219=DIRECTION('',(1.E0,0.E0,0.E0));
#10220=AXIS2_PLACEMENT_3D('',#10217,#10218,#10219);
#10222=CURVE_STYLE('',#9479,POSITIVE_LENGTH_MEASURE(2.E-2),#59);
#10223=PRESENTATION_STYLE_ASSIGNMENT((#10222));
#10224=STYLED_ITEM('',(#10223),#10221);
#10225=DIRECTION('',(0.E0,-1.E0,0.E0));
#10226=VECTOR('',#10225,5.E-1);
#10227=CARTESIAN_POINT('',(1.016E1,4.1E0,1.E0));
#10228=LINE('',#10227,#10226);
#10229=CURVE_STYLE('',#9479,POSITIVE_LENGTH_MEASURE(2.E-2),#59);
#10230=PRESENTATION_STYLE_ASSIGNMENT((#10229));
#10231=STYLED_ITEM('',(#10230),#10228);
#10232=DIRECTION('',(3.092475770410E-13,1.E0,1.091309894999E-7));
#10233=VECTOR('',#10232,2.2E0);
#10234=CARTESIAN_POINT('',(1.066E1,1.4E0,-1.662023932375E-7));
#10235=LINE('',#10234,#10233);
#10236=CURVE_STYLE('',#9479,POSITIVE_LENGTH_MEASURE(2.E-2),#59);
#10237=PRESENTATION_STYLE_ASSIGNMENT((#10236));
#10238=STYLED_ITEM('',(#10237),#10235);
#10239=CARTESIAN_POINT('',(1.016E1,1.4E0,4.154726319436E-13));
#10240=DIRECTION('',(1.028534657591E-11,1.E0,3.482920793579E-12));
#10241=DIRECTION('',(1.E0,-1.028555018933E-11,2.216565200731E-7));
#10242=AXIS2_PLACEMENT_3D('',#10239,#10240,#10241);
#10244=CURVE_STYLE('',#9479,POSITIVE_LENGTH_MEASURE(2.E-2),#59);
#10245=PRESENTATION_STYLE_ASSIGNMENT((#10244));
#10246=STYLED_ITEM('',(#10245),#10243);
#10247=CARTESIAN_POINT('',(1.006E1,1.400000000001E0,-1.773699112416E-7));
#10248=DIRECTION('',(-1.773703267149E-6,-3.482898633428E-12,9.999999999984E-1));
#10249=DIRECTION('',(-9.999999999984E-1,1.028566121165E-11,-1.773703267149E-6));
#10250=AXIS2_PLACEMENT_3D('',#10247,#10248,#10249);
#10252=CURVE_STYLE('',#9479,POSITIVE_LENGTH_MEASURE(2.E-2),#59);
#10253=PRESENTATION_STYLE_ASSIGNMENT((#10252));
#10254=STYLED_ITEM('',(#10253),#10251);
#10255=CARTESIAN_POINT('',(1.016E1,1.000000000003E0,9.753697461062E-13));
#10256=DIRECTION('',(-7.883022964753E-12,1.E0,-1.493322158746E-12));
#10257=DIRECTION('',(-1.E0,-7.882465438964E-12,-9.725721071923E-12));
#10258=AXIS2_PLACEMENT_3D('',#10255,#10256,#10257);
#10260=CURVE_STYLE('',#9479,POSITIVE_LENGTH_MEASURE(2.E-2),#59);
#10261=PRESENTATION_STYLE_ASSIGNMENT((#10260));
#10262=STYLED_ITEM('',(#10261),#10259);
#10263=CARTESIAN_POINT('',(1.016E1,1.000000000003E0,-9.776956854771E-13));
#10264=DIRECTION('',(1.028534657591E-11,1.E0,3.482920793579E-12));
#10265=DIRECTION('',(1.E0,-1.028495208825E-11,9.748979826860E-12));
#10266=AXIS2_PLACEMENT_3D('',#10263,#10264,#10265);
#10268=CURVE_STYLE('',#9479,POSITIVE_LENGTH_MEASURE(2.E-2),#59);
#10269=PRESENTATION_STYLE_ASSIGNMENT((#10268));
#10270=STYLED_ITEM('',(#10269),#10267);
#10271=CARTESIAN_POINT('',(1.016E1,1.4E0,3.780408826125E-13));
#10272=DIRECTION('',(-7.883022964753E-12,1.E0,-1.493322158746E-12));
#10273=DIRECTION('',(-1.E0,-7.883027564049E-12,-7.558368358544E-13));
#10274=AXIS2_PLACEMENT_3D('',#10271,#10272,#10273);
#10276=CURVE_STYLE('',#9479,POSITIVE_LENGTH_MEASURE(2.E-2),#59);
#10277=PRESENTATION_STYLE_ASSIGNMENT((#10276));
#10278=STYLED_ITEM('',(#10277),#10275);
#10279=CARTESIAN_POINT('',(1.026E1,1.400000000001E0,1.773802558130E-7));
#10280=DIRECTION('',(1.773798777721E-6,-1.493307241052E-12,-9.999999999984E-1));
#10281=DIRECTION('',(9.999999999984E-1,7.883138586355E-12,1.773798777721E-6));
#10282=AXIS2_PLACEMENT_3D('',#10279,#10280,#10281);
#10284=CURVE_STYLE('',#9479,POSITIVE_LENGTH_MEASURE(2.E-2),#59);
#10285=PRESENTATION_STYLE_ASSIGNMENT((#10284));
#10286=STYLED_ITEM('',(#10285),#10283);
#10287=DIRECTION('',(-5.280624422582E-13,1.E0,-1.007403950723E-7));
#10288=VECTOR('',#10287,2.2E0);
#10289=CARTESIAN_POINT('',(9.660000000001E0,1.4E0,2.216288692101E-7));
#10290=LINE('',#10289,#10288);
#10291=CURVE_STYLE('',#9479,POSITIVE_LENGTH_MEASURE(2.E-2),#59);
#10292=PRESENTATION_STYLE_ASSIGNMENT((#10291));
#10293=STYLED_ITEM('',(#10292),#10290);
#10294=CARTESIAN_POINT('',(1.016E1,1.549999999999E1,4.999999999993E-1));
#10295=CARTESIAN_POINT('',(1.015999988917E1,1.549999999999E1,
-4.999999999997E-1));
#10296=VERTEX_POINT('',#10294);
#10297=VERTEX_POINT('',#10295);
#10298=CARTESIAN_POINT('',(1.016E1,4.1E0,5.E-1));
#10299=VERTEX_POINT('',#10298);
#10300=CARTESIAN_POINT('',(1.016E1,4.1E0,-5.E-1));
#10301=VERTEX_POINT('',#10300);
#10302=CARTESIAN_POINT('',(1.016E1,1.590000000001E1,1.000014974265E-1));
#10303=CARTESIAN_POINT('',(1.016E1,1.590000000001E1,-1.000014974267E-1));
#10304=VERTEX_POINT('',#10302);
#10305=VERTEX_POINT('',#10303);
#10306=CARTESIAN_POINT('',(1.016E1,4.1E0,-1.E0));
#10307=CARTESIAN_POINT('',(1.016E1,4.1E0,1.E0));
#10308=VERTEX_POINT('',#10306);
#10309=VERTEX_POINT('',#10307);
#10310=CARTESIAN_POINT('',(1.016E1,3.6E0,1.E0));
#10311=CARTESIAN_POINT('',(1.016E1,3.6E0,-1.E0));
#10312=VERTEX_POINT('',#10310);
#10313=VERTEX_POINT('',#10311);
#10314=CARTESIAN_POINT('',(9.66E0,3.6E0,0.E0));
#10315=CARTESIAN_POINT('',(1.066E1,3.6E0,0.E0));
#10316=VERTEX_POINT('',#10314);
#10317=VERTEX_POINT('',#10315);
#10318=CARTESIAN_POINT('',(1.066E1,1.399999999995E0,1.108286755092E-7));
#10319=CARTESIAN_POINT('',(9.660000000001E0,1.400000000005E0,0.E0));
#10320=VERTEX_POINT('',#10318);
#10321=VERTEX_POINT('',#10319);
#10322=CARTESIAN_POINT('',(1.026000149745E1,1.000000000002E0,0.E0));
#10323=CARTESIAN_POINT('',(1.005999850255E1,1.000000000004E0,0.E0));
#10324=VERTEX_POINT('',#10322);
#10325=VERTEX_POINT('',#10323);
#10326=CARTESIAN_POINT('',(1.016E1,4.1E0,0.E0));
#10327=DIRECTION('',(0.E0,1.E0,0.E0));
#10328=DIRECTION('',(0.E0,0.E0,1.E0));
#10329=AXIS2_PLACEMENT_3D('',#10326,#10327,#10328);
#10330=CYLINDRICAL_SURFACE('',#10329,5.E-1);
#10332=ORIENTED_EDGE('',*,*,#10331,.F.);
#10334=ORIENTED_EDGE('',*,*,#10333,.T.);
#10336=ORIENTED_EDGE('',*,*,#10335,.F.);
#10338=ORIENTED_EDGE('',*,*,#10337,.F.);
#10339=EDGE_LOOP('',(#10332,#10334,#10336,#10338));
#10340=FACE_OUTER_BOUND('',#10339,.F.);
#10342=CARTESIAN_POINT('',(1.025042303128E1,1.548180648876E1,
-4.913347919260E-1));
#10343=CARTESIAN_POINT('',(1.025249417858E1,1.573313165904E1,
-5.025888575392E-1));
#10344=CARTESIAN_POINT('',(1.022029537511E1,1.591102938855E1,
-3.276290914502E-1));
#10345=CARTESIAN_POINT('',(1.017480654834E1,1.589958600784E1,
-8.045486031521E-2));
#10346=CARTESIAN_POINT('',(9.919207490217E0,1.548180648875E1,
-5.522902009945E-1));
#10347=CARTESIAN_POINT('',(9.913692117095E0,1.573313165903E1,
-5.649404554883E-1));
#10348=CARTESIAN_POINT('',(9.999436098346E0,1.591102938854E1,
-3.682750331182E-1));
#10349=CARTESIAN_POINT('',(1.012057082043E1,1.589958600784E1,
-9.043615820546E-2));
#10350=CARTESIAN_POINT('',(9.660414296324E0,1.548180648875E1,
-3.367783003176E-1));
#10351=CARTESIAN_POINT('',(9.648971242867E0,1.573313165903E1,
-3.444922362146E-1));
#10352=CARTESIAN_POINT('',(9.826869082165E0,1.591102938854E1,
-2.245686044757E-1));
#10353=CARTESIAN_POINT('',(1.007819407323E1,1.589958600784E1,
-5.514661602335E-2));
#10354=CARTESIAN_POINT('',(9.660413969027E0,1.548180648875E1,
-4.855220385661E-7));
#10355=CARTESIAN_POINT('',(9.648970908073E0,1.573313165903E1,
-4.966428597111E-7));
#10356=CARTESIAN_POINT('',(9.826868863919E0,1.591102938854E1,
-3.237529787060E-7));
#10357=CARTESIAN_POINT('',(1.007819401964E1,1.589958600784E1,
-7.950307874093E-8));
#10358=CARTESIAN_POINT('',(9.660413641730E0,1.548180648875E1,
3.367773292736E-1));
#10359=CARTESIAN_POINT('',(9.648970573279E0,1.573313165903E1,
3.444912429289E-1));
#10360=CARTESIAN_POINT('',(9.826868645672E0,1.591102938854E1,
2.245679569698E-1));
#10361=CARTESIAN_POINT('',(1.007819396604E1,1.589958600784E1,
5.514645701719E-2));
#10362=CARTESIAN_POINT('',(9.919206416733E0,1.548180648875E1,
5.522897329655E-1));
#10363=CARTESIAN_POINT('',(9.913691019023E0,1.573313165903E1,
5.649399767392E-1));
#10364=CARTESIAN_POINT('',(9.999435382531E0,1.591102938854E1,
3.682747210299E-1));
#10365=CARTESIAN_POINT('',(1.012057064465E1,1.589958600784E1,
9.043608156677E-2));
#10366=CARTESIAN_POINT('',(1.025042207628E1,1.548180648876E1,
4.913349676795E-1));
#10367=CARTESIAN_POINT('',(1.025249320170E1,1.573313165904E1,
5.025890373185E-1));
#10368=CARTESIAN_POINT('',(1.022029473830E1,1.591102938855E1,
3.276292086453E-1));
#10369=CARTESIAN_POINT('',(1.017480639196E1,1.589958600784E1,
8.045488909432E-2));
#10370=(BOUNDED_SURFACE()B_SPLINE_SURFACE(3,3,((#10342,#10343,#10344,#10345),(
#10346,#10347,#10348,#10349),(#10350,#10351,#10352,#10353),(#10354,#10355,
#10356,#10357),(#10358,#10359,#10360,#10361),(#10362,#10363,#10364,#10365),(
#10366,#10367,#10368,#10369)),.UNSPECIFIED.,.F.,.F.,.F.)B_SPLINE_SURFACE_WITH_KNOTS((4,3,4),(4,4),(0.E0,1.E0,2.E0),(0.E0,1.E0),.UNSPECIFIED.)GEOMETRIC_REPRESENTATION_ITEM()RATIONAL_B_SPLINE_SURFACE(((1.456886437014E0,1.140462962783E0,
1.140462962783E0,1.456886437014E0),(1.107159720324E0,8.666939459625E-1,
8.666939459625E-1,1.107159720324E0),(1.107159720324E0,8.666939459625E-1,
8.666939459625E-1,1.107159720324E0),(1.456886437014E0,1.140462962783E0,
1.140462962783E0,1.456886437014E0),(1.107159720324E0,8.666939459625E-1,
8.666939459625E-1,1.107159720324E0),(1.107159720324E0,8.666939459625E-1,
8.666939459625E-1,1.107159720324E0),(1.456886437014E0,1.140462962783E0,
1.140462962783E0,1.456886437014E0)))REPRESENTATION_ITEM('')SURFACE());
#10372=ORIENTED_EDGE('',*,*,#10371,.F.);
#10374=ORIENTED_EDGE('',*,*,#10373,.F.);
#10375=ORIENTED_EDGE('',*,*,#10331,.T.);
#10377=ORIENTED_EDGE('',*,*,#10376,.T.);
#10378=EDGE_LOOP('',(#10372,#10374,#10375,#10377));
#10379=FACE_OUTER_BOUND('',#10378,.F.);
#10381=CARTESIAN_POINT('',(1.016E1,1.59E1,0.E0));
#10382=DIRECTION('',(0.E0,1.E0,0.E0));
#10383=DIRECTION('',(0.E0,0.E0,1.E0));
#10384=AXIS2_PLACEMENT_3D('',#10381,#10382,#10383);
#10385=PLANE('',#10384);
#10386=ORIENTED_EDGE('',*,*,#10371,.T.);
#10388=ORIENTED_EDGE('',*,*,#10387,.T.);
#10389=EDGE_LOOP('',(#10386,#10388));
#10390=FACE_OUTER_BOUND('',#10389,.F.);
#10392=CARTESIAN_POINT('',(1.006957696872E1,1.548180648876E1,
4.913347919264E-1));
#10393=CARTESIAN_POINT('',(1.006750582142E1,1.573313165904E1,
5.025888575395E-1));
#10394=CARTESIAN_POINT('',(1.009970462489E1,1.591102938855E1,
3.276290914503E-1));
#10395=CARTESIAN_POINT('',(1.014519345166E1,1.589958600784E1,
8.045486031514E-2));
#10396=CARTESIAN_POINT('',(1.040079250978E1,1.548180648875E1,
5.522902009946E-1));
#10397=CARTESIAN_POINT('',(1.040630788290E1,1.573313165903E1,
5.649404554883E-1));
#10398=CARTESIAN_POINT('',(1.032056390165E1,1.591102938854E1,
3.682750331180E-1));
#10399=CARTESIAN_POINT('',(1.019942917957E1,1.589958600784E1,
9.043615820533E-2));
#10400=CARTESIAN_POINT('',(1.065958570367E1,1.548180648875E1,
3.367783003175E-1));
#10401=CARTESIAN_POINT('',(1.067102875713E1,1.573313165903E1,
3.444922362144E-1));
#10402=CARTESIAN_POINT('',(1.049313091784E1,1.591102938854E1,
2.245686044755E-1));
#10403=CARTESIAN_POINT('',(1.024180592677E1,1.589958600784E1,
5.514661602324E-2));
#10404=CARTESIAN_POINT('',(1.065958603097E1,1.548180648875E1,
4.855218451130E-7));
#10405=CARTESIAN_POINT('',(1.067102909193E1,1.573313165903E1,
4.966426578296E-7));
#10406=CARTESIAN_POINT('',(1.049313113608E1,1.591102938854E1,
3.237528465689E-7));
#10407=CARTESIAN_POINT('',(1.024180598036E1,1.589958600784E1,
7.950304725739E-8));
#10408=CARTESIAN_POINT('',(1.065958635827E1,1.548180648875E1,
-3.367773292738E-1));
#10409=CARTESIAN_POINT('',(1.067102942672E1,1.573313165903E1,
-3.444912429291E-1));
#10410=CARTESIAN_POINT('',(1.049313135433E1,1.591102938854E1,
-2.245679569698E-1));
#10411=CARTESIAN_POINT('',(1.024180603396E1,1.589958600784E1,
-5.514645701714E-2));
#10412=CARTESIAN_POINT('',(1.040079358327E1,1.548180648875E1,
-5.522897329657E-1));
#10413=CARTESIAN_POINT('',(1.040630898098E1,1.573313165903E1,
-5.649399767394E-1));
#10414=CARTESIAN_POINT('',(1.032056461747E1,1.591102938854E1,
-3.682747210298E-1));
#10415=CARTESIAN_POINT('',(1.019942935535E1,1.589958600784E1,
-9.043608156667E-2));
#10416=CARTESIAN_POINT('',(1.006957792372E1,1.548180648876E1,
-4.913349676798E-1));
#10417=CARTESIAN_POINT('',(1.006750679830E1,1.573313165904E1,
-5.025890373188E-1));
#10418=CARTESIAN_POINT('',(1.009970526170E1,1.591102938855E1,
-3.276292086453E-1));
#10419=CARTESIAN_POINT('',(1.014519360804E1,1.589958600784E1,
-8.045488909425E-2));
#10420=(BOUNDED_SURFACE()B_SPLINE_SURFACE(3,3,((#10392,#10393,#10394,#10395),(
#10396,#10397,#10398,#10399),(#10400,#10401,#10402,#10403),(#10404,#10405,
#10406,#10407),(#10408,#10409,#10410,#10411),(#10412,#10413,#10414,#10415),(
#10416,#10417,#10418,#10419)),.UNSPECIFIED.,.F.,.F.,.F.)B_SPLINE_SURFACE_WITH_KNOTS((4,3,4),(4,4),(0.E0,1.E0,2.E0),(0.E0,1.E0),.UNSPECIFIED.)GEOMETRIC_REPRESENTATION_ITEM()RATIONAL_B_SPLINE_SURFACE(((1.456886437015E0,1.140462962783E0,
1.140462962783E0,1.456886437015E0),(1.107159720325E0,8.666939459624E-1,
8.666939459624E-1,1.107159720325E0),(1.107159720325E0,8.666939459624E-1,
8.666939459624E-1,1.107159720325E0),(1.456886437015E0,1.140462962783E0,
1.140462962783E0,1.456886437015E0),(1.107159720325E0,8.666939459624E-1,
8.666939459624E-1,1.107159720325E0),(1.107159720325E0,8.666939459624E-1,
8.666939459624E-1,1.107159720325E0),(1.456886437015E0,1.140462962783E0,
1.140462962783E0,1.456886437015E0)))REPRESENTATION_ITEM('')SURFACE());
#10421=ORIENTED_EDGE('',*,*,#10387,.F.);
#10422=ORIENTED_EDGE('',*,*,#10376,.F.);
#10424=ORIENTED_EDGE('',*,*,#10423,.T.);
#10425=ORIENTED_EDGE('',*,*,#10373,.T.);
#10426=EDGE_LOOP('',(#10421,#10422,#10424,#10425));
#10427=FACE_OUTER_BOUND('',#10426,.F.);
#10429=CARTESIAN_POINT('',(1.016E1,4.1E0,0.E0));
#10430=DIRECTION('',(0.E0,1.E0,0.E0));
#10431=DIRECTION('',(0.E0,0.E0,1.E0));
#10432=AXIS2_PLACEMENT_3D('',#10429,#10430,#10431);
#10433=CYLINDRICAL_SURFACE('',#10432,5.E-1);
#10434=ORIENTED_EDGE('',*,*,#10423,.F.);
#10435=ORIENTED_EDGE('',*,*,#10337,.T.);
#10437=ORIENTED_EDGE('',*,*,#10436,.F.);
#10438=ORIENTED_EDGE('',*,*,#10333,.F.);
#10439=EDGE_LOOP('',(#10434,#10435,#10437,#10438));
#10440=FACE_OUTER_BOUND('',#10439,.F.);
#10442=CARTESIAN_POINT('',(1.016E1,4.1E0,0.E0));
#10443=DIRECTION('',(0.E0,1.E0,0.E0));
#10444=DIRECTION('',(0.E0,0.E0,1.E0));
#10445=AXIS2_PLACEMENT_3D('',#10442,#10443,#10444);
#10446=PLANE('',#10445);
#10448=ORIENTED_EDGE('',*,*,#10447,.T.);
#10450=ORIENTED_EDGE('',*,*,#10449,.T.);
#10451=EDGE_LOOP('',(#10448,#10450));
#10452=FACE_OUTER_BOUND('',#10451,.F.);
#10453=ORIENTED_EDGE('',*,*,#10436,.T.);
#10454=ORIENTED_EDGE('',*,*,#10335,.T.);
#10455=EDGE_LOOP('',(#10453,#10454));
#10456=FACE_BOUND('',#10455,.F.);
#10458=CARTESIAN_POINT('',(1.016E1,3.6E0,0.E0));
#10459=DIRECTION('',(0.E0,1.E0,0.E0));
#10460=DIRECTION('',(0.E0,0.E0,1.E0));
#10461=AXIS2_PLACEMENT_3D('',#10458,#10459,#10460);
#10462=CYLINDRICAL_SURFACE('',#10461,1.E0);
#10464=ORIENTED_EDGE('',*,*,#10463,.F.);
#10466=ORIENTED_EDGE('',*,*,#10465,.F.);
#10467=ORIENTED_EDGE('',*,*,#10447,.F.);
#10469=ORIENTED_EDGE('',*,*,#10468,.T.);
#10470=EDGE_LOOP('',(#10464,#10466,#10467,#10469));
#10471=FACE_OUTER_BOUND('',#10470,.F.);
#10473=CARTESIAN_POINT('',(1.016E1,3.6E0,0.E0));
#10474=DIRECTION('',(0.E0,1.E0,0.E0));
#10475=DIRECTION('',(0.E0,0.E0,1.E0));
#10476=AXIS2_PLACEMENT_3D('',#10473,#10474,#10475);
#10477=PLANE('',#10476);
#10478=ORIENTED_EDGE('',*,*,#10463,.T.);
#10480=ORIENTED_EDGE('',*,*,#10479,.T.);
#10481=EDGE_LOOP('',(#10478,#10480));
#10482=FACE_OUTER_BOUND('',#10481,.F.);
#10484=ORIENTED_EDGE('',*,*,#10483,.T.);
#10486=ORIENTED_EDGE('',*,*,#10485,.T.);
#10487=EDGE_LOOP('',(#10484,#10486));
#10488=FACE_BOUND('',#10487,.F.);
#10490=CARTESIAN_POINT('',(1.016E1,3.6E0,0.E0));
#10491=DIRECTION('',(0.E0,1.E0,0.E0));
#10492=DIRECTION('',(0.E0,0.E0,1.E0));
#10493=AXIS2_PLACEMENT_3D('',#10490,#10491,#10492);
#10494=CYLINDRICAL_SURFACE('',#10493,1.E0);
#10495=ORIENTED_EDGE('',*,*,#10479,.F.);
#10496=ORIENTED_EDGE('',*,*,#10468,.F.);
#10497=ORIENTED_EDGE('',*,*,#10449,.F.);
#10498=ORIENTED_EDGE('',*,*,#10465,.T.);
#10499=EDGE_LOOP('',(#10495,#10496,#10497,#10498));
#10500=FACE_OUTER_BOUND('',#10499,.F.);
#10502=CARTESIAN_POINT('',(1.016E1,3.6E0,0.E0));
#10503=DIRECTION('',(0.E0,-1.E0,0.E0));
#10504=DIRECTION('',(-1.E0,0.E0,0.E0));
#10505=AXIS2_PLACEMENT_3D('',#10502,#10503,#10504);
#10506=CYLINDRICAL_SURFACE('',#10505,5.E-1);
#10508=ORIENTED_EDGE('',*,*,#10507,.F.);
#10510=ORIENTED_EDGE('',*,*,#10509,.T.);
#10511=ORIENTED_EDGE('',*,*,#10483,.F.);
#10513=ORIENTED_EDGE('',*,*,#10512,.F.);
#10514=EDGE_LOOP('',(#10508,#10510,#10511,#10513));
#10515=FACE_OUTER_BOUND('',#10514,.F.);
#10517=CARTESIAN_POINT('',(9.668665208069E0,1.418193511237E0,
9.042303125686E-2));
#10518=CARTESIAN_POINT('',(9.657411142453E0,1.166868340971E0,
9.249417855399E-2));
#10519=CARTESIAN_POINT('',(9.832370908534E0,9.889706114680E-1,
6.029537509627E-2));
#10520=CARTESIAN_POINT('',(1.007954513966E1,1.000413992176E0,
1.480654834563E-2));
#10521=CARTESIAN_POINT('',(9.607709799022E0,1.418193511239E0,
-2.407925097981E-1));
#10522=CARTESIAN_POINT('',(9.595059544526E0,1.166868340973E0,
-2.463078829193E-1));
#10523=CARTESIAN_POINT('',(9.791724966879E0,9.889706114692E-1,
-1.605639016663E-1));
#10524=CARTESIAN_POINT('',(1.006956384177E1,1.000413992176E0,
-3.942917958382E-2));
#10525=CARTESIAN_POINT('',(9.823221699696E0,1.418193511238E0,
-4.995857036740E-1));
#10526=CARTESIAN_POINT('',(9.815507763796E0,1.166868340972E0,
-5.110287571305E-1));
#10527=CARTESIAN_POINT('',(9.935431395523E0,9.889706114683E-1,
-3.331309178408E-1));
#10528=CARTESIAN_POINT('',(1.010485338396E1,1.000413992176E0,
-8.180592678699E-2));
#10529=CARTESIAN_POINT('',(1.015999951448E1,1.418193511234E0,
-4.995860309729E-1));
#10530=CARTESIAN_POINT('',(1.015999950335E1,1.166868340968E0,
-5.110290919262E-1));
#10531=CARTESIAN_POINT('',(1.015999967624E1,9.889706114660E-1,
-3.331311360884E-1));
#10532=CARTESIAN_POINT('',(1.015999992049E1,1.000413992175E0,
-8.180598038137E-2));
#10533=CARTESIAN_POINT('',(1.049677732926E1,1.418193511231E0,
-4.995863582718E-1));
#10534=CARTESIAN_POINT('',(1.050449124291E1,1.166868340965E0,
-5.110294267219E-1));
#10535=CARTESIAN_POINT('',(1.038456795696E1,9.889706114637E-1,
-3.331313543360E-1));
#10536=CARTESIAN_POINT('',(1.021514645703E1,1.000413992175E0,
-8.180603397575E-2));
#10537=CARTESIAN_POINT('',(1.071228973295E1,1.418193511228E0,
-2.407935832886E-1));
#10538=CARTESIAN_POINT('',(1.072493997672E1,1.166868340961E0,
-2.463089809981E-1));
#10539=CARTESIAN_POINT('',(1.052827472102E1,9.889706114616E-1,
-1.605646174851E-1));
#10540=CARTESIAN_POINT('',(1.025043608159E1,1.000413992174E0,
-3.942935536523E-2));
#10541=CARTESIAN_POINT('',(1.065133496769E1,1.418193511227E0,
9.042207624530E-2));
#10542=CARTESIAN_POINT('',(1.066258903732E1,1.166868340961E0,
9.249320166781E-2));
#10543=CARTESIAN_POINT('',(1.048762920866E1,9.889706114612E-1,
6.029473828086E-2));
#10544=CARTESIAN_POINT('',(1.024045488911E1,1.000413992174E0,
1.480639196484E-2));
#10545=(BOUNDED_SURFACE()B_SPLINE_SURFACE(3,3,((#10517,#10518,#10519,#10520),(
#10521,#10522,#10523,#10524),(#10525,#10526,#10527,#10528),(#10529,#10530,
#10531,#10532),(#10533,#10534,#10535,#10536),(#10537,#10538,#10539,#10540),(
#10541,#10542,#10543,#10544)),.UNSPECIFIED.,.F.,.F.,.F.)B_SPLINE_SURFACE_WITH_KNOTS((4,3,4),(4,4),(0.E0,1.E0,2.E0),(0.E0,1.E0),.UNSPECIFIED.)GEOMETRIC_REPRESENTATION_ITEM()RATIONAL_B_SPLINE_SURFACE(((1.456886436996E0,1.140462962766E0,
1.140462962766E0,1.456886436996E0),(1.107159720333E0,8.666939459673E-1,
8.666939459673E-1,1.107159720333E0),(1.107159720333E0,8.666939459673E-1,
8.666939459673E-1,1.107159720333E0),(1.456886436996E0,1.140462962766E0,
1.140462962766E0,1.456886436996E0),(1.107159720333E0,8.666939459673E-1,
8.666939459673E-1,1.107159720333E0),(1.107159720333E0,8.666939459673E-1,
8.666939459673E-1,1.107159720333E0),(1.456886436996E0,1.140462962766E0,
1.140462962766E0,1.456886436996E0)))REPRESENTATION_ITEM('')SURFACE());
#10547=ORIENTED_EDGE('',*,*,#10546,.F.);
#10549=ORIENTED_EDGE('',*,*,#10548,.F.);
#10550=ORIENTED_EDGE('',*,*,#10507,.T.);
#10552=ORIENTED_EDGE('',*,*,#10551,.T.);
#10553=EDGE_LOOP('',(#10547,#10549,#10550,#10552));
#10554=FACE_OUTER_BOUND('',#10553,.F.);
#10556=CARTESIAN_POINT('',(1.016E1,1.E0,0.E0));
#10557=DIRECTION('',(0.E0,-1.E0,0.E0));
#10558=DIRECTION('',(-1.E0,0.E0,0.E0));
#10559=AXIS2_PLACEMENT_3D('',#10556,#10557,#10558);
#10560=PLANE('',#10559);
#10562=ORIENTED_EDGE('',*,*,#10561,.T.);
#10563=ORIENTED_EDGE('',*,*,#10546,.T.);
#10564=EDGE_LOOP('',(#10562,#10563));
#10565=FACE_OUTER_BOUND('',#10564,.F.);
#10567=CARTESIAN_POINT('',(1.065133479193E1,1.418193511236E0,
-9.042303125611E-2));
#10568=CARTESIAN_POINT('',(1.066258885755E1,1.166868340970E0,
-9.249417855374E-2));
#10569=CARTESIAN_POINT('',(1.048762909147E1,9.889706114676E-1,
-6.029537509636E-2));
#10570=CARTESIAN_POINT('',(1.024045486034E1,1.000413992176E0,
-1.480654834564E-2));
#10571=CARTESIAN_POINT('',(1.071229020098E1,1.418193511237E0,
2.407925097987E-1));
#10572=CARTESIAN_POINT('',(1.072494045547E1,1.166868340971E0,
2.463078829194E-1));
#10573=CARTESIAN_POINT('',(1.052827503312E1,9.889706114682E-1,
1.605639016661E-1));
#10574=CARTESIAN_POINT('',(1.025043615823E1,1.000413992176E0,
3.942917958378E-2));
#10575=CARTESIAN_POINT('',(1.049677830031E1,1.418193511236E0,
4.995857036746E-1));
#10576=CARTESIAN_POINT('',(1.050449223620E1,1.166868340970E0,
5.110287571306E-1));
#10577=CARTESIAN_POINT('',(1.038456860448E1,9.889706114673E-1,
3.331309178407E-1));
#10578=CARTESIAN_POINT('',(1.021514661604E1,1.000413992175E0,
8.180592678694E-2));
#10579=CARTESIAN_POINT('',(1.016000048552E1,1.418193511233E0,
4.995860309735E-1));
#10580=CARTESIAN_POINT('',(1.016000049665E1,1.166868340967E0,
5.110290919263E-1));
#10581=CARTESIAN_POINT('',(1.016000032376E1,9.889706114656E-1,
3.331311360883E-1));
#10582=CARTESIAN_POINT('',(1.016000007951E1,1.000413992175E0,
8.180598038133E-2));
#10583=CARTESIAN_POINT('',(9.823222670744E0,1.418193511231E0,
4.995863582724E-1));
#10584=CARTESIAN_POINT('',(9.815508757092E0,1.166868340965E0,
5.110294267220E-1));
#10585=CARTESIAN_POINT('',(9.935432043039E0,9.889706114638E-1,
3.331313543359E-1));
#10586=CARTESIAN_POINT('',(1.010485354297E1,1.000413992175E0,
8.180603397572E-2));
#10587=CARTESIAN_POINT('',(9.607710267053E0,1.418193511229E0,
2.407935832893E-1));
#10588=CARTESIAN_POINT('',(9.595060023281E0,1.166868340962E0,
2.463089809984E-1));
#10589=CARTESIAN_POINT('',(9.791725278975E0,9.889706114624E-1,
1.605646174850E-1));
#10590=CARTESIAN_POINT('',(1.006956391841E1,1.000413992174E0,
3.942935536522E-2));
#10591=CARTESIAN_POINT('',(9.668665032314E0,1.418193511229E0,
-9.042207624444E-2));
#10592=CARTESIAN_POINT('',(9.657410962677E0,1.166868340962E0,
-9.249320166745E-2));
#10593=CARTESIAN_POINT('',(9.832370791345E0,9.889706114624E-1,
-6.029473828087E-2));
#10594=CARTESIAN_POINT('',(1.007954511089E1,1.000413992174E0,
-1.480639196484E-2));
#10595=(BOUNDED_SURFACE()B_SPLINE_SURFACE(3,3,((#10567,#10568,#10569,#10570),(
#10571,#10572,#10573,#10574),(#10575,#10576,#10577,#10578),(#10579,#10580,
#10581,#10582),(#10583,#10584,#10585,#10586),(#10587,#10588,#10589,#10590),(
#10591,#10592,#10593,#10594)),.UNSPECIFIED.,.F.,.F.,.F.)B_SPLINE_SURFACE_WITH_KNOTS((4,3,4),(4,4),(0.E0,1.E0,2.E0),(0.E0,1.E0),.UNSPECIFIED.)GEOMETRIC_REPRESENTATION_ITEM()RATIONAL_B_SPLINE_SURFACE(((1.456886436996E0,1.140462962766E0,
1.140462962766E0,1.456886436996E0),(1.107159720333E0,8.666939459674E-1,
8.666939459674E-1,1.107159720333E0),(1.107159720333E0,8.666939459674E-1,
8.666939459674E-1,1.107159720333E0),(1.456886436996E0,1.140462962766E0,
1.140462962766E0,1.456886436996E0),(1.107159720333E0,8.666939459674E-1,
8.666939459674E-1,1.107159720333E0),(1.107159720333E0,8.666939459674E-1,
8.666939459674E-1,1.107159720333E0),(1.456886436996E0,1.140462962766E0,
1.140462962766E0,1.456886436996E0)))REPRESENTATION_ITEM('')SURFACE());
#10596=ORIENTED_EDGE('',*,*,#10561,.F.);
#10597=ORIENTED_EDGE('',*,*,#10551,.F.);
#10599=ORIENTED_EDGE('',*,*,#10598,.T.);
#10600=ORIENTED_EDGE('',*,*,#10548,.T.);
#10601=EDGE_LOOP('',(#10596,#10597,#10599,#10600));
#10602=FACE_OUTER_BOUND('',#10601,.F.);
#10604=CARTESIAN_POINT('',(1.016E1,3.6E0,0.E0));
#10605=DIRECTION('',(0.E0,-1.E0,0.E0));
#10606=DIRECTION('',(-1.E0,0.E0,0.E0));
#10607=AXIS2_PLACEMENT_3D('',#10604,#10605,#10606);
#10608=CYLINDRICAL_SURFACE('',#10607,5.E-1);
#10609=ORIENTED_EDGE('',*,*,#10598,.F.);
#10610=ORIENTED_EDGE('',*,*,#10512,.T.);
#10611=ORIENTED_EDGE('',*,*,#10485,.F.);
#10612=ORIENTED_EDGE('',*,*,#10509,.F.);
#10613=EDGE_LOOP('',(#10609,#10610,#10611,#10612));
#10614=FACE_OUTER_BOUND('',#10613,.F.);
#10616=CLOSED_SHELL('',(#10341,#10380,#10391,#10428,#10441,#10457,#10472,#10489,
#10501,#10516,#10555,#10566,#10603,#10615));
#10617=MANIFOLD_SOLID_BREP('',#10616);
#10618=FILL_AREA_STYLE_COLOUR('',#59);
#10619=FILL_AREA_STYLE('',(#10618));
#10620=SURFACE_STYLE_FILL_AREA(#10619);
#10621=SURFACE_SIDE_STYLE('',(#10620));
#10622=SURFACE_STYLE_USAGE(.BOTH.,#10621);
#10623=PRESENTATION_STYLE_ASSIGNMENT((#10622));
#10091=STYLED_ITEM('',(#10623),#10617);
#10626=PLANE_ANGLE_MEASURE_WITH_UNIT(PLANE_ANGLE_MEASURE(1.745329251994E-2),
#10625);
#10627=(CONVERSION_BASED_UNIT('DEGREE',#10626)NAMED_UNIT(*)PLANE_ANGLE_UNIT());
#10629=UNCERTAINTY_MEASURE_WITH_UNIT(LENGTH_MEASURE(1.516588510976E-3),#10624,
'distance_accuracy_value',
'Maximum model space distance between geometric entities at asserted connectivities');
#10631=CARTESIAN_POINT('',(0.E0,0.E0,0.E0));
#10632=DIRECTION('',(0.E0,0.E0,1.E0));
#10633=DIRECTION('',(1.E0,0.E0,0.E0));
#10636=PRODUCT_DEFINITION_CONTEXT('part definition',#9397,'design');
#10637=PRODUCT_CONTEXT('',#9397,'mechanical');
#10638=PRODUCT('MANIFOLD_SOLID_BREP_9505','MANIFOLD_SOLID_BREP_9505',
'NOT SPECIFIED',(#10637));
#10639=PRODUCT_DEFINITION_FORMATION('1','LAST_VERSION',#10638);
#10647=DERIVED_UNIT_ELEMENT(#10646,2.E0);
#10648=DERIVED_UNIT((#10647));
#10649=MEASURE_REPRESENTATION_ITEM('surface area measure',AREA_MEASURE(
5.344265775123E1),#10648);
#10654=DERIVED_UNIT_ELEMENT(#10653,3.E0);
#10655=DERIVED_UNIT((#10654));
#10656=MEASURE_REPRESENTATION_ITEM('volume measure',VOLUME_MEASURE(
1.270333536209E1),#10655);
#10660=CARTESIAN_POINT('centre point',(1.016000000003E1,8.023399650382E0,
-3.609571611614E-13));
#10665=DERIVED_UNIT_ELEMENT(#10664,2.E0);
#10666=DERIVED_UNIT((#10665));
#10667=MEASURE_REPRESENTATION_ITEM('surface area measure',AREA_MEASURE(
5.344265775123E1),#10666);
#10672=DERIVED_UNIT_ELEMENT(#10671,3.E0);
#10673=DERIVED_UNIT((#10672));
#10674=MEASURE_REPRESENTATION_ITEM('volume measure',VOLUME_MEASURE(
1.270333536209E1),#10673);
#10678=CARTESIAN_POINT('centre point',(1.016000000003E1,8.023399650382E0,
-3.609571611614E-13));
#10684=GENERAL_PROPERTY('','DESCRIPTION','user defined attribute');
#10685=GENERAL_PROPERTY_ASSOCIATION('user defined attribute','',#10684,#10683);
#10686=DESCRIPTIVE_REPRESENTATION_ITEM('DESCRIPTION','');
#10690=GENERAL_PROPERTY('','MODELED_BY','user defined attribute');
#10691=GENERAL_PROPERTY_ASSOCIATION('user defined attribute','',#10690,#10689);
#10692=DESCRIPTIVE_REPRESENTATION_ITEM('MODELED_BY','');
#10697=CARTESIAN_POINT('centre point',(1.016000000003E1,8.023399650382E0,
-3.609571611614E-13));
#10701=CARTESIAN_POINT('',(0.E0,0.E0,0.E0));
#10702=DIRECTION('',(0.E0,0.E0,1.E0));
#10703=DIRECTION('',(1.E0,0.E0,0.E0));
#10704=AXIS2_PLACEMENT_3D('',#10701,#10702,#10703);
#10705=ITEM_DEFINED_TRANSFORMATION('','',#10634,#10704);
#10706=(REPRESENTATION_RELATIONSHIP('','',#10635,#9460)REPRESENTATION_RELATIONSHIP_WITH_TRANSFORMATION(#10705)SHAPE_REPRESENTATION_RELATIONSHIP());
#10707=CONTEXT_DEPENDENT_SHAPE_REPRESENTATION(#10706,#10696);
#10709=DIRECTION('',(1.944118799671E-8,-1.E0,8.819455886855E-14));
#10710=VECTOR('',#10709,1.139999999999E1);
#10711=CARTESIAN_POINT('',(1.015999977837E1,1.549999999999E1,
-9.660000000001E0));
#10712=LINE('',#10711,#10710);
#10713=CURVE_STYLE('',#9479,POSITIVE_LENGTH_MEASURE(2.E-2),#59);
#10714=PRESENTATION_STYLE_ASSIGNMENT((#10713));
#10715=STYLED_ITEM('',(#10714),#10712);
#10716=CARTESIAN_POINT('',(1.016E1,1.549999999999E1,-1.016E1));
#10717=DIRECTION('',(9.724095749499E-12,-1.E0,3.792694975318E-12));
#10718=DIRECTION('',(-2.842170943034E-12,3.794298208951E-12,1.E0));
#10719=AXIS2_PLACEMENT_3D('',#10716,#10717,#10718);
#10721=CURVE_STYLE('',#9479,POSITIVE_LENGTH_MEASURE(2.E-2),#59);
#10722=PRESENTATION_STYLE_ASSIGNMENT((#10721));
#10723=STYLED_ITEM('',(#10722),#10720);
#10724=CARTESIAN_POINT('',(1.015999982262E1,1.549999999999E1,
-1.025999999998E1));
#10725=DIRECTION('',(9.999999999984E-1,9.724090677717E-12,-1.773802223742E-6));
#10726=DIRECTION('',(-1.773802224993E-6,-3.792521851885E-12,
-9.999999999984E-1));
#10727=AXIS2_PLACEMENT_3D('',#10724,#10725,#10726);
#10729=CURVE_STYLE('',#9479,POSITIVE_LENGTH_MEASURE(2.E-2),#59);
#10730=PRESENTATION_STYLE_ASSIGNMENT((#10729));
#10731=STYLED_ITEM('',(#10730),#10728);
#10732=CARTESIAN_POINT('',(1.016E1,1.590000000001E1,-1.016E1));
#10733=DIRECTION('',(9.724095749499E-12,-1.E0,3.792694975318E-12));
#10734=DIRECTION('',(2.554362885330E-11,3.801346713913E-12,1.E0));
#10735=AXIS2_PLACEMENT_3D('',#10732,#10733,#10734);
#10737=CURVE_STYLE('',#9479,POSITIVE_LENGTH_MEASURE(2.E-2),#59);
#10738=PRESENTATION_STYLE_ASSIGNMENT((#10737));
#10739=STYLED_ITEM('',(#10738),#10736);
#10740=CARTESIAN_POINT('',(1.016E1,1.590000000001E1,-1.016E1));
#10741=DIRECTION('',(-4.808899122292E-12,-1.E0,-2.597911020089E-12));
#10742=DIRECTION('',(-2.378506191555E-11,2.593442150613E-12,-1.E0));
#10743=AXIS2_PLACEMENT_3D('',#10740,#10741,#10742);
#10745=CURVE_STYLE('',#9479,POSITIVE_LENGTH_MEASURE(2.E-2),#59);
#10746=PRESENTATION_STYLE_ASSIGNMENT((#10745));
#10747=STYLED_ITEM('',(#10746),#10744);
#10748=CARTESIAN_POINT('',(1.016E1,1.549999999999E1,-1.016E1));
#10749=DIRECTION('',(-4.808899122292E-12,-1.E0,-2.597911020089E-12));
#10750=DIRECTION('',(-2.216631891379E-7,2.597033699212E-12,-1.E0));
#10751=AXIS2_PLACEMENT_3D('',#10748,#10749,#10750);
#10753=CURVE_STYLE('',#9479,POSITIVE_LENGTH_MEASURE(2.E-2),#59);
#10754=PRESENTATION_STYLE_ASSIGNMENT((#10753));
#10755=STYLED_ITEM('',(#10754),#10752);
#10756=CARTESIAN_POINT('',(1.016000017737E1,1.549999999999E1,
-1.006000000002E1));
#10757=DIRECTION('',(-9.999999999984E-1,4.808895748460E-12,1.773701204105E-6));
#10758=DIRECTION('',(1.773701203594E-6,-2.597921877484E-12,9.999999999984E-1));
#10759=AXIS2_PLACEMENT_3D('',#10756,#10757,#10758);
#10761=CURVE_STYLE('',#9479,POSITIVE_LENGTH_MEASURE(2.E-2),#59);
#10762=PRESENTATION_STYLE_ASSIGNMENT((#10761));
#10763=STYLED_ITEM('',(#10762),#10760);
#10764=DIRECTION('',(-2.106046253573E-8,-1.E0,-1.090745427703E-13));
#10765=VECTOR('',#10764,1.139999999999E1);
#10766=CARTESIAN_POINT('',(1.016000016620E1,1.549999999999E1,-1.066E1));
#10767=LINE('',#10766,#10765);
#10768=CURVE_STYLE('',#9479,POSITIVE_LENGTH_MEASURE(2.E-2),#59);
#10769=PRESENTATION_STYLE_ASSIGNMENT((#10768));
#10770=STYLED_ITEM('',(#10769),#10767);
#10771=CARTESIAN_POINT('',(1.016E1,4.1E0,-1.016E1));
#10772=DIRECTION('',(0.E0,-1.E0,0.E0));
#10773=DIRECTION('',(0.E0,0.E0,-1.E0));
#10774=AXIS2_PLACEMENT_3D('',#10771,#10772,#10773);
#10776=CURVE_STYLE('',#9479,POSITIVE_LENGTH_MEASURE(2.E-2),#59);
#10777=PRESENTATION_STYLE_ASSIGNMENT((#10776));
#10778=STYLED_ITEM('',(#10777),#10775);
#10779=CARTESIAN_POINT('',(1.016E1,4.1E0,-1.016E1));
#10780=DIRECTION('',(0.E0,-1.E0,0.E0));
#10781=DIRECTION('',(0.E0,0.E0,1.E0));
#10782=AXIS2_PLACEMENT_3D('',#10779,#10780,#10781);
#10784=CURVE_STYLE('',#9479,POSITIVE_LENGTH_MEASURE(2.E-2),#59);
#10785=PRESENTATION_STYLE_ASSIGNMENT((#10784));
#10786=STYLED_ITEM('',(#10785),#10783);
#10787=CARTESIAN_POINT('',(1.016E1,4.1E0,-1.016E1));
#10788=DIRECTION('',(0.E0,1.E0,0.E0));
#10789=DIRECTION('',(0.E0,0.E0,1.E0));
#10790=AXIS2_PLACEMENT_3D('',#10787,#10788,#10789);
#10792=CURVE_STYLE('',#9479,POSITIVE_LENGTH_MEASURE(2.E-2),#59);
#10793=PRESENTATION_STYLE_ASSIGNMENT((#10792));
#10794=STYLED_ITEM('',(#10793),#10791);
#10795=CARTESIAN_POINT('',(1.016E1,4.1E0,-1.016E1));
#10796=DIRECTION('',(0.E0,1.E0,0.E0));
#10797=DIRECTION('',(0.E0,0.E0,-1.E0));
#10798=AXIS2_PLACEMENT_3D('',#10795,#10796,#10797);
#10800=CURVE_STYLE('',#9479,POSITIVE_LENGTH_MEASURE(2.E-2),#59);
#10801=PRESENTATION_STYLE_ASSIGNMENT((#10800));
#10802=STYLED_ITEM('',(#10801),#10799);
#10803=DIRECTION('',(0.E0,-1.E0,0.E0));
#10804=VECTOR('',#10803,5.E-1);
#10805=CARTESIAN_POINT('',(1.016E1,4.1E0,-1.116E1));
#10806=LINE('',#10805,#10804);
#10807=CURVE_STYLE('',#9479,POSITIVE_LENGTH_MEASURE(2.E-2),#59);
#10808=PRESENTATION_STYLE_ASSIGNMENT((#10807));
#10809=STYLED_ITEM('',(#10808),#10806);
#10810=CARTESIAN_POINT('',(1.016E1,3.6E0,-1.016E1));
#10811=DIRECTION('',(0.E0,1.E0,0.E0));
#10812=DIRECTION('',(0.E0,0.E0,1.E0));
#10813=AXIS2_PLACEMENT_3D('',#10810,#10811,#10812);
#10815=CURVE_STYLE('',#9479,POSITIVE_LENGTH_MEASURE(2.E-2),#59);
#10816=PRESENTATION_STYLE_ASSIGNMENT((#10815));
#10817=STYLED_ITEM('',(#10816),#10814);
#10818=CARTESIAN_POINT('',(1.016E1,3.6E0,-1.016E1));
#10819=DIRECTION('',(0.E0,1.E0,0.E0));
#10820=DIRECTION('',(0.E0,0.E0,-1.E0));
#10821=AXIS2_PLACEMENT_3D('',#10818,#10819,#10820);
#10823=CURVE_STYLE('',#9479,POSITIVE_LENGTH_MEASURE(2.E-2),#59);
#10824=PRESENTATION_STYLE_ASSIGNMENT((#10823));
#10825=STYLED_ITEM('',(#10824),#10822);
#10826=CARTESIAN_POINT('',(1.016E1,3.6E0,-1.016E1));
#10827=DIRECTION('',(0.E0,-1.E0,0.E0));
#10828=DIRECTION('',(-1.E0,0.E0,0.E0));
#10829=AXIS2_PLACEMENT_3D('',#10826,#10827,#10828);
#10831=CURVE_STYLE('',#9479,POSITIVE_LENGTH_MEASURE(2.E-2),#59);
#10832=PRESENTATION_STYLE_ASSIGNMENT((#10831));
#10833=STYLED_ITEM('',(#10832),#10830);
#10834=CARTESIAN_POINT('',(1.016E1,3.6E0,-1.016E1));
#10835=DIRECTION('',(0.E0,-1.E0,0.E0));
#10836=DIRECTION('',(1.E0,0.E0,0.E0));
#10837=AXIS2_PLACEMENT_3D('',#10834,#10835,#10836);
#10839=CURVE_STYLE('',#9479,POSITIVE_LENGTH_MEASURE(2.E-2),#59);
#10840=PRESENTATION_STYLE_ASSIGNMENT((#10839));
#10841=STYLED_ITEM('',(#10840),#10838);
#10842=DIRECTION('',(0.E0,-1.E0,0.E0));
#10843=VECTOR('',#10842,5.E-1);
#10844=CARTESIAN_POINT('',(1.016E1,4.1E0,-9.16E0));
#10845=LINE('',#10844,#10843);
#10846=CURVE_STYLE('',#9479,POSITIVE_LENGTH_MEASURE(2.E-2),#59);
#10847=PRESENTATION_STYLE_ASSIGNMENT((#10846));
#10848=STYLED_ITEM('',(#10847),#10845);
#10849=DIRECTION('',(3.746498061280E-13,1.E0,1.091313407319E-7));
#10850=VECTOR('',#10849,2.2E0);
#10851=CARTESIAN_POINT('',(1.066E1,1.4E0,-1.016000016620E1));
#10852=LINE('',#10851,#10850);
#10853=CURVE_STYLE('',#9479,POSITIVE_LENGTH_MEASURE(2.E-2),#59);
#10854=PRESENTATION_STYLE_ASSIGNMENT((#10853));
#10855=STYLED_ITEM('',(#10854),#10852);
#10856=CARTESIAN_POINT('',(1.016E1,1.4E0,-1.016E1));
#10857=DIRECTION('',(9.779370452498E-12,1.E0,1.209240415952E-11));
#10858=DIRECTION('',(1.E0,-9.779288490105E-12,2.216579169100E-7));
#10859=AXIS2_PLACEMENT_3D('',#10856,#10857,#10858);
#10861=CURVE_STYLE('',#9479,POSITIVE_LENGTH_MEASURE(2.E-2),#59);
#10862=PRESENTATION_STYLE_ASSIGNMENT((#10861));
#10863=STYLED_ITEM('',(#10862),#10860);
#10864=CARTESIAN_POINT('',(1.006E1,1.400000000001E0,-1.016000017737E1));
#10865=DIRECTION('',(-1.773706643116E-6,-1.209238869698E-11,9.999999999984E-1));
#10866=DIRECTION('',(-9.999999999984E-1,9.779399512416E-12,-1.773706643783E-6));
#10867=AXIS2_PLACEMENT_3D('',#10864,#10865,#10866);
#10869=CURVE_STYLE('',#9479,POSITIVE_LENGTH_MEASURE(2.E-2),#59);
#10870=PRESENTATION_STYLE_ASSIGNMENT((#10869));
#10871=STYLED_ITEM('',(#10870),#10868);
#10872=CARTESIAN_POINT('',(1.016E1,1.000000000003E0,-1.016E1));
#10873=DIRECTION('',(-7.385550641735E-12,1.E0,-4.022297586115E-12));
#10874=DIRECTION('',(-1.E0,-7.385092971919E-12,-2.744430220473E-11));
#10875=AXIS2_PLACEMENT_3D('',#10872,#10873,#10874);
#10877=CURVE_STYLE('',#9479,POSITIVE_LENGTH_MEASURE(2.E-2),#59);
#10878=PRESENTATION_STYLE_ASSIGNMENT((#10877));
#10879=STYLED_ITEM('',(#10878),#10876);
#10880=CARTESIAN_POINT('',(1.016E1,1.000000000003E0,-1.016E1));
#10881=DIRECTION('',(9.779370452498E-12,1.E0,1.209240415952E-11));
#10882=DIRECTION('',(1.E0,-9.778697970035E-12,2.746206550713E-11));
#10883=AXIS2_PLACEMENT_3D('',#10880,#10881,#10882);
#10885=CURVE_STYLE('',#9479,POSITIVE_LENGTH_MEASURE(2.E-2),#59);
#10886=PRESENTATION_STYLE_ASSIGNMENT((#10885));
#10887=STYLED_ITEM('',(#10886),#10884);
#10888=CARTESIAN_POINT('',(1.016E1,1.400000000001E0,-1.016E1));
#10889=DIRECTION('',(-7.385550641735E-12,1.E0,-4.022297586115E-12));
#10890=DIRECTION('',(-1.E0,-7.385647649023E-12,-2.273736754434E-12));
#10891=AXIS2_PLACEMENT_3D('',#10888,#10889,#10890);
#10893=CURVE_STYLE('',#9479,POSITIVE_LENGTH_MEASURE(2.E-2),#59);
#10894=PRESENTATION_STYLE_ASSIGNMENT((#10893));
#10895=STYLED_ITEM('',(#10894),#10892);
#10896=CARTESIAN_POINT('',(1.026E1,1.400000000001E0,-1.015999982262E1));
#10897=DIRECTION('',(1.773797287496E-6,-4.022282068060E-12,-9.999999999984E-1));
#10898=DIRECTION('',(9.999999999984E-1,7.385758671319E-12,1.773797286830E-6));
#10899=AXIS2_PLACEMENT_3D('',#10896,#10897,#10898);
#10901=CURVE_STYLE('',#9479,POSITIVE_LENGTH_MEASURE(2.E-2),#59);
#10902=PRESENTATION_STYLE_ASSIGNMENT((#10901));
#10903=STYLED_ITEM('',(#10902),#10900);
#10904=DIRECTION('',(-5.926572364182E-13,1.E0,-1.007405213794E-7));
#10905=VECTOR('',#10904,2.2E0);
#10906=CARTESIAN_POINT('',(9.660000000001E0,1.4E0,-1.015999977837E1));
#10907=LINE('',#10906,#10905);
#10908=CURVE_STYLE('',#9479,POSITIVE_LENGTH_MEASURE(2.E-2),#59);
#10909=PRESENTATION_STYLE_ASSIGNMENT((#10908));
#10910=STYLED_ITEM('',(#10909),#10907);
#10911=CARTESIAN_POINT('',(1.016E1,1.549999999999E1,-9.660000000001E0));
#10912=CARTESIAN_POINT('',(1.015999988917E1,1.549999999998E1,-1.066E1));
#10913=VERTEX_POINT('',#10911);
#10914=VERTEX_POINT('',#10912);
#10915=CARTESIAN_POINT('',(1.016E1,4.1E0,-9.66E0));
#10916=VERTEX_POINT('',#10915);
#10917=CARTESIAN_POINT('',(1.016E1,4.1E0,-1.066E1));
#10918=VERTEX_POINT('',#10917);
#10919=CARTESIAN_POINT('',(1.016E1,1.590000000001E1,-1.005999850258E1));
#10920=CARTESIAN_POINT('',(1.016E1,1.590000000001E1,-1.026000149743E1));
#10921=VERTEX_POINT('',#10919);
#10922=VERTEX_POINT('',#10920);
#10923=CARTESIAN_POINT('',(1.016E1,4.1E0,-1.116E1));
#10924=CARTESIAN_POINT('',(1.016E1,4.1E0,-9.16E0));
#10925=VERTEX_POINT('',#10923);
#10926=VERTEX_POINT('',#10924);
#10927=CARTESIAN_POINT('',(1.016E1,3.6E0,-9.16E0));
#10928=CARTESIAN_POINT('',(1.016E1,3.6E0,-1.116E1));
#10929=VERTEX_POINT('',#10927);
#10930=VERTEX_POINT('',#10928);
#10931=CARTESIAN_POINT('',(9.66E0,3.6E0,-1.016E1));
#10932=CARTESIAN_POINT('',(1.066E1,3.6E0,-1.016E1));
#10933=VERTEX_POINT('',#10931);
#10934=VERTEX_POINT('',#10932);
#10935=CARTESIAN_POINT('',(1.066E1,1.399999999995E0,-1.015999988917E1));
#10936=CARTESIAN_POINT('',(9.66E0,1.400000000005E0,-1.016E1));
#10937=VERTEX_POINT('',#10935);
#10938=VERTEX_POINT('',#10936);
#10939=CARTESIAN_POINT('',(1.026000149744E1,1.000000000002E0,-1.016E1));
#10940=CARTESIAN_POINT('',(1.005999850255E1,1.000000000004E0,-1.016E1));
#10941=VERTEX_POINT('',#10939);
#10942=VERTEX_POINT('',#10940);
#10943=CARTESIAN_POINT('',(1.016E1,4.1E0,-1.016E1));
#10944=DIRECTION('',(0.E0,1.E0,0.E0));
#10945=DIRECTION('',(0.E0,0.E0,1.E0));
#10946=AXIS2_PLACEMENT_3D('',#10943,#10944,#10945);
#10947=CYLINDRICAL_SURFACE('',#10946,5.E-1);
#10949=ORIENTED_EDGE('',*,*,#10948,.F.);
#10951=ORIENTED_EDGE('',*,*,#10950,.T.);
#10953=ORIENTED_EDGE('',*,*,#10952,.F.);
#10955=ORIENTED_EDGE('',*,*,#10954,.F.);
#10956=EDGE_LOOP('',(#10949,#10951,#10953,#10955));
#10957=FACE_OUTER_BOUND('',#10956,.F.);
#10959=CARTESIAN_POINT('',(1.025042303128E1,1.548180648875E1,
-1.065133479193E1));
#10960=CARTESIAN_POINT('',(1.025249417858E1,1.573313165903E1,
-1.066258885754E1));
#10961=CARTESIAN_POINT('',(1.022029537511E1,1.591102938855E1,
-1.048762909145E1));
#10962=CARTESIAN_POINT('',(1.017480654834E1,1.589958600784E1,
-1.024045486032E1));
#10963=CARTESIAN_POINT('',(9.919207490218E0,1.548180648875E1,
-1.071229020100E1));
#10964=CARTESIAN_POINT('',(9.913692117096E0,1.573313165903E1,
-1.072494045549E1));
#10965=CARTESIAN_POINT('',(9.999436098347E0,1.591102938854E1,
-1.052827503312E1));
#10966=CARTESIAN_POINT('',(1.012057082043E1,1.589958600784E1,
-1.025043615821E1));
#10967=CARTESIAN_POINT('',(9.660414296325E0,1.548180648875E1,
-1.049677830032E1));
#10968=CARTESIAN_POINT('',(9.648971242867E0,1.573313165903E1,
-1.050449223622E1));
#10969=CARTESIAN_POINT('',(9.826869082166E0,1.591102938854E1,
-1.038456860448E1));
#10970=CARTESIAN_POINT('',(1.007819407324E1,1.589958600784E1,
-1.021514661603E1));
#10971=CARTESIAN_POINT('',(9.660413969027E0,1.548180648875E1,
-1.016000048553E1));
#10972=CARTESIAN_POINT('',(9.648970908073E0,1.573313165903E1,
-1.016000049665E1));
#10973=CARTESIAN_POINT('',(9.826868863919E0,1.591102938854E1,
-1.016000032376E1));
#10974=CARTESIAN_POINT('',(1.007819401964E1,1.589958600784E1,
-1.016000007951E1));
#10975=CARTESIAN_POINT('',(9.660413641729E0,1.548180648875E1,
-9.823222670730E0));
#10976=CARTESIAN_POINT('',(9.648970573278E0,1.573313165903E1,
-9.815508757076E0));
#10977=CARTESIAN_POINT('',(9.826868645672E0,1.591102938854E1,
-9.935432043035E0));
#10978=CARTESIAN_POINT('',(1.007819396605E1,1.589958600784E1,
-1.010485354299E1));
#10979=CARTESIAN_POINT('',(9.919206416730E0,1.548180648875E1,
-9.607710267037E0));
#10980=CARTESIAN_POINT('',(9.913691019020E0,1.573313165903E1,
-9.595060023264E0));
#10981=CARTESIAN_POINT('',(9.999435382530E0,1.591102938855E1,
-9.791725278975E0));
#10982=CARTESIAN_POINT('',(1.012057064465E1,1.589958600784E1,
-1.006956391844E1));
#10983=CARTESIAN_POINT('',(1.025042207628E1,1.548180648876E1,
-9.668665032320E0));
#10984=CARTESIAN_POINT('',(1.025249320170E1,1.573313165904E1,
-9.657410962682E0));
#10985=CARTESIAN_POINT('',(1.022029473830E1,1.591102938855E1,
-9.832370791357E0));
#10986=CARTESIAN_POINT('',(1.017480639196E1,1.589958600784E1,
-1.007954511091E1));
#10987=(BOUNDED_SURFACE()B_SPLINE_SURFACE(3,3,((#10959,#10960,#10961,#10962),(
#10963,#10964,#10965,#10966),(#10967,#10968,#10969,#10970),(#10971,#10972,
#10973,#10974),(#10975,#10976,#10977,#10978),(#10979,#10980,#10981,#10982),(
#10983,#10984,#10985,#10986)),.UNSPECIFIED.,.F.,.F.,.F.)B_SPLINE_SURFACE_WITH_KNOTS((4,3,4),(4,4),(0.E0,1.E0,2.E0),(0.E0,1.E0),.UNSPECIFIED.)GEOMETRIC_REPRESENTATION_ITEM()RATIONAL_B_SPLINE_SURFACE(((1.456886437013E0,1.140462962782E0,
1.140462962782E0,1.456886437013E0),(1.107159720325E0,8.666939459629E-1,
8.666939459629E-1,1.107159720325E0),(1.107159720325E0,8.666939459629E-1,
8.666939459629E-1,1.107159720325E0),(1.456886437013E0,1.140462962782E0,
1.140462962782E0,1.456886437013E0),(1.107159720325E0,8.666939459629E-1,
8.666939459629E-1,1.107159720325E0),(1.107159720325E0,8.666939459629E-1,
8.666939459629E-1,1.107159720325E0),(1.456886437013E0,1.140462962782E0,
1.140462962782E0,1.456886437013E0)))REPRESENTATION_ITEM('')SURFACE());
#10989=ORIENTED_EDGE('',*,*,#10988,.F.);
#10991=ORIENTED_EDGE('',*,*,#10990,.F.);
#10992=ORIENTED_EDGE('',*,*,#10948,.T.);
#10994=ORIENTED_EDGE('',*,*,#10993,.T.);
#10995=EDGE_LOOP('',(#10989,#10991,#10992,#10994));
#10996=FACE_OUTER_BOUND('',#10995,.F.);
#10998=CARTESIAN_POINT('',(1.016E1,1.59E1,-1.016E1));
#10999=DIRECTION('',(0.E0,1.E0,0.E0));
#11000=DIRECTION('',(0.E0,0.E0,1.E0));
#11001=AXIS2_PLACEMENT_3D('',#10998,#10999,#11000);
#11002=PLANE('',#11001);
#11003=ORIENTED_EDGE('',*,*,#10988,.T.);
#11005=ORIENTED_EDGE('',*,*,#11004,.T.);
#11006=EDGE_LOOP('',(#11003,#11005));
#11007=FACE_OUTER_BOUND('',#11006,.F.);
#11009=CARTESIAN_POINT('',(1.006957696872E1,1.548180648876E1,
-9.668665208073E0));
#11010=CARTESIAN_POINT('',(1.006750582142E1,1.573313165903E1,
-9.657411142459E0));
#11011=CARTESIAN_POINT('',(1.009970462489E1,1.591102938855E1,
-9.832370908548E0));
#11012=CARTESIAN_POINT('',(1.014519345166E1,1.589958600784E1,
-1.007954513968E1));
#11013=CARTESIAN_POINT('',(1.040079250978E1,1.548180648875E1,
-9.607709799006E0));
#11014=CARTESIAN_POINT('',(1.040630788290E1,1.573313165903E1,
-9.595059544511E0));
#11015=CARTESIAN_POINT('',(1.032056390165E1,1.591102938854E1,
-9.791724966880E0));
#11016=CARTESIAN_POINT('',(1.019942917957E1,1.589958600784E1,
-1.006956384179E1));
#11017=CARTESIAN_POINT('',(1.065958570367E1,1.548180648875E1,
-9.823221699681E0));
#11018=CARTESIAN_POINT('',(1.067102875713E1,1.573313165903E1,
-9.815507763783E0));
#11019=CARTESIAN_POINT('',(1.049313091783E1,1.591102938854E1,
-9.935431395522E0));
#11020=CARTESIAN_POINT('',(1.024180592676E1,1.589958600784E1,
-1.010485338397E1));
#11021=CARTESIAN_POINT('',(1.065958603097E1,1.548180648875E1,
-1.015999951447E1));
#11022=CARTESIAN_POINT('',(1.067102909193E1,1.573313165903E1,
-1.015999950335E1));
#11023=CARTESIAN_POINT('',(1.049313113608E1,1.591102938854E1,
-1.015999967624E1));
#11024=CARTESIAN_POINT('',(1.024180598036E1,1.589958600784E1,
-1.015999992049E1));
#11025=CARTESIAN_POINT('',(1.065958635827E1,1.548180648876E1,
-1.049677732927E1));
#11026=CARTESIAN_POINT('',(1.067102942672E1,1.573313165903E1,
-1.050449124292E1));
#11027=CARTESIAN_POINT('',(1.049313135433E1,1.591102938855E1,
-1.038456795696E1));
#11028=CARTESIAN_POINT('',(1.024180603395E1,1.589958600784E1,
-1.021514645701E1));
#11029=CARTESIAN_POINT('',(1.040079358327E1,1.548180648876E1,
-1.071228973296E1));
#11030=CARTESIAN_POINT('',(1.040630898098E1,1.573313165904E1,
-1.072493997673E1));
#11031=CARTESIAN_POINT('',(1.032056461747E1,1.591102938855E1,
-1.052827472102E1));
#11032=CARTESIAN_POINT('',(1.019942935535E1,1.589958600784E1,
-1.025043608156E1));
#11033=CARTESIAN_POINT('',(1.006957792373E1,1.548180648876E1,
-1.065133496768E1));
#11034=CARTESIAN_POINT('',(1.006750679830E1,1.573313165904E1,
-1.066258903732E1));
#11035=CARTESIAN_POINT('',(1.009970526170E1,1.591102938855E1,
-1.048762920864E1));
#11036=CARTESIAN_POINT('',(1.014519360804E1,1.589958600784E1,
-1.024045488909E1));
#11037=(BOUNDED_SURFACE()B_SPLINE_SURFACE(3,3,((#11009,#11010,#11011,#11012),(
#11013,#11014,#11015,#11016),(#11017,#11018,#11019,#11020),(#11021,#11022,
#11023,#11024),(#11025,#11026,#11027,#11028),(#11029,#11030,#11031,#11032),(
#11033,#11034,#11035,#11036)),.UNSPECIFIED.,.F.,.F.,.F.)B_SPLINE_SURFACE_WITH_KNOTS((4,3,4),(4,4),(0.E0,1.E0,2.E0),(0.E0,1.E0),.UNSPECIFIED.)GEOMETRIC_REPRESENTATION_ITEM()RATIONAL_B_SPLINE_SURFACE(((1.456886437014E0,1.140462962781E0,
1.140462962781E0,1.456886437014E0),(1.107159720326E0,8.666939459627E-1,
8.666939459627E-1,1.107159720326E0),(1.107159720326E0,8.666939459627E-1,
8.666939459627E-1,1.107159720326E0),(1.456886437014E0,1.140462962781E0,
1.140462962781E0,1.456886437014E0),(1.107159720326E0,8.666939459627E-1,
8.666939459627E-1,1.107159720326E0),(1.107159720326E0,8.666939459627E-1,
8.666939459627E-1,1.107159720326E0),(1.456886437014E0,1.140462962781E0,
1.140462962781E0,1.456886437014E0)))REPRESENTATION_ITEM('')SURFACE());
#11038=ORIENTED_EDGE('',*,*,#11004,.F.);
#11039=ORIENTED_EDGE('',*,*,#10993,.F.);
#11041=ORIENTED_EDGE('',*,*,#11040,.T.);
#11042=ORIENTED_EDGE('',*,*,#10990,.T.);
#11043=EDGE_LOOP('',(#11038,#11039,#11041,#11042));
#11044=FACE_OUTER_BOUND('',#11043,.F.);
#11046=CARTESIAN_POINT('',(1.016E1,4.1E0,-1.016E1));
#11047=DIRECTION('',(0.E0,1.E0,0.E0));
#11048=DIRECTION('',(0.E0,0.E0,1.E0));
#11049=AXIS2_PLACEMENT_3D('',#11046,#11047,#11048);
#11050=CYLINDRICAL_SURFACE('',#11049,5.E-1);
#11051=ORIENTED_EDGE('',*,*,#11040,.F.);
#11052=ORIENTED_EDGE('',*,*,#10954,.T.);
#11054=ORIENTED_EDGE('',*,*,#11053,.F.);
#11055=ORIENTED_EDGE('',*,*,#10950,.F.);
#11056=EDGE_LOOP('',(#11051,#11052,#11054,#11055));
#11057=FACE_OUTER_BOUND('',#11056,.F.);
#11059=CARTESIAN_POINT('',(1.016E1,4.1E0,-1.016E1));
#11060=DIRECTION('',(0.E0,1.E0,0.E0));
#11061=DIRECTION('',(0.E0,0.E0,1.E0));
#11062=AXIS2_PLACEMENT_3D('',#11059,#11060,#11061);
#11063=PLANE('',#11062);
#11065=ORIENTED_EDGE('',*,*,#11064,.T.);
#11067=ORIENTED_EDGE('',*,*,#11066,.T.);
#11068=EDGE_LOOP('',(#11065,#11067));
#11069=FACE_OUTER_BOUND('',#11068,.F.);
#11070=ORIENTED_EDGE('',*,*,#11053,.T.);
#11071=ORIENTED_EDGE('',*,*,#10952,.T.);
#11072=EDGE_LOOP('',(#11070,#11071));
#11073=FACE_BOUND('',#11072,.F.);
#11075=CARTESIAN_POINT('',(1.016E1,3.6E0,-1.016E1));
#11076=DIRECTION('',(0.E0,1.E0,0.E0));
#11077=DIRECTION('',(0.E0,0.E0,1.E0));
#11078=AXIS2_PLACEMENT_3D('',#11075,#11076,#11077);
#11079=CYLINDRICAL_SURFACE('',#11078,1.E0);
#11081=ORIENTED_EDGE('',*,*,#11080,.F.);
#11083=ORIENTED_EDGE('',*,*,#11082,.F.);
#11084=ORIENTED_EDGE('',*,*,#11064,.F.);
#11086=ORIENTED_EDGE('',*,*,#11085,.T.);
#11087=EDGE_LOOP('',(#11081,#11083,#11084,#11086));
#11088=FACE_OUTER_BOUND('',#11087,.F.);
#11090=CARTESIAN_POINT('',(1.016E1,3.6E0,-1.016E1));
#11091=DIRECTION('',(0.E0,1.E0,0.E0));
#11092=DIRECTION('',(0.E0,0.E0,1.E0));
#11093=AXIS2_PLACEMENT_3D('',#11090,#11091,#11092);
#11094=PLANE('',#11093);
#11095=ORIENTED_EDGE('',*,*,#11080,.T.);
#11097=ORIENTED_EDGE('',*,*,#11096,.T.);
#11098=EDGE_LOOP('',(#11095,#11097));
#11099=FACE_OUTER_BOUND('',#11098,.F.);
#11101=ORIENTED_EDGE('',*,*,#11100,.T.);
#11103=ORIENTED_EDGE('',*,*,#11102,.T.);
#11104=EDGE_LOOP('',(#11101,#11103));
#11105=FACE_BOUND('',#11104,.F.);
#11107=CARTESIAN_POINT('',(1.016E1,3.6E0,-1.016E1));
#11108=DIRECTION('',(0.E0,1.E0,0.E0));
#11109=DIRECTION('',(0.E0,0.E0,1.E0));
#11110=AXIS2_PLACEMENT_3D('',#11107,#11108,#11109);
#11111=CYLINDRICAL_SURFACE('',#11110,1.E0);
#11112=ORIENTED_EDGE('',*,*,#11096,.F.);
#11113=ORIENTED_EDGE('',*,*,#11085,.F.);
#11114=ORIENTED_EDGE('',*,*,#11066,.F.);
#11115=ORIENTED_EDGE('',*,*,#11082,.T.);
#11116=EDGE_LOOP('',(#11112,#11113,#11114,#11115));
#11117=FACE_OUTER_BOUND('',#11116,.F.);
#11119=CARTESIAN_POINT('',(1.016E1,3.6E0,-1.016E1));
#11120=DIRECTION('',(0.E0,-1.E0,0.E0));
#11121=DIRECTION('',(-1.E0,0.E0,0.E0));
#11122=AXIS2_PLACEMENT_3D('',#11119,#11120,#11121);
#11123=CYLINDRICAL_SURFACE('',#11122,5.E-1);
#11125=ORIENTED_EDGE('',*,*,#11124,.F.);
#11127=ORIENTED_EDGE('',*,*,#11126,.T.);
#11128=ORIENTED_EDGE('',*,*,#11100,.F.);
#11130=ORIENTED_EDGE('',*,*,#11129,.F.);
#11131=EDGE_LOOP('',(#11125,#11127,#11128,#11130));
#11132=FACE_OUTER_BOUND('',#11131,.F.);
#11134=CARTESIAN_POINT('',(9.668665208070E0,1.418193511236E0,
-1.006957696874E1));
#11135=CARTESIAN_POINT('',(9.657411142454E0,1.166868340970E0,
-1.006750582144E1));
#11136=CARTESIAN_POINT('',(9.832370908534E0,9.889706114669E-1,
-1.009970462490E1));
#11137=CARTESIAN_POINT('',(1.007954513966E1,1.000413992175E0,
-1.014519345166E1));
#11138=CARTESIAN_POINT('',(9.607709799020E0,1.418193511241E0,
-1.040079250980E1));
#11139=CARTESIAN_POINT('',(9.595059544524E0,1.166868340974E0,
-1.040630788292E1));
#11140=CARTESIAN_POINT('',(9.791724966877E0,9.889706114699E-1,
-1.032056390167E1));
#11141=CARTESIAN_POINT('',(1.006956384177E1,1.000413992176E0,
-1.019942917959E1));
#11142=CARTESIAN_POINT('',(9.823221699695E0,1.418193511242E0,
-1.065958570367E1));
#11143=CARTESIAN_POINT('',(9.815507763796E0,1.166868340975E0,
-1.067102875713E1));
#11144=CARTESIAN_POINT('',(9.935431395523E0,9.889706114706E-1,
-1.049313091784E1));
#11145=CARTESIAN_POINT('',(1.010485338396E1,1.000413992176E0,
-1.024180592679E1));
#11146=CARTESIAN_POINT('',(1.015999951448E1,1.418193511238E0,
-1.065958603097E1));
#11147=CARTESIAN_POINT('',(1.015999950336E1,1.166868340972E0,
-1.067102909193E1));
#11148=CARTESIAN_POINT('',(1.015999967624E1,9.889706114684E-1,
-1.049313113609E1));
#11149=CARTESIAN_POINT('',(1.015999992049E1,1.000413992176E0,
-1.024180598038E1));
#11150=CARTESIAN_POINT('',(1.049677732926E1,1.418193511235E0,
-1.065958635827E1));
#11151=CARTESIAN_POINT('',(1.050449124292E1,1.166868340969E0,
-1.067102942672E1));
#11152=CARTESIAN_POINT('',(1.038456795696E1,9.889706114662E-1,
-1.049313135434E1));
#11153=CARTESIAN_POINT('',(1.021514645703E1,1.000413992175E0,
-1.024180603398E1));
#11154=CARTESIAN_POINT('',(1.071228973295E1,1.418193511230E0,
-1.040079358328E1));
#11155=CARTESIAN_POINT('',(1.072493997672E1,1.166868340963E0,
-1.040630898099E1));
#11156=CARTESIAN_POINT('',(1.052827472103E1,9.889706114627E-1,
-1.032056461748E1));
#11157=CARTESIAN_POINT('',(1.025043608159E1,1.000413992174E0,
-1.019942935537E1));
#11158=CARTESIAN_POINT('',(1.065133496769E1,1.418193511226E0,
-1.006957792374E1));
#11159=CARTESIAN_POINT('',(1.066258903732E1,1.166868340960E0,
-1.006750679832E1));
#11160=CARTESIAN_POINT('',(1.048762920865E1,9.889706114604E-1,
-1.009970526171E1));
#11161=CARTESIAN_POINT('',(1.024045488911E1,1.000413992174E0,
-1.014519360804E1));
#11162=(BOUNDED_SURFACE()B_SPLINE_SURFACE(3,3,((#11134,#11135,#11136,#11137),(
#11138,#11139,#11140,#11141),(#11142,#11143,#11144,#11145),(#11146,#11147,
#11148,#11149),(#11150,#11151,#11152,#11153),(#11154,#11155,#11156,#11157),(
#11158,#11159,#11160,#11161)),.UNSPECIFIED.,.F.,.F.,.F.)B_SPLINE_SURFACE_WITH_KNOTS((4,3,4),(4,4),(0.E0,1.E0,2.E0),(0.E0,1.E0),.UNSPECIFIED.)GEOMETRIC_REPRESENTATION_ITEM()RATIONAL_B_SPLINE_SURFACE(((1.456886437001E0,1.140462962769E0,
1.140462962769E0,1.456886437001E0),(1.107159720332E0,8.666939459661E-1,
8.666939459661E-1,1.107159720332E0),(1.107159720332E0,8.666939459661E-1,
8.666939459661E-1,1.107159720332E0),(1.456886437001E0,1.140462962769E0,
1.140462962769E0,1.456886437001E0),(1.107159720332E0,8.666939459661E-1,
8.666939459661E-1,1.107159720332E0),(1.107159720332E0,8.666939459661E-1,
8.666939459661E-1,1.107159720332E0),(1.456886437001E0,1.140462962769E0,
1.140462962769E0,1.456886437001E0)))REPRESENTATION_ITEM('')SURFACE());
#11164=ORIENTED_EDGE('',*,*,#11163,.F.);
#11166=ORIENTED_EDGE('',*,*,#11165,.F.);
#11167=ORIENTED_EDGE('',*,*,#11124,.T.);
#11169=ORIENTED_EDGE('',*,*,#11168,.T.);
#11170=EDGE_LOOP('',(#11164,#11166,#11167,#11169));
#11171=FACE_OUTER_BOUND('',#11170,.F.);
#11173=CARTESIAN_POINT('',(1.016E1,1.E0,-1.016E1));
#11174=DIRECTION('',(0.E0,-1.E0,0.E0));
#11175=DIRECTION('',(-1.E0,0.E0,0.E0));
#11176=AXIS2_PLACEMENT_3D('',#11173,#11174,#11175);
#11177=PLANE('',#11176);
#11179=ORIENTED_EDGE('',*,*,#11178,.T.);
#11180=ORIENTED_EDGE('',*,*,#11163,.T.);
#11181=EDGE_LOOP('',(#11179,#11180));
#11182=FACE_OUTER_BOUND('',#11181,.F.);
#11184=CARTESIAN_POINT('',(1.065133479193E1,1.418193511236E0,
-1.025042303126E1));
#11185=CARTESIAN_POINT('',(1.066258885755E1,1.166868340970E0,
-1.025249417856E1));
#11186=CARTESIAN_POINT('',(1.048762909147E1,9.889706114672E-1,
-1.022029537510E1));
#11187=CARTESIAN_POINT('',(1.024045486034E1,1.000413992175E0,
-1.017480654834E1));
#11188=CARTESIAN_POINT('',(1.071229020098E1,1.418193511238E0,
-9.919207490204E0));
#11189=CARTESIAN_POINT('',(1.072494045548E1,1.166868340972E0,
-9.913692117082E0));
#11190=CARTESIAN_POINT('',(1.052827503312E1,9.889706114684E-1,
-9.999436098334E0));
#11191=CARTESIAN_POINT('',(1.025043615823E1,1.000413992176E0,
-1.012057082042E1));
#11192=CARTESIAN_POINT('',(1.049677830031E1,1.418193511237E0,
-9.660414296324E0));
#11193=CARTESIAN_POINT('',(1.050449223621E1,1.166868340971E0,
-9.648971242867E0));
#11194=CARTESIAN_POINT('',(1.038456860448E1,9.889706114680E-1,
-9.826869082157E0));
#11195=CARTESIAN_POINT('',(1.021514661604E1,1.000413992176E0,
-1.007819407321E1));
#11196=CARTESIAN_POINT('',(1.016000048552E1,1.418193511235E0,
-9.660413969026E0));
#11197=CARTESIAN_POINT('',(1.016000049665E1,1.166868340969E0,
-9.648970908073E0));
#11198=CARTESIAN_POINT('',(1.016000032376E1,9.889706114664E-1,
-9.826868863910E0));
#11199=CARTESIAN_POINT('',(1.016000007951E1,1.000413992175E0,
-1.007819401962E1));
#11200=CARTESIAN_POINT('',(9.823222670739E0,1.418193511232E0,
-9.660413641729E0));
#11201=CARTESIAN_POINT('',(9.815508757086E0,1.166868340966E0,
-9.648970573278E0));
#11202=CARTESIAN_POINT('',(9.935432043036E0,9.889706114647E-1,
-9.826868645664E0));
#11203=CARTESIAN_POINT('',(1.010485354297E1,1.000413992175E0,
-1.007819396602E1));
#11204=CARTESIAN_POINT('',(9.607710267048E0,1.418193511230E0,
-9.919206416717E0));
#11205=CARTESIAN_POINT('',(9.595060023277E0,1.166868340963E0,
-9.913691019007E0));
#11206=CARTESIAN_POINT('',(9.791725278973E0,9.889706114630E-1,
-9.999435382518E0));
#11207=CARTESIAN_POINT('',(1.006956391841E1,1.000413992174E0,
-1.012057064463E1));
#11208=CARTESIAN_POINT('',(9.668665032316E0,1.418193511229E0,
-1.025042207625E1));
#11209=CARTESIAN_POINT('',(9.657410962679E0,1.166868340962E0,
-1.025249320168E1));
#11210=CARTESIAN_POINT('',(9.832370791346E0,9.889706114624E-1,
-1.022029473829E1));
#11211=CARTESIAN_POINT('',(1.007954511089E1,1.000413992174E0,
-1.017480639196E1));
#11212=(BOUNDED_SURFACE()B_SPLINE_SURFACE(3,3,((#11184,#11185,#11186,#11187),(
#11188,#11189,#11190,#11191),(#11192,#11193,#11194,#11195),(#11196,#11197,
#11198,#11199),(#11200,#11201,#11202,#11203),(#11204,#11205,#11206,#11207),(
#11208,#11209,#11210,#11211)),.UNSPECIFIED.,.F.,.F.,.F.)B_SPLINE_SURFACE_WITH_KNOTS((4,3,4),(4,4),(0.E0,1.E0,2.E0),(0.E0,1.E0),.UNSPECIFIED.)GEOMETRIC_REPRESENTATION_ITEM()RATIONAL_B_SPLINE_SURFACE(((1.456886437001E0,1.140462962770E0,
1.140462962770E0,1.456886437001E0),(1.107159720331E0,8.666939459660E-1,
8.666939459660E-1,1.107159720331E0),(1.107159720331E0,8.666939459660E-1,
8.666939459660E-1,1.107159720331E0),(1.456886437001E0,1.140462962770E0,
1.140462962770E0,1.456886437001E0),(1.107159720331E0,8.666939459660E-1,
8.666939459660E-1,1.107159720331E0),(1.107159720331E0,8.666939459660E-1,
8.666939459660E-1,1.107159720331E0),(1.456886437001E0,1.140462962770E0,
1.140462962770E0,1.456886437001E0)))REPRESENTATION_ITEM('')SURFACE());
#11213=ORIENTED_EDGE('',*,*,#11178,.F.);
#11214=ORIENTED_EDGE('',*,*,#11168,.F.);
#11216=ORIENTED_EDGE('',*,*,#11215,.T.);
#11217=ORIENTED_EDGE('',*,*,#11165,.T.);
#11218=EDGE_LOOP('',(#11213,#11214,#11216,#11217));
#11219=FACE_OUTER_BOUND('',#11218,.F.);
#11221=CARTESIAN_POINT('',(1.016E1,3.6E0,-1.016E1));
#11222=DIRECTION('',(0.E0,-1.E0,0.E0));
#11223=DIRECTION('',(-1.E0,0.E0,0.E0));
#11224=AXIS2_PLACEMENT_3D('',#11221,#11222,#11223);
#11225=CYLINDRICAL_SURFACE('',#11224,5.E-1);
#11226=ORIENTED_EDGE('',*,*,#11215,.F.);
#11227=ORIENTED_EDGE('',*,*,#11129,.T.);
#11228=ORIENTED_EDGE('',*,*,#11102,.F.);
#11229=ORIENTED_EDGE('',*,*,#11126,.F.);
#11230=EDGE_LOOP('',(#11226,#11227,#11228,#11229));
#11231=FACE_OUTER_BOUND('',#11230,.F.);
#11233=CLOSED_SHELL('',(#10958,#10997,#11008,#11045,#11058,#11074,#11089,#11106,
#11118,#11133,#11172,#11183,#11220,#11232));
#11234=MANIFOLD_SOLID_BREP('',#11233);
#11235=FILL_AREA_STYLE_COLOUR('',#59);
#11236=FILL_AREA_STYLE('',(#11235));
#11237=SURFACE_STYLE_FILL_AREA(#11236);
#11238=SURFACE_SIDE_STYLE('',(#11237));
#11239=SURFACE_STYLE_USAGE(.BOTH.,#11238);
#11240=PRESENTATION_STYLE_ASSIGNMENT((#11239));
#10708=STYLED_ITEM('',(#11240),#11234);
#11243=PLANE_ANGLE_MEASURE_WITH_UNIT(PLANE_ANGLE_MEASURE(1.745329251994E-2),
#11242);
#11244=(CONVERSION_BASED_UNIT('DEGREE',#11243)NAMED_UNIT(*)PLANE_ANGLE_UNIT());
#11246=UNCERTAINTY_MEASURE_WITH_UNIT(LENGTH_MEASURE(1.516588510976E-3),#11241,
'distance_accuracy_value',
'Maximum model space distance between geometric entities at asserted connectivities');
#11248=CARTESIAN_POINT('',(0.E0,0.E0,0.E0));
#11249=DIRECTION('',(0.E0,0.E0,1.E0));
#11250=DIRECTION('',(1.E0,0.E0,0.E0));
#11253=PRODUCT_CONTEXT('',#9397,'mechanical');
#11254=PRODUCT('MANIFOLD_SOLID_BREP_9953','MANIFOLD_SOLID_BREP_9953',
'NOT SPECIFIED',(#11253));
#11255=PRODUCT_DEFINITION_FORMATION('1','LAST_VERSION',#11254);
#11263=DERIVED_UNIT_ELEMENT(#11262,2.E0);
#11264=DERIVED_UNIT((#11263));
#11265=MEASURE_REPRESENTATION_ITEM('surface area measure',AREA_MEASURE(
5.344265775123E1),#11264);
#11270=DERIVED_UNIT_ELEMENT(#11269,3.E0);
#11271=DERIVED_UNIT((#11270));
#11272=MEASURE_REPRESENTATION_ITEM('volume measure',VOLUME_MEASURE(
1.270333536208E1),#11271);
#11276=CARTESIAN_POINT('centre point',(1.016000000003E1,8.023399650384E0,
-1.016E1));
#11281=DERIVED_UNIT_ELEMENT(#11280,2.E0);
#11282=DERIVED_UNIT((#11281));
#11283=MEASURE_REPRESENTATION_ITEM('surface area measure',AREA_MEASURE(
5.344265775123E1),#11282);
#11288=DERIVED_UNIT_ELEMENT(#11287,3.E0);
#11289=DERIVED_UNIT((#11288));
#11290=MEASURE_REPRESENTATION_ITEM('volume measure',VOLUME_MEASURE(
1.270333536208E1),#11289);
#11294=CARTESIAN_POINT('centre point',(1.016000000003E1,8.023399650384E0,
-1.016E1));
#11300=GENERAL_PROPERTY('','DESCRIPTION','user defined attribute');
#11301=GENERAL_PROPERTY_ASSOCIATION('user defined attribute','',#11300,#11299);
#11302=DESCRIPTIVE_REPRESENTATION_ITEM('DESCRIPTION','');
#11306=GENERAL_PROPERTY('','MODELED_BY','user defined attribute');
#11307=GENERAL_PROPERTY_ASSOCIATION('user defined attribute','',#11306,#11305);
#11308=DESCRIPTIVE_REPRESENTATION_ITEM('MODELED_BY','');
#11313=CARTESIAN_POINT('centre point',(1.016000000003E1,8.023399650384E0,
-1.016E1));
#11317=CARTESIAN_POINT('',(0.E0,0.E0,0.E0));
#11318=DIRECTION('',(0.E0,0.E0,1.E0));
#11319=DIRECTION('',(1.E0,0.E0,0.E0));
#11320=AXIS2_PLACEMENT_3D('',#11317,#11318,#11319);
#11321=ITEM_DEFINED_TRANSFORMATION('','',#11251,#11320);
#11322=(REPRESENTATION_RELATIONSHIP('','',#11252,#9460)REPRESENTATION_RELATIONSHIP_WITH_TRANSFORMATION(#11321)SHAPE_REPRESENTATION_RELATIONSHIP());
#11323=CONTEXT_DEPENDENT_SHAPE_REPRESENTATION(#11322,#11312);
#11325=DIRECTION('',(1.944118955492E-8,-1.E0,1.089187219949E-13));
#11326=VECTOR('',#11325,1.139999999999E1);
#11327=CARTESIAN_POINT('',(-1.016000022163E1,1.549999999999E1,1.066E1));
#11328=LINE('',#11327,#11326);
#11329=CURVE_STYLE('',#9479,POSITIVE_LENGTH_MEASURE(2.E-2),#59);
#11330=PRESENTATION_STYLE_ASSIGNMENT((#11329));
#11331=STYLED_ITEM('',(#11330),#11328);
#11332=CARTESIAN_POINT('',(-1.016E1,1.549999999999E1,1.016E1));
#11333=DIRECTION('',(4.808899122292E-12,-1.E0,2.597911020089E-12));
#11334=DIRECTION('',(1.087130385717E-12,2.597033699212E-12,1.E0));
#11335=AXIS2_PLACEMENT_3D('',#11332,#11333,#11334);
#11337=CURVE_STYLE('',#9479,POSITIVE_LENGTH_MEASURE(2.E-2),#59);
#11338=PRESENTATION_STYLE_ASSIGNMENT((#11337));
#11339=STYLED_ITEM('',(#11338),#11336);
#11340=CARTESIAN_POINT('',(-1.016000017738E1,1.549999999999E1,
1.006000000002E1));
#11341=DIRECTION('',(9.999999999984E-1,4.808895748208E-12,-1.773798305571E-6));
#11342=DIRECTION('',(-1.773798303700E-6,-2.597921877484E-12,
-9.999999999984E-1));
#11343=AXIS2_PLACEMENT_3D('',#11340,#11341,#11342);
#11345=CURVE_STYLE('',#9479,POSITIVE_LENGTH_MEASURE(2.E-2),#59);
#11346=PRESENTATION_STYLE_ASSIGNMENT((#11345));
#11347=STYLED_ITEM('',(#11346),#11344);
#11348=CARTESIAN_POINT('',(-1.016E1,1.590000000001E1,1.016E1));
#11349=DIRECTION('',(4.808899122292E-12,-1.E0,2.597911020089E-12));
#11350=DIRECTION('',(2.552586555090E-11,2.593442150614E-12,1.E0));
#11351=AXIS2_PLACEMENT_3D('',#11348,#11349,#11350);
#11353=CURVE_STYLE('',#9479,POSITIVE_LENGTH_MEASURE(2.E-2),#59);
#11354=PRESENTATION_STYLE_ASSIGNMENT((#11353));
#11355=STYLED_ITEM('',(#11354),#11352);
#11356=CARTESIAN_POINT('',(-1.016E1,1.590000000001E1,1.016E1));
#11357=DIRECTION('',(-9.724095749499E-12,-1.E0,-3.792694975318E-12));
#11358=DIRECTION('',(-2.380282521795E-11,3.801346713912E-12,-1.E0));
#11359=AXIS2_PLACEMENT_3D('',#11356,#11357,#11358);
#11361=CURVE_STYLE('',#9479,POSITIVE_LENGTH_MEASURE(2.E-2),#59);
#11362=PRESENTATION_STYLE_ASSIGNMENT((#11361));
#11363=STYLED_ITEM('',(#11362),#11360);
#11364=CARTESIAN_POINT('',(-1.016E1,1.549999999999E1,1.016E1));
#11365=DIRECTION('',(-9.724095749499E-12,-1.E0,-3.792694975318E-12));
#11366=DIRECTION('',(-2.216592527300E-7,3.794298208951E-12,-1.E0));
#11367=AXIS2_PLACEMENT_3D('',#11364,#11365,#11366);
#11369=CURVE_STYLE('',#9479,POSITIVE_LENGTH_MEASURE(2.E-2),#59);
#11370=PRESENTATION_STYLE_ASSIGNMENT((#11369));
#11371=STYLED_ITEM('',(#11370),#11368);
#11372=CARTESIAN_POINT('',(-1.015999982263E1,1.549999999999E1,
1.025999999998E1));
#11373=DIRECTION('',(-9.999999999984E-1,9.724090678085E-12,1.773705143870E-6));
#11374=DIRECTION('',(1.773705142651E-6,-3.792521851885E-12,9.999999999984E-1));
#11375=AXIS2_PLACEMENT_3D('',#11372,#11373,#11374);
#11377=CURVE_STYLE('',#9479,POSITIVE_LENGTH_MEASURE(2.E-2),#59);
#11378=PRESENTATION_STYLE_ASSIGNMENT((#11377));
#11379=STYLED_ITEM('',(#11378),#11376);
#11380=DIRECTION('',(-2.106046082170E-8,-1.E0,-8.803873809317E-14));
#11381=VECTOR('',#11380,1.139999999999E1);
#11382=CARTESIAN_POINT('',(-1.015999983380E1,1.549999999999E1,
9.660000000001E0));
#11383=LINE('',#11382,#11381);
#11384=CURVE_STYLE('',#9479,POSITIVE_LENGTH_MEASURE(2.E-2),#59);
#11385=PRESENTATION_STYLE_ASSIGNMENT((#11384));
#11386=STYLED_ITEM('',(#11385),#11383);
#11387=CARTESIAN_POINT('',(-1.016E1,4.1E0,1.016E1));
#11388=DIRECTION('',(0.E0,-1.E0,0.E0));
#11389=DIRECTION('',(0.E0,0.E0,-1.E0));
#11390=AXIS2_PLACEMENT_3D('',#11387,#11388,#11389);
#11392=CURVE_STYLE('',#9479,POSITIVE_LENGTH_MEASURE(2.E-2),#59);
#11393=PRESENTATION_STYLE_ASSIGNMENT((#11392));
#11394=STYLED_ITEM('',(#11393),#11391);
#11395=CARTESIAN_POINT('',(-1.016E1,4.1E0,1.016E1));
#11396=DIRECTION('',(0.E0,-1.E0,0.E0));
#11397=DIRECTION('',(0.E0,0.E0,1.E0));
#11398=AXIS2_PLACEMENT_3D('',#11395,#11396,#11397);
#11400=CURVE_STYLE('',#9479,POSITIVE_LENGTH_MEASURE(2.E-2),#59);
#11401=PRESENTATION_STYLE_ASSIGNMENT((#11400));
#11402=STYLED_ITEM('',(#11401),#11399);
#11403=CARTESIAN_POINT('',(-1.016E1,4.1E0,1.016E1));
#11404=DIRECTION('',(0.E0,1.E0,0.E0));
#11405=DIRECTION('',(0.E0,0.E0,1.E0));
#11406=AXIS2_PLACEMENT_3D('',#11403,#11404,#11405);
#11408=CURVE_STYLE('',#9479,POSITIVE_LENGTH_MEASURE(2.E-2),#59);
#11409=PRESENTATION_STYLE_ASSIGNMENT((#11408));
#11410=STYLED_ITEM('',(#11409),#11407);
#11411=CARTESIAN_POINT('',(-1.016E1,4.1E0,1.016E1));
#11412=DIRECTION('',(0.E0,1.E0,0.E0));
#11413=DIRECTION('',(0.E0,0.E0,-1.E0));
#11414=AXIS2_PLACEMENT_3D('',#11411,#11412,#11413);
#11416=CURVE_STYLE('',#9479,POSITIVE_LENGTH_MEASURE(2.E-2),#59);
#11417=PRESENTATION_STYLE_ASSIGNMENT((#11416));
#11418=STYLED_ITEM('',(#11417),#11415);
#11419=DIRECTION('',(0.E0,-1.E0,0.E0));
#11420=VECTOR('',#11419,5.E-1);
#11421=CARTESIAN_POINT('',(-1.016E1,4.1E0,9.16E0));
#11422=LINE('',#11421,#11420);
#11423=CURVE_STYLE('',#9479,POSITIVE_LENGTH_MEASURE(2.E-2),#59);
#11424=PRESENTATION_STYLE_ASSIGNMENT((#11423));
#11425=STYLED_ITEM('',(#11424),#11422);
#11426=CARTESIAN_POINT('',(-1.016E1,3.6E0,1.016E1));
#11427=DIRECTION('',(0.E0,1.E0,0.E0));
#11428=DIRECTION('',(0.E0,0.E0,1.E0));
#11429=AXIS2_PLACEMENT_3D('',#11426,#11427,#11428);
#11431=CURVE_STYLE('',#9479,POSITIVE_LENGTH_MEASURE(2.E-2),#59);
#11432=PRESENTATION_STYLE_ASSIGNMENT((#11431));
#11433=STYLED_ITEM('',(#11432),#11430);
#11434=CARTESIAN_POINT('',(-1.016E1,3.6E0,1.016E1));
#11435=DIRECTION('',(0.E0,1.E0,0.E0));
#11436=DIRECTION('',(0.E0,0.E0,-1.E0));
#11437=AXIS2_PLACEMENT_3D('',#11434,#11435,#11436);
#11439=CURVE_STYLE('',#9479,POSITIVE_LENGTH_MEASURE(2.E-2),#59);
#11440=PRESENTATION_STYLE_ASSIGNMENT((#11439));
#11441=STYLED_ITEM('',(#11440),#11438);
#11442=CARTESIAN_POINT('',(-1.016E1,3.6E0,1.016E1));
#11443=DIRECTION('',(0.E0,-1.E0,0.E0));
#11444=DIRECTION('',(-1.E0,0.E0,0.E0));
#11445=AXIS2_PLACEMENT_3D('',#11442,#11443,#11444);
#11447=CURVE_STYLE('',#9479,POSITIVE_LENGTH_MEASURE(2.E-2),#59);
#11448=PRESENTATION_STYLE_ASSIGNMENT((#11447));
#11449=STYLED_ITEM('',(#11448),#11446);
#11450=CARTESIAN_POINT('',(-1.016E1,3.6E0,1.016E1));
#11451=DIRECTION('',(0.E0,-1.E0,0.E0));
#11452=DIRECTION('',(1.E0,0.E0,0.E0));
#11453=AXIS2_PLACEMENT_3D('',#11450,#11451,#11452);
#11455=CURVE_STYLE('',#9479,POSITIVE_LENGTH_MEASURE(2.E-2),#59);
#11456=PRESENTATION_STYLE_ASSIGNMENT((#11455));
#11457=STYLED_ITEM('',(#11456),#11454);
#11458=DIRECTION('',(0.E0,-1.E0,0.E0));
#11459=VECTOR('',#11458,5.E-1);
#11460=CARTESIAN_POINT('',(-1.016E1,4.1E0,1.116E1));
#11461=LINE('',#11460,#11459);
#11462=CURVE_STYLE('',#9479,POSITIVE_LENGTH_MEASURE(2.E-2),#59);
#11463=PRESENTATION_STYLE_ASSIGNMENT((#11462));
#11464=STYLED_ITEM('',(#11463),#11461);
#11465=DIRECTION('',(5.910423665642E-13,1.E0,1.091312963230E-7));
#11466=VECTOR('',#11465,2.2E0);
#11467=CARTESIAN_POINT('',(-9.660000000001E0,1.4E0,1.015999983380E1));
#11468=LINE('',#11467,#11466);
#11469=CURVE_STYLE('',#9479,POSITIVE_LENGTH_MEASURE(2.E-2),#59);
#11470=PRESENTATION_STYLE_ASSIGNMENT((#11469));
#11471=STYLED_ITEM('',(#11470),#11468);
#11472=CARTESIAN_POINT('',(-1.016E1,1.400000000001E0,1.016E1));
#11473=DIRECTION('',(7.385550641735E-12,1.E0,4.022297586115E-12));
#11474=DIRECTION('',(1.E0,-7.385647649023E-12,2.216643650856E-7));
#11475=AXIS2_PLACEMENT_3D('',#11472,#11473,#11474);
#11477=CURVE_STYLE('',#9479,POSITIVE_LENGTH_MEASURE(2.E-2),#59);
#11478=PRESENTATION_STYLE_ASSIGNMENT((#11477));
#11479=STYLED_ITEM('',(#11478),#11476);
#11480=CARTESIAN_POINT('',(-1.026E1,1.400000000001E0,1.015999982263E1));
#11481=DIRECTION('',(-1.773700190194E-6,-4.022282068777E-12,9.999999999984E-1));
#11482=DIRECTION('',(-9.999999999984E-1,7.385758671319E-12,-1.773700191166E-6));
#11483=AXIS2_PLACEMENT_3D('',#11480,#11481,#11482);
#11485=CURVE_STYLE('',#9479,POSITIVE_LENGTH_MEASURE(2.E-2),#59);
#11486=PRESENTATION_STYLE_ASSIGNMENT((#11485));
#11487=STYLED_ITEM('',(#11486),#11484);
#11488=CARTESIAN_POINT('',(-1.016E1,1.000000000003E0,1.016E1));
#11489=DIRECTION('',(-9.779370452498E-12,1.E0,-1.209240415952E-11));
#11490=DIRECTION('',(-1.E0,-9.778697970035E-12,-2.746206550713E-11));
#11491=AXIS2_PLACEMENT_3D('',#11488,#11489,#11490);
#11493=CURVE_STYLE('',#9479,POSITIVE_LENGTH_MEASURE(2.E-2),#59);
#11494=PRESENTATION_STYLE_ASSIGNMENT((#11493));
#11495=STYLED_ITEM('',(#11494),#11492);
#11496=CARTESIAN_POINT('',(-1.016E1,1.000000000003E0,1.016E1));
#11497=DIRECTION('',(7.385550641735E-12,1.E0,4.022297586115E-12));
#11498=DIRECTION('',(1.E0,-7.385092971919E-12,2.744430220473E-11));
#11499=AXIS2_PLACEMENT_3D('',#11496,#11497,#11498);
#11501=CURVE_STYLE('',#9479,POSITIVE_LENGTH_MEASURE(2.E-2),#59);
#11502=PRESENTATION_STYLE_ASSIGNMENT((#11501));
#11503=STYLED_ITEM('',(#11502),#11500);
#11504=CARTESIAN_POINT('',(-1.016E1,1.4E0,1.016E1));
#11505=DIRECTION('',(-9.779370452498E-12,1.E0,-1.209240415952E-11));
#11506=DIRECTION('',(-1.E0,-9.779288490105E-12,4.177991286268E-12));
#11507=AXIS2_PLACEMENT_3D('',#11504,#11505,#11506);
#11509=CURVE_STYLE('',#9479,POSITIVE_LENGTH_MEASURE(2.E-2),#59);
#11510=PRESENTATION_STYLE_ASSIGNMENT((#11509));
#11511=STYLED_ITEM('',(#11510),#11508);
#11512=CARTESIAN_POINT('',(-1.006E1,1.400000000001E0,1.016000017738E1));
#11513=DIRECTION('',(1.773803736921E-6,-1.209238869603E-11,-9.999999999984E-1));
#11514=DIRECTION('',(9.999999999984E-1,9.779399512416E-12,1.773803735007E-6));
#11515=AXIS2_PLACEMENT_3D('',#11512,#11513,#11514);
#11517=CURVE_STYLE('',#9479,POSITIVE_LENGTH_MEASURE(2.E-2),#59);
#11518=PRESENTATION_STYLE_ASSIGNMENT((#11517));
#11519=STYLED_ITEM('',(#11518),#11516);
#11520=DIRECTION('',(-3.738423712010E-13,1.E0,-1.007405641735E-7));
#11521=VECTOR('',#11520,2.2E0);
#11522=CARTESIAN_POINT('',(-1.066E1,1.4E0,1.016000022163E1));
#11523=LINE('',#11522,#11521);
#11524=CURVE_STYLE('',#9479,POSITIVE_LENGTH_MEASURE(2.E-2),#59);
#11525=PRESENTATION_STYLE_ASSIGNMENT((#11524));
#11526=STYLED_ITEM('',(#11525),#11523);
#11527=CARTESIAN_POINT('',(-1.016E1,1.549999999999E1,1.066E1));
#11528=CARTESIAN_POINT('',(-1.016000011083E1,1.549999999999E1,
9.659999999999E0));
#11529=VERTEX_POINT('',#11527);
#11530=VERTEX_POINT('',#11528);
#11531=CARTESIAN_POINT('',(-1.016E1,4.1E0,1.066E1));
#11532=VERTEX_POINT('',#11531);
#11533=CARTESIAN_POINT('',(-1.016E1,4.1E0,9.66E0));
#11534=VERTEX_POINT('',#11533);
#11535=CARTESIAN_POINT('',(-1.016E1,1.590000000001E1,1.026000149742E1));
#11536=CARTESIAN_POINT('',(-1.016E1,1.590000000001E1,1.005999850257E1));
#11537=VERTEX_POINT('',#11535);
#11538=VERTEX_POINT('',#11536);
#11539=CARTESIAN_POINT('',(-1.016E1,4.1E0,9.16E0));
#11540=CARTESIAN_POINT('',(-1.016E1,4.1E0,1.116E1));
#11541=VERTEX_POINT('',#11539);
#11542=VERTEX_POINT('',#11540);
#11543=CARTESIAN_POINT('',(-1.016E1,3.6E0,1.116E1));
#11544=CARTESIAN_POINT('',(-1.016E1,3.6E0,9.16E0));
#11545=VERTEX_POINT('',#11543);
#11546=VERTEX_POINT('',#11544);
#11547=CARTESIAN_POINT('',(-1.066E1,3.6E0,1.016E1));
#11548=CARTESIAN_POINT('',(-9.66E0,3.6E0,1.016E1));
#11549=VERTEX_POINT('',#11547);
#11550=VERTEX_POINT('',#11548);
#11551=CARTESIAN_POINT('',(-9.660000000001E0,1.399999999997E0,
1.016000011083E1));
#11552=CARTESIAN_POINT('',(-1.066E1,1.400000000004E0,1.016E1));
#11553=VERTEX_POINT('',#11551);
#11554=VERTEX_POINT('',#11552);
#11555=CARTESIAN_POINT('',(-1.005999850256E1,1.000000000003E0,1.016E1));
#11556=CARTESIAN_POINT('',(-1.026000149745E1,1.000000000004E0,1.016E1));
#11557=VERTEX_POINT('',#11555);
#11558=VERTEX_POINT('',#11556);
#11559=CARTESIAN_POINT('',(-1.016E1,4.1E0,1.016E1));
#11560=DIRECTION('',(0.E0,1.E0,0.E0));
#11561=DIRECTION('',(0.E0,0.E0,1.E0));
#11562=AXIS2_PLACEMENT_3D('',#11559,#11560,#11561);
#11563=CYLINDRICAL_SURFACE('',#11562,5.E-1);
#11565=ORIENTED_EDGE('',*,*,#11564,.F.);
#11567=ORIENTED_EDGE('',*,*,#11566,.T.);
#11569=ORIENTED_EDGE('',*,*,#11568,.F.);
#11571=ORIENTED_EDGE('',*,*,#11570,.F.);
#11572=EDGE_LOOP('',(#11565,#11567,#11569,#11571));
#11573=FACE_OUTER_BOUND('',#11572,.F.);
#11575=CARTESIAN_POINT('',(-1.006957696872E1,1.548180648876E1,
9.668665208073E0));
#11576=CARTESIAN_POINT('',(-1.006750582142E1,1.573313165903E1,
9.657411142459E0));
#11577=CARTESIAN_POINT('',(-1.009970462489E1,1.591102938855E1,
9.832370908548E0));
#11578=CARTESIAN_POINT('',(-1.014519345166E1,1.589958600784E1,
1.007954513968E1));
#11579=CARTESIAN_POINT('',(-1.040079250978E1,1.548180648875E1,
9.607709799006E0));
#11580=CARTESIAN_POINT('',(-1.040630788290E1,1.573313165903E1,
9.595059544511E0));
#11581=CARTESIAN_POINT('',(-1.032056390165E1,1.591102938854E1,
9.791724966880E0));
#11582=CARTESIAN_POINT('',(-1.019942917957E1,1.589958600784E1,
1.006956384179E1));
#11583=CARTESIAN_POINT('',(-1.065958570367E1,1.548180648875E1,
9.823221699681E0));
#11584=CARTESIAN_POINT('',(-1.067102875713E1,1.573313165903E1,
9.815507763783E0));
#11585=CARTESIAN_POINT('',(-1.049313091783E1,1.591102938854E1,
9.935431395522E0));
#11586=CARTESIAN_POINT('',(-1.024180592676E1,1.589958600784E1,
1.010485338397E1));
#11587=CARTESIAN_POINT('',(-1.065958603097E1,1.548180648875E1,
1.015999951447E1));
#11588=CARTESIAN_POINT('',(-1.067102909193E1,1.573313165903E1,
1.015999950335E1));
#11589=CARTESIAN_POINT('',(-1.049313113608E1,1.591102938854E1,
1.015999967624E1));
#11590=CARTESIAN_POINT('',(-1.024180598036E1,1.589958600784E1,
1.015999992049E1));
#11591=CARTESIAN_POINT('',(-1.065958635827E1,1.548180648876E1,
1.049677732927E1));
#11592=CARTESIAN_POINT('',(-1.067102942672E1,1.573313165903E1,
1.050449124292E1));
#11593=CARTESIAN_POINT('',(-1.049313135433E1,1.591102938855E1,
1.038456795696E1));
#11594=CARTESIAN_POINT('',(-1.024180603395E1,1.589958600784E1,
1.021514645701E1));
#11595=CARTESIAN_POINT('',(-1.040079358327E1,1.548180648876E1,
1.071228973296E1));
#11596=CARTESIAN_POINT('',(-1.040630898098E1,1.573313165904E1,
1.072493997673E1));
#11597=CARTESIAN_POINT('',(-1.032056461747E1,1.591102938855E1,
1.052827472102E1));
#11598=CARTESIAN_POINT('',(-1.019942935535E1,1.589958600784E1,
1.025043608156E1));
#11599=CARTESIAN_POINT('',(-1.006957792373E1,1.548180648876E1,
1.065133496768E1));
#11600=CARTESIAN_POINT('',(-1.006750679830E1,1.573313165904E1,
1.066258903732E1));
#11601=CARTESIAN_POINT('',(-1.009970526170E1,1.591102938855E1,
1.048762920864E1));
#11602=CARTESIAN_POINT('',(-1.014519360804E1,1.589958600784E1,
1.024045488909E1));
#11603=(BOUNDED_SURFACE()B_SPLINE_SURFACE(3,3,((#11575,#11576,#11577,#11578),(
#11579,#11580,#11581,#11582),(#11583,#11584,#11585,#11586),(#11587,#11588,
#11589,#11590),(#11591,#11592,#11593,#11594),(#11595,#11596,#11597,#11598),(
#11599,#11600,#11601,#11602)),.UNSPECIFIED.,.F.,.F.,.F.)B_SPLINE_SURFACE_WITH_KNOTS((4,3,4),(4,4),(0.E0,1.E0,2.E0),(0.E0,1.E0),.UNSPECIFIED.)GEOMETRIC_REPRESENTATION_ITEM()RATIONAL_B_SPLINE_SURFACE(((1.456886437014E0,1.140462962781E0,
1.140462962781E0,1.456886437014E0),(1.107159720326E0,8.666939459627E-1,
8.666939459627E-1,1.107159720326E0),(1.107159720326E0,8.666939459627E-1,
8.666939459627E-1,1.107159720326E0),(1.456886437014E0,1.140462962781E0,
1.140462962781E0,1.456886437014E0),(1.107159720326E0,8.666939459627E-1,
8.666939459627E-1,1.107159720326E0),(1.107159720326E0,8.666939459627E-1,
8.666939459627E-1,1.107159720326E0),(1.456886437014E0,1.140462962781E0,
1.140462962781E0,1.456886437014E0)))REPRESENTATION_ITEM('')SURFACE());
#11605=ORIENTED_EDGE('',*,*,#11604,.F.);
#11607=ORIENTED_EDGE('',*,*,#11606,.F.);
#11608=ORIENTED_EDGE('',*,*,#11564,.T.);
#11610=ORIENTED_EDGE('',*,*,#11609,.T.);
#11611=EDGE_LOOP('',(#11605,#11607,#11608,#11610));
#11612=FACE_OUTER_BOUND('',#11611,.F.);
#11614=CARTESIAN_POINT('',(-1.016E1,1.59E1,1.016E1));
#11615=DIRECTION('',(0.E0,1.E0,0.E0));
#11616=DIRECTION('',(0.E0,0.E0,1.E0));
#11617=AXIS2_PLACEMENT_3D('',#11614,#11615,#11616);
#11618=PLANE('',#11617);
#11619=ORIENTED_EDGE('',*,*,#11604,.T.);
#11621=ORIENTED_EDGE('',*,*,#11620,.T.);
#11622=EDGE_LOOP('',(#11619,#11621));
#11623=FACE_OUTER_BOUND('',#11622,.F.);
#11625=CARTESIAN_POINT('',(-1.025042303128E1,1.548180648875E1,
1.065133479193E1));
#11626=CARTESIAN_POINT('',(-1.025249417858E1,1.573313165903E1,
1.066258885754E1));
#11627=CARTESIAN_POINT('',(-1.022029537511E1,1.591102938855E1,
1.048762909145E1));
#11628=CARTESIAN_POINT('',(-1.017480654834E1,1.589958600784E1,
1.024045486032E1));
#11629=CARTESIAN_POINT('',(-9.919207490218E0,1.548180648875E1,
1.071229020100E1));
#11630=CARTESIAN_POINT('',(-9.913692117096E0,1.573313165903E1,
1.072494045549E1));
#11631=CARTESIAN_POINT('',(-9.999436098347E0,1.591102938854E1,
1.052827503312E1));
#11632=CARTESIAN_POINT('',(-1.012057082043E1,1.589958600784E1,
1.025043615821E1));
#11633=CARTESIAN_POINT('',(-9.660414296325E0,1.548180648875E1,
1.049677830032E1));
#11634=CARTESIAN_POINT('',(-9.648971242867E0,1.573313165903E1,
1.050449223622E1));
#11635=CARTESIAN_POINT('',(-9.826869082166E0,1.591102938854E1,
1.038456860448E1));
#11636=CARTESIAN_POINT('',(-1.007819407324E1,1.589958600784E1,
1.021514661603E1));
#11637=CARTESIAN_POINT('',(-9.660413969027E0,1.548180648875E1,
1.016000048553E1));
#11638=CARTESIAN_POINT('',(-9.648970908073E0,1.573313165903E1,
1.016000049665E1));
#11639=CARTESIAN_POINT('',(-9.826868863919E0,1.591102938854E1,
1.016000032376E1));
#11640=CARTESIAN_POINT('',(-1.007819401964E1,1.589958600784E1,
1.016000007951E1));
#11641=CARTESIAN_POINT('',(-9.660413641729E0,1.548180648875E1,
9.823222670730E0));
#11642=CARTESIAN_POINT('',(-9.648970573278E0,1.573313165903E1,
9.815508757076E0));
#11643=CARTESIAN_POINT('',(-9.826868645672E0,1.591102938854E1,
9.935432043035E0));
#11644=CARTESIAN_POINT('',(-1.007819396605E1,1.589958600784E1,
1.010485354299E1));
#11645=CARTESIAN_POINT('',(-9.919206416730E0,1.548180648875E1,
9.607710267037E0));
#11646=CARTESIAN_POINT('',(-9.913691019020E0,1.573313165903E1,
9.595060023264E0));
#11647=CARTESIAN_POINT('',(-9.999435382530E0,1.591102938855E1,
9.791725278975E0));
#11648=CARTESIAN_POINT('',(-1.012057064465E1,1.589958600784E1,
1.006956391844E1));
#11649=CARTESIAN_POINT('',(-1.025042207628E1,1.548180648876E1,
9.668665032320E0));
#11650=CARTESIAN_POINT('',(-1.025249320170E1,1.573313165904E1,
9.657410962682E0));
#11651=CARTESIAN_POINT('',(-1.022029473830E1,1.591102938855E1,
9.832370791357E0));
#11652=CARTESIAN_POINT('',(-1.017480639196E1,1.589958600784E1,
1.007954511091E1));
#11653=(BOUNDED_SURFACE()B_SPLINE_SURFACE(3,3,((#11625,#11626,#11627,#11628),(
#11629,#11630,#11631,#11632),(#11633,#11634,#11635,#11636),(#11637,#11638,
#11639,#11640),(#11641,#11642,#11643,#11644),(#11645,#11646,#11647,#11648),(
#11649,#11650,#11651,#11652)),.UNSPECIFIED.,.F.,.F.,.F.)B_SPLINE_SURFACE_WITH_KNOTS((4,3,4),(4,4),(0.E0,1.E0,2.E0),(0.E0,1.E0),.UNSPECIFIED.)GEOMETRIC_REPRESENTATION_ITEM()RATIONAL_B_SPLINE_SURFACE(((1.456886437013E0,1.140462962782E0,
1.140462962782E0,1.456886437013E0),(1.107159720325E0,8.666939459629E-1,
8.666939459629E-1,1.107159720325E0),(1.107159720325E0,8.666939459629E-1,
8.666939459629E-1,1.107159720325E0),(1.456886437013E0,1.140462962782E0,
1.140462962782E0,1.456886437013E0),(1.107159720325E0,8.666939459629E-1,
8.666939459629E-1,1.107159720325E0),(1.107159720325E0,8.666939459629E-1,
8.666939459629E-1,1.107159720325E0),(1.456886437013E0,1.140462962782E0,
1.140462962782E0,1.456886437013E0)))REPRESENTATION_ITEM('')SURFACE());
#11654=ORIENTED_EDGE('',*,*,#11620,.F.);
#11655=ORIENTED_EDGE('',*,*,#11609,.F.);
#11657=ORIENTED_EDGE('',*,*,#11656,.T.);
#11658=ORIENTED_EDGE('',*,*,#11606,.T.);
#11659=EDGE_LOOP('',(#11654,#11655,#11657,#11658));
#11660=FACE_OUTER_BOUND('',#11659,.F.);
#11662=CARTESIAN_POINT('',(-1.016E1,4.1E0,1.016E1));
#11663=DIRECTION('',(0.E0,1.E0,0.E0));
#11664=DIRECTION('',(0.E0,0.E0,1.E0));
#11665=AXIS2_PLACEMENT_3D('',#11662,#11663,#11664);
#11666=CYLINDRICAL_SURFACE('',#11665,5.E-1);
#11667=ORIENTED_EDGE('',*,*,#11656,.F.);
#11668=ORIENTED_EDGE('',*,*,#11570,.T.);
#11670=ORIENTED_EDGE('',*,*,#11669,.F.);
#11671=ORIENTED_EDGE('',*,*,#11566,.F.);
#11672=EDGE_LOOP('',(#11667,#11668,#11670,#11671));
#11673=FACE_OUTER_BOUND('',#11672,.F.);
#11675=CARTESIAN_POINT('',(-1.016E1,4.1E0,1.016E1));
#11676=DIRECTION('',(0.E0,1.E0,0.E0));
#11677=DIRECTION('',(0.E0,0.E0,1.E0));
#11678=AXIS2_PLACEMENT_3D('',#11675,#11676,#11677);
#11679=PLANE('',#11678);
#11681=ORIENTED_EDGE('',*,*,#11680,.T.);
#11683=ORIENTED_EDGE('',*,*,#11682,.T.);
#11684=EDGE_LOOP('',(#11681,#11683));
#11685=FACE_OUTER_BOUND('',#11684,.F.);
#11686=ORIENTED_EDGE('',*,*,#11669,.T.);
#11687=ORIENTED_EDGE('',*,*,#11568,.T.);
#11688=EDGE_LOOP('',(#11686,#11687));
#11689=FACE_BOUND('',#11688,.F.);
#11691=CARTESIAN_POINT('',(-1.016E1,3.6E0,1.016E1));
#11692=DIRECTION('',(0.E0,1.E0,0.E0));
#11693=DIRECTION('',(0.E0,0.E0,1.E0));
#11694=AXIS2_PLACEMENT_3D('',#11691,#11692,#11693);
#11695=CYLINDRICAL_SURFACE('',#11694,1.E0);
#11697=ORIENTED_EDGE('',*,*,#11696,.F.);
#11699=ORIENTED_EDGE('',*,*,#11698,.F.);
#11700=ORIENTED_EDGE('',*,*,#11680,.F.);
#11702=ORIENTED_EDGE('',*,*,#11701,.T.);
#11703=EDGE_LOOP('',(#11697,#11699,#11700,#11702));
#11704=FACE_OUTER_BOUND('',#11703,.F.);
#11706=CARTESIAN_POINT('',(-1.016E1,3.6E0,1.016E1));
#11707=DIRECTION('',(0.E0,1.E0,0.E0));
#11708=DIRECTION('',(0.E0,0.E0,1.E0));
#11709=AXIS2_PLACEMENT_3D('',#11706,#11707,#11708);
#11710=PLANE('',#11709);
#11711=ORIENTED_EDGE('',*,*,#11696,.T.);
#11713=ORIENTED_EDGE('',*,*,#11712,.T.);
#11714=EDGE_LOOP('',(#11711,#11713));
#11715=FACE_OUTER_BOUND('',#11714,.F.);
#11717=ORIENTED_EDGE('',*,*,#11716,.T.);
#11719=ORIENTED_EDGE('',*,*,#11718,.T.);
#11720=EDGE_LOOP('',(#11717,#11719));
#11721=FACE_BOUND('',#11720,.F.);
#11723=CARTESIAN_POINT('',(-1.016E1,3.6E0,1.016E1));
#11724=DIRECTION('',(0.E0,1.E0,0.E0));
#11725=DIRECTION('',(0.E0,0.E0,1.E0));
#11726=AXIS2_PLACEMENT_3D('',#11723,#11724,#11725);
#11727=CYLINDRICAL_SURFACE('',#11726,1.E0);
#11728=ORIENTED_EDGE('',*,*,#11712,.F.);
#11729=ORIENTED_EDGE('',*,*,#11701,.F.);
#11730=ORIENTED_EDGE('',*,*,#11682,.F.);
#11731=ORIENTED_EDGE('',*,*,#11698,.T.);
#11732=EDGE_LOOP('',(#11728,#11729,#11730,#11731));
#11733=FACE_OUTER_BOUND('',#11732,.F.);
#11735=CARTESIAN_POINT('',(-1.016E1,3.6E0,1.016E1));
#11736=DIRECTION('',(0.E0,-1.E0,0.E0));
#11737=DIRECTION('',(-1.E0,0.E0,0.E0));
#11738=AXIS2_PLACEMENT_3D('',#11735,#11736,#11737);
#11739=CYLINDRICAL_SURFACE('',#11738,5.E-1);
#11741=ORIENTED_EDGE('',*,*,#11740,.F.);
#11743=ORIENTED_EDGE('',*,*,#11742,.T.);
#11744=ORIENTED_EDGE('',*,*,#11716,.F.);
#11746=ORIENTED_EDGE('',*,*,#11745,.F.);
#11747=EDGE_LOOP('',(#11741,#11743,#11744,#11746));
#11748=FACE_OUTER_BOUND('',#11747,.F.);
#11750=CARTESIAN_POINT('',(-1.065133479193E1,1.418193511236E0,
1.025042303126E1));
#11751=CARTESIAN_POINT('',(-1.066258885755E1,1.166868340970E0,
1.025249417856E1));
#11752=CARTESIAN_POINT('',(-1.048762909147E1,9.889706114672E-1,
1.022029537510E1));
#11753=CARTESIAN_POINT('',(-1.024045486034E1,1.000413992175E0,
1.017480654834E1));
#11754=CARTESIAN_POINT('',(-1.071229020098E1,1.418193511238E0,
9.919207490202E0));
#11755=CARTESIAN_POINT('',(-1.072494045548E1,1.166868340972E0,
9.913692117080E0));
#11756=CARTESIAN_POINT('',(-1.052827503312E1,9.889706114684E-1,
9.999436098333E0));
#11757=CARTESIAN_POINT('',(-1.025043615823E1,1.000413992176E0,
1.012057082041E1));
#11758=CARTESIAN_POINT('',(-1.049677830031E1,1.418193511237E0,
9.660414296323E0));
#11759=CARTESIAN_POINT('',(-1.050449223620E1,1.166868340971E0,
9.648971242867E0));
#11760=CARTESIAN_POINT('',(-1.038456860448E1,9.889706114680E-1,
9.826869082157E0));
#11761=CARTESIAN_POINT('',(-1.021514661604E1,1.000413992176E0,
1.007819407321E1));
#11762=CARTESIAN_POINT('',(-1.016000048552E1,1.418193511235E0,
9.660413969026E0));
#11763=CARTESIAN_POINT('',(-1.016000049664E1,1.166868340969E0,
9.648970908073E0));
#11764=CARTESIAN_POINT('',(-1.016000032376E1,9.889706114664E-1,
9.826868863910E0));
#11765=CARTESIAN_POINT('',(-1.016000007951E1,1.000413992175E0,
1.007819401962E1));
#11766=CARTESIAN_POINT('',(-9.823222670739E0,1.418193511232E0,
9.660413641729E0));
#11767=CARTESIAN_POINT('',(-9.815508757086E0,1.166868340966E0,
9.648970573279E0));
#11768=CARTESIAN_POINT('',(-9.935432043036E0,9.889706114647E-1,
9.826868645664E0));
#11769=CARTESIAN_POINT('',(-1.010485354297E1,1.000413992175E0,
1.007819396602E1));
#11770=CARTESIAN_POINT('',(-9.607710267048E0,1.418193511230E0,
9.919206416717E0));
#11771=CARTESIAN_POINT('',(-9.595060023277E0,1.166868340963E0,
9.913691019008E0));
#11772=CARTESIAN_POINT('',(-9.791725278973E0,9.889706114630E-1,
9.999435382518E0));
#11773=CARTESIAN_POINT('',(-1.006956391841E1,1.000413992174E0,
1.012057064463E1));
#11774=CARTESIAN_POINT('',(-9.668665032316E0,1.418193511229E0,
1.025042207625E1));
#11775=CARTESIAN_POINT('',(-9.657410962679E0,1.166868340962E0,
1.025249320168E1));
#11776=CARTESIAN_POINT('',(-9.832370791346E0,9.889706114624E-1,
1.022029473829E1));
#11777=CARTESIAN_POINT('',(-1.007954511089E1,1.000413992174E0,
1.017480639196E1));
#11778=(BOUNDED_SURFACE()B_SPLINE_SURFACE(3,3,((#11750,#11751,#11752,#11753),(
#11754,#11755,#11756,#11757),(#11758,#11759,#11760,#11761),(#11762,#11763,
#11764,#11765),(#11766,#11767,#11768,#11769),(#11770,#11771,#11772,#11773),(
#11774,#11775,#11776,#11777)),.UNSPECIFIED.,.F.,.F.,.F.)B_SPLINE_SURFACE_WITH_KNOTS((4,3,4),(4,4),(0.E0,1.E0,2.E0),(0.E0,1.E0),.UNSPECIFIED.)GEOMETRIC_REPRESENTATION_ITEM()RATIONAL_B_SPLINE_SURFACE(((1.456886437E0,1.140462962770E0,
1.140462962770E0,1.456886437E0),(1.107159720331E0,8.666939459662E-1,
8.666939459662E-1,1.107159720331E0),(1.107159720332E0,8.666939459662E-1,
8.666939459662E-1,1.107159720332E0),(1.456886437E0,1.140462962770E0,
1.140462962770E0,1.456886437E0),(1.107159720332E0,8.666939459662E-1,
8.666939459662E-1,1.107159720332E0),(1.107159720331E0,8.666939459662E-1,
8.666939459662E-1,1.107159720331E0),(1.456886437E0,1.140462962770E0,
1.140462962770E0,1.456886437E0)))REPRESENTATION_ITEM('')SURFACE());
#11780=ORIENTED_EDGE('',*,*,#11779,.F.);
#11782=ORIENTED_EDGE('',*,*,#11781,.F.);
#11783=ORIENTED_EDGE('',*,*,#11740,.T.);
#11785=ORIENTED_EDGE('',*,*,#11784,.T.);
#11786=EDGE_LOOP('',(#11780,#11782,#11783,#11785));
#11787=FACE_OUTER_BOUND('',#11786,.F.);
#11789=CARTESIAN_POINT('',(-1.016E1,1.E0,1.016E1));
#11790=DIRECTION('',(0.E0,-1.E0,0.E0));
#11791=DIRECTION('',(-1.E0,0.E0,0.E0));
#11792=AXIS2_PLACEMENT_3D('',#11789,#11790,#11791);
#11793=PLANE('',#11792);
#11795=ORIENTED_EDGE('',*,*,#11794,.T.);
#11796=ORIENTED_EDGE('',*,*,#11779,.T.);
#11797=EDGE_LOOP('',(#11795,#11796));
#11798=FACE_OUTER_BOUND('',#11797,.F.);
#11800=CARTESIAN_POINT('',(-9.668665208070E0,1.418193511236E0,
1.006957696874E1));
#11801=CARTESIAN_POINT('',(-9.657411142454E0,1.166868340970E0,
1.006750582144E1));
#11802=CARTESIAN_POINT('',(-9.832370908534E0,9.889706114668E-1,
1.009970462490E1));
#11803=CARTESIAN_POINT('',(-1.007954513966E1,1.000413992175E0,
1.014519345166E1));
#11804=CARTESIAN_POINT('',(-9.607709799019E0,1.418193511241E0,
1.040079250980E1));
#11805=CARTESIAN_POINT('',(-9.595059544523E0,1.166868340974E0,
1.040630788292E1));
#11806=CARTESIAN_POINT('',(-9.791724966877E0,9.889706114699E-1,
1.032056390167E1));
#11807=CARTESIAN_POINT('',(-1.006956384177E1,1.000413992176E0,
1.019942917959E1));
#11808=CARTESIAN_POINT('',(-9.823221699695E0,1.418193511242E0,
1.065958570367E1));
#11809=CARTESIAN_POINT('',(-9.815507763796E0,1.166868340975E0,
1.067102875713E1));
#11810=CARTESIAN_POINT('',(-9.935431395523E0,9.889706114706E-1,
1.049313091784E1));
#11811=CARTESIAN_POINT('',(-1.010485338396E1,1.000413992176E0,
1.024180592679E1));
#11812=CARTESIAN_POINT('',(-1.015999951448E1,1.418193511238E0,
1.065958603097E1));
#11813=CARTESIAN_POINT('',(-1.015999950336E1,1.166868340972E0,
1.067102909193E1));
#11814=CARTESIAN_POINT('',(-1.015999967624E1,9.889706114684E-1,
1.049313113609E1));
#11815=CARTESIAN_POINT('',(-1.015999992049E1,1.000413992176E0,
1.024180598038E1));
#11816=CARTESIAN_POINT('',(-1.049677732926E1,1.418193511235E0,
1.065958635827E1));
#11817=CARTESIAN_POINT('',(-1.050449124292E1,1.166868340969E0,
1.067102942672E1));
#11818=CARTESIAN_POINT('',(-1.038456795696E1,9.889706114662E-1,
1.049313135434E1));
#11819=CARTESIAN_POINT('',(-1.021514645703E1,1.000413992175E0,
1.024180603398E1));
#11820=CARTESIAN_POINT('',(-1.071228973295E1,1.418193511230E0,
1.040079358328E1));
#11821=CARTESIAN_POINT('',(-1.072493997672E1,1.166868340963E0,
1.040630898099E1));
#11822=CARTESIAN_POINT('',(-1.052827472103E1,9.889706114627E-1,
1.032056461748E1));
#11823=CARTESIAN_POINT('',(-1.025043608159E1,1.000413992174E0,
1.019942935537E1));
#11824=CARTESIAN_POINT('',(-1.065133496769E1,1.418193511226E0,
1.006957792374E1));
#11825=CARTESIAN_POINT('',(-1.066258903732E1,1.166868340960E0,
1.006750679832E1));
#11826=CARTESIAN_POINT('',(-1.048762920865E1,9.889706114604E-1,
1.009970526171E1));
#11827=CARTESIAN_POINT('',(-1.024045488911E1,1.000413992174E0,
1.014519360804E1));
#11828=(BOUNDED_SURFACE()B_SPLINE_SURFACE(3,3,((#11800,#11801,#11802,#11803),(
#11804,#11805,#11806,#11807),(#11808,#11809,#11810,#11811),(#11812,#11813,
#11814,#11815),(#11816,#11817,#11818,#11819),(#11820,#11821,#11822,#11823),(
#11824,#11825,#11826,#11827)),.UNSPECIFIED.,.F.,.F.,.F.)B_SPLINE_SURFACE_WITH_KNOTS((4,3,4),(4,4),(0.E0,1.E0,2.E0),(0.E0,1.E0),.UNSPECIFIED.)GEOMETRIC_REPRESENTATION_ITEM()RATIONAL_B_SPLINE_SURFACE(((1.456886437001E0,1.140462962770E0,
1.140462962770E0,1.456886437001E0),(1.107159720332E0,8.666939459660E-1,
8.666939459660E-1,1.107159720332E0),(1.107159720332E0,8.666939459660E-1,
8.666939459660E-1,1.107159720332E0),(1.456886437001E0,1.140462962770E0,
1.140462962770E0,1.456886437001E0),(1.107159720332E0,8.666939459660E-1,
8.666939459660E-1,1.107159720332E0),(1.107159720332E0,8.666939459660E-1,
8.666939459660E-1,1.107159720332E0),(1.456886437001E0,1.140462962770E0,
1.140462962770E0,1.456886437001E0)))REPRESENTATION_ITEM('')SURFACE());
#11829=ORIENTED_EDGE('',*,*,#11794,.F.);
#11830=ORIENTED_EDGE('',*,*,#11784,.F.);
#11832=ORIENTED_EDGE('',*,*,#11831,.T.);
#11833=ORIENTED_EDGE('',*,*,#11781,.T.);
#11834=EDGE_LOOP('',(#11829,#11830,#11832,#11833));
#11835=FACE_OUTER_BOUND('',#11834,.F.);
#11837=CARTESIAN_POINT('',(-1.016E1,3.6E0,1.016E1));
#11838=DIRECTION('',(0.E0,-1.E0,0.E0));
#11839=DIRECTION('',(-1.E0,0.E0,0.E0));
#11840=AXIS2_PLACEMENT_3D('',#11837,#11838,#11839);
#11841=CYLINDRICAL_SURFACE('',#11840,5.E-1);
#11842=ORIENTED_EDGE('',*,*,#11831,.F.);
#11843=ORIENTED_EDGE('',*,*,#11745,.T.);
#11844=ORIENTED_EDGE('',*,*,#11718,.F.);
#11845=ORIENTED_EDGE('',*,*,#11742,.F.);
#11846=EDGE_LOOP('',(#11842,#11843,#11844,#11845));
#11847=FACE_OUTER_BOUND('',#11846,.F.);
#11849=CLOSED_SHELL('',(#11574,#11613,#11624,#11661,#11674,#11690,#11705,#11722,
#11734,#11749,#11788,#11799,#11836,#11848));
#11850=MANIFOLD_SOLID_BREP('',#11849);
#11851=FILL_AREA_STYLE_COLOUR('',#59);
#11852=FILL_AREA_STYLE('',(#11851));
#11853=SURFACE_STYLE_FILL_AREA(#11852);
#11854=SURFACE_SIDE_STYLE('',(#11853));
#11855=SURFACE_STYLE_USAGE(.BOTH.,#11854);
#11856=PRESENTATION_STYLE_ASSIGNMENT((#11855));
#11324=STYLED_ITEM('',(#11856),#11850);
#11859=PLANE_ANGLE_MEASURE_WITH_UNIT(PLANE_ANGLE_MEASURE(1.745329251994E-2),
#11858);
#11860=(CONVERSION_BASED_UNIT('DEGREE',#11859)NAMED_UNIT(*)PLANE_ANGLE_UNIT());
#11862=UNCERTAINTY_MEASURE_WITH_UNIT(LENGTH_MEASURE(1.516588510976E-3),#11857,
'distance_accuracy_value',
'Maximum model space distance between geometric entities at asserted connectivities');
#11864=CARTESIAN_POINT('',(0.E0,0.E0,0.E0));
#11865=DIRECTION('',(0.E0,0.E0,1.E0));
#11866=DIRECTION('',(1.E0,0.E0,0.E0));
#11869=PRODUCT_DEFINITION_CONTEXT('part definition',#9397,'design');
#11870=PRODUCT_CONTEXT('',#9397,'mechanical');
#11871=PRODUCT('MANIFOLD_SOLID_BREP_10401','MANIFOLD_SOLID_BREP_10401',
'NOT SPECIFIED',(#11870));
#11872=PRODUCT_DEFINITION_FORMATION('1','LAST_VERSION',#11871);
#11880=DERIVED_UNIT_ELEMENT(#11879,2.E0);
#11881=DERIVED_UNIT((#11880));
#11882=MEASURE_REPRESENTATION_ITEM('surface area measure',AREA_MEASURE(
5.344265775123E1),#11881);
#11887=DERIVED_UNIT_ELEMENT(#11886,3.E0);
#11888=DERIVED_UNIT((#11887));
#11889=MEASURE_REPRESENTATION_ITEM('volume measure',VOLUME_MEASURE(
1.270333536208E1),#11888);
#11893=CARTESIAN_POINT('centre point',(-1.015999999997E1,8.023399650384E0,
1.016E1));
#11898=DERIVED_UNIT_ELEMENT(#11897,2.E0);
#11899=DERIVED_UNIT((#11898));
#11900=MEASURE_REPRESENTATION_ITEM('surface area measure',AREA_MEASURE(
5.344265775123E1),#11899);
#11905=DERIVED_UNIT_ELEMENT(#11904,3.E0);
#11906=DERIVED_UNIT((#11905));
#11907=MEASURE_REPRESENTATION_ITEM('volume measure',VOLUME_MEASURE(
1.270333536208E1),#11906);
#11911=CARTESIAN_POINT('centre point',(-1.015999999997E1,8.023399650384E0,
1.016E1));
#11917=GENERAL_PROPERTY('','DESCRIPTION','user defined attribute');
#11918=GENERAL_PROPERTY_ASSOCIATION('user defined attribute','',#11917,#11916);
#11919=DESCRIPTIVE_REPRESENTATION_ITEM('DESCRIPTION','');
#11923=GENERAL_PROPERTY('','MODELED_BY','user defined attribute');
#11924=GENERAL_PROPERTY_ASSOCIATION('user defined attribute','',#11923,#11922);
#11925=DESCRIPTIVE_REPRESENTATION_ITEM('MODELED_BY','');
#11930=CARTESIAN_POINT('centre point',(-1.015999999997E1,8.023399650384E0,
1.016E1));
#11934=CARTESIAN_POINT('',(0.E0,0.E0,0.E0));
#11935=DIRECTION('',(0.E0,0.E0,1.E0));
#11936=DIRECTION('',(1.E0,0.E0,0.E0));
#11937=AXIS2_PLACEMENT_3D('',#11934,#11935,#11936);
#11938=ITEM_DEFINED_TRANSFORMATION('','',#11867,#11937);
#11939=(REPRESENTATION_RELATIONSHIP('','',#11868,#9460)REPRESENTATION_RELATIONSHIP_WITH_TRANSFORMATION(#11938)SHAPE_REPRESENTATION_RELATIONSHIP());
#11940=CONTEXT_DEPENDENT_SHAPE_REPRESENTATION(#11939,#11929);
#11942=DIRECTION('',(1.944118955492E-8,-1.E0,1.182679685181E-13));
#11943=VECTOR('',#11942,1.139999999999E1);
#11944=CARTESIAN_POINT('',(-1.016000022163E1,1.549999999999E1,
3.039999999999E0));
#11945=LINE('',#11944,#11943);
#11946=CURVE_STYLE('',#9479,POSITIVE_LENGTH_MEASURE(2.E-2),#59);
#11947=PRESENTATION_STYLE_ASSIGNMENT((#11946));
#11948=STYLED_ITEM('',(#11947),#11945);
#11949=CARTESIAN_POINT('',(-1.016E1,1.549999999999E1,2.54E0));
#11950=DIRECTION('',(1.178626734482E-11,-1.E0,-9.949446459916E-13));
#11951=DIRECTION('',(-1.993072373809E-12,-9.947598300650E-13,1.E0));
#11952=AXIS2_PLACEMENT_3D('',#11949,#11950,#11951);
#11954=CURVE_STYLE('',#9479,POSITIVE_LENGTH_MEASURE(2.E-2),#59);
#11955=PRESENTATION_STYLE_ASSIGNMENT((#11954));
#11956=STYLED_ITEM('',(#11955),#11953);
#11957=CARTESIAN_POINT('',(-1.016000017738E1,1.549999999999E1,
2.440000000023E0));
#11958=DIRECTION('',(9.999999999984E-1,1.178626810218E-11,-1.773801393823E-6));
#11959=DIRECTION('',(-1.773801394555E-6,9.947598300080E-13,-9.999999999984E-1));
#11960=AXIS2_PLACEMENT_3D('',#11957,#11958,#11959);
#11962=CURVE_STYLE('',#9479,POSITIVE_LENGTH_MEASURE(2.E-2),#59);
#11963=PRESENTATION_STYLE_ASSIGNMENT((#11962));
#11964=STYLED_ITEM('',(#11963),#11961);
#11965=CARTESIAN_POINT('',(-1.016E1,1.590000000001E1,2.54E0));
#11966=DIRECTION('',(1.178626734482E-11,-1.E0,-9.949446459916E-13));
#11967=DIRECTION('',(3.803123044186E-11,-9.947449344904E-13,1.E0));
#11968=AXIS2_PLACEMENT_3D('',#11965,#11966,#11967);
#11970=CURVE_STYLE('',#9479,POSITIVE_LENGTH_MEASURE(2.E-2),#59);
#11971=PRESENTATION_STYLE_ASSIGNMENT((#11970));
#11972=STYLED_ITEM('',(#11971),#11969);
#11973=CARTESIAN_POINT('',(-1.016E1,1.590000000001E1,2.54E0));
#11974=DIRECTION('',(-8.733403003704E-12,-1.E0,-2.019652593359E-13));
#11975=DIRECTION('',(-3.629042680649E-11,1.953963264177E-13,-1.E0));
#11976=AXIS2_PLACEMENT_3D('',#11973,#11974,#11975);
#11978=CURVE_STYLE('',#9479,POSITIVE_LENGTH_MEASURE(2.E-2),#59);
#11979=PRESENTATION_STYLE_ASSIGNMENT((#11978));
#11980=STYLED_ITEM('',(#11979),#11977);
#11981=CARTESIAN_POINT('',(-1.016E1,1.549999999999E1,2.54E0));
#11982=DIRECTION('',(-8.733403003704E-12,-1.E0,-2.019652593359E-13));
#11983=DIRECTION('',(-2.216625425435E-7,2.025046796918E-13,-1.E0));
#11984=AXIS2_PLACEMENT_3D('',#11981,#11982,#11983);
#11986=CURVE_STYLE('',#9479,POSITIVE_LENGTH_MEASURE(2.E-2),#59);
#11987=PRESENTATION_STYLE_ASSIGNMENT((#11986));
#11988=STYLED_ITEM('',(#11987),#11985);
#11989=CARTESIAN_POINT('',(-1.015999982263E1,1.549999999999E1,
2.639999999976E0));
#11990=DIRECTION('',(-9.999999999984E-1,8.733398550344E-12,1.773701857555E-6));
#11991=DIRECTION('',(1.773701856398E-6,-2.042810365193E-13,9.999999999984E-1));
#11992=AXIS2_PLACEMENT_3D('',#11989,#11990,#11991);
#11994=CURVE_STYLE('',#9479,POSITIVE_LENGTH_MEASURE(2.E-2),#59);
#11995=PRESENTATION_STYLE_ASSIGNMENT((#11994));
#11996=STYLED_ITEM('',(#11995),#11993);
#11997=DIRECTION('',(-2.106046082170E-8,-1.E0,-9.715425345326E-14));
#11998=VECTOR('',#11997,1.139999999999E1);
#11999=CARTESIAN_POINT('',(-1.015999983380E1,1.549999999999E1,
2.040000000001E0));
#12000=LINE('',#11999,#11998);
#12001=CURVE_STYLE('',#9479,POSITIVE_LENGTH_MEASURE(2.E-2),#59);
#12002=PRESENTATION_STYLE_ASSIGNMENT((#12001));
#12003=STYLED_ITEM('',(#12002),#12000);
#12004=CARTESIAN_POINT('',(-1.016E1,4.1E0,2.54E0));
#12005=DIRECTION('',(0.E0,-1.E0,0.E0));
#12006=DIRECTION('',(0.E0,0.E0,-1.E0));
#12007=AXIS2_PLACEMENT_3D('',#12004,#12005,#12006);
#12009=CURVE_STYLE('',#9479,POSITIVE_LENGTH_MEASURE(2.E-2),#59);
#12010=PRESENTATION_STYLE_ASSIGNMENT((#12009));
#12011=STYLED_ITEM('',(#12010),#12008);
#12012=CARTESIAN_POINT('',(-1.016E1,4.1E0,2.54E0));
#12013=DIRECTION('',(0.E0,-1.E0,0.E0));
#12014=DIRECTION('',(0.E0,0.E0,1.E0));
#12015=AXIS2_PLACEMENT_3D('',#12012,#12013,#12014);
#12017=CURVE_STYLE('',#9479,POSITIVE_LENGTH_MEASURE(2.E-2),#59);
#12018=PRESENTATION_STYLE_ASSIGNMENT((#12017));
#12019=STYLED_ITEM('',(#12018),#12016);
#12020=CARTESIAN_POINT('',(-1.016E1,4.1E0,2.54E0));
#12021=DIRECTION('',(0.E0,1.E0,0.E0));
#12022=DIRECTION('',(0.E0,0.E0,1.E0));
#12023=AXIS2_PLACEMENT_3D('',#12020,#12021,#12022);
#12025=CURVE_STYLE('',#9479,POSITIVE_LENGTH_MEASURE(2.E-2),#59);
#12026=PRESENTATION_STYLE_ASSIGNMENT((#12025));
#12027=STYLED_ITEM('',(#12026),#12024);
#12028=CARTESIAN_POINT('',(-1.016E1,4.1E0,2.54E0));
#12029=DIRECTION('',(0.E0,1.E0,0.E0));
#12030=DIRECTION('',(0.E0,0.E0,-1.E0));
#12031=AXIS2_PLACEMENT_3D('',#12028,#12029,#12030);
#12033=CURVE_STYLE('',#9479,POSITIVE_LENGTH_MEASURE(2.E-2),#59);
#12034=PRESENTATION_STYLE_ASSIGNMENT((#12033));
#12035=STYLED_ITEM('',(#12034),#12032);
#12036=DIRECTION('',(0.E0,-1.E0,0.E0));
#12037=VECTOR('',#12036,5.E-1);
#12038=CARTESIAN_POINT('',(-1.016E1,4.1E0,1.54E0));
#12039=LINE('',#12038,#12037);
#12040=CURVE_STYLE('',#9479,POSITIVE_LENGTH_MEASURE(2.E-2),#59);
#12041=PRESENTATION_STYLE_ASSIGNMENT((#12040));
#12042=STYLED_ITEM('',(#12041),#12039);
#12043=CARTESIAN_POINT('',(-1.016E1,3.6E0,2.54E0));
#12044=DIRECTION('',(0.E0,1.E0,0.E0));
#12045=DIRECTION('',(0.E0,0.E0,1.E0));
#12046=AXIS2_PLACEMENT_3D('',#12043,#12044,#12045);
#12048=CURVE_STYLE('',#9479,POSITIVE_LENGTH_MEASURE(2.E-2),#59);
#12049=PRESENTATION_STYLE_ASSIGNMENT((#12048));
#12050=STYLED_ITEM('',(#12049),#12047);
#12051=CARTESIAN_POINT('',(-1.016E1,3.6E0,2.54E0));
#12052=DIRECTION('',(0.E0,1.E0,0.E0));
#12053=DIRECTION('',(0.E0,0.E0,-1.E0));
#12054=AXIS2_PLACEMENT_3D('',#12051,#12052,#12053);
#12056=CURVE_STYLE('',#9479,POSITIVE_LENGTH_MEASURE(2.E-2),#59);
#12057=PRESENTATION_STYLE_ASSIGNMENT((#12056));
#12058=STYLED_ITEM('',(#12057),#12055);
#12059=CARTESIAN_POINT('',(-1.016E1,3.6E0,2.54E0));
#12060=DIRECTION('',(0.E0,-1.E0,0.E0));
#12061=DIRECTION('',(-1.E0,0.E0,0.E0));
#12062=AXIS2_PLACEMENT_3D('',#12059,#12060,#12061);
#12064=CURVE_STYLE('',#9479,POSITIVE_LENGTH_MEASURE(2.E-2),#59);
#12065=PRESENTATION_STYLE_ASSIGNMENT((#12064));
#12066=STYLED_ITEM('',(#12065),#12063);
#12067=CARTESIAN_POINT('',(-1.016E1,3.6E0,2.54E0));
#12068=DIRECTION('',(0.E0,-1.E0,0.E0));
#12069=DIRECTION('',(1.E0,0.E0,0.E0));
#12070=AXIS2_PLACEMENT_3D('',#12067,#12068,#12069);
#12072=CURVE_STYLE('',#9479,POSITIVE_LENGTH_MEASURE(2.E-2),#59);
#12073=PRESENTATION_STYLE_ASSIGNMENT((#12072));
#12074=STYLED_ITEM('',(#12073),#12071);
#12075=DIRECTION('',(0.E0,-1.E0,0.E0));
#12076=VECTOR('',#12075,5.E-1);
#12077=CARTESIAN_POINT('',(-1.016E1,4.1E0,3.54E0));
#12078=LINE('',#12077,#12076);
#12079=CURVE_STYLE('',#9479,POSITIVE_LENGTH_MEASURE(2.E-2),#59);
#12080=PRESENTATION_STYLE_ASSIGNMENT((#12079));
#12081=STYLED_ITEM('',(#12080),#12078);
#12082=DIRECTION('',(5.740862330972E-13,1.E0,1.091308853386E-7));
#12083=VECTOR('',#12082,2.2E0);
#12084=CARTESIAN_POINT('',(-9.660000000001E0,1.4E0,2.539999833798E0));
#12085=LINE('',#12084,#12083);
#12086=CURVE_STYLE('',#9479,POSITIVE_LENGTH_MEASURE(2.E-2),#59);
#12087=PRESENTATION_STYLE_ASSIGNMENT((#12086));
#12088=STYLED_ITEM('',(#12087),#12085);
#12089=CARTESIAN_POINT('',(-1.016E1,1.4E0,2.539999999999E0));
#12090=DIRECTION('',(8.265693982460E-12,1.E0,1.629540750400E-12));
#12091=DIRECTION('',(1.E0,-8.265832462943E-12,2.216593575356E-7));
#12092=AXIS2_PLACEMENT_3D('',#12089,#12090,#12091);
#12094=CURVE_STYLE('',#9479,POSITIVE_LENGTH_MEASURE(2.E-2),#59);
#12095=PRESENTATION_STYLE_ASSIGNMENT((#12094));
#12096=STYLED_ITEM('',(#12095),#12093);
#12097=CARTESIAN_POINT('',(-1.026E1,1.400000000001E0,2.539999822629E0));
#12098=DIRECTION('',(-1.773701196889E-6,-1.629526078505E-12,9.999999999984E-1));
#12099=DIRECTION('',(-9.999999999984E-1,8.265610418341E-12,-1.773701197029E-6));
#12100=AXIS2_PLACEMENT_3D('',#12097,#12098,#12099);
#12102=CURVE_STYLE('',#9479,POSITIVE_LENGTH_MEASURE(2.E-2),#59);
#12103=PRESENTATION_STYLE_ASSIGNMENT((#12102));
#12104=STYLED_ITEM('',(#12103),#12101);
#12105=CARTESIAN_POINT('',(-1.016E1,1.000000000003E0,2.540000000001E0));
#12106=DIRECTION('',(-1.065951379322E-11,1.E0,-3.624744917720E-12));
#12107=DIRECTION('',(-1.E0,-1.066020185142E-11,-1.282954515674E-11));
#12108=AXIS2_PLACEMENT_3D('',#12105,#12106,#12107);
#12110=CURVE_STYLE('',#9479,POSITIVE_LENGTH_MEASURE(2.E-2),#59);
#12111=PRESENTATION_STYLE_ASSIGNMENT((#12110));
#12112=STYLED_ITEM('',(#12111),#12109);
#12113=CARTESIAN_POINT('',(-1.016E1,1.000000000003E0,2.539999999999E0));
#12114=DIRECTION('',(8.265693982460E-12,1.E0,1.629540750400E-12));
#12115=DIRECTION('',(1.E0,-8.266596853330E-12,1.281622267994E-11));
#12116=AXIS2_PLACEMENT_3D('',#12113,#12114,#12115);
#12118=CURVE_STYLE('',#9479,POSITIVE_LENGTH_MEASURE(2.E-2),#59);
#12119=PRESENTATION_STYLE_ASSIGNMENT((#12118));
#12120=STYLED_ITEM('',(#12119),#12117);
#12121=CARTESIAN_POINT('',(-1.016E1,1.4E0,2.54E0));
#12122=DIRECTION('',(-1.065951379322E-11,1.E0,-3.624744917720E-12));
#12123=DIRECTION('',(-1.E0,-1.065947330403E-11,3.286260152890E-13));
#12124=AXIS2_PLACEMENT_3D('',#12121,#12122,#12123);
#12126=CURVE_STYLE('',#9479,POSITIVE_LENGTH_MEASURE(2.E-2),#59);
#12127=PRESENTATION_STYLE_ASSIGNMENT((#12126));
#12128=STYLED_ITEM('',(#12127),#12125);
#12129=CARTESIAN_POINT('',(-1.006E1,1.400000000001E0,2.540000177380E0));
#12130=DIRECTION('',(1.773799890831E-6,-3.624724945310E-12,-9.999999999984E-1));
#12131=DIRECTION('',(9.999999999984E-1,1.065925125944E-11,1.773799890305E-6));
#12132=AXIS2_PLACEMENT_3D('',#12129,#12130,#12131);
#12134=CURVE_STYLE('',#9479,POSITIVE_LENGTH_MEASURE(2.E-2),#59);
#12135=PRESENTATION_STYLE_ASSIGNMENT((#12134));
#12136=STYLED_ITEM('',(#12135),#12133);
#12137=DIRECTION('',(-3.568862377340E-13,1.E0,-1.007402627984E-7));
#12138=VECTOR('',#12137,2.2E0);
#12139=CARTESIAN_POINT('',(-1.066E1,1.4E0,2.540000221629E0));
#12140=LINE('',#12139,#12138);
#12141=CURVE_STYLE('',#9479,POSITIVE_LENGTH_MEASURE(2.E-2),#59);
#12142=PRESENTATION_STYLE_ASSIGNMENT((#12141));
#12143=STYLED_ITEM('',(#12142),#12140);
#12144=CARTESIAN_POINT('',(-1.016E1,1.549999999999E1,3.039999999999E0));
#12145=CARTESIAN_POINT('',(-1.016000011083E1,1.549999999999E1,2.04E0));
#12146=VERTEX_POINT('',#12144);
#12147=VERTEX_POINT('',#12145);
#12148=CARTESIAN_POINT('',(-1.016E1,4.1E0,3.04E0));
#12149=VERTEX_POINT('',#12148);
#12150=CARTESIAN_POINT('',(-1.016E1,4.1E0,2.04E0));
#12151=VERTEX_POINT('',#12150);
#12152=CARTESIAN_POINT('',(-1.016E1,1.590000000001E1,2.640001497427E0));
#12153=CARTESIAN_POINT('',(-1.016E1,1.590000000001E1,2.439998502574E0));
#12154=VERTEX_POINT('',#12152);
#12155=VERTEX_POINT('',#12153);
#12156=CARTESIAN_POINT('',(-1.016E1,4.1E0,1.54E0));
#12157=CARTESIAN_POINT('',(-1.016E1,4.1E0,3.54E0));
#12158=VERTEX_POINT('',#12156);
#12159=VERTEX_POINT('',#12157);
#12160=CARTESIAN_POINT('',(-1.016E1,3.6E0,3.54E0));
#12161=CARTESIAN_POINT('',(-1.016E1,3.6E0,1.54E0));
#12162=VERTEX_POINT('',#12160);
#12163=VERTEX_POINT('',#12161);
#12164=CARTESIAN_POINT('',(-1.066E1,3.6E0,2.54E0));
#12165=CARTESIAN_POINT('',(-9.66E0,3.6E0,2.54E0));
#12166=VERTEX_POINT('',#12164);
#12167=VERTEX_POINT('',#12165);
#12168=CARTESIAN_POINT('',(-9.66E0,1.399999999996E0,2.540000110829E0));
#12169=CARTESIAN_POINT('',(-1.066E1,1.400000000004E0,2.54E0));
#12170=VERTEX_POINT('',#12168);
#12171=VERTEX_POINT('',#12169);
#12172=CARTESIAN_POINT('',(-1.005999850255E1,1.000000000003E0,2.54E0));
#12173=CARTESIAN_POINT('',(-1.026000149745E1,1.000000000004E0,2.54E0));
#12174=VERTEX_POINT('',#12172);
#12175=VERTEX_POINT('',#12173);
#12176=CARTESIAN_POINT('',(-1.016E1,4.1E0,2.54E0));
#12177=DIRECTION('',(0.E0,1.E0,0.E0));
#12178=DIRECTION('',(0.E0,0.E0,1.E0));
#12179=AXIS2_PLACEMENT_3D('',#12176,#12177,#12178);
#12180=CYLINDRICAL_SURFACE('',#12179,5.E-1);
#12182=ORIENTED_EDGE('',*,*,#12181,.F.);
#12184=ORIENTED_EDGE('',*,*,#12183,.T.);
#12186=ORIENTED_EDGE('',*,*,#12185,.F.);
#12188=ORIENTED_EDGE('',*,*,#12187,.F.);
#12189=EDGE_LOOP('',(#12182,#12184,#12186,#12188));
#12190=FACE_OUTER_BOUND('',#12189,.F.);
#12192=CARTESIAN_POINT('',(-1.006957696872E1,1.548180648876E1,
2.048665208074E0));
#12193=CARTESIAN_POINT('',(-1.006750582142E1,1.573313165904E1,
2.037411142461E0));
#12194=CARTESIAN_POINT('',(-1.009970462489E1,1.591102938855E1,
2.212370908550E0));
#12195=CARTESIAN_POINT('',(-1.014519345166E1,1.589958600784E1,
2.459545139685E0));
#12196=CARTESIAN_POINT('',(-1.040079250978E1,1.548180648875E1,
1.987709799005E0));
#12197=CARTESIAN_POINT('',(-1.040630788290E1,1.573313165903E1,
1.975059544512E0));
#12198=CARTESIAN_POINT('',(-1.032056390165E1,1.591102938854E1,
2.171724966882E0));
#12199=CARTESIAN_POINT('',(-1.019942917957E1,1.589958600784E1,
2.449563841795E0));
#12200=CARTESIAN_POINT('',(-1.065958570367E1,1.548180648875E1,
2.203221699682E0));
#12201=CARTESIAN_POINT('',(-1.067102875713E1,1.573313165903E1,
2.195507763786E0));
#12202=CARTESIAN_POINT('',(-1.049313091784E1,1.591102938854E1,
2.315431395525E0));
#12203=CARTESIAN_POINT('',(-1.024180592677E1,1.589958600784E1,
2.484853383977E0));
#12204=CARTESIAN_POINT('',(-1.065958603097E1,1.548180648875E1,
2.539999514478E0));
#12205=CARTESIAN_POINT('',(-1.067102909193E1,1.573313165903E1,
2.539999503358E0));
#12206=CARTESIAN_POINT('',(-1.049313113608E1,1.591102938854E1,
2.539999676248E0));
#12207=CARTESIAN_POINT('',(-1.024180598036E1,1.589958600784E1,
2.539999920497E0));
#12208=CARTESIAN_POINT('',(-1.065958635827E1,1.548180648875E1,
2.876777329274E0));
#12209=CARTESIAN_POINT('',(-1.067102942672E1,1.573313165903E1,
2.884491242930E0));
#12210=CARTESIAN_POINT('',(-1.049313135433E1,1.591102938854E1,
2.764567956970E0));
#12211=CARTESIAN_POINT('',(-1.024180603396E1,1.589958600784E1,
2.595146457017E0));
#12212=CARTESIAN_POINT('',(-1.040079358326E1,1.548180648875E1,
3.092289732966E0));
#12213=CARTESIAN_POINT('',(-1.040630898098E1,1.573313165903E1,
3.104939976740E0));
#12214=CARTESIAN_POINT('',(-1.032056461747E1,1.591102938854E1,
2.908274721030E0));
#12215=CARTESIAN_POINT('',(-1.019942935535E1,1.589958600784E1,
2.630436081567E0));
#12216=CARTESIAN_POINT('',(-1.006957792372E1,1.548180648876E1,
3.031334967679E0));
#12217=CARTESIAN_POINT('',(-1.006750679830E1,1.573313165904E1,
3.042589037318E0));
#12218=CARTESIAN_POINT('',(-1.009970526170E1,1.591102938855E1,
2.867629208645E0));
#12219=CARTESIAN_POINT('',(-1.014519360804E1,1.589958600784E1,
2.620454889094E0));
#12220=(BOUNDED_SURFACE()B_SPLINE_SURFACE(3,3,((#12192,#12193,#12194,#12195),(
#12196,#12197,#12198,#12199),(#12200,#12201,#12202,#12203),(#12204,#12205,
#12206,#12207),(#12208,#12209,#12210,#12211),(#12212,#12213,#12214,#12215),(
#12216,#12217,#12218,#12219)),.UNSPECIFIED.,.F.,.F.,.F.)B_SPLINE_SURFACE_WITH_KNOTS((4,3,4),(4,4),(0.E0,1.E0,2.E0),(0.E0,1.E0),.UNSPECIFIED.)GEOMETRIC_REPRESENTATION_ITEM()RATIONAL_B_SPLINE_SURFACE(((1.456886437015E0,1.140462962783E0,
1.140462962783E0,1.456886437015E0),(1.107159720325E0,8.666939459623E-1,
8.666939459623E-1,1.107159720325E0),(1.107159720325E0,8.666939459623E-1,
8.666939459623E-1,1.107159720325E0),(1.456886437015E0,1.140462962783E0,
1.140462962783E0,1.456886437015E0),(1.107159720325E0,8.666939459623E-1,
8.666939459623E-1,1.107159720325E0),(1.107159720325E0,8.666939459623E-1,
8.666939459623E-1,1.107159720325E0),(1.456886437015E0,1.140462962783E0,
1.140462962783E0,1.456886437015E0)))REPRESENTATION_ITEM('')SURFACE());
#12222=ORIENTED_EDGE('',*,*,#12221,.F.);
#12224=ORIENTED_EDGE('',*,*,#12223,.F.);
#12225=ORIENTED_EDGE('',*,*,#12181,.T.);
#12227=ORIENTED_EDGE('',*,*,#12226,.T.);
#12228=EDGE_LOOP('',(#12222,#12224,#12225,#12227));
#12229=FACE_OUTER_BOUND('',#12228,.F.);
#12231=CARTESIAN_POINT('',(-1.016E1,1.59E1,2.54E0));
#12232=DIRECTION('',(0.E0,1.E0,0.E0));
#12233=DIRECTION('',(0.E0,0.E0,1.E0));
#12234=AXIS2_PLACEMENT_3D('',#12231,#12232,#12233);
#12235=PLANE('',#12234);
#12236=ORIENTED_EDGE('',*,*,#12221,.T.);
#12238=ORIENTED_EDGE('',*,*,#12237,.T.);
#12239=EDGE_LOOP('',(#12236,#12238));
#12240=FACE_OUTER_BOUND('',#12239,.F.);
#12242=CARTESIAN_POINT('',(-1.025042303128E1,1.548180648876E1,
3.031334791925E0));
#12243=CARTESIAN_POINT('',(-1.025249417858E1,1.573313165904E1,
3.042588857539E0));
#12244=CARTESIAN_POINT('',(-1.022029537511E1,1.591102938855E1,
2.867629091450E0));
#12245=CARTESIAN_POINT('',(-1.017480654834E1,1.589958600784E1,
2.620454860315E0));
#12246=CARTESIAN_POINT('',(-9.919207490217E0,1.548180648875E1,
3.092290200994E0));
#12247=CARTESIAN_POINT('',(-9.913692117095E0,1.573313165903E1,
3.104940455488E0));
#12248=CARTESIAN_POINT('',(-9.999436098346E0,1.591102938854E1,
2.908275033118E0));
#12249=CARTESIAN_POINT('',(-1.012057082043E1,1.589958600784E1,
2.630436158205E0));
#12250=CARTESIAN_POINT('',(-9.660414296324E0,1.548180648875E1,
2.876778300317E0));
#12251=CARTESIAN_POINT('',(-9.648971242866E0,1.573313165903E1,
2.884492236214E0));
#12252=CARTESIAN_POINT('',(-9.826869082165E0,1.591102938854E1,
2.764568604475E0));
#12253=CARTESIAN_POINT('',(-1.007819407323E1,1.589958600784E1,
2.595146616023E0));
#12254=CARTESIAN_POINT('',(-9.660413969027E0,1.548180648875E1,
2.540000485521E0));
#12255=CARTESIAN_POINT('',(-9.648970908073E0,1.573313165903E1,
2.540000496642E0));
#12256=CARTESIAN_POINT('',(-9.826868863919E0,1.591102938854E1,
2.540000323753E0));
#12257=CARTESIAN_POINT('',(-1.007819401964E1,1.589958600784E1,
2.540000079503E0));
#12258=CARTESIAN_POINT('',(-9.660413641731E0,1.548180648875E1,
2.203222670725E0));
#12259=CARTESIAN_POINT('',(-9.648970573279E0,1.573313165903E1,
2.195508757070E0));
#12260=CARTESIAN_POINT('',(-9.826868645672E0,1.591102938854E1,
2.315432043030E0));
#12261=CARTESIAN_POINT('',(-1.007819396604E1,1.589958600784E1,
2.484853542983E0));
#12262=CARTESIAN_POINT('',(-9.919206416734E0,1.548180648875E1,
1.987710267034E0));
#12263=CARTESIAN_POINT('',(-9.913691019023E0,1.573313165903E1,
1.975060023260E0));
#12264=CARTESIAN_POINT('',(-9.999435382532E0,1.591102938854E1,
2.171725278970E0));
#12265=CARTESIAN_POINT('',(-1.012057064465E1,1.589958600784E1,
2.449563918433E0));
#12266=CARTESIAN_POINT('',(-1.025042207628E1,1.548180648876E1,
2.048665032320E0));
#12267=CARTESIAN_POINT('',(-1.025249320170E1,1.573313165904E1,
2.037410962681E0));
#12268=CARTESIAN_POINT('',(-1.022029473830E1,1.591102938855E1,
2.212370791355E0));
#12269=CARTESIAN_POINT('',(-1.017480639196E1,1.589958600784E1,
2.459545110906E0));
#12270=(BOUNDED_SURFACE()B_SPLINE_SURFACE(3,3,((#12242,#12243,#12244,#12245),(
#12246,#12247,#12248,#12249),(#12250,#12251,#12252,#12253),(#12254,#12255,
#12256,#12257),(#12258,#12259,#12260,#12261),(#12262,#12263,#12264,#12265),(
#12266,#12267,#12268,#12269)),.UNSPECIFIED.,.F.,.F.,.F.)B_SPLINE_SURFACE_WITH_KNOTS((4,3,4),(4,4),(0.E0,1.E0,2.E0),(0.E0,1.E0),.UNSPECIFIED.)GEOMETRIC_REPRESENTATION_ITEM()RATIONAL_B_SPLINE_SURFACE(((1.456886437015E0,1.140462962784E0,
1.140462962784E0,1.456886437015E0),(1.107159720324E0,8.666939459624E-1,
8.666939459624E-1,1.107159720324E0),(1.107159720324E0,8.666939459624E-1,
8.666939459624E-1,1.107159720324E0),(1.456886437015E0,1.140462962784E0,
1.140462962784E0,1.456886437015E0),(1.107159720324E0,8.666939459624E-1,
8.666939459624E-1,1.107159720324E0),(1.107159720324E0,8.666939459624E-1,
8.666939459624E-1,1.107159720324E0),(1.456886437015E0,1.140462962784E0,
1.140462962784E0,1.456886437015E0)))REPRESENTATION_ITEM('')SURFACE());
#12271=ORIENTED_EDGE('',*,*,#12237,.F.);
#12272=ORIENTED_EDGE('',*,*,#12226,.F.);
#12274=ORIENTED_EDGE('',*,*,#12273,.T.);
#12275=ORIENTED_EDGE('',*,*,#12223,.T.);
#12276=EDGE_LOOP('',(#12271,#12272,#12274,#12275));
#12277=FACE_OUTER_BOUND('',#12276,.F.);
#12279=CARTESIAN_POINT('',(-1.016E1,4.1E0,2.54E0));
#12280=DIRECTION('',(0.E0,1.E0,0.E0));
#12281=DIRECTION('',(0.E0,0.E0,1.E0));
#12282=AXIS2_PLACEMENT_3D('',#12279,#12280,#12281);
#12283=CYLINDRICAL_SURFACE('',#12282,5.E-1);
#12284=ORIENTED_EDGE('',*,*,#12273,.F.);
#12285=ORIENTED_EDGE('',*,*,#12187,.T.);
#12287=ORIENTED_EDGE('',*,*,#12286,.F.);
#12288=ORIENTED_EDGE('',*,*,#12183,.F.);
#12289=EDGE_LOOP('',(#12284,#12285,#12287,#12288));
#12290=FACE_OUTER_BOUND('',#12289,.F.);
#12292=CARTESIAN_POINT('',(-1.016E1,4.1E0,2.54E0));
#12293=DIRECTION('',(0.E0,1.E0,0.E0));
#12294=DIRECTION('',(0.E0,0.E0,1.E0));
#12295=AXIS2_PLACEMENT_3D('',#12292,#12293,#12294);
#12296=PLANE('',#12295);
#12298=ORIENTED_EDGE('',*,*,#12297,.T.);
#12300=ORIENTED_EDGE('',*,*,#12299,.T.);
#12301=EDGE_LOOP('',(#12298,#12300));
#12302=FACE_OUTER_BOUND('',#12301,.F.);
#12303=ORIENTED_EDGE('',*,*,#12286,.T.);
#12304=ORIENTED_EDGE('',*,*,#12185,.T.);
#12305=EDGE_LOOP('',(#12303,#12304));
#12306=FACE_BOUND('',#12305,.F.);
#12308=CARTESIAN_POINT('',(-1.016E1,3.6E0,2.54E0));
#12309=DIRECTION('',(0.E0,1.E0,0.E0));
#12310=DIRECTION('',(0.E0,0.E0,1.E0));
#12311=AXIS2_PLACEMENT_3D('',#12308,#12309,#12310);
#12312=CYLINDRICAL_SURFACE('',#12311,1.E0);
#12314=ORIENTED_EDGE('',*,*,#12313,.F.);
#12316=ORIENTED_EDGE('',*,*,#12315,.F.);
#12317=ORIENTED_EDGE('',*,*,#12297,.F.);
#12319=ORIENTED_EDGE('',*,*,#12318,.T.);
#12320=EDGE_LOOP('',(#12314,#12316,#12317,#12319));
#12321=FACE_OUTER_BOUND('',#12320,.F.);
#12323=CARTESIAN_POINT('',(-1.016E1,3.6E0,2.54E0));
#12324=DIRECTION('',(0.E0,1.E0,0.E0));
#12325=DIRECTION('',(0.E0,0.E0,1.E0));
#12326=AXIS2_PLACEMENT_3D('',#12323,#12324,#12325);
#12327=PLANE('',#12326);
#12328=ORIENTED_EDGE('',*,*,#12313,.T.);
#12330=ORIENTED_EDGE('',*,*,#12329,.T.);
#12331=EDGE_LOOP('',(#12328,#12330));
#12332=FACE_OUTER_BOUND('',#12331,.F.);
#12334=ORIENTED_EDGE('',*,*,#12333,.T.);
#12336=ORIENTED_EDGE('',*,*,#12335,.T.);
#12337=EDGE_LOOP('',(#12334,#12336));
#12338=FACE_BOUND('',#12337,.F.);
#12340=CARTESIAN_POINT('',(-1.016E1,3.6E0,2.54E0));
#12341=DIRECTION('',(0.E0,1.E0,0.E0));
#12342=DIRECTION('',(0.E0,0.E0,1.E0));
#12343=AXIS2_PLACEMENT_3D('',#12340,#12341,#12342);
#12344=CYLINDRICAL_SURFACE('',#12343,1.E0);
#12345=ORIENTED_EDGE('',*,*,#12329,.F.);
#12346=ORIENTED_EDGE('',*,*,#12318,.F.);
#12347=ORIENTED_EDGE('',*,*,#12299,.F.);
#12348=ORIENTED_EDGE('',*,*,#12315,.T.);
#12349=EDGE_LOOP('',(#12345,#12346,#12347,#12348));
#12350=FACE_OUTER_BOUND('',#12349,.F.);
#12352=CARTESIAN_POINT('',(-1.016E1,3.6E0,2.54E0));
#12353=DIRECTION('',(0.E0,-1.E0,0.E0));
#12354=DIRECTION('',(-1.E0,0.E0,0.E0));
#12355=AXIS2_PLACEMENT_3D('',#12352,#12353,#12354);
#12356=CYLINDRICAL_SURFACE('',#12355,5.E-1);
#12358=ORIENTED_EDGE('',*,*,#12357,.F.);
#12360=ORIENTED_EDGE('',*,*,#12359,.T.);
#12361=ORIENTED_EDGE('',*,*,#12333,.F.);
#12363=ORIENTED_EDGE('',*,*,#12362,.F.);
#12364=EDGE_LOOP('',(#12358,#12360,#12361,#12363));
#12365=FACE_OUTER_BOUND('',#12364,.F.);
#12367=CARTESIAN_POINT('',(-1.065133479193E1,1.418193511236E0,
2.630423031256E0));
#12368=CARTESIAN_POINT('',(-1.066258885755E1,1.166868340970E0,
2.632494178554E0));
#12369=CARTESIAN_POINT('',(-1.048762909147E1,9.889706114676E-1,
2.600295375096E0));
#12370=CARTESIAN_POINT('',(-1.024045486034E1,1.000413992176E0,
2.554806548345E0));
#12371=CARTESIAN_POINT('',(-1.071229020098E1,1.418193511237E0,
2.299207490201E0));
#12372=CARTESIAN_POINT('',(-1.072494045547E1,1.166868340972E0,
2.293692117080E0));
#12373=CARTESIAN_POINT('',(-1.052827503312E1,9.889706114683E-1,
2.379436098333E0));
#12374=CARTESIAN_POINT('',(-1.025043615823E1,1.000413992176E0,
2.500570820416E0));
#12375=CARTESIAN_POINT('',(-1.049677830030E1,1.418193511236E0,
2.040414296325E0));
#12376=CARTESIAN_POINT('',(-1.050449223620E1,1.166868340970E0,
2.028971242869E0));
#12377=CARTESIAN_POINT('',(-1.038456860448E1,9.889706114674E-1,
2.206869082159E0));
#12378=CARTESIAN_POINT('',(-1.021514661604E1,1.000413992176E0,
2.458194073213E0));
#12379=CARTESIAN_POINT('',(-1.016000048552E1,1.418193511233E0,
2.040413969026E0));
#12380=CARTESIAN_POINT('',(-1.016000049665E1,1.166868340967E0,
2.028970908074E0));
#12381=CARTESIAN_POINT('',(-1.016000032376E1,9.889706114656E-1,
2.206868863912E0));
#12382=CARTESIAN_POINT('',(-1.016000007951E1,1.000413992175E0,
2.458194019618E0));
#12383=CARTESIAN_POINT('',(-9.823222670743E0,1.418193511231E0,
2.040413641728E0));
#12384=CARTESIAN_POINT('',(-9.815508757090E0,1.166868340964E0,
2.028970573278E0));
#12385=CARTESIAN_POINT('',(-9.935432043039E0,9.889706114637E-1,
2.206868645664E0));
#12386=CARTESIAN_POINT('',(-1.010485354297E1,1.000413992175E0,
2.458193966024E0));
#12387=CARTESIAN_POINT('',(-9.607710267052E0,1.418193511228E0,
2.299206416712E0));
#12388=CARTESIAN_POINT('',(-9.595060023281E0,1.166868340962E0,
2.293691019003E0));
#12389=CARTESIAN_POINT('',(-9.791725278975E0,9.889706114622E-1,
2.379435382516E0));
#12390=CARTESIAN_POINT('',(-1.006956391841E1,1.000413992174E0,
2.500570644635E0));
#12391=CARTESIAN_POINT('',(-9.668665032314E0,1.418193511228E0,
2.630422076246E0));
#12392=CARTESIAN_POINT('',(-9.657410962677E0,1.166868340962E0,
2.632493201669E0));
#12393=CARTESIAN_POINT('',(-9.832370791345E0,9.889706114622E-1,
2.600294738282E0));
#12394=CARTESIAN_POINT('',(-1.007954511089E1,1.000413992174E0,
2.554806391965E0));
#12395=(BOUNDED_SURFACE()B_SPLINE_SURFACE(3,3,((#12367,#12368,#12369,#12370),(
#12371,#12372,#12373,#12374),(#12375,#12376,#12377,#12378),(#12379,#12380,
#12381,#12382),(#12383,#12384,#12385,#12386),(#12387,#12388,#12389,#12390),(
#12391,#12392,#12393,#12394)),.UNSPECIFIED.,.F.,.F.,.F.)B_SPLINE_SURFACE_WITH_KNOTS((4,3,4),(4,4),(0.E0,1.E0,2.E0),(0.E0,1.E0),.UNSPECIFIED.)GEOMETRIC_REPRESENTATION_ITEM()RATIONAL_B_SPLINE_SURFACE(((1.456886436997E0,1.140462962767E0,
1.140462962767E0,1.456886436997E0),(1.107159720333E0,8.666939459672E-1,
8.666939459672E-1,1.107159720333E0),(1.107159720333E0,8.666939459672E-1,
8.666939459672E-1,1.107159720333E0),(1.456886436997E0,1.140462962767E0,
1.140462962767E0,1.456886436997E0),(1.107159720333E0,8.666939459672E-1,
8.666939459672E-1,1.107159720333E0),(1.107159720333E0,8.666939459672E-1,
8.666939459672E-1,1.107159720333E0),(1.456886436997E0,1.140462962767E0,
1.140462962767E0,1.456886436997E0)))REPRESENTATION_ITEM('')SURFACE());
#12397=ORIENTED_EDGE('',*,*,#12396,.F.);
#12399=ORIENTED_EDGE('',*,*,#12398,.F.);
#12400=ORIENTED_EDGE('',*,*,#12357,.T.);
#12402=ORIENTED_EDGE('',*,*,#12401,.T.);
#12403=EDGE_LOOP('',(#12397,#12399,#12400,#12402));
#12404=FACE_OUTER_BOUND('',#12403,.F.);
#12406=CARTESIAN_POINT('',(-1.016E1,1.E0,2.54E0));
#12407=DIRECTION('',(0.E0,-1.E0,0.E0));
#12408=DIRECTION('',(-1.E0,0.E0,0.E0));
#12409=AXIS2_PLACEMENT_3D('',#12406,#12407,#12408);
#12410=PLANE('',#12409);
#12412=ORIENTED_EDGE('',*,*,#12411,.T.);
#12413=ORIENTED_EDGE('',*,*,#12396,.T.);
#12414=EDGE_LOOP('',(#12412,#12413));
#12415=FACE_OUTER_BOUND('',#12414,.F.);
#12417=CARTESIAN_POINT('',(-9.668665208070E0,1.418193511237E0,
2.449576968743E0));
#12418=CARTESIAN_POINT('',(-9.657411142454E0,1.166868340971E0,
2.447505821446E0));
#12419=CARTESIAN_POINT('',(-9.832370908534E0,9.889706114681E-1,
2.479704624904E0));
#12420=CARTESIAN_POINT('',(-1.007954513966E1,1.000413992176E0,
2.525193451655E0));
#12421=CARTESIAN_POINT('',(-9.607709799022E0,1.418193511239E0,
2.780792509799E0));
#12422=CARTESIAN_POINT('',(-9.595059544526E0,1.166868340973E0,
2.786307882920E0));
#12423=CARTESIAN_POINT('',(-9.791724966879E0,9.889706114693E-1,
2.700563901667E0));
#12424=CARTESIAN_POINT('',(-1.006956384177E1,1.000413992176E0,
2.579429179584E0));
#12425=CARTESIAN_POINT('',(-9.823221699696E0,1.418193511238E0,
3.039585703675E0));
#12426=CARTESIAN_POINT('',(-9.815507763797E0,1.166868340972E0,
3.051028757131E0));
#12427=CARTESIAN_POINT('',(-9.935431395523E0,9.889706114684E-1,
2.873130917841E0));
#12428=CARTESIAN_POINT('',(-1.010485338396E1,1.000413992176E0,
2.621805926787E0));
#12429=CARTESIAN_POINT('',(-1.015999951448E1,1.418193511234E0,
3.039586030973E0));
#12430=CARTESIAN_POINT('',(-1.015999950335E1,1.166868340968E0,
3.051029091926E0));
#12431=CARTESIAN_POINT('',(-1.015999967624E1,9.889706114660E-1,
2.873131136089E0));
#12432=CARTESIAN_POINT('',(-1.015999992049E1,1.000413992175E0,
2.621805980382E0));
#12433=CARTESIAN_POINT('',(-1.049677732926E1,1.418193511231E0,
3.039586358271E0));
#12434=CARTESIAN_POINT('',(-1.050449124291E1,1.166868340964E0,
3.051029426721E0));
#12435=CARTESIAN_POINT('',(-1.038456795696E1,9.889706114636E-1,
2.873131354336E0));
#12436=CARTESIAN_POINT('',(-1.021514645703E1,1.000413992175E0,
2.621806033976E0));
#12437=CARTESIAN_POINT('',(-1.071228973295E1,1.418193511227E0,
2.780793583287E0));
#12438=CARTESIAN_POINT('',(-1.072493997672E1,1.166868340961E0,
2.786308980997E0));
#12439=CARTESIAN_POINT('',(-1.052827472102E1,9.889706114615E-1,
2.700564617484E0));
#12440=CARTESIAN_POINT('',(-1.025043608159E1,1.000413992174E0,
2.579429355365E0));
#12441=CARTESIAN_POINT('',(-1.065133496769E1,1.418193511227E0,
2.449577923753E0));
#12442=CARTESIAN_POINT('',(-1.066258903732E1,1.166868340961E0,
2.447506798331E0));
#12443=CARTESIAN_POINT('',(-1.048762920866E1,9.889706114611E-1,
2.479705261718E0));
#12444=CARTESIAN_POINT('',(-1.024045488911E1,1.000413992174E0,
2.525193608035E0));
#12445=(BOUNDED_SURFACE()B_SPLINE_SURFACE(3,3,((#12417,#12418,#12419,#12420),(
#12421,#12422,#12423,#12424),(#12425,#12426,#12427,#12428),(#12429,#12430,
#12431,#12432),(#12433,#12434,#12435,#12436),(#12437,#12438,#12439,#12440),(
#12441,#12442,#12443,#12444)),.UNSPECIFIED.,.F.,.F.,.F.)B_SPLINE_SURFACE_WITH_KNOTS((4,3,4),(4,4),(0.E0,1.E0,2.E0),(0.E0,1.E0),.UNSPECIFIED.)GEOMETRIC_REPRESENTATION_ITEM()RATIONAL_B_SPLINE_SURFACE(((1.456886436997E0,1.140462962767E0,
1.140462962767E0,1.456886436997E0),(1.107159720333E0,8.666939459671E-1,
8.666939459671E-1,1.107159720333E0),(1.107159720333E0,8.666939459671E-1,
8.666939459671E-1,1.107159720333E0),(1.456886436997E0,1.140462962767E0,
1.140462962767E0,1.456886436997E0),(1.107159720333E0,8.666939459671E-1,
8.666939459671E-1,1.107159720333E0),(1.107159720333E0,8.666939459671E-1,
8.666939459671E-1,1.107159720333E0),(1.456886436997E0,1.140462962767E0,
1.140462962767E0,1.456886436997E0)))REPRESENTATION_ITEM('')SURFACE());
#12446=ORIENTED_EDGE('',*,*,#12411,.F.);
#12447=ORIENTED_EDGE('',*,*,#12401,.F.);
#12449=ORIENTED_EDGE('',*,*,#12448,.T.);
#12450=ORIENTED_EDGE('',*,*,#12398,.T.);
#12451=EDGE_LOOP('',(#12446,#12447,#12449,#12450));
#12452=FACE_OUTER_BOUND('',#12451,.F.);
#12454=CARTESIAN_POINT('',(-1.016E1,3.6E0,2.54E0));
#12455=DIRECTION('',(0.E0,-1.E0,0.E0));
#12456=DIRECTION('',(-1.E0,0.E0,0.E0));
#12457=AXIS2_PLACEMENT_3D('',#12454,#12455,#12456);
#12458=CYLINDRICAL_SURFACE('',#12457,5.E-1);
#12459=ORIENTED_EDGE('',*,*,#12448,.F.);
#12460=ORIENTED_EDGE('',*,*,#12362,.T.);
#12461=ORIENTED_EDGE('',*,*,#12335,.F.);
#12462=ORIENTED_EDGE('',*,*,#12359,.F.);
#12463=EDGE_LOOP('',(#12459,#12460,#12461,#12462));
#12464=FACE_OUTER_BOUND('',#12463,.F.);
#12466=CLOSED_SHELL('',(#12191,#12230,#12241,#12278,#12291,#12307,#12322,#12339,
#12351,#12366,#12405,#12416,#12453,#12465));
#12467=MANIFOLD_SOLID_BREP('',#12466);
#12468=FILL_AREA_STYLE_COLOUR('',#59);
#12469=FILL_AREA_STYLE('',(#12468));
#12470=SURFACE_STYLE_FILL_AREA(#12469);
#12471=SURFACE_SIDE_STYLE('',(#12470));
#12472=SURFACE_STYLE_USAGE(.BOTH.,#12471);
#12473=PRESENTATION_STYLE_ASSIGNMENT((#12472));
#11941=STYLED_ITEM('',(#12473),#12467);
#12476=PLANE_ANGLE_MEASURE_WITH_UNIT(PLANE_ANGLE_MEASURE(1.745329251994E-2),
#12475);
#12477=(CONVERSION_BASED_UNIT('DEGREE',#12476)NAMED_UNIT(*)PLANE_ANGLE_UNIT());
#12479=UNCERTAINTY_MEASURE_WITH_UNIT(LENGTH_MEASURE(1.516588510976E-3),#12474,
'distance_accuracy_value',
'Maximum model space distance between geometric entities at asserted connectivities');
#12481=CARTESIAN_POINT('',(0.E0,0.E0,0.E0));
#12482=DIRECTION('',(0.E0,0.E0,1.E0));
#12483=DIRECTION('',(1.E0,0.E0,0.E0));
#12486=PRODUCT_CONTEXT('',#9397,'mechanical');
#12487=PRODUCT('MANIFOLD_SOLID_BREP_10849','MANIFOLD_SOLID_BREP_10849',
'NOT SPECIFIED',(#12486));
#12488=PRODUCT_DEFINITION_FORMATION('1','LAST_VERSION',#12487);
#12496=DERIVED_UNIT_ELEMENT(#12495,2.E0);
#12497=DERIVED_UNIT((#12496));
#12498=MEASURE_REPRESENTATION_ITEM('surface area measure',AREA_MEASURE(
5.344265775123E1),#12497);
#12503=DERIVED_UNIT_ELEMENT(#12502,3.E0);
#12504=DERIVED_UNIT((#12503));
#12505=MEASURE_REPRESENTATION_ITEM('volume measure',VOLUME_MEASURE(
1.270333536208E1),#12504);
#12509=CARTESIAN_POINT('centre point',(-1.015999999997E1,8.023399650383E0,
2.54E0));
#12514=DERIVED_UNIT_ELEMENT(#12513,2.E0);
#12515=DERIVED_UNIT((#12514));
#12516=MEASURE_REPRESENTATION_ITEM('surface area measure',AREA_MEASURE(
5.344265775123E1),#12515);
#12521=DERIVED_UNIT_ELEMENT(#12520,3.E0);
#12522=DERIVED_UNIT((#12521));
#12523=MEASURE_REPRESENTATION_ITEM('volume measure',VOLUME_MEASURE(
1.270333536208E1),#12522);
#12527=CARTESIAN_POINT('centre point',(-1.015999999997E1,8.023399650383E0,
2.54E0));
#12533=GENERAL_PROPERTY('','DESCRIPTION','user defined attribute');
#12534=GENERAL_PROPERTY_ASSOCIATION('user defined attribute','',#12533,#12532);
#12535=DESCRIPTIVE_REPRESENTATION_ITEM('DESCRIPTION','');
#12539=GENERAL_PROPERTY('','MODELED_BY','user defined attribute');
#12540=GENERAL_PROPERTY_ASSOCIATION('user defined attribute','',#12539,#12538);
#12541=DESCRIPTIVE_REPRESENTATION_ITEM('MODELED_BY','');
#12546=CARTESIAN_POINT('centre point',(-1.015999999997E1,8.023399650383E0,
2.54E0));
#12550=CARTESIAN_POINT('',(0.E0,0.E0,0.E0));
#12551=DIRECTION('',(0.E0,0.E0,1.E0));
#12552=DIRECTION('',(1.E0,0.E0,0.E0));
#12553=AXIS2_PLACEMENT_3D('',#12550,#12551,#12552);
#12554=ITEM_DEFINED_TRANSFORMATION('','',#12484,#12553);
#12555=(REPRESENTATION_RELATIONSHIP('','',#12485,#9460)REPRESENTATION_RELATIONSHIP_WITH_TRANSFORMATION(#12554)SHAPE_REPRESENTATION_RELATIONSHIP());
#12556=CONTEXT_DEPENDENT_SHAPE_REPRESENTATION(#12555,#12545);
#12558=DIRECTION('',(1.944118939910E-8,-1.E0,1.183458789058E-13));
#12559=VECTOR('',#12558,1.139999999999E1);
#12560=CARTESIAN_POINT('',(-1.016000022163E1,1.549999999999E1,
-2.040000000001E0));
#12561=LINE('',#12560,#12559);
#12562=CURVE_STYLE('',#9479,POSITIVE_LENGTH_MEASURE(2.E-2),#59);
#12563=PRESENTATION_STYLE_ASSIGNMENT((#12562));
#12564=STYLED_ITEM('',(#12563),#12561);
#12565=CARTESIAN_POINT('',(-1.016E1,1.549999999999E1,-2.54E0));
#12566=DIRECTION('',(1.178626734482E-11,-1.E0,-9.949446459916E-13));
#12567=DIRECTION('',(-1.993072373809E-12,-9.947598300650E-13,1.E0));
#12568=AXIS2_PLACEMENT_3D('',#12565,#12566,#12567);
#12570=CURVE_STYLE('',#9479,POSITIVE_LENGTH_MEASURE(2.E-2),#59);
#12571=PRESENTATION_STYLE_ASSIGNMENT((#12570));
#12572=STYLED_ITEM('',(#12571),#12569);
#12573=CARTESIAN_POINT('',(-1.016000017738E1,1.549999999999E1,
-2.639999999977E0));
#12574=DIRECTION('',(9.999999999984E-1,1.178626810218E-11,-1.773801389826E-6));
#12575=DIRECTION('',(-1.773801390115E-6,9.947598300080E-13,-9.999999999984E-1));
#12576=AXIS2_PLACEMENT_3D('',#12573,#12574,#12575);
#12578=CURVE_STYLE('',#9479,POSITIVE_LENGTH_MEASURE(2.E-2),#59);
#12579=PRESENTATION_STYLE_ASSIGNMENT((#12578));
#12580=STYLED_ITEM('',(#12579),#12577);
#12581=CARTESIAN_POINT('',(-1.016E1,1.590000000001E1,-2.54E0));
#12582=DIRECTION('',(1.178626734482E-11,-1.E0,-9.949446459916E-13));
#12583=DIRECTION('',(3.803123044186E-11,-9.947449344904E-13,1.E0));
#12584=AXIS2_PLACEMENT_3D('',#12581,#12582,#12583);
#12586=CURVE_STYLE('',#9479,POSITIVE_LENGTH_MEASURE(2.E-2),#59);
#12587=PRESENTATION_STYLE_ASSIGNMENT((#12586));
#12588=STYLED_ITEM('',(#12587),#12585);
#12589=CARTESIAN_POINT('',(-1.016E1,1.590000000001E1,-2.54E0));
#12590=DIRECTION('',(-8.733403003704E-12,-1.E0,-2.030282343850E-13));
#12591=DIRECTION('',(-3.629042680649E-11,1.953963264177E-13,-1.E0));
#12592=AXIS2_PLACEMENT_3D('',#12589,#12590,#12591);
#12594=CURVE_STYLE('',#9479,POSITIVE_LENGTH_MEASURE(2.E-2),#59);
#12595=PRESENTATION_STYLE_ASSIGNMENT((#12594));
#12596=STYLED_ITEM('',(#12595),#12593);
#12597=CARTESIAN_POINT('',(-1.016E1,1.549999999999E1,-2.54E0));
#12598=DIRECTION('',(-8.733403003704E-12,-1.E0,-2.030282343850E-13));
#12599=DIRECTION('',(-2.216625425435E-7,2.025046796918E-13,-1.E0));
#12600=AXIS2_PLACEMENT_3D('',#12597,#12598,#12599);
#12602=CURVE_STYLE('',#9479,POSITIVE_LENGTH_MEASURE(2.E-2),#59);
#12603=PRESENTATION_STYLE_ASSIGNMENT((#12602));
#12604=STYLED_ITEM('',(#12603),#12601);
#12605=CARTESIAN_POINT('',(-1.015999982263E1,1.549999999999E1,
-2.440000000024E0));
#12606=DIRECTION('',(-9.999999999984E-1,8.733404057578E-12,1.773701860774E-6));
#12607=DIRECTION('',(1.773701860839E-6,-2.042810365193E-13,9.999999999984E-1));
#12608=AXIS2_PLACEMENT_3D('',#12605,#12606,#12607);
#12610=CURVE_STYLE('',#9479,POSITIVE_LENGTH_MEASURE(2.E-2),#59);
#12611=PRESENTATION_STYLE_ASSIGNMENT((#12610));
#12612=STYLED_ITEM('',(#12611),#12609);
#12613=DIRECTION('',(-2.106046097752E-8,-1.E0,-9.719320864710E-14));
#12614=VECTOR('',#12613,1.139999999999E1);
#12615=CARTESIAN_POINT('',(-1.015999983380E1,1.549999999999E1,
-3.039999999999E0));
#12616=LINE('',#12615,#12614);
#12617=CURVE_STYLE('',#9479,POSITIVE_LENGTH_MEASURE(2.E-2),#59);
#12618=PRESENTATION_STYLE_ASSIGNMENT((#12617));
#12619=STYLED_ITEM('',(#12618),#12616);
#12620=CARTESIAN_POINT('',(-1.016E1,4.1E0,-2.54E0));
#12621=DIRECTION('',(0.E0,-1.E0,0.E0));
#12622=DIRECTION('',(0.E0,0.E0,-1.E0));
#12623=AXIS2_PLACEMENT_3D('',#12620,#12621,#12622);
#12625=CURVE_STYLE('',#9479,POSITIVE_LENGTH_MEASURE(2.E-2),#59);
#12626=PRESENTATION_STYLE_ASSIGNMENT((#12625));
#12627=STYLED_ITEM('',(#12626),#12624);
#12628=CARTESIAN_POINT('',(-1.016E1,4.1E0,-2.54E0));
#12629=DIRECTION('',(0.E0,-1.E0,0.E0));
#12630=DIRECTION('',(0.E0,0.E0,1.E0));
#12631=AXIS2_PLACEMENT_3D('',#12628,#12629,#12630);
#12633=CURVE_STYLE('',#9479,POSITIVE_LENGTH_MEASURE(2.E-2),#59);
#12634=PRESENTATION_STYLE_ASSIGNMENT((#12633));
#12635=STYLED_ITEM('',(#12634),#12632);
#12636=CARTESIAN_POINT('',(-1.016E1,4.1E0,-2.54E0));
#12637=DIRECTION('',(0.E0,1.E0,0.E0));
#12638=DIRECTION('',(0.E0,0.E0,1.E0));
#12639=AXIS2_PLACEMENT_3D('',#12636,#12637,#12638);
#12641=CURVE_STYLE('',#9479,POSITIVE_LENGTH_MEASURE(2.E-2),#59);
#12642=PRESENTATION_STYLE_ASSIGNMENT((#12641));
#12643=STYLED_ITEM('',(#12642),#12640);
#12644=CARTESIAN_POINT('',(-1.016E1,4.1E0,-2.54E0));
#12645=DIRECTION('',(0.E0,1.E0,0.E0));
#12646=DIRECTION('',(0.E0,0.E0,-1.E0));
#12647=AXIS2_PLACEMENT_3D('',#12644,#12645,#12646);
#12649=CURVE_STYLE('',#9479,POSITIVE_LENGTH_MEASURE(2.E-2),#59);
#12650=PRESENTATION_STYLE_ASSIGNMENT((#12649));
#12651=STYLED_ITEM('',(#12650),#12648);
#12652=DIRECTION('',(0.E0,-1.E0,0.E0));
#12653=VECTOR('',#12652,5.E-1);
#12654=CARTESIAN_POINT('',(-1.016E1,4.1E0,-3.54E0));
#12655=LINE('',#12654,#12653);
#12656=CURVE_STYLE('',#9479,POSITIVE_LENGTH_MEASURE(2.E-2),#59);
#12657=PRESENTATION_STYLE_ASSIGNMENT((#12656));
#12658=STYLED_ITEM('',(#12657),#12655);
#12659=CARTESIAN_POINT('',(-1.016E1,3.6E0,-2.54E0));
#12660=DIRECTION('',(0.E0,1.E0,0.E0));
#12661=DIRECTION('',(0.E0,0.E0,1.E0));
#12662=AXIS2_PLACEMENT_3D('',#12659,#12660,#12661);
#12664=CURVE_STYLE('',#9479,POSITIVE_LENGTH_MEASURE(2.E-2),#59);
#12665=PRESENTATION_STYLE_ASSIGNMENT((#12664));
#12666=STYLED_ITEM('',(#12665),#12663);
#12667=CARTESIAN_POINT('',(-1.016E1,3.6E0,-2.54E0));
#12668=DIRECTION('',(0.E0,1.E0,0.E0));
#12669=DIRECTION('',(0.E0,0.E0,-1.E0));
#12670=AXIS2_PLACEMENT_3D('',#12667,#12668,#12669);
#12672=CURVE_STYLE('',#9479,POSITIVE_LENGTH_MEASURE(2.E-2),#59);
#12673=PRESENTATION_STYLE_ASSIGNMENT((#12672));
#12674=STYLED_ITEM('',(#12673),#12671);
#12675=CARTESIAN_POINT('',(-1.016E1,3.6E0,-2.54E0));
#12676=DIRECTION('',(0.E0,-1.E0,0.E0));
#12677=DIRECTION('',(-1.E0,0.E0,0.E0));
#12678=AXIS2_PLACEMENT_3D('',#12675,#12676,#12677);
#12680=CURVE_STYLE('',#9479,POSITIVE_LENGTH_MEASURE(2.E-2),#59);
#12681=PRESENTATION_STYLE_ASSIGNMENT((#12680));
#12682=STYLED_ITEM('',(#12681),#12679);
#12683=CARTESIAN_POINT('',(-1.016E1,3.6E0,-2.54E0));
#12684=DIRECTION('',(0.E0,-1.E0,0.E0));
#12685=DIRECTION('',(1.E0,0.E0,0.E0));
#12686=AXIS2_PLACEMENT_3D('',#12683,#12684,#12685);
#12688=CURVE_STYLE('',#9479,POSITIVE_LENGTH_MEASURE(2.E-2),#59);
#12689=PRESENTATION_STYLE_ASSIGNMENT((#12688));
#12690=STYLED_ITEM('',(#12689),#12687);
#12691=DIRECTION('',(0.E0,-1.E0,0.E0));
#12692=VECTOR('',#12691,5.E-1);
#12693=CARTESIAN_POINT('',(-1.016E1,4.1E0,-1.54E0));
#12694=LINE('',#12693,#12692);
#12695=CURVE_STYLE('',#9479,POSITIVE_LENGTH_MEASURE(2.E-2),#59);
#12696=PRESENTATION_STYLE_ASSIGNMENT((#12695));
#12697=STYLED_ITEM('',(#12696),#12694);
#12698=DIRECTION('',(5.740862330972E-13,1.E0,1.091308859442E-7));
#12699=VECTOR('',#12698,2.2E0);
#12700=CARTESIAN_POINT('',(-9.660000000001E0,1.4E0,-2.540000166202E0));
#12701=LINE('',#12700,#12699);
#12702=CURVE_STYLE('',#9479,POSITIVE_LENGTH_MEASURE(2.E-2),#59);
#12703=PRESENTATION_STYLE_ASSIGNMENT((#12702));
#12704=STYLED_ITEM('',(#12703),#12701);
#12705=CARTESIAN_POINT('',(-1.016E1,1.4E0,-2.540000000001E0));
#12706=DIRECTION('',(8.265693982460E-12,1.E0,1.629540750400E-12));
#12707=DIRECTION('',(1.E0,-8.265832462943E-12,2.216593584238E-7));
#12708=AXIS2_PLACEMENT_3D('',#12705,#12706,#12707);
#12710=CURVE_STYLE('',#9479,POSITIVE_LENGTH_MEASURE(2.E-2),#59);
#12711=PRESENTATION_STYLE_ASSIGNMENT((#12710));
#12712=STYLED_ITEM('',(#12711),#12709);
#12713=CARTESIAN_POINT('',(-1.026E1,1.400000000001E0,-2.540000177371E0));
#12714=DIRECTION('',(-1.773701199859E-6,-1.629526078505E-12,9.999999999984E-1));
#12715=DIRECTION('',(-9.999999999984E-1,8.265610418341E-12,-1.773701200360E-6));
#12716=AXIS2_PLACEMENT_3D('',#12713,#12714,#12715);
#12718=CURVE_STYLE('',#9479,POSITIVE_LENGTH_MEASURE(2.E-2),#59);
#12719=PRESENTATION_STYLE_ASSIGNMENT((#12718));
#12720=STYLED_ITEM('',(#12719),#12717);
#12721=CARTESIAN_POINT('',(-1.016E1,1.000000000003E0,-2.539999999999E0));
#12722=DIRECTION('',(-1.065951379322E-11,1.E0,-3.624744917720E-12));
#12723=DIRECTION('',(-1.E0,-1.066020185142E-11,-1.282954515674E-11));
#12724=AXIS2_PLACEMENT_3D('',#12721,#12722,#12723);
#12726=CURVE_STYLE('',#9479,POSITIVE_LENGTH_MEASURE(2.E-2),#59);
#12727=PRESENTATION_STYLE_ASSIGNMENT((#12726));
#12728=STYLED_ITEM('',(#12727),#12725);
#12729=CARTESIAN_POINT('',(-1.016E1,1.000000000003E0,-2.540000000001E0));
#12730=DIRECTION('',(8.265693982460E-12,1.E0,1.629540750400E-12));
#12731=DIRECTION('',(1.E0,-8.266596853330E-12,1.281622267994E-11));
#12732=AXIS2_PLACEMENT_3D('',#12729,#12730,#12731);
#12734=CURVE_STYLE('',#9479,POSITIVE_LENGTH_MEASURE(2.E-2),#59);
#12735=PRESENTATION_STYLE_ASSIGNMENT((#12734));
#12736=STYLED_ITEM('',(#12735),#12733);
#12737=CARTESIAN_POINT('',(-1.016E1,1.4E0,-2.54E0));
#12738=DIRECTION('',(-1.065951379322E-11,1.E0,-3.624744917720E-12));
#12739=DIRECTION('',(-1.E0,-1.065947330403E-11,3.286260152890E-13));
#12740=AXIS2_PLACEMENT_3D('',#12737,#12738,#12739);
#12742=CURVE_STYLE('',#9479,POSITIVE_LENGTH_MEASURE(2.E-2),#59);
#12743=PRESENTATION_STYLE_ASSIGNMENT((#12742));
#12744=STYLED_ITEM('',(#12743),#12741);
#12745=CARTESIAN_POINT('',(-1.006E1,1.400000000001E0,-2.539999822620E0));
#12746=DIRECTION('',(1.773799886140E-6,-3.624724945310E-12,-9.999999999984E-1));
#12747=DIRECTION('',(9.999999999984E-1,1.065925125944E-11,1.773799885864E-6));
#12748=AXIS2_PLACEMENT_3D('',#12745,#12746,#12747);
#12750=CURVE_STYLE('',#9479,POSITIVE_LENGTH_MEASURE(2.E-2),#59);
#12751=PRESENTATION_STYLE_ASSIGNMENT((#12750));
#12752=STYLED_ITEM('',(#12751),#12749);
#12753=DIRECTION('',(-3.568862377340E-13,1.E0,-1.007402623947E-7));
#12754=VECTOR('',#12753,2.2E0);
#12755=CARTESIAN_POINT('',(-1.066E1,1.4E0,-2.539999778371E0));
#12756=LINE('',#12755,#12754);
#12757=CURVE_STYLE('',#9479,POSITIVE_LENGTH_MEASURE(2.E-2),#59);
#12758=PRESENTATION_STYLE_ASSIGNMENT((#12757));
#12759=STYLED_ITEM('',(#12758),#12756);
#12760=CARTESIAN_POINT('',(-1.016E1,1.549999999999E1,-2.040000000001E0));
#12761=CARTESIAN_POINT('',(-1.016000011083E1,1.549999999999E1,-3.04E0));
#12762=VERTEX_POINT('',#12760);
#12763=VERTEX_POINT('',#12761);
#12764=CARTESIAN_POINT('',(-1.016E1,4.1E0,-2.04E0));
#12765=VERTEX_POINT('',#12764);
#12766=CARTESIAN_POINT('',(-1.016E1,4.1E0,-3.04E0));
#12767=VERTEX_POINT('',#12766);
#12768=CARTESIAN_POINT('',(-1.016E1,1.590000000001E1,-2.439998502573E0));
#12769=CARTESIAN_POINT('',(-1.016E1,1.590000000001E1,-2.640001497426E0));
#12770=VERTEX_POINT('',#12768);
#12771=VERTEX_POINT('',#12769);
#12772=CARTESIAN_POINT('',(-1.016E1,4.1E0,-3.54E0));
#12773=CARTESIAN_POINT('',(-1.016E1,4.1E0,-1.54E0));
#12774=VERTEX_POINT('',#12772);
#12775=VERTEX_POINT('',#12773);
#12776=CARTESIAN_POINT('',(-1.016E1,3.6E0,-1.54E0));
#12777=CARTESIAN_POINT('',(-1.016E1,3.6E0,-3.54E0));
#12778=VERTEX_POINT('',#12776);
#12779=VERTEX_POINT('',#12777);
#12780=CARTESIAN_POINT('',(-1.066E1,3.6E0,-2.54E0));
#12781=CARTESIAN_POINT('',(-9.66E0,3.6E0,-2.54E0));
#12782=VERTEX_POINT('',#12780);
#12783=VERTEX_POINT('',#12781);
#12784=CARTESIAN_POINT('',(-9.66E0,1.399999999996E0,-2.539999889171E0));
#12785=CARTESIAN_POINT('',(-1.066E1,1.400000000004E0,-2.54E0));
#12786=VERTEX_POINT('',#12784);
#12787=VERTEX_POINT('',#12785);
#12788=CARTESIAN_POINT('',(-1.005999850255E1,1.000000000003E0,-2.54E0));
#12789=CARTESIAN_POINT('',(-1.026000149745E1,1.000000000004E0,-2.54E0));
#12790=VERTEX_POINT('',#12788);
#12791=VERTEX_POINT('',#12789);
#12792=CARTESIAN_POINT('',(-1.016E1,4.1E0,-2.54E0));
#12793=DIRECTION('',(0.E0,1.E0,0.E0));
#12794=DIRECTION('',(0.E0,0.E0,1.E0));
#12795=AXIS2_PLACEMENT_3D('',#12792,#12793,#12794);
#12796=CYLINDRICAL_SURFACE('',#12795,5.E-1);
#12798=ORIENTED_EDGE('',*,*,#12797,.F.);
#12800=ORIENTED_EDGE('',*,*,#12799,.T.);
#12802=ORIENTED_EDGE('',*,*,#12801,.F.);
#12804=ORIENTED_EDGE('',*,*,#12803,.F.);
#12805=EDGE_LOOP('',(#12798,#12800,#12802,#12804));
#12806=FACE_OUTER_BOUND('',#12805,.F.);
#12808=CARTESIAN_POINT('',(-1.006957696872E1,1.548180648876E1,
-3.031334791926E0));
#12809=CARTESIAN_POINT('',(-1.006750582142E1,1.573313165904E1,
-3.042588857539E0));
#12810=CARTESIAN_POINT('',(-1.009970462489E1,1.591102938855E1,
-2.867629091450E0));
#12811=CARTESIAN_POINT('',(-1.014519345166E1,1.589958600784E1,
-2.620454860315E0));
#12812=CARTESIAN_POINT('',(-1.040079250978E1,1.548180648875E1,
-3.092290200995E0));
#12813=CARTESIAN_POINT('',(-1.040630788290E1,1.573313165903E1,
-3.104940455488E0));
#12814=CARTESIAN_POINT('',(-1.032056390165E1,1.591102938854E1,
-2.908275033118E0));
#12815=CARTESIAN_POINT('',(-1.019942917957E1,1.589958600784E1,
-2.630436158205E0));
#12816=CARTESIAN_POINT('',(-1.065958570367E1,1.548180648875E1,
-2.876778300318E0));
#12817=CARTESIAN_POINT('',(-1.067102875713E1,1.573313165903E1,
-2.884492236214E0));
#12818=CARTESIAN_POINT('',(-1.049313091784E1,1.591102938854E1,
-2.764568604475E0));
#12819=CARTESIAN_POINT('',(-1.024180592677E1,1.589958600784E1,
-2.595146616023E0));
#12820=CARTESIAN_POINT('',(-1.065958603097E1,1.548180648875E1,
-2.540000485522E0));
#12821=CARTESIAN_POINT('',(-1.067102909193E1,1.573313165903E1,
-2.540000496642E0));
#12822=CARTESIAN_POINT('',(-1.049313113608E1,1.591102938854E1,
-2.540000323752E0));
#12823=CARTESIAN_POINT('',(-1.024180598036E1,1.589958600784E1,
-2.540000079503E0));
#12824=CARTESIAN_POINT('',(-1.065958635827E1,1.548180648875E1,
-2.203222670726E0));
#12825=CARTESIAN_POINT('',(-1.067102942672E1,1.573313165903E1,
-2.195508757070E0));
#12826=CARTESIAN_POINT('',(-1.049313135433E1,1.591102938854E1,
-2.315432043030E0));
#12827=CARTESIAN_POINT('',(-1.024180603396E1,1.589958600784E1,
-2.484853542983E0));
#12828=CARTESIAN_POINT('',(-1.040079358326E1,1.548180648875E1,
-1.987710267034E0));
#12829=CARTESIAN_POINT('',(-1.040630898098E1,1.573313165903E1,
-1.975060023260E0));
#12830=CARTESIAN_POINT('',(-1.032056461747E1,1.591102938854E1,
-2.171725278970E0));
#12831=CARTESIAN_POINT('',(-1.019942935535E1,1.589958600784E1,
-2.449563918433E0));
#12832=CARTESIAN_POINT('',(-1.006957792372E1,1.548180648876E1,
-2.048665032321E0));
#12833=CARTESIAN_POINT('',(-1.006750679830E1,1.573313165904E1,
-2.037410962682E0));
#12834=CARTESIAN_POINT('',(-1.009970526170E1,1.591102938855E1,
-2.212370791355E0));
#12835=CARTESIAN_POINT('',(-1.014519360804E1,1.589958600784E1,
-2.459545110906E0));
#12836=(BOUNDED_SURFACE()B_SPLINE_SURFACE(3,3,((#12808,#12809,#12810,#12811),(
#12812,#12813,#12814,#12815),(#12816,#12817,#12818,#12819),(#12820,#12821,
#12822,#12823),(#12824,#12825,#12826,#12827),(#12828,#12829,#12830,#12831),(
#12832,#12833,#12834,#12835)),.UNSPECIFIED.,.F.,.F.,.F.)B_SPLINE_SURFACE_WITH_KNOTS((4,3,4),(4,4),(0.E0,1.E0,2.E0),(0.E0,1.E0),.UNSPECIFIED.)GEOMETRIC_REPRESENTATION_ITEM()RATIONAL_B_SPLINE_SURFACE(((1.456886437015E0,1.140462962783E0,
1.140462962783E0,1.456886437015E0),(1.107159720324E0,8.666939459623E-1,
8.666939459623E-1,1.107159720324E0),(1.107159720325E0,8.666939459623E-1,
8.666939459623E-1,1.107159720325E0),(1.456886437015E0,1.140462962783E0,
1.140462962783E0,1.456886437015E0),(1.107159720325E0,8.666939459623E-1,
8.666939459623E-1,1.107159720325E0),(1.107159720324E0,8.666939459623E-1,
8.666939459623E-1,1.107159720324E0),(1.456886437015E0,1.140462962783E0,
1.140462962783E0,1.456886437015E0)))REPRESENTATION_ITEM('')SURFACE());
#12838=ORIENTED_EDGE('',*,*,#12837,.F.);
#12840=ORIENTED_EDGE('',*,*,#12839,.F.);
#12841=ORIENTED_EDGE('',*,*,#12797,.T.);
#12843=ORIENTED_EDGE('',*,*,#12842,.T.);
#12844=EDGE_LOOP('',(#12838,#12840,#12841,#12843));
#12845=FACE_OUTER_BOUND('',#12844,.F.);
#12847=CARTESIAN_POINT('',(-1.016E1,1.59E1,-2.54E0));
#12848=DIRECTION('',(0.E0,1.E0,0.E0));
#12849=DIRECTION('',(0.E0,0.E0,1.E0));
#12850=AXIS2_PLACEMENT_3D('',#12847,#12848,#12849);
#12851=PLANE('',#12850);
#12852=ORIENTED_EDGE('',*,*,#12837,.T.);
#12854=ORIENTED_EDGE('',*,*,#12853,.T.);
#12855=EDGE_LOOP('',(#12852,#12854));
#12856=FACE_OUTER_BOUND('',#12855,.F.);
#12858=CARTESIAN_POINT('',(-1.025042303128E1,1.548180648876E1,
-2.048665208075E0));
#12859=CARTESIAN_POINT('',(-1.025249417858E1,1.573313165904E1,
-2.037411142461E0));
#12860=CARTESIAN_POINT('',(-1.022029537511E1,1.591102938855E1,
-2.212370908550E0));
#12861=CARTESIAN_POINT('',(-1.017480654834E1,1.589958600784E1,
-2.459545139685E0));
#12862=CARTESIAN_POINT('',(-9.919207490217E0,1.548180648875E1,
-1.987709799006E0));
#12863=CARTESIAN_POINT('',(-9.913692117095E0,1.573313165903E1,
-1.975059544512E0));
#12864=CARTESIAN_POINT('',(-9.999436098346E0,1.591102938854E1,
-2.171724966882E0));
#12865=CARTESIAN_POINT('',(-1.012057082043E1,1.589958600784E1,
-2.449563841795E0));
#12866=CARTESIAN_POINT('',(-9.660414296324E0,1.548180648875E1,
-2.203221699683E0));
#12867=CARTESIAN_POINT('',(-9.648971242866E0,1.573313165903E1,
-2.195507763786E0));
#12868=CARTESIAN_POINT('',(-9.826869082165E0,1.591102938854E1,
-2.315431395525E0));
#12869=CARTESIAN_POINT('',(-1.007819407323E1,1.589958600784E1,
-2.484853383977E0));
#12870=CARTESIAN_POINT('',(-9.660413969027E0,1.548180648875E1,
-2.539999514479E0));
#12871=CARTESIAN_POINT('',(-9.648970908073E0,1.573313165903E1,
-2.539999503358E0));
#12872=CARTESIAN_POINT('',(-9.826868863919E0,1.591102938854E1,
-2.539999676247E0));
#12873=CARTESIAN_POINT('',(-1.007819401964E1,1.589958600784E1,
-2.539999920497E0));
#12874=CARTESIAN_POINT('',(-9.660413641731E0,1.548180648875E1,
-2.876777329275E0));
#12875=CARTESIAN_POINT('',(-9.648970573279E0,1.573313165903E1,
-2.884491242930E0));
#12876=CARTESIAN_POINT('',(-9.826868645672E0,1.591102938854E1,
-2.764567956970E0));
#12877=CARTESIAN_POINT('',(-1.007819396604E1,1.589958600784E1,
-2.595146457017E0));
#12878=CARTESIAN_POINT('',(-9.919206416734E0,1.548180648875E1,
-3.092289732966E0));
#12879=CARTESIAN_POINT('',(-9.913691019023E0,1.573313165903E1,
-3.104939976740E0));
#12880=CARTESIAN_POINT('',(-9.999435382532E0,1.591102938854E1,
-2.908274721030E0));
#12881=CARTESIAN_POINT('',(-1.012057064465E1,1.589958600784E1,
-2.630436081567E0));
#12882=CARTESIAN_POINT('',(-1.025042207628E1,1.548180648876E1,
-3.031334967680E0));
#12883=CARTESIAN_POINT('',(-1.025249320170E1,1.573313165904E1,
-3.042589037319E0));
#12884=CARTESIAN_POINT('',(-1.022029473830E1,1.591102938855E1,
-2.867629208645E0));
#12885=CARTESIAN_POINT('',(-1.017480639196E1,1.589958600784E1,
-2.620454889094E0));
#12886=(BOUNDED_SURFACE()B_SPLINE_SURFACE(3,3,((#12858,#12859,#12860,#12861),(
#12862,#12863,#12864,#12865),(#12866,#12867,#12868,#12869),(#12870,#12871,
#12872,#12873),(#12874,#12875,#12876,#12877),(#12878,#12879,#12880,#12881),(
#12882,#12883,#12884,#12885)),.UNSPECIFIED.,.F.,.F.,.F.)B_SPLINE_SURFACE_WITH_KNOTS((4,3,4),(4,4),(0.E0,1.E0,2.E0),(0.E0,1.E0),.UNSPECIFIED.)GEOMETRIC_REPRESENTATION_ITEM()RATIONAL_B_SPLINE_SURFACE(((1.456886437015E0,1.140462962784E0,
1.140462962784E0,1.456886437015E0),(1.107159720324E0,8.666939459624E-1,
8.666939459624E-1,1.107159720324E0),(1.107159720324E0,8.666939459624E-1,
8.666939459624E-1,1.107159720324E0),(1.456886437015E0,1.140462962784E0,
1.140462962784E0,1.456886437015E0),(1.107159720324E0,8.666939459624E-1,
8.666939459624E-1,1.107159720324E0),(1.107159720324E0,8.666939459624E-1,
8.666939459624E-1,1.107159720324E0),(1.456886437015E0,1.140462962784E0,
1.140462962784E0,1.456886437015E0)))REPRESENTATION_ITEM('')SURFACE());
#12887=ORIENTED_EDGE('',*,*,#12853,.F.);
#12888=ORIENTED_EDGE('',*,*,#12842,.F.);
#12890=ORIENTED_EDGE('',*,*,#12889,.T.);
#12891=ORIENTED_EDGE('',*,*,#12839,.T.);
#12892=EDGE_LOOP('',(#12887,#12888,#12890,#12891));
#12893=FACE_OUTER_BOUND('',#12892,.F.);
#12895=CARTESIAN_POINT('',(-1.016E1,4.1E0,-2.54E0));
#12896=DIRECTION('',(0.E0,1.E0,0.E0));
#12897=DIRECTION('',(0.E0,0.E0,1.E0));
#12898=AXIS2_PLACEMENT_3D('',#12895,#12896,#12897);
#12899=CYLINDRICAL_SURFACE('',#12898,5.E-1);
#12900=ORIENTED_EDGE('',*,*,#12889,.F.);
#12901=ORIENTED_EDGE('',*,*,#12803,.T.);
#12903=ORIENTED_EDGE('',*,*,#12902,.F.);
#12904=ORIENTED_EDGE('',*,*,#12799,.F.);
#12905=EDGE_LOOP('',(#12900,#12901,#12903,#12904));
#12906=FACE_OUTER_BOUND('',#12905,.F.);
#12908=CARTESIAN_POINT('',(-1.016E1,4.1E0,-2.54E0));
#12909=DIRECTION('',(0.E0,1.E0,0.E0));
#12910=DIRECTION('',(0.E0,0.E0,1.E0));
#12911=AXIS2_PLACEMENT_3D('',#12908,#12909,#12910);
#12912=PLANE('',#12911);
#12914=ORIENTED_EDGE('',*,*,#12913,.T.);
#12916=ORIENTED_EDGE('',*,*,#12915,.T.);
#12917=EDGE_LOOP('',(#12914,#12916));
#12918=FACE_OUTER_BOUND('',#12917,.F.);
#12919=ORIENTED_EDGE('',*,*,#12902,.T.);
#12920=ORIENTED_EDGE('',*,*,#12801,.T.);
#12921=EDGE_LOOP('',(#12919,#12920));
#12922=FACE_BOUND('',#12921,.F.);
#12924=CARTESIAN_POINT('',(-1.016E1,3.6E0,-2.54E0));
#12925=DIRECTION('',(0.E0,1.E0,0.E0));
#12926=DIRECTION('',(0.E0,0.E0,1.E0));
#12927=AXIS2_PLACEMENT_3D('',#12924,#12925,#12926);
#12928=CYLINDRICAL_SURFACE('',#12927,1.E0);
#12930=ORIENTED_EDGE('',*,*,#12929,.F.);
#12932=ORIENTED_EDGE('',*,*,#12931,.F.);
#12933=ORIENTED_EDGE('',*,*,#12913,.F.);
#12935=ORIENTED_EDGE('',*,*,#12934,.T.);
#12936=EDGE_LOOP('',(#12930,#12932,#12933,#12935));
#12937=FACE_OUTER_BOUND('',#12936,.F.);
#12939=CARTESIAN_POINT('',(-1.016E1,3.6E0,-2.54E0));
#12940=DIRECTION('',(0.E0,1.E0,0.E0));
#12941=DIRECTION('',(0.E0,0.E0,1.E0));
#12942=AXIS2_PLACEMENT_3D('',#12939,#12940,#12941);
#12943=PLANE('',#12942);
#12944=ORIENTED_EDGE('',*,*,#12929,.T.);
#12946=ORIENTED_EDGE('',*,*,#12945,.T.);
#12947=EDGE_LOOP('',(#12944,#12946));
#12948=FACE_OUTER_BOUND('',#12947,.F.);
#12950=ORIENTED_EDGE('',*,*,#12949,.T.);
#12952=ORIENTED_EDGE('',*,*,#12951,.T.);
#12953=EDGE_LOOP('',(#12950,#12952));
#12954=FACE_BOUND('',#12953,.F.);
#12956=CARTESIAN_POINT('',(-1.016E1,3.6E0,-2.54E0));
#12957=DIRECTION('',(0.E0,1.E0,0.E0));
#12958=DIRECTION('',(0.E0,0.E0,1.E0));
#12959=AXIS2_PLACEMENT_3D('',#12956,#12957,#12958);
#12960=CYLINDRICAL_SURFACE('',#12959,1.E0);
#12961=ORIENTED_EDGE('',*,*,#12945,.F.);
#12962=ORIENTED_EDGE('',*,*,#12934,.F.);
#12963=ORIENTED_EDGE('',*,*,#12915,.F.);
#12964=ORIENTED_EDGE('',*,*,#12931,.T.);
#12965=EDGE_LOOP('',(#12961,#12962,#12963,#12964));
#12966=FACE_OUTER_BOUND('',#12965,.F.);
#12968=CARTESIAN_POINT('',(-1.016E1,3.6E0,-2.54E0));
#12969=DIRECTION('',(0.E0,-1.E0,0.E0));
#12970=DIRECTION('',(-1.E0,0.E0,0.E0));
#12971=AXIS2_PLACEMENT_3D('',#12968,#12969,#12970);
#12972=CYLINDRICAL_SURFACE('',#12971,5.E-1);
#12974=ORIENTED_EDGE('',*,*,#12973,.F.);
#12976=ORIENTED_EDGE('',*,*,#12975,.T.);
#12977=ORIENTED_EDGE('',*,*,#12949,.F.);
#12979=ORIENTED_EDGE('',*,*,#12978,.F.);
#12980=EDGE_LOOP('',(#12974,#12976,#12977,#12979));
#12981=FACE_OUTER_BOUND('',#12980,.F.);
#12983=CARTESIAN_POINT('',(-1.065133479193E1,1.418193511236E0,
-2.449576968744E0));
#12984=CARTESIAN_POINT('',(-1.066258885755E1,1.166868340970E0,
-2.447505821446E0));
#12985=CARTESIAN_POINT('',(-1.048762909147E1,9.889706114676E-1,
-2.479704624904E0));
#12986=CARTESIAN_POINT('',(-1.024045486034E1,1.000413992176E0,
-2.525193451655E0));
#12987=CARTESIAN_POINT('',(-1.071229020098E1,1.418193511237E0,
-2.780792509799E0));
#12988=CARTESIAN_POINT('',(-1.072494045547E1,1.166868340972E0,
-2.786307882920E0));
#12989=CARTESIAN_POINT('',(-1.052827503312E1,9.889706114683E-1,
-2.700563901667E0));
#12990=CARTESIAN_POINT('',(-1.025043615823E1,1.000413992176E0,
-2.579429179584E0));
#12991=CARTESIAN_POINT('',(-1.049677830030E1,1.418193511236E0,
-3.039585703675E0));
#12992=CARTESIAN_POINT('',(-1.050449223620E1,1.166868340970E0,
-3.051028757131E0));
#12993=CARTESIAN_POINT('',(-1.038456860448E1,9.889706114674E-1,
-2.873130917841E0));
#12994=CARTESIAN_POINT('',(-1.021514661604E1,1.000413992176E0,
-2.621805926787E0));
#12995=CARTESIAN_POINT('',(-1.016000048552E1,1.418193511233E0,
-3.039586030974E0));
#12996=CARTESIAN_POINT('',(-1.016000049665E1,1.166868340967E0,
-3.051029091926E0));
#12997=CARTESIAN_POINT('',(-1.016000032376E1,9.889706114656E-1,
-2.873131136088E0));
#12998=CARTESIAN_POINT('',(-1.016000007951E1,1.000413992175E0,
-2.621805980382E0));
#12999=CARTESIAN_POINT('',(-9.823222670743E0,1.418193511231E0,
-3.039586358272E0));
#13000=CARTESIAN_POINT('',(-9.815508757090E0,1.166868340964E0,
-3.051029426722E0));
#13001=CARTESIAN_POINT('',(-9.935432043039E0,9.889706114637E-1,
-2.873131354336E0));
#13002=CARTESIAN_POINT('',(-1.010485354297E1,1.000413992175E0,
-2.621806033976E0));
#13003=CARTESIAN_POINT('',(-9.607710267052E0,1.418193511228E0,
-2.780793583288E0));
#13004=CARTESIAN_POINT('',(-9.595060023281E0,1.166868340962E0,
-2.786308980997E0));
#13005=CARTESIAN_POINT('',(-9.791725278975E0,9.889706114622E-1,
-2.700564617484E0));
#13006=CARTESIAN_POINT('',(-1.006956391841E1,1.000413992174E0,
-2.579429355365E0));
#13007=CARTESIAN_POINT('',(-9.668665032314E0,1.418193511228E0,
-2.449577923754E0));
#13008=CARTESIAN_POINT('',(-9.657410962677E0,1.166868340962E0,
-2.447506798331E0));
#13009=CARTESIAN_POINT('',(-9.832370791345E0,9.889706114622E-1,
-2.479705261718E0));
#13010=CARTESIAN_POINT('',(-1.007954511089E1,1.000413992174E0,
-2.525193608035E0));
#13011=(BOUNDED_SURFACE()B_SPLINE_SURFACE(3,3,((#12983,#12984,#12985,#12986),(
#12987,#12988,#12989,#12990),(#12991,#12992,#12993,#12994),(#12995,#12996,
#12997,#12998),(#12999,#13000,#13001,#13002),(#13003,#13004,#13005,#13006),(
#13007,#13008,#13009,#13010)),.UNSPECIFIED.,.F.,.F.,.F.)B_SPLINE_SURFACE_WITH_KNOTS((4,3,4),(4,4),(0.E0,1.E0,2.E0),(0.E0,1.E0),.UNSPECIFIED.)GEOMETRIC_REPRESENTATION_ITEM()RATIONAL_B_SPLINE_SURFACE(((1.456886436997E0,1.140462962767E0,
1.140462962767E0,1.456886436997E0),(1.107159720333E0,8.666939459672E-1,
8.666939459672E-1,1.107159720333E0),(1.107159720333E0,8.666939459672E-1,
8.666939459672E-1,1.107159720333E0),(1.456886436997E0,1.140462962767E0,
1.140462962767E0,1.456886436997E0),(1.107159720333E0,8.666939459672E-1,
8.666939459672E-1,1.107159720333E0),(1.107159720333E0,8.666939459672E-1,
8.666939459672E-1,1.107159720333E0),(1.456886436997E0,1.140462962767E0,
1.140462962767E0,1.456886436997E0)))REPRESENTATION_ITEM('')SURFACE());
#13013=ORIENTED_EDGE('',*,*,#13012,.F.);
#13015=ORIENTED_EDGE('',*,*,#13014,.F.);
#13016=ORIENTED_EDGE('',*,*,#12973,.T.);
#13018=ORIENTED_EDGE('',*,*,#13017,.T.);
#13019=EDGE_LOOP('',(#13013,#13015,#13016,#13018));
#13020=FACE_OUTER_BOUND('',#13019,.F.);
#13022=CARTESIAN_POINT('',(-1.016E1,1.E0,-2.54E0));
#13023=DIRECTION('',(0.E0,-1.E0,0.E0));
#13024=DIRECTION('',(-1.E0,0.E0,0.E0));
#13025=AXIS2_PLACEMENT_3D('',#13022,#13023,#13024);
#13026=PLANE('',#13025);
#13028=ORIENTED_EDGE('',*,*,#13027,.T.);
#13029=ORIENTED_EDGE('',*,*,#13012,.T.);
#13030=EDGE_LOOP('',(#13028,#13029));
#13031=FACE_OUTER_BOUND('',#13030,.F.);
#13033=CARTESIAN_POINT('',(-9.668665208070E0,1.418193511237E0,
-2.630423031257E0));
#13034=CARTESIAN_POINT('',(-9.657411142454E0,1.166868340971E0,
-2.632494178554E0));
#13035=CARTESIAN_POINT('',(-9.832370908534E0,9.889706114681E-1,
-2.600295375096E0));
#13036=CARTESIAN_POINT('',(-1.007954513966E1,1.000413992176E0,
-2.554806548345E0));
#13037=CARTESIAN_POINT('',(-9.607709799022E0,1.418193511239E0,
-2.299207490201E0));
#13038=CARTESIAN_POINT('',(-9.595059544526E0,1.166868340973E0,
-2.293692117080E0));
#13039=CARTESIAN_POINT('',(-9.791724966878E0,9.889706114693E-1,
-2.379436098333E0));
#13040=CARTESIAN_POINT('',(-1.006956384177E1,1.000413992176E0,
-2.500570820416E0));
#13041=CARTESIAN_POINT('',(-9.823221699696E0,1.418193511238E0,
-2.040414296325E0));
#13042=CARTESIAN_POINT('',(-9.815507763797E0,1.166868340972E0,
-2.028971242869E0));
#13043=CARTESIAN_POINT('',(-9.935431395523E0,9.889706114684E-1,
-2.206869082159E0));
#13044=CARTESIAN_POINT('',(-1.010485338396E1,1.000413992176E0,
-2.458194073213E0));
#13045=CARTESIAN_POINT('',(-1.015999951448E1,1.418193511234E0,
-2.040413969027E0));
#13046=CARTESIAN_POINT('',(-1.015999950335E1,1.166868340968E0,
-2.028970908074E0));
#13047=CARTESIAN_POINT('',(-1.015999967624E1,9.889706114660E-1,
-2.206868863911E0));
#13048=CARTESIAN_POINT('',(-1.015999992049E1,1.000413992175E0,
-2.458194019618E0));
#13049=CARTESIAN_POINT('',(-1.049677732926E1,1.418193511231E0,
-2.040413641729E0));
#13050=CARTESIAN_POINT('',(-1.050449124291E1,1.166868340964E0,
-2.028970573279E0));
#13051=CARTESIAN_POINT('',(-1.038456795696E1,9.889706114636E-1,
-2.206868645664E0));
#13052=CARTESIAN_POINT('',(-1.021514645703E1,1.000413992175E0,
-2.458193966024E0));
#13053=CARTESIAN_POINT('',(-1.071228973295E1,1.418193511227E0,
-2.299206416713E0));
#13054=CARTESIAN_POINT('',(-1.072493997672E1,1.166868340961E0,
-2.293691019003E0));
#13055=CARTESIAN_POINT('',(-1.052827472102E1,9.889706114615E-1,
-2.379435382516E0));
#13056=CARTESIAN_POINT('',(-1.025043608159E1,1.000413992174E0,
-2.500570644635E0));
#13057=CARTESIAN_POINT('',(-1.065133496769E1,1.418193511227E0,
-2.630422076247E0));
#13058=CARTESIAN_POINT('',(-1.066258903732E1,1.166868340961E0,
-2.632493201669E0));
#13059=CARTESIAN_POINT('',(-1.048762920866E1,9.889706114611E-1,
-2.600294738282E0));
#13060=CARTESIAN_POINT('',(-1.024045488911E1,1.000413992174E0,
-2.554806391965E0));
#13061=(BOUNDED_SURFACE()B_SPLINE_SURFACE(3,3,((#13033,#13034,#13035,#13036),(
#13037,#13038,#13039,#13040),(#13041,#13042,#13043,#13044),(#13045,#13046,
#13047,#13048),(#13049,#13050,#13051,#13052),(#13053,#13054,#13055,#13056),(
#13057,#13058,#13059,#13060)),.UNSPECIFIED.,.F.,.F.,.F.)B_SPLINE_SURFACE_WITH_KNOTS((4,3,4),(4,4),(0.E0,1.E0,2.E0),(0.E0,1.E0),.UNSPECIFIED.)GEOMETRIC_REPRESENTATION_ITEM()RATIONAL_B_SPLINE_SURFACE(((1.456886436997E0,1.140462962767E0,
1.140462962767E0,1.456886436997E0),(1.107159720333E0,8.666939459671E-1,
8.666939459671E-1,1.107159720333E0),(1.107159720333E0,8.666939459671E-1,
8.666939459671E-1,1.107159720333E0),(1.456886436997E0,1.140462962767E0,
1.140462962767E0,1.456886436997E0),(1.107159720333E0,8.666939459671E-1,
8.666939459671E-1,1.107159720333E0),(1.107159720333E0,8.666939459671E-1,
8.666939459671E-1,1.107159720333E0),(1.456886436997E0,1.140462962767E0,
1.140462962767E0,1.456886436997E0)))REPRESENTATION_ITEM('')SURFACE());
#13062=ORIENTED_EDGE('',*,*,#13027,.F.);
#13063=ORIENTED_EDGE('',*,*,#13017,.F.);
#13065=ORIENTED_EDGE('',*,*,#13064,.T.);
#13066=ORIENTED_EDGE('',*,*,#13014,.T.);
#13067=EDGE_LOOP('',(#13062,#13063,#13065,#13066));
#13068=FACE_OUTER_BOUND('',#13067,.F.);
#13070=CARTESIAN_POINT('',(-1.016E1,3.6E0,-2.54E0));
#13071=DIRECTION('',(0.E0,-1.E0,0.E0));
#13072=DIRECTION('',(-1.E0,0.E0,0.E0));
#13073=AXIS2_PLACEMENT_3D('',#13070,#13071,#13072);
#13074=CYLINDRICAL_SURFACE('',#13073,5.E-1);
#13075=ORIENTED_EDGE('',*,*,#13064,.F.);
#13076=ORIENTED_EDGE('',*,*,#12978,.T.);
#13077=ORIENTED_EDGE('',*,*,#12951,.F.);
#13078=ORIENTED_EDGE('',*,*,#12975,.F.);
#13079=EDGE_LOOP('',(#13075,#13076,#13077,#13078));
#13080=FACE_OUTER_BOUND('',#13079,.F.);
#13082=CLOSED_SHELL('',(#12807,#12846,#12857,#12894,#12907,#12923,#12938,#12955,
#12967,#12982,#13021,#13032,#13069,#13081));
#13083=MANIFOLD_SOLID_BREP('',#13082);
#13084=FILL_AREA_STYLE_COLOUR('',#59);
#13085=FILL_AREA_STYLE('',(#13084));
#13086=SURFACE_STYLE_FILL_AREA(#13085);
#13087=SURFACE_SIDE_STYLE('',(#13086));
#13088=SURFACE_STYLE_USAGE(.BOTH.,#13087);
#13089=PRESENTATION_STYLE_ASSIGNMENT((#13088));
#12557=STYLED_ITEM('',(#13089),#13083);
#13092=PLANE_ANGLE_MEASURE_WITH_UNIT(PLANE_ANGLE_MEASURE(1.745329251994E-2),
#13091);
#13093=(CONVERSION_BASED_UNIT('DEGREE',#13092)NAMED_UNIT(*)PLANE_ANGLE_UNIT());
#13095=UNCERTAINTY_MEASURE_WITH_UNIT(LENGTH_MEASURE(1.516588510976E-3),#13090,
'distance_accuracy_value',
'Maximum model space distance between geometric entities at asserted connectivities');
#13097=CARTESIAN_POINT('',(0.E0,0.E0,0.E0));
#13098=DIRECTION('',(0.E0,0.E0,1.E0));
#13099=DIRECTION('',(1.E0,0.E0,0.E0));
#13102=PRODUCT_DEFINITION_CONTEXT('part definition',#9397,'design');
#13103=PRODUCT_CONTEXT('',#9397,'mechanical');
#13104=PRODUCT('MANIFOLD_SOLID_BREP_11297','MANIFOLD_SOLID_BREP_11297',
'NOT SPECIFIED',(#13103));
#13105=PRODUCT_DEFINITION_FORMATION('1','LAST_VERSION',#13104);
#13113=DERIVED_UNIT_ELEMENT(#13112,2.E0);
#13114=DERIVED_UNIT((#13113));
#13115=MEASURE_REPRESENTATION_ITEM('surface area measure',AREA_MEASURE(
5.344265775123E1),#13114);
#13120=DERIVED_UNIT_ELEMENT(#13119,3.E0);
#13121=DERIVED_UNIT((#13120));
#13122=MEASURE_REPRESENTATION_ITEM('volume measure',VOLUME_MEASURE(
1.270333536208E1),#13121);
#13126=CARTESIAN_POINT('centre point',(-1.015999999997E1,8.023399650383E0,
-2.54E0));
#13131=DERIVED_UNIT_ELEMENT(#13130,2.E0);
#13132=DERIVED_UNIT((#13131));
#13133=MEASURE_REPRESENTATION_ITEM('surface area measure',AREA_MEASURE(
5.344265775123E1),#13132);
#13138=DERIVED_UNIT_ELEMENT(#13137,3.E0);
#13139=DERIVED_UNIT((#13138));
#13140=MEASURE_REPRESENTATION_ITEM('volume measure',VOLUME_MEASURE(
1.270333536208E1),#13139);
#13144=CARTESIAN_POINT('centre point',(-1.015999999997E1,8.023399650383E0,
-2.54E0));
#13150=GENERAL_PROPERTY('','DESCRIPTION','user defined attribute');
#13151=GENERAL_PROPERTY_ASSOCIATION('user defined attribute','',#13150,#13149);
#13152=DESCRIPTIVE_REPRESENTATION_ITEM('DESCRIPTION','');
#13156=GENERAL_PROPERTY('','MODELED_BY','user defined attribute');
#13157=GENERAL_PROPERTY_ASSOCIATION('user defined attribute','',#13156,#13155);
#13158=DESCRIPTIVE_REPRESENTATION_ITEM('MODELED_BY','');
#13163=CARTESIAN_POINT('centre point',(-1.015999999997E1,8.023399650383E0,
-2.54E0));
#13167=CARTESIAN_POINT('',(0.E0,0.E0,0.E0));
#13168=DIRECTION('',(0.E0,0.E0,1.E0));
#13169=DIRECTION('',(1.E0,0.E0,0.E0));
#13170=AXIS2_PLACEMENT_3D('',#13167,#13168,#13169);
#13171=ITEM_DEFINED_TRANSFORMATION('','',#13100,#13170);
#13172=(REPRESENTATION_RELATIONSHIP('','',#13101,#9460)REPRESENTATION_RELATIONSHIP_WITH_TRANSFORMATION(#13171)SHAPE_REPRESENTATION_RELATIONSHIP());
#13173=CONTEXT_DEPENDENT_SHAPE_REPRESENTATION(#13172,#13162);
#13176=PLANE_ANGLE_MEASURE_WITH_UNIT(PLANE_ANGLE_MEASURE(1.745329251994E-2),
#13175);
#13177=(CONVERSION_BASED_UNIT('DEGREE',#13176)NAMED_UNIT(*)PLANE_ANGLE_UNIT());
#13179=UNCERTAINTY_MEASURE_WITH_UNIT(LENGTH_MEASURE(5.897738309527E-3),#13174,
'distance_accuracy_value',
'Maximum model space distance between geometric entities at asserted connectivities');
#13181=CARTESIAN_POINT('',(0.E0,0.E0,0.E0));
#13182=DIRECTION('',(0.E0,0.E0,1.E0));
#13183=DIRECTION('',(1.E0,0.E0,0.E0));
#13185=MECHANICAL_DESIGN_GEOMETRIC_PRESENTATION_REPRESENTATION('',(#6369,#6454,
#6474,#6584,#6605,#6626,#6647,#6668,#6782,#6896,#6917,#6938,#6959,#6979,#7056,
#7077,#7098,#7147,#7169,#7191,#7212,#7230,#7249,#7269,#7289,#7309,#7330,#7350,
#7369,#7388,#9482,#9490,#9498,#9506,#9514,#9522,#9530,#9537,#9545,#9553,#9561,
#9569,#9576,#9584,#9592,#9600,#9608,#9615,#9622,#9630,#9638,#9646,#9654,#9662,
#9670,#9677,#9474,#10098,#10106,#10114,#10122,#10130,#10138,#10146,#10153,
#10161,#10169,#10177,#10185,#10192,#10200,#10208,#10216,#10224,#10231,#10238,
#10246,#10254,#10262,#10270,#10278,#10286,#10293,#10091,#10715,#10723,#10731,
#10739,#10747,#10755,#10763,#10770,#10778,#10786,#10794,#10802,#10809,#10817,
#10825,#10833,#10841,#10848,#10855,#10863,#10871,#10879,#10887,#10895,#10903,
#10910,#10708,#11331,#11339,#11347,#11355,#11363,#11371,#11379,#11386,#11394,
#11402,#11410,#11418,#11425,#11433,#11441,#11449,#11457,#11464,#11471,#11479,
#11487,#11495,#11503,#11511,#11519,#11526,#11324,#11948,#11956,#11964,#11972,
#11980,#11988,#11996,#12003,#12011,#12019,#12027,#12035,#12042,#12050,#12058,
#12066,#12074,#12081,#12088,#12096,#12104,#12112,#12120,#12128,#12136,#12143,
#11941,#12564,#12572,#12580,#12588,#12596,#12604,#12612,#12619,#12627,#12635,
#12643,#12651,#12658,#12666,#12674,#12682,#12690,#12697,#12704,#12712,#12720,
#12728,#12736,#12744,#12752,#12759,#12557),#13180);
#13186=PRODUCT_CONTEXT('',#9397,'mechanical');
#13187=PRODUCT('UR_LD-20WR3_ASM','UR_LD-20WR3_ASM','NOT SPECIFIED',(#13186));
#13188=PRODUCT_DEFINITION_FORMATION('1','LAST_VERSION',#13187);
#13191=DERIVED_UNIT_ELEMENT(#13190,2.E0);
#13192=DERIVED_UNIT((#13191));
#13193=MEASURE_REPRESENTATION_ITEM('surface area measure',AREA_MEASURE(
8.659415836869E3),#13192);
#13198=DERIVED_UNIT_ELEMENT(#13197,3.E0);
#13199=DERIVED_UNIT((#13198));
#13200=MEASURE_REPRESENTATION_ITEM('volume measure',VOLUME_MEASURE(
3.663681288288E3),#13199);
#13204=CARTESIAN_POINT('centre point',(1.313899647704E-2,7.108767077306E0,
3.311749055290E-2));
#13208=PRODUCT_RELATED_PRODUCT_CATEGORY('part','',(#13187,#9401,#10021,#10638,
#11254,#11871,#12487,#13104));
#13210=GENERAL_PROPERTY('','DESCRIPTION','user defined attribute');
#13211=GENERAL_PROPERTY_ASSOCIATION('user defined attribute','',#13210,#13209);
#13212=DESCRIPTIVE_REPRESENTATION_ITEM('DESCRIPTION','');
#13216=GENERAL_PROPERTY('','MODELED_BY','user defined attribute');
#13217=GENERAL_PROPERTY_ASSOCIATION('user defined attribute','',#13216,#13215);
#13218=DESCRIPTIVE_REPRESENTATION_ITEM('MODELED_BY','');
#1=DRAUGHTING_PRE_DEFINED_COLOUR('black');
#2=COLOUR_RGB('',0.E0,0.E0,2.E-1);
#3=COLOUR_RGB('',0.E0,2.509803921569E-1,5.019607843137E-1);
#4=COLOUR_RGB('',0.E0,5.019607843137E-1,0.E0);
#5=DRAUGHTING_PRE_DEFINED_COLOUR('green');
#6=DRAUGHTING_PRE_DEFINED_COLOUR('cyan');
#7=COLOUR_RGB('',1.1E-2,1.2E-2,1.E0);
#8=COLOUR_RGB('',6.666666666667E-2,8.E-1,1.E0);
#9=COLOUR_RGB('',9.019607843137E-2,2.235294117647E-1,4.196078431373E-1);
#10=COLOUR_RGB('',1.098039215686E-1,1.098039215686E-1,1.098039215686E-1);
#11=COLOUR_RGB('',1.137254901961E-1,1.E0,9.254901960784E-1);
#12=COLOUR_RGB('',1.215686274510E-1,9.294117647059E-1,4.784313725490E-1);
#13=COLOUR_RGB('',1.411764705882E-1,4.705882352941E-1,1.960784313725E-1);
#14=COLOUR_RGB('',1.568627450980E-1,3.137254901961E-1,1.764705882353E-1);
#15=COLOUR_RGB('',1.686274509804E-1,7.215686274510E-1,9.607843137255E-1);
#16=COLOUR_RGB('',1.803921568627E-1,1.803921568627E-1,1.803921568627E-1);
#17=COLOUR_RGB('',1.882352941176E-1,1.E0,2.745098039216E-2);
#18=COLOUR_RGB('',1.960784313725E-1,1.E0,5.960784313725E-1);
#19=COLOUR_RGB('',2.E-1,2.E-1,6.E-1);
#20=COLOUR_RGB('',2.E-1,4.E-1,1.E0);
#21=COLOUR_RGB('',2.509803921569E-1,2.509803921569E-1,2.509803921569E-1);
#22=COLOUR_RGB('',3.529411764706E-1,3.529411764706E-1,0.E0);
#23=COLOUR_RGB('',3.529411764706E-1,3.529411764706E-1,3.529411764706E-1);
#24=COLOUR_RGB('',3.843137254902E-1,6.196078431373E-1,6.039215686275E-1);
#25=COLOUR_RGB('',3.92E-1,1.2E-2,1.2E-2);
#26=COLOUR_RGB('',4.1E-1,0.E0,2.2E-1);
#27=COLOUR_RGB('',4.274509803922E-1,4.980392156863E-1,4.156862745098E-1);
#28=COLOUR_RGB('',4.431372549020E-1,6.352941176471E-1,1.E0);
#29=COLOUR_RGB('',4.823529411765E-1,8.078431372549E-1,1.E0);
#30=COLOUR_RGB('',5.019607843137E-1,0.E0,5.019607843137E-1);
#31=COLOUR_RGB('',5.019607843137E-1,5.019607843137E-1,5.019607843137E-1);
#32=COLOUR_RGB('',5.019607843137E-1,1.E0,5.019607843137E-1);
#33=COLOUR_RGB('',5.137254901961E-1,0.E0,0.E0);
#34=COLOUR_RGB('',6.156862745098E-1,1.E0,5.568627450980E-1);
#35=COLOUR_RGB('',6.470588235294E-1,5.176470588235E-1,0.E0);
#36=COLOUR_RGB('',6.470588235294E-1,6.196078431373E-1,5.882352941176E-1);
#37=COLOUR_RGB('',6.952E-1,7.426E-1,7.9E-1);
#38=COLOUR_RGB('',7.803921568627E-1,1.E0,7.843137254902E-3);
#39=COLOUR_RGB('',7.84314E-1,7.84314E-1,7.84314E-1);
#40=COLOUR_RGB('',7.882352941176E-1,5.372549019608E-1,1.E0);
#41=COLOUR_RGB('',7.882352941176E-1,7.686274509804E-1,3.921568627451E-1);
#42=COLOUR_RGB('',7.960784313725E-1,8.235294117647E-1,9.372549019608E-1);
#43=COLOUR_RGB('',7.960784313725E-1,1.E0,7.411764705882E-1);
#44=COLOUR_RGB('',8.392156862745E-1,4.470588235294E-1,3.882352941176E-1);
#45=COLOUR_RGB('',8.470588235294E-1,8.470588235294E-1,8.470588235294E-1);
#46=COLOUR_RGB('',8.784E-1,9.49E-1,1.E0);
#47=COLOUR_RGB('',8.980392156863E-1,6.274509803922E-1,1.E0);
#48=COLOUR_RGB('',9.098039215686E-1,4.431372549020E-1,3.137254901961E-2);
#49=COLOUR_RGB('',9.490196078431E-1,7.568627450980E-1,1.764705882353E-1);
#50=COLOUR_RGB('',9.6E-1,9.6E-1,9.6E-1);
#51=COLOUR_RGB('',9.8E-1,6.27E-1,0.E0);
#52=DRAUGHTING_PRE_DEFINED_COLOUR('red');
#53=COLOUR_RGB('',1.E0,3.529411764706E-2,1.098039215686E-1);
#54=COLOUR_RGB('',1.E0,5.490196078431E-2,9.568627450980E-1);
#55=COLOUR_RGB('',1.E0,5.450980392157E-1,7.372549019608E-1);
#56=COLOUR_RGB('',1.E0,6.862745098039E-1,6.078431372549E-1);
#57=COLOUR_RGB('',1.E0,8.078431372549E-1,4.588235294118E-1);
#58=COLOUR_RGB('',1.E0,8.705882352941E-1,2.745098039216E-2);
#59=DRAUGHTING_PRE_DEFINED_COLOUR('yellow');
#60=COLOUR_RGB('',1.E0,1.E0,9.49E-1);
#61=DRAUGHTING_PRE_DEFINED_COLOUR('white');
#70=CIRCLE('',#69,5.25E-1);
#75=CIRCLE('',#74,5.25E-1);
#84=CIRCLE('',#83,1.8E0);
#89=CIRCLE('',#88,1.8E0);
#94=CIRCLE('',#93,6.25E-1);
#99=CIRCLE('',#98,6.25E-1);
#104=CIRCLE('',#103,6.25E-1);
#109=CIRCLE('',#108,6.25E-1);
#130=CIRCLE('',#129,1.8E0);
#139=CIRCLE('',#138,1.8E0);
#144=CIRCLE('',#143,1.8E0);
#153=CIRCLE('',#152,1.8E0);
#170=CIRCLE('',#169,1.8E0);
#187=CIRCLE('',#186,1.8E0);
#192=CIRCLE('',#191,1.8E0);
#201=CIRCLE('',#200,1.8E0);
#206=CIRCLE('',#205,1.8E0);
#215=CIRCLE('',#214,1.8E0);
#220=CIRCLE('',#219,1.8E0);
#237=CIRCLE('',#236,1.8E0);
#254=CIRCLE('',#253,1.8E0);
#263=CIRCLE('',#262,1.8E0);
#268=CIRCLE('',#267,1.8E0);
#273=CIRCLE('',#272,1.8E0);
#278=CIRCLE('',#277,1.8E0);
#283=CIRCLE('',#282,1.8E0);
#288=CIRCLE('',#287,1.8E0);
#325=CIRCLE('',#324,1.8E0);
#330=CIRCLE('',#329,1.8E0);
#335=CIRCLE('',#334,1.8E0);
#340=CIRCLE('',#339,1.8E0);
#345=CIRCLE('',#344,6.25E-1);
#350=CIRCLE('',#349,6.25E-1);
#355=CIRCLE('',#354,6.25E-1);
#360=CIRCLE('',#359,6.25E-1);
#365=CIRCLE('',#364,6.25E-1);
#370=CIRCLE('',#369,6.25E-1);
#375=CIRCLE('',#374,6.25E-1);
#380=CIRCLE('',#379,6.25E-1);
#385=CIRCLE('',#384,6.25E-1);
#390=CIRCLE('',#389,6.25E-1);
#395=CIRCLE('',#394,6.25E-1);
#400=CIRCLE('',#399,6.25E-1);
#461=CIRCLE('',#460,1.8E0);
#466=CIRCLE('',#465,6.25E-1);
#471=CIRCLE('',#470,6.25E-1);
#476=CIRCLE('',#475,6.25E-1);
#481=CIRCLE('',#480,6.25E-1);
#514=CIRCLE('',#513,1.8E0);
#523=CIRCLE('',#522,6.25E-1);
#528=CIRCLE('',#527,6.25E-1);
#533=CIRCLE('',#532,6.25E-1);
#538=CIRCLE('',#537,6.25E-1);
#583=CIRCLE('',#582,6.E-1);
#588=CIRCLE('',#587,6.E-1);
#593=CIRCLE('',#592,6.E-1);
#598=CIRCLE('',#597,6.E-1);
#603=CIRCLE('',#602,6.E-1);
#608=CIRCLE('',#607,6.E-1);
#649=CIRCLE('',#648,5.E-1);
#654=CIRCLE('',#653,5.E-2);
#679=CIRCLE('',#678,5.E-1);
#688=CIRCLE('',#687,3.E-1);
#709=CIRCLE('',#708,3.E-1);
#718=CIRCLE('',#717,1.5E0);
#732=B_SPLINE_CURVE_WITH_KNOTS('',3,(#727,#728,#729,#730,#731),.UNSPECIFIED.,
.F.,.F.,(4,1,4),(0.E0,5.E-1,1.E0),.UNSPECIFIED.);
#757=CIRCLE('',#756,1.5E0);
#774=CIRCLE('',#773,5.E-1);
#783=CIRCLE('',#782,5.E-2);
#808=CIRCLE('',#807,5.E-1);
#834=B_SPLINE_CURVE_WITH_KNOTS('',3,(#829,#830,#831,#832,#833),.UNSPECIFIED.,
.F.,.F.,(4,1,4),(0.E0,5.E-1,1.E0),.UNSPECIFIED.);
#899=CIRCLE('',#898,6.E-1);
#904=CIRCLE('',#903,6.E-1);
#909=CIRCLE('',#908,6.E-1);
#914=CIRCLE('',#913,6.E-1);
#919=CIRCLE('',#918,6.E-1);
#924=CIRCLE('',#923,6.E-1);
#1041=CIRCLE('',#1040,1.8E0);
#1046=CIRCLE('',#1045,1.8E0);
#1051=CIRCLE('',#1050,1.8E0);
#1056=CIRCLE('',#1055,1.8E0);
#1061=CIRCLE('',#1060,1.8E0);
#1066=CIRCLE('',#1065,1.8E0);
#1083=CIRCLE('',#1082,6.25E-1);
#1088=CIRCLE('',#1087,6.25E-1);
#1093=CIRCLE('',#1092,6.25E-1);
#1098=CIRCLE('',#1097,6.25E-1);
#1103=CIRCLE('',#1102,6.25E-1);
#1108=CIRCLE('',#1107,6.25E-1);
#1113=CIRCLE('',#1112,6.25E-1);
#1118=CIRCLE('',#1117,6.25E-1);
#1123=CIRCLE('',#1122,6.25E-1);
#1128=CIRCLE('',#1127,6.25E-1);
#1133=CIRCLE('',#1132,6.25E-1);
#1138=CIRCLE('',#1137,6.25E-1);
#1275=CIRCLE('',#1274,1.8E0);
#1284=CIRCLE('',#1283,6.25E-1);
#1289=CIRCLE('',#1288,6.25E-1);
#1294=CIRCLE('',#1293,6.25E-1);
#1299=CIRCLE('',#1298,6.25E-1);
#1452=CIRCLE('',#1451,5.25E-1);
#1457=CIRCLE('',#1456,5.25E-1);
#1466=CIRCLE('',#1465,5.25E-1);
#1471=CIRCLE('',#1470,5.25E-1);
#1496=CIRCLE('',#1495,4.E-1);
#1501=CIRCLE('',#1500,4.E-1);
#1522=CIRCLE('',#1521,4.E-1);
#1527=CIRCLE('',#1526,4.E-1);
#1540=CIRCLE('',#1539,5.25E-1);
#1545=CIRCLE('',#1544,5.25E-1);
#1550=CIRCLE('',#1549,5.25E-1);
#1555=CIRCLE('',#1554,5.25E-1);
#1560=CIRCLE('',#1559,5.25E-1);
#1565=CIRCLE('',#1564,5.25E-1);
#1570=CIRCLE('',#1569,5.25E-1);
#1575=CIRCLE('',#1574,5.25E-1);
#1580=CIRCLE('',#1579,5.25E-1);
#1585=CIRCLE('',#1584,5.25E-1);
#1590=CIRCLE('',#1589,5.25E-1);
#1595=CIRCLE('',#1594,5.25E-1);
#1612=CIRCLE('',#1611,3.E-1);
#1641=CIRCLE('',#1640,4.5E-1);
#1646=CIRCLE('',#1645,4.5E-1);
#1651=CIRCLE('',#1650,4.5E-1);
#1656=CIRCLE('',#1655,4.5E-1);
#1673=CIRCLE('',#1672,3.E-1);
#1702=CIRCLE('',#1701,3.E-1);
#1739=CIRCLE('',#1738,3.E-1);
#1744=CIRCLE('',#1743,7.E-1);
#1749=CIRCLE('',#1748,3.E-1);
#1762=CIRCLE('',#1761,3.E-1);
#1767=CIRCLE('',#1766,7.E-1);
#1772=CIRCLE('',#1771,3.E-1);
#1789=CIRCLE('',#1788,3.E-1);
#1818=CIRCLE('',#1817,3.E-1);
#1855=CIRCLE('',#1854,3.E-1);
#1884=CIRCLE('',#1883,3.E-1);
#1921=CIRCLE('',#1920,3.E-1);
#1926=CIRCLE('',#1925,7.E-1);
#1931=CIRCLE('',#1930,3.E-1);
#1944=CIRCLE('',#1943,3.E-1);
#1949=CIRCLE('',#1948,7.E-1);
#1954=CIRCLE('',#1953,3.E-1);
#1971=CIRCLE('',#1970,3.E-1);
#2040=CIRCLE('',#2039,4.5E-1);
#2045=CIRCLE('',#2044,4.5E-1);
#2050=CIRCLE('',#2049,4.5E-1);
#2055=CIRCLE('',#2054,4.5E-1);
#2060=CIRCLE('',#2059,4.5E-1);
#2065=CIRCLE('',#2064,4.5E-1);
#2070=CIRCLE('',#2069,4.5E-1);
#2075=CIRCLE('',#2074,4.5E-1);
#2096=CIRCLE('',#2095,7.E-1);
#2101=CIRCLE('',#2100,7.E-1);
#2106=CIRCLE('',#2105,7.E-1);
#2111=CIRCLE('',#2110,7.E-1);
#2116=CIRCLE('',#2115,7.E-1);
#2121=CIRCLE('',#2120,7.E-1);
#2134=CIRCLE('',#2133,7.E-1);
#2139=CIRCLE('',#2138,7.E-1);
#2144=CIRCLE('',#2143,7.E-1);
#2165=CIRCLE('',#2164,7.E-1);
#2170=CIRCLE('',#2169,7.E-1);
#2175=CIRCLE('',#2174,7.E-1);
#2188=CIRCLE('',#2187,2.5E-1);
#2193=CIRCLE('',#2192,2.5E-1);
#2198=CIRCLE('',#2197,2.E-1);
#2203=CIRCLE('',#2202,2.5E-1);
#2208=CIRCLE('',#2207,2.5E-1);
#2213=CIRCLE('',#2212,2.E-1);
#2226=CIRCLE('',#2225,2.5E-1);
#2231=CIRCLE('',#2230,2.5E-1);
#2236=CIRCLE('',#2235,2.5E-1);
#2241=CIRCLE('',#2240,2.5E-1);
#2246=CIRCLE('',#2245,2.E-1);
#2251=CIRCLE('',#2250,2.5E-1);
#2256=CIRCLE('',#2255,2.5E-1);
#2261=CIRCLE('',#2260,2.E-1);
#2274=CIRCLE('',#2273,2.5E-1);
#2279=CIRCLE('',#2278,2.5E-1);
#2284=CIRCLE('',#2283,2.5E-1);
#2289=CIRCLE('',#2288,2.5E-1);
#2294=CIRCLE('',#2293,2.E-1);
#2299=CIRCLE('',#2298,2.5E-1);
#2304=CIRCLE('',#2303,2.5E-1);
#2309=CIRCLE('',#2308,2.E-1);
#2322=CIRCLE('',#2321,2.5E-1);
#2327=CIRCLE('',#2326,2.5E-1);
#2332=CIRCLE('',#2331,2.5E-1);
#2337=CIRCLE('',#2336,2.5E-1);
#2342=CIRCLE('',#2341,2.E-1);
#2347=CIRCLE('',#2346,2.5E-1);
#2352=CIRCLE('',#2351,2.5E-1);
#2357=CIRCLE('',#2356,2.E-1);
#2370=CIRCLE('',#2369,2.5E-1);
#2375=CIRCLE('',#2374,2.5E-1);
#2384=CIRCLE('',#2383,5.25E-1);
#2389=CIRCLE('',#2388,5.25E-1);
#2402=CIRCLE('',#2401,5.25E-1);
#2407=CIRCLE('',#2406,5.25E-1);
#2416=CIRCLE('',#2415,5.25E-1);
#2421=CIRCLE('',#2420,5.25E-1);
#2438=CIRCLE('',#2437,5.25E-1);
#2443=CIRCLE('',#2442,5.25E-1);
#2452=CIRCLE('',#2451,5.25E-1);
#2457=CIRCLE('',#2456,5.25E-1);
#2474=CIRCLE('',#2473,5.25E-1);
#2479=CIRCLE('',#2478,5.25E-1);
#2488=CIRCLE('',#2487,1.8E0);
#2493=CIRCLE('',#2492,1.8E0);
#2498=CIRCLE('',#2497,6.25E-1);
#2503=CIRCLE('',#2502,6.25E-1);
#2508=CIRCLE('',#2507,6.25E-1);
#2513=CIRCLE('',#2512,6.25E-1);
#2526=CIRCLE('',#2525,5.25E-1);
#2531=CIRCLE('',#2530,5.25E-1);
#2548=CIRCLE('',#2547,5.25E-1);
#2553=CIRCLE('',#2552,5.25E-1);
#2562=CIRCLE('',#2561,1.8E0);
#2567=CIRCLE('',#2566,1.8E0);
#2572=CIRCLE('',#2571,6.25E-1);
#2577=CIRCLE('',#2576,6.25E-1);
#2582=CIRCLE('',#2581,6.25E-1);
#2587=CIRCLE('',#2586,6.25E-1);
#2600=CIRCLE('',#2599,5.25E-1);
#2605=CIRCLE('',#2604,5.25E-1);
#2690=CIRCLE('',#2689,5.25E-1);
#2695=CIRCLE('',#2694,5.25E-1);
#2700=CIRCLE('',#2699,5.25E-1);
#2705=CIRCLE('',#2704,5.25E-1);
#2718=CIRCLE('',#2717,5.25E-1);
#2723=CIRCLE('',#2722,5.25E-1);
#2728=CIRCLE('',#2727,5.25E-1);
#2733=CIRCLE('',#2732,5.25E-1);
#2746=CIRCLE('',#2745,5.25E-1);
#2751=CIRCLE('',#2750,5.25E-1);
#2756=CIRCLE('',#2755,5.25E-1);
#2761=CIRCLE('',#2760,5.25E-1);
#2794=CIRCLE('',#2793,5.E-1);
#2867=CIRCLE('',#2866,5.E-1);
#2892=CIRCLE('',#2891,5.E-2);
#2901=CIRCLE('',#2900,5.E-1);
#2914=CIRCLE('',#2913,5.E-2);
#2919=CIRCLE('',#2918,5.E-2);
#2924=CIRCLE('',#2923,5.E-2);
#2945=CIRCLE('',#2944,5.E-2);
#2950=CIRCLE('',#2949,5.E-2);
#2955=CIRCLE('',#2954,5.E-2);
#2976=CIRCLE('',#2975,5.E-2);
#2981=CIRCLE('',#2980,5.E-2);
#2986=CIRCLE('',#2985,5.E-2);
#2991=CIRCLE('',#2990,5.E-2);
#2996=CIRCLE('',#2995,5.E-2);
#3001=CIRCLE('',#3000,5.E-2);
#3014=CIRCLE('',#3013,5.E-1);
#3023=CIRCLE('',#3022,5.E-2);
#3092=CIRCLE('',#3091,6.E-1);
#3097=CIRCLE('',#3096,6.E-1);
#3102=CIRCLE('',#3101,4.898979485566E-1);
#3107=CIRCLE('',#3106,4.898979485566E-1);
#3116=CIRCLE('',#3115,5.E-1);
#3121=CIRCLE('',#3120,5.E-1);
#3130=CIRCLE('',#3129,6.E-1);
#3135=CIRCLE('',#3134,6.E-1);
#3148=CIRCLE('',#3147,6.E-1);
#3153=CIRCLE('',#3152,6.E-1);
#3158=CIRCLE('',#3157,4.898979485566E-1);
#3163=CIRCLE('',#3162,4.898979485566E-1);
#3172=CIRCLE('',#3171,5.E-1);
#3177=CIRCLE('',#3176,5.E-1);
#3286=CIRCLE('',#3285,6.E-1);
#3291=CIRCLE('',#3290,6.E-1);
#3296=CIRCLE('',#3295,4.898979485566E-1);
#3301=CIRCLE('',#3300,4.898979485566E-1);
#3310=CIRCLE('',#3309,5.E-1);
#3315=CIRCLE('',#3314,5.E-1);
#3324=CIRCLE('',#3323,6.E-1);
#3329=CIRCLE('',#3328,6.E-1);
#3342=CIRCLE('',#3341,6.E-1);
#3347=CIRCLE('',#3346,6.E-1);
#3352=CIRCLE('',#3351,4.898979485566E-1);
#3357=CIRCLE('',#3356,4.898979485566E-1);
#3366=CIRCLE('',#3365,5.E-1);
#3371=CIRCLE('',#3370,5.E-1);
#3404=CIRCLE('',#3403,5.25E-1);
#3409=CIRCLE('',#3408,5.25E-1);
#3414=CIRCLE('',#3413,5.25E-1);
#3419=CIRCLE('',#3418,5.25E-1);
#3432=CIRCLE('',#3431,5.25E-1);
#3437=CIRCLE('',#3436,5.25E-1);
#3442=CIRCLE('',#3441,5.25E-1);
#3447=CIRCLE('',#3446,5.25E-1);
#3460=CIRCLE('',#3459,5.25E-1);
#3465=CIRCLE('',#3464,5.25E-1);
#3470=CIRCLE('',#3469,5.25E-1);
#3475=CIRCLE('',#3474,5.25E-1);
#4531=EDGE_CURVE('',#3478,#3479,#75,.T.);
#4533=EDGE_CURVE('',#3481,#3478,#70,.T.);
#4535=EDGE_CURVE('',#3483,#3481,#2379,.T.);
#4537=EDGE_CURVE('',#3485,#3483,#1540,.T.);
#4539=EDGE_CURVE('',#3485,#3479,#65,.T.);
#4543=ADVANCED_FACE('',(#4542),#4530,.F.);
#4549=EDGE_CURVE('',#3488,#3489,#109,.T.);
#4551=EDGE_CURVE('',#3491,#3488,#104,.T.);
#4553=EDGE_CURVE('',#3481,#3491,#2393,.T.);
#4557=EDGE_CURVE('',#3479,#3489,#79,.T.);
#4561=ADVANCED_FACE('',(#4560),#4548,.F.);
#4567=EDGE_CURVE('',#3494,#3495,#84,.T.);
#4569=EDGE_CURVE('',#3495,#3494,#89,.T.);
#4573=EDGE_CURVE('',#3489,#3497,#94,.T.);
#4575=EDGE_CURVE('',#3497,#3491,#99,.T.);
#4581=ADVANCED_FACE('',(#4572,#4580),#4566,.F.);
#4588=EDGE_CURVE('',#3499,#3494,#117,.T.);
#4590=EDGE_CURVE('',#3501,#3499,#263,.T.);
#4592=EDGE_CURVE('',#3501,#3495,#113,.T.);
#4596=ADVANCED_FACE('',(#4595),#4586,.T.);
#4604=EDGE_CURVE('',#3499,#3501,#268,.T.);
#4609=ADVANCED_FACE('',(#4608),#4601,.T.);
#4615=EDGE_CURVE('',#3504,#3505,#121,.T.);
#4617=EDGE_CURVE('',#3505,#3507,#125,.T.);
#4619=EDGE_CURVE('',#3507,#3509,#130,.T.);
#4621=EDGE_CURVE('',#3509,#3511,#134,.T.);
#4623=EDGE_CURVE('',#3511,#3513,#139,.T.);
#4625=EDGE_CURVE('',#3513,#3515,#144,.T.);
#4627=EDGE_CURVE('',#3515,#3517,#148,.T.);
#4629=EDGE_CURVE('',#3517,#3519,#153,.T.);
#4631=EDGE_CURVE('',#3519,#3521,#157,.T.);
#4633=EDGE_CURVE('',#3521,#3523,#161,.T.);
#4635=EDGE_CURVE('',#3523,#3525,#165,.T.);
#4637=EDGE_CURVE('',#3525,#3527,#170,.T.);
#4639=EDGE_CURVE('',#3527,#3529,#174,.T.);
#4641=EDGE_CURVE('',#3529,#3531,#178,.T.);
#4643=EDGE_CURVE('',#3531,#3533,#182,.T.);
#4645=EDGE_CURVE('',#3533,#3535,#187,.T.);
#4647=EDGE_CURVE('',#3535,#3537,#192,.T.);
#4649=EDGE_CURVE('',#3537,#3539,#196,.T.);
#4651=EDGE_CURVE('',#3539,#3541,#201,.T.);
#4653=EDGE_CURVE('',#3541,#3543,#206,.T.);
#4655=EDGE_CURVE('',#3543,#3545,#210,.T.);
#4657=EDGE_CURVE('',#3545,#3547,#215,.T.);
#4659=EDGE_CURVE('',#3547,#3549,#220,.T.);
#4661=EDGE_CURVE('',#3549,#3551,#224,.T.);
#4663=EDGE_CURVE('',#3551,#3553,#228,.T.);
#4665=EDGE_CURVE('',#3553,#3555,#232,.T.);
#4667=EDGE_CURVE('',#3555,#3557,#237,.T.);
#4669=EDGE_CURVE('',#3557,#3559,#241,.T.);
#4671=EDGE_CURVE('',#3559,#3561,#245,.T.);
#4673=EDGE_CURVE('',#3561,#3563,#249,.T.);
#4675=EDGE_CURVE('',#3563,#3565,#254,.T.);
#4677=EDGE_CURVE('',#3565,#3504,#258,.T.);
#4685=EDGE_CURVE('',#3568,#3569,#273,.T.);
#4687=EDGE_CURVE('',#3569,#3568,#278,.T.);
#4691=EDGE_CURVE('',#3572,#3573,#283,.T.);
#4693=EDGE_CURVE('',#3573,#3572,#288,.T.);
#4697=ADVANCED_FACE('',(#4680,#4684,#4690,#4696),#4614,.T.);
#4703=EDGE_CURVE('',#3576,#3577,#292,.T.);
#4705=EDGE_CURVE('',#3505,#3577,#1387,.T.);
#4708=EDGE_CURVE('',#3504,#3579,#296,.T.);
#4710=EDGE_CURVE('',#3579,#3581,#300,.T.);
#4712=EDGE_CURVE('',#3583,#3581,#444,.T.);
#4714=EDGE_CURVE('',#3583,#3585,#304,.T.);
#4716=EDGE_CURVE('',#3585,#3576,#308,.T.);
#4720=ADVANCED_FACE('',(#4719),#4702,.F.);
#4727=EDGE_CURVE('',#3587,#3576,#412,.T.);
#4729=EDGE_CURVE('',#3587,#3589,#312,.T.);
#4731=EDGE_CURVE('',#3589,#3591,#316,.T.);
#4733=EDGE_CURVE('',#3591,#3593,#320,.T.);
#4735=EDGE_CURVE('',#3595,#3593,#1403,.T.);
#4737=EDGE_CURVE('',#3597,#3595,#1335,.T.);
#4739=EDGE_CURVE('',#3599,#3597,#1347,.T.);
#4741=EDGE_CURVE('',#3599,#3601,#325,.T.);
#4743=EDGE_CURVE('',#3603,#3601,#1359,.T.);
#4745=EDGE_CURVE('',#3603,#3605,#330,.T.);
#4747=EDGE_CURVE('',#3605,#3607,#335,.T.);
#4749=EDGE_CURVE('',#3609,#3607,#1371,.T.);
#4751=EDGE_CURVE('',#3609,#3611,#340,.T.);
#4753=EDGE_CURVE('',#3577,#3611,#1383,.T.);
#4757=EDGE_CURVE('',#3617,#3614,#345,.T.);
#4759=EDGE_CURVE('',#3614,#3615,#350,.T.);
#4761=EDGE_CURVE('',#3615,#3619,#355,.T.);
#4763=EDGE_CURVE('',#3619,#3617,#360,.T.);
#4767=EDGE_CURVE('',#3625,#3622,#365,.T.);
#4769=EDGE_CURVE('',#3622,#3623,#370,.T.);
#4771=EDGE_CURVE('',#3623,#3627,#375,.T.);
#4773=EDGE_CURVE('',#3627,#3625,#380,.T.);
#4777=EDGE_CURVE('',#3633,#3630,#385,.T.);
#4779=EDGE_CURVE('',#3630,#3631,#390,.T.);
#4781=EDGE_CURVE('',#3631,#3635,#395,.T.);
#4783=EDGE_CURVE('',#3635,#3633,#400,.T.);
#4787=ADVANCED_FACE('',(#4756,#4766,#4776,#4786),#4725,.F.);
#4793=EDGE_CURVE('',#3638,#3639,#404,.T.);
#4795=EDGE_CURVE('',#3641,#3639,#3221,.T.);
#4797=EDGE_CURVE('',#3641,#3587,#408,.T.);
#4801=EDGE_CURVE('',#3585,#3643,#416,.T.);
#4803=EDGE_CURVE('',#3638,#3643,#424,.T.);
#4807=ADVANCED_FACE('',(#4806),#4792,.T.);
#4814=EDGE_CURVE('',#3638,#3645,#420,.T.);
#4816=EDGE_CURVE('',#3647,#3645,#436,.T.);
#4818=EDGE_CURVE('',#3639,#3647,#3209,.T.);
#4822=ADVANCED_FACE('',(#4821),#4812,.T.);
#4830=EDGE_CURVE('',#3643,#3649,#428,.T.);
#4832=EDGE_CURVE('',#3645,#3649,#440,.T.);
#4836=ADVANCED_FACE('',(#4835),#4827,.T.);
#4842=EDGE_CURVE('',#3583,#3649,#432,.T.);
#4849=ADVANCED_FACE('',(#4848),#4841,.F.);
#4859=EDGE_CURVE('',#3581,#3651,#448,.T.);
#4861=EDGE_CURVE('',#3653,#3651,#554,.T.);
#4863=EDGE_CURVE('',#3647,#3653,#3213,.T.);
#4867=ADVANCED_FACE('',(#4866),#4854,.T.);
#4873=EDGE_CURVE('',#3656,#3657,#505,.T.);
#4875=EDGE_CURVE('',#3656,#3659,#452,.T.);
#4877=EDGE_CURVE('',#3659,#3651,#456,.T.);
#4881=EDGE_CURVE('',#3661,#3579,#3391,.T.);
#4883=EDGE_CURVE('',#3661,#3663,#461,.T.);
#4885=EDGE_CURVE('',#3657,#3663,#3375,.T.);
#4889=EDGE_CURVE('',#3669,#3666,#466,.T.);
#4891=EDGE_CURVE('',#3666,#3667,#471,.T.);
#4893=EDGE_CURVE('',#3667,#3671,#476,.T.);
#4895=EDGE_CURVE('',#3671,#3669,#481,.T.);
#4899=ADVANCED_FACE('',(#4888,#4898),#4872,.F.);
#4905=EDGE_CURVE('',#3559,#3673,#485,.T.);
#4907=EDGE_CURVE('',#3673,#3675,#489,.T.);
#4909=EDGE_CURVE('',#3677,#3675,#546,.T.);
#4911=EDGE_CURVE('',#3679,#3677,#3273,.T.);
#4913=EDGE_CURVE('',#3679,#3681,#493,.T.);
#4915=EDGE_CURVE('',#3681,#3683,#497,.T.);
#4917=EDGE_CURVE('',#3685,#3683,#3249,.T.);
#4919=EDGE_CURVE('',#3687,#3685,#3237,.T.);
#4921=EDGE_CURVE('',#3687,#3656,#501,.T.);
#4924=EDGE_CURVE('',#3561,#3657,#3379,.T.);
#4929=ADVANCED_FACE('',(#4928),#4904,.F.);
#4935=EDGE_CURVE('',#3689,#3673,#509,.T.);
#4939=EDGE_CURVE('',#3689,#3557,#1170,.T.);
#4943=ADVANCED_FACE('',(#4942),#4934,.F.);
#4949=EDGE_CURVE('',#3675,#3691,#542,.T.);
#4953=EDGE_CURVE('',#3689,#3693,#514,.T.);
#4955=EDGE_CURVE('',#3695,#3693,#1162,.T.);
#4957=EDGE_CURVE('',#3697,#3695,#1142,.T.);
#4959=EDGE_CURVE('',#3699,#3697,#2645,.T.);
#4961=EDGE_CURVE('',#3699,#3691,#518,.T.);
#4965=EDGE_CURVE('',#3705,#3702,#523,.T.);
#4967=EDGE_CURVE('',#3702,#3703,#528,.T.);
#4969=EDGE_CURVE('',#3703,#3707,#533,.T.);
#4971=EDGE_CURVE('',#3707,#3705,#538,.T.);
#4975=ADVANCED_FACE('',(#4964,#4974),#4948,.F.);
#4982=EDGE_CURVE('',#3709,#3691,#562,.T.);
#4984=EDGE_CURVE('',#3677,#3709,#3277,.T.);
#4989=ADVANCED_FACE('',(#4988),#4980,.T.);
#4995=EDGE_CURVE('',#3712,#3713,#612,.T.);
#4997=EDGE_CURVE('',#3715,#3712,#3075,.T.);
#4999=EDGE_CURVE('',#3715,#3717,#550,.T.);
#5001=EDGE_CURVE('',#3589,#3717,#2769,.T.);
#5005=EDGE_CURVE('',#3653,#3641,#3217,.T.);
#5009=EDGE_CURVE('',#3719,#3659,#3225,.T.);
#5011=EDGE_CURVE('',#3721,#3719,#3229,.T.);
#5013=EDGE_CURVE('',#3721,#3723,#558,.T.);
#5015=EDGE_CURVE('',#3725,#3723,#3257,.T.);
#5017=EDGE_CURVE('',#3727,#3725,#3261,.T.);
#5019=EDGE_CURVE('',#3709,#3727,#3265,.T.);
#5023=EDGE_CURVE('',#3729,#3699,#2641,.T.);
#5025=EDGE_CURVE('',#3731,#3729,#2661,.T.);
#5027=EDGE_CURVE('',#3731,#3733,#566,.T.);
#5029=EDGE_CURVE('',#3735,#3733,#1078,.T.);
#5031=EDGE_CURVE('',#3735,#3737,#570,.T.);
#5033=EDGE_CURVE('',#3737,#3739,#574,.T.);
#5035=EDGE_CURVE('',#3739,#3713,#578,.T.);
#5039=EDGE_CURVE('',#3742,#3743,#583,.T.);
#5041=EDGE_CURVE('',#3743,#3742,#588,.T.);
#5045=EDGE_CURVE('',#3746,#3747,#593,.T.);
#5047=EDGE_CURVE('',#3747,#3746,#598,.T.);
#5051=EDGE_CURVE('',#3750,#3751,#603,.T.);
#5053=EDGE_CURVE('',#3751,#3750,#608,.T.);
#5057=ADVANCED_FACE('',(#5038,#5044,#5050,#5056),#4994,.T.);
#5063=EDGE_CURVE('',#3754,#3755,#620,.T.);
#5065=EDGE_CURVE('',#3712,#3754,#3079,.T.);
#5068=EDGE_CURVE('',#3713,#3755,#616,.T.);
#5072=ADVANCED_FACE('',(#5071),#5062,.F.);
#5078=EDGE_CURVE('',#3758,#3759,#624,.T.);
#5080=EDGE_CURVE('',#3754,#3758,#3083,.T.);
#5083=EDGE_CURVE('',#3759,#3755,#683,.T.);
#5087=ADVANCED_FACE('',(#5086),#5077,.T.);
#5093=EDGE_CURVE('',#3762,#3763,#644,.T.);
#5095=EDGE_CURVE('',#3765,#3762,#2932,.T.);
#5097=EDGE_CURVE('',#3767,#3765,#2905,.T.);
#5099=EDGE_CURVE('',#3769,#3767,#2887,.T.);
#5101=EDGE_CURVE('',#3771,#3769,#2879,.T.);
#5103=EDGE_CURVE('',#3773,#3771,#2862,.T.);
#5105=EDGE_CURVE('',#3758,#3773,#3071,.T.);
#5108=EDGE_CURVE('',#3759,#3775,#628,.T.);
#5110=EDGE_CURVE('',#3775,#3777,#632,.T.);
#5112=EDGE_CURVE('',#3779,#3777,#658,.T.);
#5114=EDGE_CURVE('',#3779,#3763,#636,.T.);
#5118=ADVANCED_FACE('',(#5117),#5092,.F.);
#5124=EDGE_CURVE('',#3781,#3763,#654,.T.);
#5126=EDGE_CURVE('',#3781,#3783,#640,.T.);
#5128=EDGE_CURVE('',#3762,#3783,#2976,.T.);
#5133=ADVANCED_FACE('',(#5132),#5123,.F.);
#5140=EDGE_CURVE('',#3779,#3785,#649,.T.);
#5142=EDGE_CURVE('',#3781,#3785,#748,.T.);
#5147=ADVANCED_FACE('',(#5146),#5138,.F.);
#5154=EDGE_CURVE('',#3787,#3777,#679,.T.);
#5156=EDGE_CURVE('',#3787,#3785,#662,.T.);
#5161=ADVANCED_FACE('',(#5160),#5152,.T.);
#5168=EDGE_CURVE('',#3775,#3739,#666,.T.);
#5171=EDGE_CURVE('',#3789,#3737,#692,.T.);
#5173=EDGE_CURVE('',#3789,#3791,#670,.T.);
#5175=EDGE_CURVE('',#3791,#3787,#674,.T.);
#5180=ADVANCED_FACE('',(#5179),#5166,.T.);
#5193=ADVANCED_FACE('',(#5192),#5185,.F.);
#5199=EDGE_CURVE('',#3794,#3795,#688,.T.);
#5201=EDGE_CURVE('',#3797,#3795,#3201,.T.);
#5203=EDGE_CURVE('',#3789,#3797,#3185,.T.);
#5207=EDGE_CURVE('',#3799,#3735,#1074,.T.);
#5209=EDGE_CURVE('',#3799,#3801,#696,.T.);
#5211=EDGE_CURVE('',#3801,#3803,#700,.T.);
#5213=EDGE_CURVE('',#3803,#3805,#704,.T.);
#5215=EDGE_CURVE('',#3807,#3805,#846,.T.);
#5217=EDGE_CURVE('',#3807,#3809,#709,.T.);
#5219=EDGE_CURVE('',#3809,#3811,#713,.T.);
#5221=EDGE_CURVE('',#3811,#3813,#718,.T.);
#5223=EDGE_CURVE('',#3813,#3794,#722,.T.);
#5227=ADVANCED_FACE('',(#5226),#5198,.T.);
#5234=EDGE_CURVE('',#3794,#3815,#726,.T.);
#5236=EDGE_CURVE('',#3815,#3816,#732,.T.);
#5238=EDGE_CURVE('',#3816,#3795,#736,.T.);
#5242=ADVANCED_FACE('',(#5241),#5232,.T.);
#5248=EDGE_CURVE('',#3819,#3820,#752,.T.);
#5250=EDGE_CURVE('',#3819,#3815,#740,.T.);
#5254=EDGE_CURVE('',#3820,#3813,#824,.T.);
#5258=ADVANCED_FACE('',(#5257),#5247,.F.);
#5264=EDGE_CURVE('',#3823,#3824,#744,.T.);
#5266=EDGE_CURVE('',#3826,#3824,#2963,.T.);
#5268=EDGE_CURVE('',#3783,#3826,#2971,.T.);
#5274=EDGE_CURVE('',#3828,#3791,#3181,.T.);
#5276=EDGE_CURVE('',#3819,#3828,#3205,.T.);
#5279=EDGE_CURVE('',#3820,#3830,#757,.T.);
#5281=EDGE_CURVE('',#3830,#3832,#761,.T.);
#5283=EDGE_CURVE('',#3834,#3832,#816,.T.);
#5285=EDGE_CURVE('',#3834,#3836,#765,.T.);
#5287=EDGE_CURVE('',#3836,#3838,#769,.T.);
#5289=EDGE_CURVE('',#3823,#3838,#787,.T.);
#5293=ADVANCED_FACE('',(#5292),#5263,.F.);
#5300=EDGE_CURVE('',#3823,#3840,#774,.T.);
#5302=EDGE_CURVE('',#3840,#3842,#778,.T.);
#5304=EDGE_CURVE('',#3842,#3824,#783,.T.);
#5308=ADVANCED_FACE('',(#5307),#5298,.F.);
#5315=EDGE_CURVE('',#3844,#3838,#808,.T.);
#5317=EDGE_CURVE('',#3844,#3840,#791,.T.);
#5322=ADVANCED_FACE('',(#5321),#5313,.T.);
#5329=EDGE_CURVE('',#3836,#3803,#795,.T.);
#5332=EDGE_CURVE('',#3846,#3801,#882,.T.);
#5334=EDGE_CURVE('',#3846,#3848,#799,.T.);
#5336=EDGE_CURVE('',#3848,#3844,#803,.T.);
#5341=ADVANCED_FACE('',(#5340),#5327,.T.);
#5348=EDGE_CURVE('',#3834,#3850,#812,.T.);
#5350=EDGE_CURVE('',#3805,#3850,#850,.T.);
#5356=ADVANCED_FACE('',(#5355),#5346,.F.);
#5363=EDGE_CURVE('',#3852,#3832,#820,.T.);
#5365=EDGE_CURVE('',#3853,#3852,#834,.T.);
#5367=EDGE_CURVE('',#3850,#3853,#854,.T.);
#5372=ADVANCED_FACE('',(#5371),#5361,.T.);
#5379=EDGE_CURVE('',#3811,#3830,#828,.T.);
#5382=EDGE_CURVE('',#3852,#3809,#838,.T.);
#5387=ADVANCED_FACE('',(#5386),#5377,.F.);
#5399=ADVANCED_FACE('',(#5398),#5392,.F.);
#5408=EDGE_CURVE('',#3807,#3853,#842,.T.);
#5412=ADVANCED_FACE('',(#5411),#5404,.T.);
#5424=ADVANCED_FACE('',(#5423),#5417,.F.);
#5430=EDGE_CURVE('',#3856,#3857,#928,.T.);
#5432=EDGE_CURVE('',#3856,#3859,#858,.T.);
#5434=EDGE_CURVE('',#3861,#3859,#1279,.T.);
#5436=EDGE_CURVE('',#3863,#3861,#1415,.T.);
#5438=EDGE_CURVE('',#3863,#3865,#862,.T.);
#5440=EDGE_CURVE('',#3865,#3593,#866,.T.);
#5443=EDGE_CURVE('',#3591,#3867,#870,.T.);
#5445=EDGE_CURVE('',#3867,#3869,#874,.T.);
#5447=EDGE_CURVE('',#3869,#3871,#878,.T.);
#5449=EDGE_CURVE('',#3873,#3871,#2830,.T.);
#5451=EDGE_CURVE('',#3846,#3873,#2818,.T.);
#5455=EDGE_CURVE('',#3875,#3799,#1070,.T.);
#5457=EDGE_CURVE('',#3877,#3875,#1016,.T.);
#5459=EDGE_CURVE('',#3877,#3879,#886,.T.);
#5461=EDGE_CURVE('',#3879,#3881,#890,.T.);
#5463=EDGE_CURVE('',#3883,#3881,#988,.T.);
#5465=EDGE_CURVE('',#3885,#3883,#980,.T.);
#5467=EDGE_CURVE('',#3887,#3885,#964,.T.);
#5469=EDGE_CURVE('',#3887,#3889,#894,.T.);
#5471=EDGE_CURVE('',#3891,#3889,#952,.T.);
#5473=EDGE_CURVE('',#3857,#3891,#944,.T.);
#5477=EDGE_CURVE('',#3894,#3895,#899,.T.);
#5479=EDGE_CURVE('',#3895,#3894,#904,.T.);
#5483=EDGE_CURVE('',#3898,#3899,#909,.T.);
#5485=EDGE_CURVE('',#3899,#3898,#914,.T.);
#5489=EDGE_CURVE('',#3902,#3903,#919,.T.);
#5491=EDGE_CURVE('',#3903,#3902,#924,.T.);
#5495=ADVANCED_FACE('',(#5476,#5482,#5488,#5494),#5429,.T.);
#5502=EDGE_CURVE('',#3857,#3905,#932,.T.);
#5504=EDGE_CURVE('',#3905,#3907,#936,.T.);
#5506=EDGE_CURVE('',#3907,#3856,#940,.T.);
#5510=ADVANCED_FACE('',(#5509),#5500,.T.);
#5516=EDGE_CURVE('',#3909,#3891,#948,.T.);
#5518=EDGE_CURVE('',#3905,#3909,#1254,.T.);
#5524=ADVANCED_FACE('',(#5523),#5515,.T.);
#5532=EDGE_CURVE('',#3911,#3889,#956,.T.);
#5534=EDGE_CURVE('',#3909,#3911,#1222,.T.);
#5538=ADVANCED_FACE('',(#5537),#5529,.F.);
#5546=EDGE_CURVE('',#3913,#3887,#976,.T.);
#5548=EDGE_CURVE('',#3913,#3911,#960,.T.);
#5552=ADVANCED_FACE('',(#5551),#5543,.T.);
#5559=EDGE_CURVE('',#3885,#3915,#968,.T.);
#5561=EDGE_CURVE('',#3915,#3913,#972,.T.);
#5566=ADVANCED_FACE('',(#5565),#5557,.T.);
#5572=EDGE_CURVE('',#3917,#3883,#984,.T.);
#5574=EDGE_CURVE('',#3915,#3917,#1226,.T.);
#5580=ADVANCED_FACE('',(#5579),#5571,.T.);
#5588=EDGE_CURVE('',#3919,#3881,#1004,.T.);
#5590=EDGE_CURVE('',#3917,#3919,#1230,.T.);
#5594=ADVANCED_FACE('',(#5593),#5585,.F.);
#5600=EDGE_CURVE('',#3922,#3923,#992,.T.);
#5602=EDGE_CURVE('',#3923,#3925,#996,.T.);
#5604=EDGE_CURVE('',#3927,#3925,#1258,.T.);
#5606=EDGE_CURVE('',#3927,#3919,#1000,.T.);
#5610=EDGE_CURVE('',#3922,#3879,#1032,.T.);
#5614=ADVANCED_FACE('',(#5613),#5599,.T.);
#5620=EDGE_CURVE('',#3930,#3931,#1012,.T.);
#5622=EDGE_CURVE('',#3930,#3923,#1008,.T.);
#5625=EDGE_CURVE('',#3931,#3922,#1028,.T.);
#5629=ADVANCED_FACE('',(#5628),#5619,.T.);
#5636=EDGE_CURVE('',#3877,#3931,#1036,.T.);
#5639=EDGE_CURVE('',#3875,#3933,#1020,.T.);
#5641=EDGE_CURVE('',#3935,#3933,#1238,.T.);
#5643=EDGE_CURVE('',#3935,#3937,#1024,.T.);
#5645=EDGE_CURVE('',#3930,#3937,#1262,.T.);
#5649=ADVANCED_FACE('',(#5648),#5634,.T.);
#5661=ADVANCED_FACE('',(#5660),#5654,.T.);
#5667=EDGE_CURVE('',#3940,#3941,#1150,.T.);
#5669=EDGE_CURVE('',#3943,#3940,#1178,.T.);
#5671=EDGE_CURVE('',#3943,#3945,#1041,.T.);
#5673=EDGE_CURVE('',#3945,#3947,#1046,.T.);
#5675=EDGE_CURVE('',#3949,#3947,#1190,.T.);
#5677=EDGE_CURVE('',#3949,#3951,#1051,.T.);
#5679=EDGE_CURVE('',#3951,#3953,#1056,.T.);
#5681=EDGE_CURVE('',#3955,#3953,#1202,.T.);
#5683=EDGE_CURVE('',#3955,#3957,#1061,.T.);
#5685=EDGE_CURVE('',#3957,#3959,#1066,.T.);
#5687=EDGE_CURVE('',#3961,#3959,#1214,.T.);
#5689=EDGE_CURVE('',#3933,#3961,#1242,.T.);
#5695=EDGE_CURVE('',#3941,#3733,#2629,.T.);
#5699=EDGE_CURVE('',#3967,#3964,#1083,.T.);
#5701=EDGE_CURVE('',#3964,#3965,#1088,.T.);
#5703=EDGE_CURVE('',#3965,#3969,#1093,.T.);
#5705=EDGE_CURVE('',#3969,#3967,#1098,.T.);
#5709=EDGE_CURVE('',#3975,#3972,#1103,.T.);
#5711=EDGE_CURVE('',#3972,#3973,#1108,.T.);
#5713=EDGE_CURVE('',#3973,#3977,#1113,.T.);
#5715=EDGE_CURVE('',#3977,#3975,#1118,.T.);
#5719=EDGE_CURVE('',#3983,#3980,#1123,.T.);
#5721=EDGE_CURVE('',#3980,#3981,#1128,.T.);
#5723=EDGE_CURVE('',#3981,#3985,#1133,.T.);
#5725=EDGE_CURVE('',#3985,#3983,#1138,.T.);
#5729=ADVANCED_FACE('',(#5698,#5708,#5718,#5728),#5666,.F.);
#5736=EDGE_CURVE('',#3553,#3695,#1166,.T.);
#5739=EDGE_CURVE('',#3551,#3940,#1146,.T.);
#5742=EDGE_CURVE('',#3987,#3941,#2625,.T.);
#5744=EDGE_CURVE('',#3987,#3989,#1154,.T.);
#5746=EDGE_CURVE('',#3989,#3697,#1158,.T.);
#5750=ADVANCED_FACE('',(#5749),#5734,.F.);
#5757=EDGE_CURVE('',#3555,#3693,#1174,.T.);
#5763=ADVANCED_FACE('',(#5762),#5755,.F.);
#5775=ADVANCED_FACE('',(#5774),#5768,.T.);
#5784=EDGE_CURVE('',#3943,#3549,#1182,.T.);
#5788=ADVANCED_FACE('',(#5787),#5780,.F.);
#5799=EDGE_CURVE('',#3545,#3947,#1186,.T.);
#5803=ADVANCED_FACE('',(#5802),#5793,.T.);
#5812=EDGE_CURVE('',#3949,#3543,#1194,.T.);
#5816=ADVANCED_FACE('',(#5815),#5808,.F.);
#5827=EDGE_CURVE('',#3539,#3953,#1198,.T.);
#5831=ADVANCED_FACE('',(#5830),#5821,.T.);
#5840=EDGE_CURVE('',#3955,#3537,#1206,.T.);
#5844=ADVANCED_FACE('',(#5843),#5836,.F.);
#5855=EDGE_CURVE('',#3533,#3959,#1210,.T.);
#5859=ADVANCED_FACE('',(#5858),#5849,.T.);
#5868=EDGE_CURVE('',#3531,#3961,#1218,.T.);
#5872=ADVANCED_FACE('',(#5871),#5864,.F.);
#5884=EDGE_CURVE('',#3927,#3935,#1234,.T.);
#5890=EDGE_CURVE('',#3529,#3991,#1246,.T.);
#5892=EDGE_CURVE('',#3991,#3993,#1250,.T.);
#5894=EDGE_CURVE('',#3907,#3993,#1307,.T.);
#5900=ADVANCED_FACE('',(#5899),#5877,.F.);
#5907=EDGE_CURVE('',#3937,#3925,#1266,.T.);
#5913=ADVANCED_FACE('',(#5912),#5905,.F.);
#5925=ADVANCED_FACE('',(#5924),#5918,.T.);
#5931=EDGE_CURVE('',#3995,#3991,#1270,.T.);
#5935=EDGE_CURVE('',#3995,#3527,#1311,.T.);
#5939=ADVANCED_FACE('',(#5938),#5930,.F.);
#5945=EDGE_CURVE('',#3993,#3859,#1303,.T.);
#5949=EDGE_CURVE('',#3995,#3997,#1275,.T.);
#5951=EDGE_CURVE('',#3999,#3997,#1319,.T.);
#5953=EDGE_CURVE('',#4001,#3999,#1327,.T.);
#5955=EDGE_CURVE('',#3861,#4001,#1419,.T.);
#5960=EDGE_CURVE('',#4007,#4004,#1284,.T.);
#5962=EDGE_CURVE('',#4004,#4005,#1289,.T.);
#5964=EDGE_CURVE('',#4005,#4009,#1294,.T.);
#5966=EDGE_CURVE('',#4009,#4007,#1299,.T.);
#5970=ADVANCED_FACE('',(#5959,#5969),#5944,.F.);
#5982=ADVANCED_FACE('',(#5981),#5975,.T.);
#5991=EDGE_CURVE('',#3525,#3997,#1315,.T.);
#5995=ADVANCED_FACE('',(#5994),#5987,.T.);
#6004=EDGE_CURVE('',#3523,#3999,#1323,.T.);
#6008=ADVANCED_FACE('',(#6007),#6000,.F.);
#6017=EDGE_CURVE('',#3521,#3597,#1331,.T.);
#6020=EDGE_CURVE('',#4011,#3595,#1399,.T.);
#6022=EDGE_CURVE('',#4011,#4013,#1339,.T.);
#6024=EDGE_CURVE('',#4013,#4001,#1343,.T.);
#6028=ADVANCED_FACE('',(#6027),#6013,.F.);
#6037=EDGE_CURVE('',#3599,#3519,#1351,.T.);
#6041=ADVANCED_FACE('',(#6040),#6033,.F.);
#6050=EDGE_CURVE('',#3517,#3601,#1355,.T.);
#6054=ADVANCED_FACE('',(#6053),#6046,.T.);
#6063=EDGE_CURVE('',#3603,#3515,#1363,.T.);
#6067=ADVANCED_FACE('',(#6066),#6059,.F.);
#6078=EDGE_CURVE('',#3511,#3607,#1367,.T.);
#6082=ADVANCED_FACE('',(#6081),#6072,.T.);
#6091=EDGE_CURVE('',#3609,#3509,#1375,.T.);
#6095=ADVANCED_FACE('',(#6094),#6087,.F.);
#6104=EDGE_CURVE('',#3507,#3611,#1379,.T.);
#6108=ADVANCED_FACE('',(#6107),#6100,.T.);
#6120=ADVANCED_FACE('',(#6119),#6113,.F.);
#6126=EDGE_CURVE('',#4016,#4017,#1391,.T.);
#6128=EDGE_CURVE('',#4017,#4019,#1395,.T.);
#6130=EDGE_CURVE('',#4011,#4019,#1439,.T.);
#6135=EDGE_CURVE('',#4016,#3865,#1431,.T.);
#6139=ADVANCED_FACE('',(#6138),#6125,.T.);
#6145=EDGE_CURVE('',#4022,#4023,#1411,.T.);
#6147=EDGE_CURVE('',#4022,#4017,#1407,.T.);
#6150=EDGE_CURVE('',#4023,#4016,#1427,.T.);
#6154=ADVANCED_FACE('',(#6153),#6144,.T.);
#6161=EDGE_CURVE('',#3863,#4023,#1435,.T.);
#6166=EDGE_CURVE('',#4013,#4025,#1423,.T.);
#6168=EDGE_CURVE('',#4022,#4025,#1443,.T.);
#6172=ADVANCED_FACE('',(#6171),#6159,.T.);
#6184=ADVANCED_FACE('',(#6183),#6177,.T.);
#6191=EDGE_CURVE('',#4025,#4019,#1447,.T.);
#6197=ADVANCED_FACE('',(#6196),#6189,.F.);
#6209=ADVANCED_FACE('',(#6208),#6202,.T.);
#6217=EDGE_CURVE('',#4027,#4007,#1475,.T.);
#6219=EDGE_CURVE('',#4027,#4030,#1452,.T.);
#6221=EDGE_CURVE('',#4030,#4031,#1457,.T.);
#6223=EDGE_CURVE('',#4031,#4005,#1461,.T.);
#6227=ADVANCED_FACE('',(#6226),#6214,.F.);
#6236=EDGE_CURVE('',#4031,#4033,#1466,.T.);
#6238=EDGE_CURVE('',#4033,#4027,#1471,.T.);
#6243=ADVANCED_FACE('',(#6242),#6232,.F.);
#6251=EDGE_CURVE('',#4035,#4031,#1483,.T.);
#6253=EDGE_CURVE('',#4037,#4035,#1580,.T.);
#6255=EDGE_CURVE('',#4037,#4027,#1479,.T.);
#6259=ADVANCED_FACE('',(#6258),#6248,.F.);
#6268=EDGE_CURVE('',#4035,#4037,#1585,.T.);
#6273=ADVANCED_FACE('',(#6272),#6264,.F.);
#6279=EDGE_CURVE('',#4040,#4041,#1607,.T.);
#6281=EDGE_CURVE('',#4040,#4043,#1487,.T.);
#6283=EDGE_CURVE('',#4043,#4045,#1491,.T.);
#6285=EDGE_CURVE('',#4047,#4045,#1962,.T.);
#6287=EDGE_CURVE('',#4047,#4049,#1496,.T.);
#6289=EDGE_CURVE('',#4051,#4049,#1935,.T.);
#6291=EDGE_CURVE('',#4051,#4053,#1501,.T.);
#6293=EDGE_CURVE('',#4055,#4053,#1912,.T.);
#6295=EDGE_CURVE('',#4057,#4055,#1879,.T.);
#6297=EDGE_CURVE('',#4057,#4059,#1505,.T.);
#6299=EDGE_CURVE('',#4059,#4061,#1509,.T.);
#6301=EDGE_CURVE('',#4063,#4061,#1846,.T.);
#6303=EDGE_CURVE('',#4065,#4063,#1813,.T.);
#6305=EDGE_CURVE('',#4065,#4067,#1513,.T.);
#6307=EDGE_CURVE('',#4067,#4069,#1517,.T.);
#6309=EDGE_CURVE('',#4071,#4069,#1780,.T.);
#6311=EDGE_CURVE('',#4071,#4073,#1522,.T.);
#6313=EDGE_CURVE('',#4075,#4073,#1753,.T.);
#6315=EDGE_CURVE('',#4075,#4077,#1527,.T.);
#6317=EDGE_CURVE('',#4079,#4077,#1730,.T.);
#6319=EDGE_CURVE('',#4081,#4079,#1697,.T.);
#6321=EDGE_CURVE('',#4081,#4083,#1531,.T.);
#6323=EDGE_CURVE('',#4083,#4085,#1535,.T.);
#6325=EDGE_CURVE('',#4041,#4085,#1660,.T.);
#6330=EDGE_CURVE('',#3483,#3485,#1545,.T.);
#6334=EDGE_CURVE('',#4088,#4089,#1550,.T.);
#6336=EDGE_CURVE('',#4089,#4088,#1555,.T.);
#6340=EDGE_CURVE('',#4092,#4093,#1560,.T.);
#6342=EDGE_CURVE('',#4093,#4092,#1565,.T.);
#6346=EDGE_CURVE('',#4096,#4097,#1570,.T.);
#6348=EDGE_CURVE('',#4097,#4096,#1575,.T.);
#6356=EDGE_CURVE('',#4100,#4101,#1590,.T.);
#6358=EDGE_CURVE('',#4101,#4100,#1595,.T.);
#6362=ADVANCED_FACE('',(#6328,#6333,#6339,#6345,#6351,#6355,#6361),#6278,.T.);
#6375=EDGE_CURVE('',#4104,#4105,#1616,.T.);
#6377=EDGE_CURVE('',#4107,#4104,#1991,.T.);
#6379=EDGE_CURVE('',#4107,#4109,#1599,.T.);
#6381=EDGE_CURVE('',#4109,#4040,#1603,.T.);
#6384=EDGE_CURVE('',#4041,#4111,#1612,.T.);
#6386=EDGE_CURVE('',#4105,#4111,#1624,.T.);
#6390=ADVANCED_FACE('',(#6389),#6374,.F.);
#6397=EDGE_CURVE('',#4113,#4105,#1620,.T.);
#6399=EDGE_CURVE('',#4115,#4113,#1966,.T.);
#6401=EDGE_CURVE('',#4104,#4115,#1995,.T.);
#6405=ADVANCED_FACE('',(#6404),#6395,.T.);
#6413=EDGE_CURVE('',#4117,#4111,#1664,.T.);
#6415=EDGE_CURVE('',#4117,#4119,#1628,.T.);
#6417=EDGE_CURVE('',#4119,#4121,#1632,.T.);
#6419=EDGE_CURVE('',#4123,#4121,#1706,.T.);
#6421=EDGE_CURVE('',#4125,#4123,#1734,.T.);
#6423=EDGE_CURVE('',#4127,#4125,#2148,.T.);
#6425=EDGE_CURVE('',#4129,#4127,#2129,.T.);
#6427=EDGE_CURVE('',#4131,#4129,#2007,.T.);
#6429=EDGE_CURVE('',#4133,#4131,#1958,.T.);
#6431=EDGE_CURVE('',#4133,#4113,#1636,.T.);
#6435=EDGE_CURVE('',#4136,#4137,#1641,.T.);
#6437=EDGE_CURVE('',#4137,#4136,#1646,.T.);
#6441=EDGE_CURVE('',#4140,#4141,#1651,.T.);
#6443=EDGE_CURVE('',#4141,#4140,#1656,.T.);
#6447=ADVANCED_FACE('',(#6434,#6440,#6446),#6410,.T.);
#6462=EDGE_CURVE('',#4117,#4085,#1673,.T.);
#6467=ADVANCED_FACE('',(#6466),#6459,.T.);
#6480=EDGE_CURVE('',#4143,#4119,#1668,.T.);
#6485=EDGE_CURVE('',#4083,#4145,#1677,.T.);
#6487=EDGE_CURVE('',#4147,#4145,#1722,.T.);
#6489=EDGE_CURVE('',#4147,#4143,#1681,.T.);
#6493=ADVANCED_FACE('',(#6492),#6479,.F.);
#6499=EDGE_CURVE('',#4149,#4121,#1685,.T.);
#6503=EDGE_CURVE('',#4149,#4143,#1714,.T.);
#6507=ADVANCED_FACE('',(#6506),#6498,.T.);
#6514=EDGE_CURVE('',#4151,#4149,#1710,.T.);
#6516=EDGE_CURVE('',#4151,#4153,#1689,.T.);
#6518=EDGE_CURVE('',#4153,#4081,#1693,.T.);
#6521=EDGE_CURVE('',#4079,#4123,#1702,.T.);
#6526=ADVANCED_FACE('',(#6525),#6512,.F.);
#6535=EDGE_CURVE('',#4147,#4151,#1718,.T.);
#6539=ADVANCED_FACE('',(#6538),#6531,.F.);
#6547=EDGE_CURVE('',#4153,#4145,#1726,.T.);
#6552=ADVANCED_FACE('',(#6551),#6544,.F.);
#6564=ADVANCED_FACE('',(#6563),#6557,.F.);
#6572=EDGE_CURVE('',#4125,#4077,#1749,.T.);
#6577=ADVANCED_FACE('',(#6576),#6569,.T.);
#6591=EDGE_CURVE('',#4075,#4155,#1739,.T.);
#6593=EDGE_CURVE('',#4155,#4125,#1744,.T.);
#6598=ADVANCED_FACE('',(#6597),#6589,.T.);
#6612=EDGE_CURVE('',#4157,#4073,#1772,.T.);
#6614=EDGE_CURVE('',#4157,#4155,#1757,.T.);
#6619=ADVANCED_FACE('',(#6618),#6610,.T.);
#6633=EDGE_CURVE('',#4071,#4159,#1762,.T.);
#6635=EDGE_CURVE('',#4159,#4157,#1767,.T.);
#6640=ADVANCED_FACE('',(#6639),#6631,.T.);
#6653=EDGE_CURVE('',#4161,#4069,#1789,.T.);
#6655=EDGE_CURVE('',#4161,#4159,#1776,.T.);
#6661=ADVANCED_FACE('',(#6660),#6652,.T.);
#6674=EDGE_CURVE('',#4164,#4165,#1784,.T.);
#6676=EDGE_CURVE('',#4161,#4165,#2035,.T.);
#6680=EDGE_CURVE('',#4067,#4167,#1793,.T.);
#6682=EDGE_CURVE('',#4169,#4167,#1834,.T.);
#6684=EDGE_CURVE('',#4169,#4164,#1797,.T.);
#6688=ADVANCED_FACE('',(#6687),#6673,.F.);
#6694=EDGE_CURVE('',#4172,#4173,#1801,.T.);
#6696=EDGE_CURVE('',#4165,#4173,#2019,.T.);
#6699=EDGE_CURVE('',#4172,#4164,#1826,.T.);
#6703=ADVANCED_FACE('',(#6702),#6693,.T.);
#6710=EDGE_CURVE('',#4175,#4172,#1822,.T.);
#6712=EDGE_CURVE('',#4175,#4177,#1805,.T.);
#6714=EDGE_CURVE('',#4177,#4065,#1809,.T.);
#6717=EDGE_CURVE('',#4063,#4179,#1818,.T.);
#6719=EDGE_CURVE('',#4173,#4179,#2023,.T.);
#6723=ADVANCED_FACE('',(#6722),#6708,.F.);
#6732=EDGE_CURVE('',#4175,#4169,#1830,.T.);
#6736=ADVANCED_FACE('',(#6735),#6728,.T.);
#6744=EDGE_CURVE('',#4177,#4167,#1838,.T.);
#6749=ADVANCED_FACE('',(#6748),#6741,.F.);
#6761=ADVANCED_FACE('',(#6760),#6754,.F.);
#6767=EDGE_CURVE('',#4181,#4061,#1855,.T.);
#6769=EDGE_CURVE('',#4181,#4179,#1842,.T.);
#6775=ADVANCED_FACE('',(#6774),#6766,.T.);
#6788=EDGE_CURVE('',#4184,#4185,#1850,.T.);
#6790=EDGE_CURVE('',#4181,#4185,#2027,.T.);
#6794=EDGE_CURVE('',#4059,#4187,#1859,.T.);
#6796=EDGE_CURVE('',#4189,#4187,#1904,.T.);
#6798=EDGE_CURVE('',#4189,#4184,#1863,.T.);
#6802=ADVANCED_FACE('',(#6801),#6787,.F.);
#6808=EDGE_CURVE('',#4192,#4193,#1867,.T.);
#6810=EDGE_CURVE('',#4185,#4193,#2031,.T.);
#6813=EDGE_CURVE('',#4192,#4184,#1896,.T.);
#6817=ADVANCED_FACE('',(#6816),#6807,.T.);
#6824=EDGE_CURVE('',#4195,#4192,#1892,.T.);
#6826=EDGE_CURVE('',#4195,#4197,#1871,.T.);
#6828=EDGE_CURVE('',#4197,#4057,#1875,.T.);
#6831=EDGE_CURVE('',#4055,#4199,#1884,.T.);
#6833=EDGE_CURVE('',#4199,#4193,#1888,.T.);
#6837=ADVANCED_FACE('',(#6836),#6822,.F.);
#6846=EDGE_CURVE('',#4195,#4189,#1900,.T.);
#6850=ADVANCED_FACE('',(#6849),#6842,.T.);
#6858=EDGE_CURVE('',#4197,#4187,#1908,.T.);
#6863=ADVANCED_FACE('',(#6862),#6855,.F.);
#6875=ADVANCED_FACE('',(#6874),#6868,.F.);
#6883=EDGE_CURVE('',#4201,#4053,#1931,.T.);
#6885=EDGE_CURVE('',#4201,#4199,#1916,.T.);
#6889=ADVANCED_FACE('',(#6888),#6880,.T.);
#6903=EDGE_CURVE('',#4051,#4203,#1921,.T.);
#6905=EDGE_CURVE('',#4203,#4201,#1926,.T.);
#6910=ADVANCED_FACE('',(#6909),#6901,.T.);
#6924=EDGE_CURVE('',#4205,#4049,#1954,.T.);
#6926=EDGE_CURVE('',#4205,#4203,#1939,.T.);
#6931=ADVANCED_FACE('',(#6930),#6922,.T.);
#6945=EDGE_CURVE('',#4047,#4131,#1944,.T.);
#6947=EDGE_CURVE('',#4131,#4205,#1949,.T.);
#6952=ADVANCED_FACE('',(#6951),#6943,.T.);
#6965=EDGE_CURVE('',#4133,#4045,#1971,.T.);
#6972=ADVANCED_FACE('',(#6971),#6964,.T.);
#6989=EDGE_CURVE('',#4043,#4207,#1975,.T.);
#6991=EDGE_CURVE('',#4209,#4207,#1987,.T.);
#6993=EDGE_CURVE('',#4209,#4115,#1979,.T.);
#6997=ADVANCED_FACE('',(#6996),#6984,.F.);
#7003=EDGE_CURVE('',#4109,#4207,#1983,.T.);
#7010=ADVANCED_FACE('',(#7009),#7002,.F.);
#7016=EDGE_CURVE('',#4209,#4107,#1999,.T.);
#7023=ADVANCED_FACE('',(#7022),#7015,.F.);
#7035=ADVANCED_FACE('',(#7034),#7028,.F.);
#7041=EDGE_CURVE('',#4211,#4205,#2003,.T.);
#7045=EDGE_CURVE('',#4211,#4129,#2111,.T.);
#7049=ADVANCED_FACE('',(#7048),#7040,.T.);
#7062=EDGE_CURVE('',#4203,#4213,#2015,.T.);
#7066=EDGE_CURVE('',#4213,#4211,#2091,.T.);
#7070=ADVANCED_FACE('',(#7069),#7061,.T.);
#7083=EDGE_CURVE('',#4215,#4201,#2011,.T.);
#7087=EDGE_CURVE('',#4215,#4213,#2096,.T.);
#7091=ADVANCED_FACE('',(#7090),#7082,.T.);
#7112=EDGE_CURVE('',#4217,#4215,#2083,.T.);
#7114=EDGE_CURVE('',#4159,#4217,#2160,.T.);
#7120=EDGE_CURVE('',#4220,#4221,#2040,.T.);
#7122=EDGE_CURVE('',#4221,#4223,#2045,.T.);
#7124=EDGE_CURVE('',#4223,#4225,#2050,.T.);
#7126=EDGE_CURVE('',#4225,#4220,#2055,.T.);
#7130=EDGE_CURVE('',#4228,#4229,#2060,.T.);
#7132=EDGE_CURVE('',#4229,#4231,#2065,.T.);
#7134=EDGE_CURVE('',#4231,#4233,#2070,.T.);
#7136=EDGE_CURVE('',#4233,#4228,#2075,.T.);
#7140=ADVANCED_FACE('',(#7119,#7129,#7139),#7103,.F.);
#7153=EDGE_CURVE('',#4236,#4237,#2079,.T.);
#7155=EDGE_CURVE('',#4217,#4237,#2170,.T.);
#7158=EDGE_CURVE('',#4236,#4215,#2106,.T.);
#7162=ADVANCED_FACE('',(#7161),#7152,.T.);
#7176=EDGE_CURVE('',#4239,#4236,#2087,.T.);
#7178=EDGE_CURVE('',#4241,#4239,#2125,.T.);
#7180=EDGE_CURVE('',#4237,#4241,#2179,.T.);
#7184=ADVANCED_FACE('',(#7183),#7174,.T.);
#7198=EDGE_CURVE('',#4213,#4236,#2101,.T.);
#7201=EDGE_CURVE('',#4239,#4211,#2121,.T.);
#7205=ADVANCED_FACE('',(#7204),#7196,.T.);
#7223=ADVANCED_FACE('',(#7222),#7217,.T.);
#7237=EDGE_CURVE('',#4129,#4239,#2116,.T.);
#7242=ADVANCED_FACE('',(#7241),#7235,.T.);
#7258=EDGE_CURVE('',#4241,#4127,#2144,.T.);
#7262=ADVANCED_FACE('',(#7261),#7254,.T.);
#7275=EDGE_CURVE('',#4127,#4243,#2134,.T.);
#7277=EDGE_CURVE('',#4243,#4241,#2139,.T.);
#7282=ADVANCED_FACE('',(#7281),#7274,.T.);
#7297=EDGE_CURVE('',#4155,#4243,#2152,.T.);
#7302=ADVANCED_FACE('',(#7301),#7294,.T.);
#7317=EDGE_CURVE('',#4245,#4157,#2156,.T.);
#7319=EDGE_CURVE('',#4243,#4245,#2183,.T.);
#7323=ADVANCED_FACE('',(#7322),#7314,.T.);
#7339=EDGE_CURVE('',#4245,#4217,#2165,.T.);
#7343=ADVANCED_FACE('',(#7342),#7335,.T.);
#7358=EDGE_CURVE('',#4237,#4245,#2175,.T.);
#7362=ADVANCED_FACE('',(#7361),#7355,.T.);
#7381=ADVANCED_FACE('',(#7380),#7374,.T.);
#7396=EDGE_CURVE('',#4247,#4220,#2213,.T.);
#7398=EDGE_CURVE('',#4247,#4249,#2188,.T.);
#7400=EDGE_CURVE('',#4249,#4251,#2193,.T.);
#7402=EDGE_CURVE('',#4251,#4223,#2198,.T.);
#7406=ADVANCED_FACE('',(#7405),#7393,.T.);
#7415=EDGE_CURVE('',#4251,#4253,#2203,.T.);
#7417=EDGE_CURVE('',#4253,#4247,#2208,.T.);
#7422=ADVANCED_FACE('',(#7421),#7411,.T.);
#7430=EDGE_CURVE('',#4255,#4251,#2221,.T.);
#7432=EDGE_CURVE('',#4257,#4255,#2226,.T.);
#7434=EDGE_CURVE('',#4257,#4247,#2217,.T.);
#7438=ADVANCED_FACE('',(#7437),#7427,.F.);
#7447=EDGE_CURVE('',#4255,#4257,#2231,.T.);
#7452=ADVANCED_FACE('',(#7451),#7443,.F.);
#7462=ADVANCED_FACE('',(#7461),#7457,.F.);
#7470=EDGE_CURVE('',#4259,#4228,#2261,.T.);
#7472=EDGE_CURVE('',#4259,#4261,#2236,.T.);
#7474=EDGE_CURVE('',#4261,#4263,#2241,.T.);
#7476=EDGE_CURVE('',#4263,#4231,#2246,.T.);
#7480=ADVANCED_FACE('',(#7479),#7467,.T.);
#7489=EDGE_CURVE('',#4263,#4265,#2251,.T.);
#7491=EDGE_CURVE('',#4265,#4259,#2256,.T.);
#7496=ADVANCED_FACE('',(#7495),#7485,.T.);
#7504=EDGE_CURVE('',#4267,#4263,#2269,.T.);
#7506=EDGE_CURVE('',#4269,#4267,#2274,.T.);
#7508=EDGE_CURVE('',#4269,#4259,#2265,.T.);
#7512=ADVANCED_FACE('',(#7511),#7501,.F.);
#7521=EDGE_CURVE('',#4267,#4269,#2279,.T.);
#7526=ADVANCED_FACE('',(#7525),#7517,.F.);
#7536=ADVANCED_FACE('',(#7535),#7531,.F.);
#7543=EDGE_CURVE('',#4271,#4136,#2309,.T.);
#7545=EDGE_CURVE('',#4271,#4273,#2284,.T.);
#7547=EDGE_CURVE('',#4273,#4275,#2289,.T.);
#7549=EDGE_CURVE('',#4275,#4137,#2294,.T.);
#7553=ADVANCED_FACE('',(#7552),#7541,.T.);
#7561=EDGE_CURVE('',#4275,#4277,#2299,.T.);
#7563=EDGE_CURVE('',#4277,#4271,#2304,.T.);
#7568=ADVANCED_FACE('',(#7567),#7558,.T.);
#7576=EDGE_CURVE('',#4279,#4275,#2317,.T.);
#7578=EDGE_CURVE('',#4281,#4279,#2322,.T.);
#7580=EDGE_CURVE('',#4281,#4271,#2313,.T.);
#7584=ADVANCED_FACE('',(#7583),#7573,.F.);
#7593=EDGE_CURVE('',#4279,#4281,#2327,.T.);
#7598=ADVANCED_FACE('',(#7597),#7589,.F.);
#7608=ADVANCED_FACE('',(#7607),#7603,.T.);
#7615=EDGE_CURVE('',#4283,#4140,#2357,.T.);
#7617=EDGE_CURVE('',#4283,#4285,#2332,.T.);
#7619=EDGE_CURVE('',#4285,#4287,#2337,.T.);
#7621=EDGE_CURVE('',#4287,#4141,#2342,.T.);
#7625=ADVANCED_FACE('',(#7624),#7613,.T.);
#7633=EDGE_CURVE('',#4287,#4289,#2347,.T.);
#7635=EDGE_CURVE('',#4289,#4283,#2352,.T.);
#7640=ADVANCED_FACE('',(#7639),#7630,.T.);
#7648=EDGE_CURVE('',#4291,#4287,#2365,.T.);
#7650=EDGE_CURVE('',#4293,#4291,#2370,.T.);
#7652=EDGE_CURVE('',#4293,#4283,#2361,.T.);
#7656=ADVANCED_FACE('',(#7655),#7645,.F.);
#7665=EDGE_CURVE('',#4291,#4293,#2375,.T.);
#7670=ADVANCED_FACE('',(#7669),#7661,.F.);
#7680=ADVANCED_FACE('',(#7679),#7675,.T.);
#7686=EDGE_CURVE('',#4295,#3481,#2389,.T.);
#7688=EDGE_CURVE('',#3479,#4295,#2384,.T.);
#7695=ADVANCED_FACE('',(#7694),#7685,.F.);
#7709=ADVANCED_FACE('',(#7708),#7700,.F.);
#7715=EDGE_CURVE('',#4298,#4299,#2407,.T.);
#7717=EDGE_CURVE('',#4301,#4298,#2402,.T.);
#7719=EDGE_CURVE('',#4089,#4301,#2429,.T.);
#7722=EDGE_CURVE('',#4088,#4299,#2397,.T.);
#7726=ADVANCED_FACE('',(#7725),#7714,.F.);
#7734=EDGE_CURVE('',#4301,#3703,#2425,.T.);
#7738=EDGE_CURVE('',#4299,#3705,#2411,.T.);
#7742=ADVANCED_FACE('',(#7741),#7731,.F.);
#7751=EDGE_CURVE('',#4299,#4303,#2416,.T.);
#7753=EDGE_CURVE('',#4303,#4301,#2421,.T.);
#7758=ADVANCED_FACE('',(#7757),#7747,.F.);
#7771=ADVANCED_FACE('',(#7770),#7763,.F.);
#7777=EDGE_CURVE('',#4307,#4309,#2443,.T.);
#7779=EDGE_CURVE('',#4306,#4307,#2438,.T.);
#7781=EDGE_CURVE('',#4093,#4306,#2465,.T.);
#7784=EDGE_CURVE('',#4092,#4309,#2433,.T.);
#7788=ADVANCED_FACE('',(#7787),#7776,.F.);
#7796=EDGE_CURVE('',#4306,#3667,#2461,.T.);
#7800=EDGE_CURVE('',#4309,#3669,#2447,.T.);
#7804=ADVANCED_FACE('',(#7803),#7793,.F.);
#7813=EDGE_CURVE('',#4309,#4311,#2452,.T.);
#7815=EDGE_CURVE('',#4311,#4306,#2457,.T.);
#7820=ADVANCED_FACE('',(#7819),#7809,.F.);
#7833=ADVANCED_FACE('',(#7832),#7825,.F.);
#7839=EDGE_CURVE('',#4314,#4315,#2479,.T.);
#7841=EDGE_CURVE('',#4317,#4314,#2474,.T.);
#7843=EDGE_CURVE('',#4097,#4317,#2539,.T.);
#7846=EDGE_CURVE('',#4096,#4315,#2469,.T.);
#7850=ADVANCED_FACE('',(#7849),#7838,.F.);
#7856=EDGE_CURVE('',#4320,#4321,#2513,.T.);
#7858=EDGE_CURVE('',#4323,#4320,#2508,.T.);
#7860=EDGE_CURVE('',#4317,#4323,#2535,.T.);
#7864=EDGE_CURVE('',#4315,#4321,#2483,.T.);
#7868=ADVANCED_FACE('',(#7867),#7855,.F.);
#7874=EDGE_CURVE('',#4326,#4327,#2488,.T.);
#7876=EDGE_CURVE('',#4327,#4326,#2493,.T.);
#7880=EDGE_CURVE('',#4321,#4329,#2498,.T.);
#7882=EDGE_CURVE('',#4329,#4323,#2503,.T.);
#7888=ADVANCED_FACE('',(#7879,#7887),#7873,.F.);
#7895=EDGE_CURVE('',#3569,#4326,#2521,.T.);
#7898=EDGE_CURVE('',#3568,#4327,#2517,.T.);
#7902=ADVANCED_FACE('',(#7901),#7893,.T.);
#7914=ADVANCED_FACE('',(#7913),#7907,.T.);
#7923=EDGE_CURVE('',#4315,#4331,#2526,.T.);
#7925=EDGE_CURVE('',#4331,#4317,#2531,.T.);
#7930=ADVANCED_FACE('',(#7929),#7919,.F.);
#7943=ADVANCED_FACE('',(#7942),#7935,.F.);
#7949=EDGE_CURVE('',#4334,#4335,#2553,.T.);
#7951=EDGE_CURVE('',#4337,#4334,#2548,.T.);
#7953=EDGE_CURVE('',#4101,#4337,#2613,.T.);
#7956=EDGE_CURVE('',#4100,#4335,#2543,.T.);
#7960=ADVANCED_FACE('',(#7959),#7948,.F.);
#7966=EDGE_CURVE('',#4340,#4341,#2587,.T.);
#7968=EDGE_CURVE('',#4343,#4340,#2582,.T.);
#7970=EDGE_CURVE('',#4337,#4343,#2609,.T.);
#7974=EDGE_CURVE('',#4335,#4341,#2557,.T.);
#7978=ADVANCED_FACE('',(#7977),#7965,.F.);
#7984=EDGE_CURVE('',#4346,#4347,#2562,.T.);
#7986=EDGE_CURVE('',#4347,#4346,#2567,.T.);
#7990=EDGE_CURVE('',#4341,#4349,#2572,.T.);
#7992=EDGE_CURVE('',#4349,#4343,#2577,.T.);
#7998=ADVANCED_FACE('',(#7989,#7997),#7983,.F.);
#8005=EDGE_CURVE('',#3573,#4346,#2595,.T.);
#8008=EDGE_CURVE('',#3572,#4347,#2591,.T.);
#8012=ADVANCED_FACE('',(#8011),#8003,.T.);
#8024=ADVANCED_FACE('',(#8023),#8017,.T.);
#8033=EDGE_CURVE('',#4335,#4351,#2600,.T.);
#8035=EDGE_CURVE('',#4351,#4337,#2605,.T.);
#8040=ADVANCED_FACE('',(#8039),#8029,.F.);
#8053=ADVANCED_FACE('',(#8052),#8045,.F.);
#8059=EDGE_CURVE('',#4354,#4355,#2617,.T.);
#8061=EDGE_CURVE('',#4355,#4357,#2621,.T.);
#8063=EDGE_CURVE('',#3987,#4357,#2669,.T.);
#8068=EDGE_CURVE('',#4354,#3731,#2657,.T.);
#8072=ADVANCED_FACE('',(#8071),#8058,.T.);
#8078=EDGE_CURVE('',#4360,#4361,#2637,.T.);
#8080=EDGE_CURVE('',#4360,#4355,#2633,.T.);
#8083=EDGE_CURVE('',#4361,#4354,#2653,.T.);
#8087=ADVANCED_FACE('',(#8086),#8077,.T.);
#8094=EDGE_CURVE('',#3729,#4361,#2665,.T.);
#8099=EDGE_CURVE('',#3989,#4363,#2649,.T.);
#8101=EDGE_CURVE('',#4360,#4363,#2673,.T.);
#8105=ADVANCED_FACE('',(#8104),#8092,.T.);
#8117=ADVANCED_FACE('',(#8116),#8110,.T.);
#8124=EDGE_CURVE('',#4363,#4357,#2677,.T.);
#8130=ADVANCED_FACE('',(#8129),#8122,.F.);
#8142=ADVANCED_FACE('',(#8141),#8135,.T.);
#8148=EDGE_CURVE('',#4365,#3967,#2685,.T.);
#8150=EDGE_CURVE('',#4367,#4365,#2705,.T.);
#8152=EDGE_CURVE('',#4369,#4367,#2700,.T.);
#8154=EDGE_CURVE('',#4369,#3965,#2681,.T.);
#8160=ADVANCED_FACE('',(#8159),#8147,.F.);
#8170=EDGE_CURVE('',#4371,#4369,#2695,.T.);
#8172=EDGE_CURVE('',#4365,#4371,#2690,.T.);
#8176=ADVANCED_FACE('',(#8175),#8165,.F.);
#8188=ADVANCED_FACE('',(#8187),#8181,.F.);
#8194=EDGE_CURVE('',#4373,#3975,#2713,.T.);
#8196=EDGE_CURVE('',#4375,#4373,#2733,.T.);
#8198=EDGE_CURVE('',#4377,#4375,#2728,.T.);
#8200=EDGE_CURVE('',#4377,#3973,#2709,.T.);
#8206=ADVANCED_FACE('',(#8205),#8193,.F.);
#8216=EDGE_CURVE('',#4379,#4377,#2723,.T.);
#8218=EDGE_CURVE('',#4373,#4379,#2718,.T.);
#8222=ADVANCED_FACE('',(#8221),#8211,.F.);
#8234=ADVANCED_FACE('',(#8233),#8227,.F.);
#8240=EDGE_CURVE('',#4381,#3983,#2741,.T.);
#8242=EDGE_CURVE('',#4383,#4381,#2761,.T.);
#8244=EDGE_CURVE('',#4385,#4383,#2756,.T.);
#8246=EDGE_CURVE('',#4385,#3981,#2737,.T.);
#8252=ADVANCED_FACE('',(#8251),#8239,.F.);
#8262=EDGE_CURVE('',#4387,#4385,#2751,.T.);
#8264=EDGE_CURVE('',#4381,#4387,#2746,.T.);
#8268=ADVANCED_FACE('',(#8267),#8257,.F.);
#8280=ADVANCED_FACE('',(#8279),#8273,.F.);
#8286=EDGE_CURVE('',#4389,#3867,#2765,.T.);
#8291=EDGE_CURVE('',#3717,#4391,#2773,.T.);
#8293=EDGE_CURVE('',#4391,#4393,#2777,.T.);
#8295=EDGE_CURVE('',#4395,#4393,#3063,.T.);
#8297=EDGE_CURVE('',#4389,#4395,#3047,.T.);
#8301=ADVANCED_FACE('',(#8300),#8285,.T.);
#8307=EDGE_CURVE('',#4398,#4399,#2806,.T.);
#8309=EDGE_CURVE('',#4398,#3869,#2781,.T.);
#8313=EDGE_CURVE('',#4389,#4401,#2785,.T.);
#8315=EDGE_CURVE('',#4401,#4403,#2789,.T.);
#8317=EDGE_CURVE('',#4403,#4399,#2794,.T.);
#8321=ADVANCED_FACE('',(#8320),#8306,.T.);
#8329=EDGE_CURVE('',#4405,#3848,#2814,.T.);
#8331=EDGE_CURVE('',#4405,#4407,#2798,.T.);
#8333=EDGE_CURVE('',#4407,#4398,#2802,.T.);
#8336=EDGE_CURVE('',#4409,#4399,#2846,.T.);
#8338=EDGE_CURVE('',#4409,#4411,#2810,.T.);
#8340=EDGE_CURVE('',#4413,#4411,#3009,.T.);
#8342=EDGE_CURVE('',#4415,#4413,#2940,.T.);
#8344=EDGE_CURVE('',#3842,#4415,#2959,.T.);
#8349=ADVANCED_FACE('',(#8348),#8326,.T.);
#8358=EDGE_CURVE('',#3873,#4417,#2822,.T.);
#8360=EDGE_CURVE('',#4417,#4405,#2826,.T.);
#8364=ADVANCED_FACE('',(#8363),#8354,.F.);
#8370=EDGE_CURVE('',#4417,#4419,#2838,.T.);
#8374=EDGE_CURVE('',#3871,#4419,#2834,.T.);
#8378=ADVANCED_FACE('',(#8377),#8369,.F.);
#8387=EDGE_CURVE('',#4407,#4419,#2842,.T.);
#8391=ADVANCED_FACE('',(#8390),#8383,.T.);
#8404=ADVANCED_FACE('',(#8403),#8396,.F.);
#8412=EDGE_CURVE('',#4403,#4421,#2850,.T.);
#8414=EDGE_CURVE('',#4409,#4421,#3014,.T.);
#8418=ADVANCED_FACE('',(#8417),#8409,.T.);
#8424=EDGE_CURVE('',#4424,#4425,#2854,.T.);
#8426=EDGE_CURVE('',#4427,#4425,#2883,.T.);
#8428=EDGE_CURVE('',#4429,#4427,#2896,.T.);
#8430=EDGE_CURVE('',#4431,#4429,#2909,.T.);
#8432=EDGE_CURVE('',#4433,#4431,#3031,.T.);
#8434=EDGE_CURVE('',#4435,#4433,#3005,.T.);
#8436=EDGE_CURVE('',#4421,#4435,#3018,.T.);
#8440=EDGE_CURVE('',#4437,#4401,#3043,.T.);
#8442=EDGE_CURVE('',#4439,#4437,#3039,.T.);
#8444=EDGE_CURVE('',#4439,#4424,#2858,.T.);
#8448=ADVANCED_FACE('',(#8447),#8423,.F.);
#8455=EDGE_CURVE('',#3771,#4425,#2867,.T.);
#8458=EDGE_CURVE('',#4424,#4391,#2871,.T.);
#8462=EDGE_CURVE('',#3715,#3773,#2875,.T.);
#8466=ADVANCED_FACE('',(#8465),#8453,.T.);
#8473=EDGE_CURVE('',#4427,#3769,#2901,.T.);
#8479=ADVANCED_FACE('',(#8478),#8471,.T.);
#8486=EDGE_CURVE('',#3767,#4429,#2892,.T.);
#8492=ADVANCED_FACE('',(#8491),#8484,.F.);
#8500=EDGE_CURVE('',#4431,#3765,#2914,.T.);
#8505=ADVANCED_FACE('',(#8504),#8497,.F.);
#8512=EDGE_CURVE('',#3765,#4441,#2919,.T.);
#8514=EDGE_CURVE('',#4441,#4431,#2924,.T.);
#8518=ADVANCED_FACE('',(#8517),#8510,.F.);
#8524=EDGE_CURVE('',#4443,#4441,#2928,.T.);
#8528=EDGE_CURVE('',#4443,#3762,#2986,.T.);
#8532=ADVANCED_FACE('',(#8531),#8523,.F.);
#8538=EDGE_CURVE('',#4446,#4447,#2936,.T.);
#8540=EDGE_CURVE('',#4441,#4446,#3027,.T.);
#8543=EDGE_CURVE('',#4447,#4443,#2967,.T.);
#8547=ADVANCED_FACE('',(#8546),#8537,.F.);
#8554=EDGE_CURVE('',#4415,#4447,#2950,.T.);
#8557=EDGE_CURVE('',#4446,#4413,#3001,.T.);
#8561=ADVANCED_FACE('',(#8560),#8552,.F.);
#8567=EDGE_CURVE('',#3826,#4415,#2945,.T.);
#8570=EDGE_CURVE('',#4447,#3826,#2955,.T.);
#8574=ADVANCED_FACE('',(#8573),#8566,.F.);
#8586=ADVANCED_FACE('',(#8585),#8579,.F.);
#8593=EDGE_CURVE('',#3783,#4443,#2981,.T.);
#8599=ADVANCED_FACE('',(#8598),#8591,.F.);
#8610=ADVANCED_FACE('',(#8609),#8604,.F.);
#8616=EDGE_CURVE('',#4413,#4433,#2991,.T.);
#8618=EDGE_CURVE('',#4433,#4446,#2996,.T.);
#8623=ADVANCED_FACE('',(#8622),#8615,.F.);
#8629=EDGE_CURVE('',#4435,#4411,#3023,.T.);
#8636=ADVANCED_FACE('',(#8635),#8628,.F.);
#8648=ADVANCED_FACE('',(#8647),#8641,.F.);
#8660=ADVANCED_FACE('',(#8659),#8653,.F.);
#8667=EDGE_CURVE('',#4439,#4449,#3035,.T.);
#8669=EDGE_CURVE('',#4393,#4449,#3067,.T.);
#8675=ADVANCED_FACE('',(#8674),#8665,.F.);
#8682=EDGE_CURVE('',#4451,#4437,#3055,.T.);
#8684=EDGE_CURVE('',#4449,#4451,#3059,.T.);
#8689=ADVANCED_FACE('',(#8688),#8680,.T.);
#8698=EDGE_CURVE('',#4395,#4451,#3051,.T.);
#8703=ADVANCED_FACE('',(#8702),#8694,.F.);
#8715=ADVANCED_FACE('',(#8714),#8708,.F.);
#8728=ADVANCED_FACE('',(#8727),#8720,.F.);
#8734=EDGE_CURVE('',#4454,#4455,#3092,.T.);
#8736=EDGE_CURVE('',#3895,#4454,#3111,.T.);
#8739=EDGE_CURVE('',#3894,#4455,#3087,.T.);
#8743=ADVANCED_FACE('',(#8742),#8733,.F.);
#8750=EDGE_CURVE('',#4455,#4454,#3097,.T.);
#8754=EDGE_CURVE('',#4458,#4459,#3102,.T.);
#8756=EDGE_CURVE('',#4459,#4458,#3107,.T.);
#8760=ADVANCED_FACE('',(#8753,#8759),#8748,.T.);
#8772=ADVANCED_FACE('',(#8771),#8765,.F.);
#8778=EDGE_CURVE('',#4458,#4461,#3116,.T.);
#8780=EDGE_CURVE('',#4459,#4461,#3121,.T.);
#8785=ADVANCED_FACE('',(#8784),#8777,.T.);
#8796=ADVANCED_FACE('',(#8795),#8790,.T.);
#8802=EDGE_CURVE('',#4464,#4465,#3130,.T.);
#8804=EDGE_CURVE('',#3899,#4464,#3139,.T.);
#8807=EDGE_CURVE('',#3898,#4465,#3125,.T.);
#8811=ADVANCED_FACE('',(#8810),#8801,.F.);
#8818=EDGE_CURVE('',#4465,#4464,#3135,.T.);
#8822=ADVANCED_FACE('',(#8821),#8816,.T.);
#8834=ADVANCED_FACE('',(#8833),#8827,.F.);
#8840=EDGE_CURVE('',#4468,#4469,#3148,.T.);
#8842=EDGE_CURVE('',#3903,#4468,#3167,.T.);
#8845=EDGE_CURVE('',#3902,#4469,#3143,.T.);
#8849=ADVANCED_FACE('',(#8848),#8839,.F.);
#8856=EDGE_CURVE('',#4469,#4468,#3153,.T.);
#8860=EDGE_CURVE('',#4472,#4473,#3158,.T.);
#8862=EDGE_CURVE('',#4473,#4472,#3163,.T.);
#8866=ADVANCED_FACE('',(#8859,#8865),#8854,.T.);
#8878=ADVANCED_FACE('',(#8877),#8871,.F.);
#8884=EDGE_CURVE('',#4472,#4475,#3172,.T.);
#8886=EDGE_CURVE('',#4473,#4475,#3177,.T.);
#8891=ADVANCED_FACE('',(#8890),#8883,.T.);
#8902=ADVANCED_FACE('',(#8901),#8896,.T.);
#8911=EDGE_CURVE('',#3797,#4477,#3189,.T.);
#8913=EDGE_CURVE('',#4477,#3828,#3193,.T.);
#8917=ADVANCED_FACE('',(#8916),#8907,.F.);
#8924=EDGE_CURVE('',#3816,#4477,#3197,.T.);
#8930=ADVANCED_FACE('',(#8929),#8922,.F.);
#8943=ADVANCED_FACE('',(#8942),#8935,.T.);
#8955=ADVANCED_FACE('',(#8954),#8948,.T.);
#8963=EDGE_CURVE('',#3719,#3687,#3233,.T.);
#8968=ADVANCED_FACE('',(#8967),#8960,.T.);
#8977=EDGE_CURVE('',#3685,#3721,#3241,.T.);
#8981=ADVANCED_FACE('',(#8980),#8973,.T.);
#8987=EDGE_CURVE('',#3683,#3723,#3245,.T.);
#8994=ADVANCED_FACE('',(#8993),#8986,.T.);
#9002=EDGE_CURVE('',#3681,#3725,#3253,.T.);
#9007=ADVANCED_FACE('',(#9006),#8999,.F.);
#9015=EDGE_CURVE('',#3727,#3679,#3269,.T.);
#9020=ADVANCED_FACE('',(#9019),#9012,.T.);
#9032=ADVANCED_FACE('',(#9031),#9025,.T.);
#9038=EDGE_CURVE('',#4480,#4481,#3286,.T.);
#9040=EDGE_CURVE('',#4480,#3743,#3281,.T.);
#9043=EDGE_CURVE('',#4481,#3742,#3305,.T.);
#9047=ADVANCED_FACE('',(#9046),#9037,.F.);
#9054=EDGE_CURVE('',#4481,#4480,#3291,.T.);
#9058=EDGE_CURVE('',#4484,#4485,#3296,.T.);
#9060=EDGE_CURVE('',#4485,#4484,#3301,.T.);
#9064=ADVANCED_FACE('',(#9057,#9063),#9052,.F.);
#9076=ADVANCED_FACE('',(#9075),#9069,.F.);
#9082=EDGE_CURVE('',#4485,#4487,#3315,.T.);
#9085=EDGE_CURVE('',#4484,#4487,#3310,.T.);
#9089=ADVANCED_FACE('',(#9088),#9081,.T.);
#9100=ADVANCED_FACE('',(#9099),#9094,.T.);
#9106=EDGE_CURVE('',#4490,#4491,#3324,.T.);
#9108=EDGE_CURVE('',#4490,#3747,#3319,.T.);
#9111=EDGE_CURVE('',#4491,#3746,#3333,.T.);
#9115=ADVANCED_FACE('',(#9114),#9105,.F.);
#9122=EDGE_CURVE('',#4491,#4490,#3329,.T.);
#9126=ADVANCED_FACE('',(#9125),#9120,.F.);
#9138=ADVANCED_FACE('',(#9137),#9131,.F.);
#9144=EDGE_CURVE('',#4494,#4495,#3342,.T.);
#9146=EDGE_CURVE('',#4494,#3751,#3337,.T.);
#9149=EDGE_CURVE('',#4495,#3750,#3361,.T.);
#9153=ADVANCED_FACE('',(#9152),#9143,.F.);
#9160=EDGE_CURVE('',#4495,#4494,#3347,.T.);
#9164=EDGE_CURVE('',#4498,#4499,#3352,.T.);
#9166=EDGE_CURVE('',#4499,#4498,#3357,.T.);
#9170=ADVANCED_FACE('',(#9163,#9169),#9158,.F.);
#9182=ADVANCED_FACE('',(#9181),#9175,.F.);
#9188=EDGE_CURVE('',#4499,#4501,#3371,.T.);
#9191=EDGE_CURVE('',#4498,#4501,#3366,.T.);
#9195=ADVANCED_FACE('',(#9194),#9187,.T.);
#9206=ADVANCED_FACE('',(#9205),#9200,.T.);
#9213=EDGE_CURVE('',#3563,#3663,#3387,.T.);
#9219=ADVANCED_FACE('',(#9218),#9211,.F.);
#9226=EDGE_CURVE('',#3661,#3565,#3383,.T.);
#9232=ADVANCED_FACE('',(#9231),#9224,.T.);
#9244=ADVANCED_FACE('',(#9243),#9237,.F.);
#9250=EDGE_CURVE('',#4503,#3617,#3399,.T.);
#9252=EDGE_CURVE('',#4505,#4503,#3419,.T.);
#9254=EDGE_CURVE('',#4507,#4505,#3414,.T.);
#9256=EDGE_CURVE('',#4507,#3615,#3395,.T.);
#9262=ADVANCED_FACE('',(#9261),#9249,.F.);
#9272=EDGE_CURVE('',#4509,#4507,#3409,.T.);
#9274=EDGE_CURVE('',#4503,#4509,#3404,.T.);
#9278=ADVANCED_FACE('',(#9277),#9267,.F.);
#9290=ADVANCED_FACE('',(#9289),#9283,.F.);
#9296=EDGE_CURVE('',#4511,#3625,#3427,.T.);
#9298=EDGE_CURVE('',#4513,#4511,#3447,.T.);
#9300=EDGE_CURVE('',#4515,#4513,#3442,.T.);
#9302=EDGE_CURVE('',#4515,#3623,#3423,.T.);
#9308=ADVANCED_FACE('',(#9307),#9295,.F.);
#9318=EDGE_CURVE('',#4517,#4515,#3437,.T.);
#9320=EDGE_CURVE('',#4511,#4517,#3432,.T.);
#9324=ADVANCED_FACE('',(#9323),#9313,.F.);
#9336=ADVANCED_FACE('',(#9335),#9329,.F.);
#9342=EDGE_CURVE('',#4519,#3633,#3455,.T.);
#9344=EDGE_CURVE('',#4521,#4519,#3475,.T.);
#9346=EDGE_CURVE('',#4523,#4521,#3470,.T.);
#9348=EDGE_CURVE('',#4523,#3631,#3451,.T.);
#9354=ADVANCED_FACE('',(#9353),#9341,.F.);
#9364=EDGE_CURVE('',#4525,#4523,#3465,.T.);
#9366=EDGE_CURVE('',#4519,#4525,#3460,.T.);
#9370=ADVANCED_FACE('',(#9369),#9359,.F.);
#9382=ADVANCED_FACE('',(#9381),#9375,.F.);
#9385=(LENGTH_UNIT()NAMED_UNIT(*)SI_UNIT(.MILLI.,.METRE.));
#9386=(NAMED_UNIT(*)PLANE_ANGLE_UNIT()SI_UNIT($,.RADIAN.));
#9389=(NAMED_UNIT(*)SI_UNIT($,.STERADIAN.)SOLID_ANGLE_UNIT());
#9391=(GEOMETRIC_REPRESENTATION_CONTEXT(3)GLOBAL_UNCERTAINTY_ASSIGNED_CONTEXT((
#9390))GLOBAL_UNIT_ASSIGNED_CONTEXT((#9385,#9388,#9389))REPRESENTATION_CONTEXT(
'ID1','3'));
#9395=AXIS2_PLACEMENT_3D('',#9392,#9393,#9394);
#9396=ADVANCED_BREP_SHAPE_REPRESENTATION('',(#9395,#9384),#9391);
#9403=PRODUCT_DEFINITION('part definition','',#9402,#9399);
#9404=PRODUCT_DEFINITION_SHAPE('','SHAPE FOR MANIFOLD_SOLID_BREP_8609.',#9403);
#9405=SHAPE_ASPECT('','solid data associated with MANIFOLD_SOLID_BREP_8609',
#9404,.F.);
#9406=PROPERTY_DEFINITION('',
'shape for solid data with which properties are associated',#9405);
#9407=SHAPE_REPRESENTATION('',(#9384),#9391);
#9408=SHAPE_DEFINITION_REPRESENTATION(#9406,#9407);
#9409=(LENGTH_UNIT()NAMED_UNIT(*)SI_UNIT(.MILLI.,.METRE.));
#9413=PROPERTY_DEFINITION('geometric validation property',
'area of MANIFOLD_SOLID_BREP_8609',#9405);
#9414=REPRESENTATION('surface area',(#9412),#9391);
#9415=PROPERTY_DEFINITION_REPRESENTATION(#9413,#9414);
#9416=(LENGTH_UNIT()NAMED_UNIT(*)SI_UNIT(.MILLI.,.METRE.));
#9420=PROPERTY_DEFINITION('geometric validation property',
'volume of MANIFOLD_SOLID_BREP_8609',#9405);
#9421=REPRESENTATION('volume',(#9419),#9391);
#9422=PROPERTY_DEFINITION_REPRESENTATION(#9420,#9421);
#9424=PROPERTY_DEFINITION('geometric validation property',
'centroid of MANIFOLD_SOLID_BREP_8609',#9405);
#9425=REPRESENTATION('centroid',(#9423),#9391);
#9426=PROPERTY_DEFINITION_REPRESENTATION(#9424,#9425);
#9427=(LENGTH_UNIT()NAMED_UNIT(*)SI_UNIT(.MILLI.,.METRE.));
#9431=PROPERTY_DEFINITION('geometric validation property',
'area of MANIFOLD_SOLID_BREP_8609',#9404);
#9432=REPRESENTATION('surface area',(#9430),#9391);
#9433=PROPERTY_DEFINITION_REPRESENTATION(#9431,#9432);
#9434=(LENGTH_UNIT()NAMED_UNIT(*)SI_UNIT(.MILLI.,.METRE.));
#9438=PROPERTY_DEFINITION('geometric validation property',
'volume of MANIFOLD_SOLID_BREP_8609',#9404);
#9439=REPRESENTATION('volume',(#9437),#9391);
#9440=PROPERTY_DEFINITION_REPRESENTATION(#9438,#9439);
#9442=PROPERTY_DEFINITION('geometric validation property',
'centroid of MANIFOLD_SOLID_BREP_8609',#9404);
#9443=REPRESENTATION('centroid',(#9441),#9391);
#9444=PROPERTY_DEFINITION_REPRESENTATION(#9442,#9443);
#9445=SHAPE_DEFINITION_REPRESENTATION(#9404,#9396);
#9446=PROPERTY_DEFINITION('DESCRIPTION','user defined attribute',#9403);
#9450=REPRESENTATION('',(#9449),#9391);
#9451=PROPERTY_DEFINITION_REPRESENTATION(#9446,#9450);
#9452=PROPERTY_DEFINITION('MODELED_BY','user defined attribute',#9403);
#9456=REPRESENTATION('',(#9455),#9391);
#9457=PROPERTY_DEFINITION_REPRESENTATION(#9452,#9456);
#9458=SHAPE_DEFINITION_REPRESENTATION(#9459,#9460);
#9459=PRODUCT_DEFINITION_SHAPE('','SHAPE FOR UR_LD-20WR3_ASM.',#13189);
#9460=SHAPE_REPRESENTATION('',(#9470,#10087,#10704,#11320,#11937,#12553,#13170,
#13184),#13180);
#9461=NEXT_ASSEMBLY_USAGE_OCCURRENCE('50','Next assembly relationship',
'MANIFOLD_SOLID_BREP_8609',#13189,#9403,$);
#9462=PRODUCT_DEFINITION_SHAPE('Placement #50',
'Placement of MANIFOLD_SOLID_BREP_8609 with respect to UR_LD-20WR3_ASM',#9461);
#9464=PROPERTY_DEFINITION('geometric validation property',
'centroid of MANIFOLD_SOLID_BREP_8609',#9462);
#9465=REPRESENTATION('centroid',(#9463),#9391);
#9466=PROPERTY_DEFINITION_REPRESENTATION(#9464,#9465);
#9487=CIRCLE('',#9486,4.999999999978E-1);
#9495=CIRCLE('',#9494,4.000000000208E-1);
#9503=CIRCLE('',#9502,1.000014974273E-1);
#9511=CIRCLE('',#9510,1.000014974273E-1);
#9519=CIRCLE('',#9518,5.000000000016E-1);
#9527=CIRCLE('',#9526,4.000000000248E-1);
#9542=CIRCLE('',#9541,1.E0);
#9550=CIRCLE('',#9549,1.E0);
#9558=CIRCLE('',#9557,5.E-1);
#9566=CIRCLE('',#9565,5.E-1);
#9581=CIRCLE('',#9580,1.E0);
#9589=CIRCLE('',#9588,1.E0);
#9597=CIRCLE('',#9596,5.E-1);
#9605=CIRCLE('',#9604,5.E-1);
#9627=CIRCLE('',#9626,5.E-1);
#9635=CIRCLE('',#9634,3.999999999999E-1);
#9643=CIRCLE('',#9642,1.000014974475E-1);
#9651=CIRCLE('',#9650,1.000014974475E-1);
#9659=CIRCLE('',#9658,4.999999999997E-1);
#9667=CIRCLE('',#9666,4.E-1);
#9715=EDGE_CURVE('',#9680,#9681,#9487,.T.);
#9717=EDGE_CURVE('',#9680,#9683,#9478,.T.);
#9719=EDGE_CURVE('',#9685,#9683,#9566,.T.);
#9721=EDGE_CURVE('',#9681,#9685,#9534,.T.);
#9725=ADVANCED_FACE('',(#9724),#9714,.T.);
#9755=EDGE_CURVE('',#9688,#9689,#9503,.T.);
#9757=EDGE_CURVE('',#9680,#9688,#9527,.T.);
#9760=EDGE_CURVE('',#9681,#9689,#9495,.T.);
#9764=ADVANCED_FACE('',(#9763),#9754,.T.);
#9771=EDGE_CURVE('',#9689,#9688,#9511,.T.);
#9775=ADVANCED_FACE('',(#9774),#9769,.T.);
#9807=EDGE_CURVE('',#9681,#9680,#9519,.T.);
#9812=ADVANCED_FACE('',(#9811),#9804,.T.);
#9820=EDGE_CURVE('',#9683,#9685,#9558,.T.);
#9825=ADVANCED_FACE('',(#9824),#9817,.T.);
#9831=EDGE_CURVE('',#9692,#9693,#9542,.T.);
#9833=EDGE_CURVE('',#9693,#9692,#9550,.T.);
#9841=ADVANCED_FACE('',(#9836,#9840),#9830,.T.);
#9847=EDGE_CURVE('',#9696,#9697,#9581,.T.);
#9849=EDGE_CURVE('',#9693,#9696,#9612,.T.);
#9852=EDGE_CURVE('',#9692,#9697,#9573,.T.);
#9856=ADVANCED_FACE('',(#9855),#9846,.T.);
#9863=EDGE_CURVE('',#9697,#9696,#9589,.T.);
#9867=EDGE_CURVE('',#9700,#9701,#9597,.T.);
#9869=EDGE_CURVE('',#9701,#9700,#9605,.T.);
#9873=ADVANCED_FACE('',(#9866,#9872),#9861,.F.);
#9885=ADVANCED_FACE('',(#9884),#9878,.T.);
#9891=EDGE_CURVE('',#9704,#9705,#9627,.T.);
#9893=EDGE_CURVE('',#9704,#9701,#9619,.T.);
#9896=EDGE_CURVE('',#9705,#9700,#9674,.T.);
#9900=ADVANCED_FACE('',(#9899),#9890,.T.);
#9930=EDGE_CURVE('',#9708,#9709,#9651,.T.);
#9932=EDGE_CURVE('',#9704,#9708,#9667,.T.);
#9935=EDGE_CURVE('',#9705,#9709,#9635,.T.);
#9939=ADVANCED_FACE('',(#9938),#9929,.T.);
#9945=EDGE_CURVE('',#9709,#9708,#9643,.T.);
#9950=ADVANCED_FACE('',(#9949),#9944,.T.);
#9982=EDGE_CURVE('',#9705,#9704,#9659,.T.);
#9987=ADVANCED_FACE('',(#9986),#9979,.T.);
#9999=ADVANCED_FACE('',(#9998),#9992,.T.);
#10008=(LENGTH_UNIT()NAMED_UNIT(*)SI_UNIT(.MILLI.,.METRE.));
#10009=(NAMED_UNIT(*)PLANE_ANGLE_UNIT()SI_UNIT($,.RADIAN.));
#10012=(NAMED_UNIT(*)SI_UNIT($,.STERADIAN.)SOLID_ANGLE_UNIT());
#10014=(GEOMETRIC_REPRESENTATION_CONTEXT(3)GLOBAL_UNCERTAINTY_ASSIGNED_CONTEXT((
#10013))GLOBAL_UNIT_ASSIGNED_CONTEXT((#10008,#10011,#10012))REPRESENTATION_CONTEXT('ID2','3'));
#10018=AXIS2_PLACEMENT_3D('',#10015,#10016,#10017);
#10019=ADVANCED_BREP_SHAPE_REPRESENTATION('',(#10018,#10001),#10014);
#10023=PRODUCT_DEFINITION('part definition','',#10022,#9399);
#10024=PRODUCT_DEFINITION_SHAPE('','SHAPE FOR MANIFOLD_SOLID_BREP_9057.',
#10023);
#10025=SHAPE_ASPECT('','solid data associated with MANIFOLD_SOLID_BREP_9057',
#10024,.F.);
#10026=PROPERTY_DEFINITION('',
'shape for solid data with which properties are associated',#10025);
#10027=SHAPE_REPRESENTATION('',(#10001),#10014);
#10028=SHAPE_DEFINITION_REPRESENTATION(#10026,#10027);
#10029=(LENGTH_UNIT()NAMED_UNIT(*)SI_UNIT(.MILLI.,.METRE.));
#10033=PROPERTY_DEFINITION('geometric validation property',
'area of MANIFOLD_SOLID_BREP_9057',#10025);
#10034=REPRESENTATION('surface area',(#10032),#10014);
#10035=PROPERTY_DEFINITION_REPRESENTATION(#10033,#10034);
#10036=(LENGTH_UNIT()NAMED_UNIT(*)SI_UNIT(.MILLI.,.METRE.));
#10040=PROPERTY_DEFINITION('geometric validation property',
'volume of MANIFOLD_SOLID_BREP_9057',#10025);
#10041=REPRESENTATION('volume',(#10039),#10014);
#10042=PROPERTY_DEFINITION_REPRESENTATION(#10040,#10041);
#10044=PROPERTY_DEFINITION('geometric validation property',
'centroid of MANIFOLD_SOLID_BREP_9057',#10025);
#10045=REPRESENTATION('centroid',(#10043),#10014);
#10046=PROPERTY_DEFINITION_REPRESENTATION(#10044,#10045);
#10047=(LENGTH_UNIT()NAMED_UNIT(*)SI_UNIT(.MILLI.,.METRE.));
#10051=PROPERTY_DEFINITION('geometric validation property',
'area of MANIFOLD_SOLID_BREP_9057',#10024);
#10052=REPRESENTATION('surface area',(#10050),#10014);
#10053=PROPERTY_DEFINITION_REPRESENTATION(#10051,#10052);
#10054=(LENGTH_UNIT()NAMED_UNIT(*)SI_UNIT(.MILLI.,.METRE.));
#10058=PROPERTY_DEFINITION('geometric validation property',
'volume of MANIFOLD_SOLID_BREP_9057',#10024);
#10059=REPRESENTATION('volume',(#10057),#10014);
#10060=PROPERTY_DEFINITION_REPRESENTATION(#10058,#10059);
#10062=PROPERTY_DEFINITION('geometric validation property',
'centroid of MANIFOLD_SOLID_BREP_9057',#10024);
#10063=REPRESENTATION('centroid',(#10061),#10014);
#10064=PROPERTY_DEFINITION_REPRESENTATION(#10062,#10063);
#10065=SHAPE_DEFINITION_REPRESENTATION(#10024,#10019);
#10066=PROPERTY_DEFINITION('DESCRIPTION','user defined attribute',#10023);
#10070=REPRESENTATION('',(#10069),#10014);
#10071=PROPERTY_DEFINITION_REPRESENTATION(#10066,#10070);
#10072=PROPERTY_DEFINITION('MODELED_BY','user defined attribute',#10023);
#10076=REPRESENTATION('',(#10075),#10014);
#10077=PROPERTY_DEFINITION_REPRESENTATION(#10072,#10076);
#10078=NEXT_ASSEMBLY_USAGE_OCCURRENCE('51','Next assembly relationship',
'MANIFOLD_SOLID_BREP_9057',#13189,#10023,$);
#10079=PRODUCT_DEFINITION_SHAPE('Placement #51',
'Placement of MANIFOLD_SOLID_BREP_9057 with respect to UR_LD-20WR3_ASM',#10078);
#10081=PROPERTY_DEFINITION('geometric validation property',
'centroid of MANIFOLD_SOLID_BREP_9057',#10079);
#10082=REPRESENTATION('centroid',(#10080),#10014);
#10083=PROPERTY_DEFINITION_REPRESENTATION(#10081,#10082);
#10103=CIRCLE('',#10102,4.999999999995E-1);
#10111=CIRCLE('',#10110,4.000000000230E-1);
#10119=CIRCLE('',#10118,1.000014974266E-1);
#10127=CIRCLE('',#10126,1.000014974266E-1);
#10135=CIRCLE('',#10134,4.999999999998E-1);
#10143=CIRCLE('',#10142,4.000000000225E-1);
#10158=CIRCLE('',#10157,1.E0);
#10166=CIRCLE('',#10165,1.E0);
#10174=CIRCLE('',#10173,5.E-1);
#10182=CIRCLE('',#10181,5.E-1);
#10197=CIRCLE('',#10196,1.E0);
#10205=CIRCLE('',#10204,1.E0);
#10213=CIRCLE('',#10212,5.E-1);
#10221=CIRCLE('',#10220,5.E-1);
#10243=CIRCLE('',#10242,5.000000000003E-1);
#10251=CIRCLE('',#10250,3.999999999997E-1);
#10259=CIRCLE('',#10258,1.000014974487E-1);
#10267=CIRCLE('',#10266,1.000014974487E-1);
#10275=CIRCLE('',#10274,5.E-1);
#10283=CIRCLE('',#10282,3.999999999998E-1);
#10331=EDGE_CURVE('',#10296,#10297,#10103,.T.);
#10333=EDGE_CURVE('',#10296,#10299,#10095,.T.);
#10335=EDGE_CURVE('',#10301,#10299,#10182,.T.);
#10337=EDGE_CURVE('',#10297,#10301,#10150,.T.);
#10341=ADVANCED_FACE('',(#10340),#10330,.T.);
#10371=EDGE_CURVE('',#10304,#10305,#10119,.T.);
#10373=EDGE_CURVE('',#10296,#10304,#10143,.T.);
#10376=EDGE_CURVE('',#10297,#10305,#10111,.T.);
#10380=ADVANCED_FACE('',(#10379),#10370,.T.);
#10387=EDGE_CURVE('',#10305,#10304,#10127,.T.);
#10391=ADVANCED_FACE('',(#10390),#10385,.T.);
#10423=EDGE_CURVE('',#10297,#10296,#10135,.T.);
#10428=ADVANCED_FACE('',(#10427),#10420,.T.);
#10436=EDGE_CURVE('',#10299,#10301,#10174,.T.);
#10441=ADVANCED_FACE('',(#10440),#10433,.T.);
#10447=EDGE_CURVE('',#10308,#10309,#10158,.T.);
#10449=EDGE_CURVE('',#10309,#10308,#10166,.T.);
#10457=ADVANCED_FACE('',(#10452,#10456),#10446,.T.);
#10463=EDGE_CURVE('',#10312,#10313,#10197,.T.);
#10465=EDGE_CURVE('',#10309,#10312,#10228,.T.);
#10468=EDGE_CURVE('',#10308,#10313,#10189,.T.);
#10472=ADVANCED_FACE('',(#10471),#10462,.T.);
#10479=EDGE_CURVE('',#10313,#10312,#10205,.T.);
#10483=EDGE_CURVE('',#10316,#10317,#10213,.T.);
#10485=EDGE_CURVE('',#10317,#10316,#10221,.T.);
#10489=ADVANCED_FACE('',(#10482,#10488),#10477,.F.);
#10501=ADVANCED_FACE('',(#10500),#10494,.T.);
#10507=EDGE_CURVE('',#10320,#10321,#10243,.T.);
#10509=EDGE_CURVE('',#10320,#10317,#10235,.T.);
#10512=EDGE_CURVE('',#10321,#10316,#10290,.T.);
#10516=ADVANCED_FACE('',(#10515),#10506,.T.);
#10546=EDGE_CURVE('',#10324,#10325,#10267,.T.);
#10548=EDGE_CURVE('',#10320,#10324,#10283,.T.);
#10551=EDGE_CURVE('',#10321,#10325,#10251,.T.);
#10555=ADVANCED_FACE('',(#10554),#10545,.T.);
#10561=EDGE_CURVE('',#10325,#10324,#10259,.T.);
#10566=ADVANCED_FACE('',(#10565),#10560,.T.);
#10598=EDGE_CURVE('',#10321,#10320,#10275,.T.);
#10603=ADVANCED_FACE('',(#10602),#10595,.T.);
#10615=ADVANCED_FACE('',(#10614),#10608,.T.);
#10624=(LENGTH_UNIT()NAMED_UNIT(*)SI_UNIT(.MILLI.,.METRE.));
#10625=(NAMED_UNIT(*)PLANE_ANGLE_UNIT()SI_UNIT($,.RADIAN.));
#10628=(NAMED_UNIT(*)SI_UNIT($,.STERADIAN.)SOLID_ANGLE_UNIT());
#10630=(GEOMETRIC_REPRESENTATION_CONTEXT(3)GLOBAL_UNCERTAINTY_ASSIGNED_CONTEXT((
#10629))GLOBAL_UNIT_ASSIGNED_CONTEXT((#10624,#10627,#10628))REPRESENTATION_CONTEXT('ID3','3'));
#10634=AXIS2_PLACEMENT_3D('',#10631,#10632,#10633);
#10635=ADVANCED_BREP_SHAPE_REPRESENTATION('',(#10634,#10617),#10630);
#10640=PRODUCT_DEFINITION('part definition','',#10639,#10636);
#10641=PRODUCT_DEFINITION_SHAPE('','SHAPE FOR MANIFOLD_SOLID_BREP_9505.',
#10640);
#10642=SHAPE_ASPECT('','solid data associated with MANIFOLD_SOLID_BREP_9505',
#10641,.F.);
#10643=PROPERTY_DEFINITION('',
'shape for solid data with which properties are associated',#10642);
#10644=SHAPE_REPRESENTATION('',(#10617),#10630);
#10645=SHAPE_DEFINITION_REPRESENTATION(#10643,#10644);
#10646=(LENGTH_UNIT()NAMED_UNIT(*)SI_UNIT(.MILLI.,.METRE.));
#10650=PROPERTY_DEFINITION('geometric validation property',
'area of MANIFOLD_SOLID_BREP_9505',#10642);
#10651=REPRESENTATION('surface area',(#10649),#10630);
#10652=PROPERTY_DEFINITION_REPRESENTATION(#10650,#10651);
#10653=(LENGTH_UNIT()NAMED_UNIT(*)SI_UNIT(.MILLI.,.METRE.));
#10657=PROPERTY_DEFINITION('geometric validation property',
'volume of MANIFOLD_SOLID_BREP_9505',#10642);
#10658=REPRESENTATION('volume',(#10656),#10630);
#10659=PROPERTY_DEFINITION_REPRESENTATION(#10657,#10658);
#10661=PROPERTY_DEFINITION('geometric validation property',
'centroid of MANIFOLD_SOLID_BREP_9505',#10642);
#10662=REPRESENTATION('centroid',(#10660),#10630);
#10663=PROPERTY_DEFINITION_REPRESENTATION(#10661,#10662);
#10664=(LENGTH_UNIT()NAMED_UNIT(*)SI_UNIT(.MILLI.,.METRE.));
#10668=PROPERTY_DEFINITION('geometric validation property',
'area of MANIFOLD_SOLID_BREP_9505',#10641);
#10669=REPRESENTATION('surface area',(#10667),#10630);
#10670=PROPERTY_DEFINITION_REPRESENTATION(#10668,#10669);
#10671=(LENGTH_UNIT()NAMED_UNIT(*)SI_UNIT(.MILLI.,.METRE.));
#10675=PROPERTY_DEFINITION('geometric validation property',
'volume of MANIFOLD_SOLID_BREP_9505',#10641);
#10676=REPRESENTATION('volume',(#10674),#10630);
#10677=PROPERTY_DEFINITION_REPRESENTATION(#10675,#10676);
#10679=PROPERTY_DEFINITION('geometric validation property',
'centroid of MANIFOLD_SOLID_BREP_9505',#10641);
#10680=REPRESENTATION('centroid',(#10678),#10630);
#10681=PROPERTY_DEFINITION_REPRESENTATION(#10679,#10680);
#10682=SHAPE_DEFINITION_REPRESENTATION(#10641,#10635);
#10683=PROPERTY_DEFINITION('DESCRIPTION','user defined attribute',#10640);
#10687=REPRESENTATION('',(#10686),#10630);
#10688=PROPERTY_DEFINITION_REPRESENTATION(#10683,#10687);
#10689=PROPERTY_DEFINITION('MODELED_BY','user defined attribute',#10640);
#10693=REPRESENTATION('',(#10692),#10630);
#10694=PROPERTY_DEFINITION_REPRESENTATION(#10689,#10693);
#10695=NEXT_ASSEMBLY_USAGE_OCCURRENCE('52','Next assembly relationship',
'MANIFOLD_SOLID_BREP_9505',#13189,#10640,$);
#10696=PRODUCT_DEFINITION_SHAPE('Placement #52',
'Placement of MANIFOLD_SOLID_BREP_9505 with respect to UR_LD-20WR3_ASM',#10695);
#10698=PROPERTY_DEFINITION('geometric validation property',
'centroid of MANIFOLD_SOLID_BREP_9505',#10696);
#10699=REPRESENTATION('centroid',(#10697),#10630);
#10700=PROPERTY_DEFINITION_REPRESENTATION(#10698,#10699);
#10720=CIRCLE('',#10719,5.000000000011E-1);
#10728=CIRCLE('',#10727,4.000000000247E-1);
#10736=CIRCLE('',#10735,1.000014974273E-1);
#10744=CIRCLE('',#10743,1.000014974273E-1);
#10752=CIRCLE('',#10751,4.999999999984E-1);
#10760=CIRCLE('',#10759,4.000000000214E-1);
#10775=CIRCLE('',#10774,1.E0);
#10783=CIRCLE('',#10782,1.E0);
#10791=CIRCLE('',#10790,5.E-1);
#10799=CIRCLE('',#10798,5.E-1);
#10814=CIRCLE('',#10813,1.E0);
#10822=CIRCLE('',#10821,1.E0);
#10830=CIRCLE('',#10829,5.E-1);
#10838=CIRCLE('',#10837,5.E-1);
#10860=CIRCLE('',#10859,5.000000000001E-1);
#10868=CIRCLE('',#10867,3.999999999998E-1);
#10876=CIRCLE('',#10875,1.000014974475E-1);
#10884=CIRCLE('',#10883,1.000014974475E-1);
#10892=CIRCLE('',#10891,4.999999999995E-1);
#10900=CIRCLE('',#10899,4.E-1);
#10948=EDGE_CURVE('',#10913,#10914,#10720,.T.);
#10950=EDGE_CURVE('',#10913,#10916,#10712,.T.);
#10952=EDGE_CURVE('',#10918,#10916,#10799,.T.);
#10954=EDGE_CURVE('',#10914,#10918,#10767,.T.);
#10958=ADVANCED_FACE('',(#10957),#10947,.T.);
#10988=EDGE_CURVE('',#10921,#10922,#10736,.T.);
#10990=EDGE_CURVE('',#10913,#10921,#10760,.T.);
#10993=EDGE_CURVE('',#10914,#10922,#10728,.T.);
#10997=ADVANCED_FACE('',(#10996),#10987,.T.);
#11004=EDGE_CURVE('',#10922,#10921,#10744,.T.);
#11008=ADVANCED_FACE('',(#11007),#11002,.T.);
#11040=EDGE_CURVE('',#10914,#10913,#10752,.T.);
#11045=ADVANCED_FACE('',(#11044),#11037,.T.);
#11053=EDGE_CURVE('',#10916,#10918,#10791,.T.);
#11058=ADVANCED_FACE('',(#11057),#11050,.T.);
#11064=EDGE_CURVE('',#10925,#10926,#10775,.T.);
#11066=EDGE_CURVE('',#10926,#10925,#10783,.T.);
#11074=ADVANCED_FACE('',(#11069,#11073),#11063,.T.);
#11080=EDGE_CURVE('',#10929,#10930,#10814,.T.);
#11082=EDGE_CURVE('',#10926,#10929,#10845,.T.);
#11085=EDGE_CURVE('',#10925,#10930,#10806,.T.);
#11089=ADVANCED_FACE('',(#11088),#11079,.T.);
#11096=EDGE_CURVE('',#10930,#10929,#10822,.T.);
#11100=EDGE_CURVE('',#10933,#10934,#10830,.T.);
#11102=EDGE_CURVE('',#10934,#10933,#10838,.T.);
#11106=ADVANCED_FACE('',(#11099,#11105),#11094,.F.);
#11118=ADVANCED_FACE('',(#11117),#11111,.T.);
#11124=EDGE_CURVE('',#10937,#10938,#10860,.T.);
#11126=EDGE_CURVE('',#10937,#10934,#10852,.T.);
#11129=EDGE_CURVE('',#10938,#10933,#10907,.T.);
#11133=ADVANCED_FACE('',(#11132),#11123,.T.);
#11163=EDGE_CURVE('',#10941,#10942,#10884,.T.);
#11165=EDGE_CURVE('',#10937,#10941,#10900,.T.);
#11168=EDGE_CURVE('',#10938,#10942,#10868,.T.);
#11172=ADVANCED_FACE('',(#11171),#11162,.T.);
#11178=EDGE_CURVE('',#10942,#10941,#10876,.T.);
#11183=ADVANCED_FACE('',(#11182),#11177,.T.);
#11215=EDGE_CURVE('',#10938,#10937,#10892,.T.);
#11220=ADVANCED_FACE('',(#11219),#11212,.T.);
#11232=ADVANCED_FACE('',(#11231),#11225,.T.);
#11241=(LENGTH_UNIT()NAMED_UNIT(*)SI_UNIT(.MILLI.,.METRE.));
#11242=(NAMED_UNIT(*)PLANE_ANGLE_UNIT()SI_UNIT($,.RADIAN.));
#11245=(NAMED_UNIT(*)SI_UNIT($,.STERADIAN.)SOLID_ANGLE_UNIT());
#11247=(GEOMETRIC_REPRESENTATION_CONTEXT(3)GLOBAL_UNCERTAINTY_ASSIGNED_CONTEXT((
#11246))GLOBAL_UNIT_ASSIGNED_CONTEXT((#11241,#11244,#11245))REPRESENTATION_CONTEXT('ID4','3'));
#11251=AXIS2_PLACEMENT_3D('',#11248,#11249,#11250);
#11252=ADVANCED_BREP_SHAPE_REPRESENTATION('',(#11251,#11234),#11247);
#11256=PRODUCT_DEFINITION('part definition','',#11255,#10636);
#11257=PRODUCT_DEFINITION_SHAPE('','SHAPE FOR MANIFOLD_SOLID_BREP_9953.',
#11256);
#11258=SHAPE_ASPECT('','solid data associated with MANIFOLD_SOLID_BREP_9953',
#11257,.F.);
#11259=PROPERTY_DEFINITION('',
'shape for solid data with which properties are associated',#11258);
#11260=SHAPE_REPRESENTATION('',(#11234),#11247);
#11261=SHAPE_DEFINITION_REPRESENTATION(#11259,#11260);
#11262=(LENGTH_UNIT()NAMED_UNIT(*)SI_UNIT(.MILLI.,.METRE.));
#11266=PROPERTY_DEFINITION('geometric validation property',
'area of MANIFOLD_SOLID_BREP_9953',#11258);
#11267=REPRESENTATION('surface area',(#11265),#11247);
#11268=PROPERTY_DEFINITION_REPRESENTATION(#11266,#11267);
#11269=(LENGTH_UNIT()NAMED_UNIT(*)SI_UNIT(.MILLI.,.METRE.));
#11273=PROPERTY_DEFINITION('geometric validation property',
'volume of MANIFOLD_SOLID_BREP_9953',#11258);
#11274=REPRESENTATION('volume',(#11272),#11247);
#11275=PROPERTY_DEFINITION_REPRESENTATION(#11273,#11274);
#11277=PROPERTY_DEFINITION('geometric validation property',
'centroid of MANIFOLD_SOLID_BREP_9953',#11258);
#11278=REPRESENTATION('centroid',(#11276),#11247);
#11279=PROPERTY_DEFINITION_REPRESENTATION(#11277,#11278);
#11280=(LENGTH_UNIT()NAMED_UNIT(*)SI_UNIT(.MILLI.,.METRE.));
#11284=PROPERTY_DEFINITION('geometric validation property',
'area of MANIFOLD_SOLID_BREP_9953',#11257);
#11285=REPRESENTATION('surface area',(#11283),#11247);
#11286=PROPERTY_DEFINITION_REPRESENTATION(#11284,#11285);
#11287=(LENGTH_UNIT()NAMED_UNIT(*)SI_UNIT(.MILLI.,.METRE.));
#11291=PROPERTY_DEFINITION('geometric validation property',
'volume of MANIFOLD_SOLID_BREP_9953',#11257);
#11292=REPRESENTATION('volume',(#11290),#11247);
#11293=PROPERTY_DEFINITION_REPRESENTATION(#11291,#11292);
#11295=PROPERTY_DEFINITION('geometric validation property',
'centroid of MANIFOLD_SOLID_BREP_9953',#11257);
#11296=REPRESENTATION('centroid',(#11294),#11247);
#11297=PROPERTY_DEFINITION_REPRESENTATION(#11295,#11296);
#11298=SHAPE_DEFINITION_REPRESENTATION(#11257,#11252);
#11299=PROPERTY_DEFINITION('DESCRIPTION','user defined attribute',#11256);
#11303=REPRESENTATION('',(#11302),#11247);
#11304=PROPERTY_DEFINITION_REPRESENTATION(#11299,#11303);
#11305=PROPERTY_DEFINITION('MODELED_BY','user defined attribute',#11256);
#11309=REPRESENTATION('',(#11308),#11247);
#11310=PROPERTY_DEFINITION_REPRESENTATION(#11305,#11309);
#11311=NEXT_ASSEMBLY_USAGE_OCCURRENCE('53','Next assembly relationship',
'MANIFOLD_SOLID_BREP_9953',#13189,#11256,$);
#11312=PRODUCT_DEFINITION_SHAPE('Placement #53',
'Placement of MANIFOLD_SOLID_BREP_9953 with respect to UR_LD-20WR3_ASM',#11311);
#11314=PROPERTY_DEFINITION('geometric validation property',
'centroid of MANIFOLD_SOLID_BREP_9953',#11312);
#11315=REPRESENTATION('centroid',(#11313),#11247);
#11316=PROPERTY_DEFINITION_REPRESENTATION(#11314,#11315);
#11336=CIRCLE('',#11335,4.999999999984E-1);
#11344=CIRCLE('',#11343,4.000000000214E-1);
#11352=CIRCLE('',#11351,1.000014974273E-1);
#11360=CIRCLE('',#11359,1.000014974273E-1);
#11368=CIRCLE('',#11367,5.000000000011E-1);
#11376=CIRCLE('',#11375,4.000000000247E-1);
#11391=CIRCLE('',#11390,1.E0);
#11399=CIRCLE('',#11398,1.E0);
#11407=CIRCLE('',#11406,5.E-1);
#11415=CIRCLE('',#11414,5.E-1);
#11430=CIRCLE('',#11429,1.E0);
#11438=CIRCLE('',#11437,1.E0);
#11446=CIRCLE('',#11445,5.E-1);
#11454=CIRCLE('',#11453,5.E-1);
#11476=CIRCLE('',#11475,4.999999999995E-1);
#11484=CIRCLE('',#11483,4.E-1);
#11492=CIRCLE('',#11491,1.000014974475E-1);
#11500=CIRCLE('',#11499,1.000014974475E-1);
#11508=CIRCLE('',#11507,5.000000000001E-1);
#11516=CIRCLE('',#11515,3.999999999998E-1);
#11564=EDGE_CURVE('',#11529,#11530,#11336,.T.);
#11566=EDGE_CURVE('',#11529,#11532,#11328,.T.);
#11568=EDGE_CURVE('',#11534,#11532,#11415,.T.);
#11570=EDGE_CURVE('',#11530,#11534,#11383,.T.);
#11574=ADVANCED_FACE('',(#11573),#11563,.T.);
#11604=EDGE_CURVE('',#11537,#11538,#11352,.T.);
#11606=EDGE_CURVE('',#11529,#11537,#11376,.T.);
#11609=EDGE_CURVE('',#11530,#11538,#11344,.T.);
#11613=ADVANCED_FACE('',(#11612),#11603,.T.);
#11620=EDGE_CURVE('',#11538,#11537,#11360,.T.);
#11624=ADVANCED_FACE('',(#11623),#11618,.T.);
#11656=EDGE_CURVE('',#11530,#11529,#11368,.T.);
#11661=ADVANCED_FACE('',(#11660),#11653,.T.);
#11669=EDGE_CURVE('',#11532,#11534,#11407,.T.);
#11674=ADVANCED_FACE('',(#11673),#11666,.T.);
#11680=EDGE_CURVE('',#11541,#11542,#11391,.T.);
#11682=EDGE_CURVE('',#11542,#11541,#11399,.T.);
#11690=ADVANCED_FACE('',(#11685,#11689),#11679,.T.);
#11696=EDGE_CURVE('',#11545,#11546,#11430,.T.);
#11698=EDGE_CURVE('',#11542,#11545,#11461,.T.);
#11701=EDGE_CURVE('',#11541,#11546,#11422,.T.);
#11705=ADVANCED_FACE('',(#11704),#11695,.T.);
#11712=EDGE_CURVE('',#11546,#11545,#11438,.T.);
#11716=EDGE_CURVE('',#11549,#11550,#11446,.T.);
#11718=EDGE_CURVE('',#11550,#11549,#11454,.T.);
#11722=ADVANCED_FACE('',(#11715,#11721),#11710,.F.);
#11734=ADVANCED_FACE('',(#11733),#11727,.T.);
#11740=EDGE_CURVE('',#11553,#11554,#11476,.T.);
#11742=EDGE_CURVE('',#11553,#11550,#11468,.T.);
#11745=EDGE_CURVE('',#11554,#11549,#11523,.T.);
#11749=ADVANCED_FACE('',(#11748),#11739,.T.);
#11779=EDGE_CURVE('',#11557,#11558,#11500,.T.);
#11781=EDGE_CURVE('',#11553,#11557,#11516,.T.);
#11784=EDGE_CURVE('',#11554,#11558,#11484,.T.);
#11788=ADVANCED_FACE('',(#11787),#11778,.T.);
#11794=EDGE_CURVE('',#11558,#11557,#11492,.T.);
#11799=ADVANCED_FACE('',(#11798),#11793,.T.);
#11831=EDGE_CURVE('',#11554,#11553,#11508,.T.);
#11836=ADVANCED_FACE('',(#11835),#11828,.T.);
#11848=ADVANCED_FACE('',(#11847),#11841,.T.);
#11857=(LENGTH_UNIT()NAMED_UNIT(*)SI_UNIT(.MILLI.,.METRE.));
#11858=(NAMED_UNIT(*)PLANE_ANGLE_UNIT()SI_UNIT($,.RADIAN.));
#11861=(NAMED_UNIT(*)SI_UNIT($,.STERADIAN.)SOLID_ANGLE_UNIT());
#11863=(GEOMETRIC_REPRESENTATION_CONTEXT(3)GLOBAL_UNCERTAINTY_ASSIGNED_CONTEXT((
#11862))GLOBAL_UNIT_ASSIGNED_CONTEXT((#11857,#11860,#11861))REPRESENTATION_CONTEXT('ID5','3'));
#11867=AXIS2_PLACEMENT_3D('',#11864,#11865,#11866);
#11868=ADVANCED_BREP_SHAPE_REPRESENTATION('',(#11867,#11850),#11863);
#11873=PRODUCT_DEFINITION('part definition','',#11872,#11869);
#11874=PRODUCT_DEFINITION_SHAPE('','SHAPE FOR MANIFOLD_SOLID_BREP_10401.',
#11873);
#11875=SHAPE_ASPECT('','solid data associated with MANIFOLD_SOLID_BREP_10401',
#11874,.F.);
#11876=PROPERTY_DEFINITION('',
'shape for solid data with which properties are associated',#11875);
#11877=SHAPE_REPRESENTATION('',(#11850),#11863);
#11878=SHAPE_DEFINITION_REPRESENTATION(#11876,#11877);
#11879=(LENGTH_UNIT()NAMED_UNIT(*)SI_UNIT(.MILLI.,.METRE.));
#11883=PROPERTY_DEFINITION('geometric validation property',
'area of MANIFOLD_SOLID_BREP_10401',#11875);
#11884=REPRESENTATION('surface area',(#11882),#11863);
#11885=PROPERTY_DEFINITION_REPRESENTATION(#11883,#11884);
#11886=(LENGTH_UNIT()NAMED_UNIT(*)SI_UNIT(.MILLI.,.METRE.));
#11890=PROPERTY_DEFINITION('geometric validation property',
'volume of MANIFOLD_SOLID_BREP_10401',#11875);
#11891=REPRESENTATION('volume',(#11889),#11863);
#11892=PROPERTY_DEFINITION_REPRESENTATION(#11890,#11891);
#11894=PROPERTY_DEFINITION('geometric validation property',
'centroid of MANIFOLD_SOLID_BREP_10401',#11875);
#11895=REPRESENTATION('centroid',(#11893),#11863);
#11896=PROPERTY_DEFINITION_REPRESENTATION(#11894,#11895);
#11897=(LENGTH_UNIT()NAMED_UNIT(*)SI_UNIT(.MILLI.,.METRE.));
#11901=PROPERTY_DEFINITION('geometric validation property',
'area of MANIFOLD_SOLID_BREP_10401',#11874);
#11902=REPRESENTATION('surface area',(#11900),#11863);
#11903=PROPERTY_DEFINITION_REPRESENTATION(#11901,#11902);
#11904=(LENGTH_UNIT()NAMED_UNIT(*)SI_UNIT(.MILLI.,.METRE.));
#11908=PROPERTY_DEFINITION('geometric validation property',
'volume of MANIFOLD_SOLID_BREP_10401',#11874);
#11909=REPRESENTATION('volume',(#11907),#11863);
#11910=PROPERTY_DEFINITION_REPRESENTATION(#11908,#11909);
#11912=PROPERTY_DEFINITION('geometric validation property',
'centroid of MANIFOLD_SOLID_BREP_10401',#11874);
#11913=REPRESENTATION('centroid',(#11911),#11863);
#11914=PROPERTY_DEFINITION_REPRESENTATION(#11912,#11913);
#11915=SHAPE_DEFINITION_REPRESENTATION(#11874,#11868);
#11916=PROPERTY_DEFINITION('DESCRIPTION','user defined attribute',#11873);
#11920=REPRESENTATION('',(#11919),#11863);
#11921=PROPERTY_DEFINITION_REPRESENTATION(#11916,#11920);
#11922=PROPERTY_DEFINITION('MODELED_BY','user defined attribute',#11873);
#11926=REPRESENTATION('',(#11925),#11863);
#11927=PROPERTY_DEFINITION_REPRESENTATION(#11922,#11926);
#11928=NEXT_ASSEMBLY_USAGE_OCCURRENCE('54','Next assembly relationship',
'MANIFOLD_SOLID_BREP_10401',#13189,#11873,$);
#11929=PRODUCT_DEFINITION_SHAPE('Placement #54',
'Placement of MANIFOLD_SOLID_BREP_10401 with respect to UR_LD-20WR3_ASM',
#11928);
#11931=PROPERTY_DEFINITION('geometric validation property',
'centroid of MANIFOLD_SOLID_BREP_10401',#11929);
#11932=REPRESENTATION('centroid',(#11930),#11863);
#11933=PROPERTY_DEFINITION_REPRESENTATION(#11931,#11932);
#11953=CIRCLE('',#11952,4.999999999996E-1);
#11961=CIRCLE('',#11960,4.000000000226E-1);
#11969=CIRCLE('',#11968,1.000014974264E-1);
#11977=CIRCLE('',#11976,1.000014974265E-1);
#11985=CIRCLE('',#11984,4.999999999995E-1);
#11993=CIRCLE('',#11992,4.000000000230E-1);
#12008=CIRCLE('',#12007,1.E0);
#12016=CIRCLE('',#12015,1.E0);
#12024=CIRCLE('',#12023,5.E-1);
#12032=CIRCLE('',#12031,5.E-1);
#12047=CIRCLE('',#12046,1.E0);
#12055=CIRCLE('',#12054,1.E0);
#12063=CIRCLE('',#12062,5.E-1);
#12071=CIRCLE('',#12070,5.E-1);
#12093=CIRCLE('',#12092,4.999999999998E-1);
#12101=CIRCLE('',#12100,3.999999999997E-1);
#12109=CIRCLE('',#12108,1.000014974485E-1);
#12117=CIRCLE('',#12116,1.000014974485E-1);
#12125=CIRCLE('',#12124,5.E-1);
#12133=CIRCLE('',#12132,3.999999999995E-1);
#12181=EDGE_CURVE('',#12146,#12147,#11953,.T.);
#12183=EDGE_CURVE('',#12146,#12149,#11945,.T.);
#12185=EDGE_CURVE('',#12151,#12149,#12032,.T.);
#12187=EDGE_CURVE('',#12147,#12151,#12000,.T.);
#12191=ADVANCED_FACE('',(#12190),#12180,.T.);
#12221=EDGE_CURVE('',#12154,#12155,#11969,.T.);
#12223=EDGE_CURVE('',#12146,#12154,#11993,.T.);
#12226=EDGE_CURVE('',#12147,#12155,#11961,.T.);
#12230=ADVANCED_FACE('',(#12229),#12220,.T.);
#12237=EDGE_CURVE('',#12155,#12154,#11977,.T.);
#12241=ADVANCED_FACE('',(#12240),#12235,.T.);
#12273=EDGE_CURVE('',#12147,#12146,#11985,.T.);
#12278=ADVANCED_FACE('',(#12277),#12270,.T.);
#12286=EDGE_CURVE('',#12149,#12151,#12024,.T.);
#12291=ADVANCED_FACE('',(#12290),#12283,.T.);
#12297=EDGE_CURVE('',#12158,#12159,#12008,.T.);
#12299=EDGE_CURVE('',#12159,#12158,#12016,.T.);
#12307=ADVANCED_FACE('',(#12302,#12306),#12296,.T.);
#12313=EDGE_CURVE('',#12162,#12163,#12047,.T.);
#12315=EDGE_CURVE('',#12159,#12162,#12078,.T.);
#12318=EDGE_CURVE('',#12158,#12163,#12039,.T.);
#12322=ADVANCED_FACE('',(#12321),#12312,.T.);
#12329=EDGE_CURVE('',#12163,#12162,#12055,.T.);
#12333=EDGE_CURVE('',#12166,#12167,#12063,.T.);
#12335=EDGE_CURVE('',#12167,#12166,#12071,.T.);
#12339=ADVANCED_FACE('',(#12332,#12338),#12327,.F.);
#12351=ADVANCED_FACE('',(#12350),#12344,.T.);
#12357=EDGE_CURVE('',#12170,#12171,#12093,.T.);
#12359=EDGE_CURVE('',#12170,#12167,#12085,.T.);
#12362=EDGE_CURVE('',#12171,#12166,#12140,.T.);
#12366=ADVANCED_FACE('',(#12365),#12356,.T.);
#12396=EDGE_CURVE('',#12174,#12175,#12117,.T.);
#12398=EDGE_CURVE('',#12170,#12174,#12133,.T.);
#12401=EDGE_CURVE('',#12171,#12175,#12101,.T.);
#12405=ADVANCED_FACE('',(#12404),#12395,.T.);
#12411=EDGE_CURVE('',#12175,#12174,#12109,.T.);
#12416=ADVANCED_FACE('',(#12415),#12410,.T.);
#12448=EDGE_CURVE('',#12171,#12170,#12125,.T.);
#12453=ADVANCED_FACE('',(#12452),#12445,.T.);
#12465=ADVANCED_FACE('',(#12464),#12458,.T.);
#12474=(LENGTH_UNIT()NAMED_UNIT(*)SI_UNIT(.MILLI.,.METRE.));
#12475=(NAMED_UNIT(*)PLANE_ANGLE_UNIT()SI_UNIT($,.RADIAN.));
#12478=(NAMED_UNIT(*)SI_UNIT($,.STERADIAN.)SOLID_ANGLE_UNIT());
#12480=(GEOMETRIC_REPRESENTATION_CONTEXT(3)GLOBAL_UNCERTAINTY_ASSIGNED_CONTEXT((
#12479))GLOBAL_UNIT_ASSIGNED_CONTEXT((#12474,#12477,#12478))REPRESENTATION_CONTEXT('ID6','3'));
#12484=AXIS2_PLACEMENT_3D('',#12481,#12482,#12483);
#12485=ADVANCED_BREP_SHAPE_REPRESENTATION('',(#12484,#12467),#12480);
#12489=PRODUCT_DEFINITION('part definition','',#12488,#11869);
#12490=PRODUCT_DEFINITION_SHAPE('','SHAPE FOR MANIFOLD_SOLID_BREP_10849.',
#12489);
#12491=SHAPE_ASPECT('','solid data associated with MANIFOLD_SOLID_BREP_10849',
#12490,.F.);
#12492=PROPERTY_DEFINITION('',
'shape for solid data with which properties are associated',#12491);
#12493=SHAPE_REPRESENTATION('',(#12467),#12480);
#12494=SHAPE_DEFINITION_REPRESENTATION(#12492,#12493);
#12495=(LENGTH_UNIT()NAMED_UNIT(*)SI_UNIT(.MILLI.,.METRE.));
#12499=PROPERTY_DEFINITION('geometric validation property',
'area of MANIFOLD_SOLID_BREP_10849',#12491);
#12500=REPRESENTATION('surface area',(#12498),#12480);
#12501=PROPERTY_DEFINITION_REPRESENTATION(#12499,#12500);
#12502=(LENGTH_UNIT()NAMED_UNIT(*)SI_UNIT(.MILLI.,.METRE.));
#12506=PROPERTY_DEFINITION('geometric validation property',
'volume of MANIFOLD_SOLID_BREP_10849',#12491);
#12507=REPRESENTATION('volume',(#12505),#12480);
#12508=PROPERTY_DEFINITION_REPRESENTATION(#12506,#12507);
#12510=PROPERTY_DEFINITION('geometric validation property',
'centroid of MANIFOLD_SOLID_BREP_10849',#12491);
#12511=REPRESENTATION('centroid',(#12509),#12480);
#12512=PROPERTY_DEFINITION_REPRESENTATION(#12510,#12511);
#12513=(LENGTH_UNIT()NAMED_UNIT(*)SI_UNIT(.MILLI.,.METRE.));
#12517=PROPERTY_DEFINITION('geometric validation property',
'area of MANIFOLD_SOLID_BREP_10849',#12490);
#12518=REPRESENTATION('surface area',(#12516),#12480);
#12519=PROPERTY_DEFINITION_REPRESENTATION(#12517,#12518);
#12520=(LENGTH_UNIT()NAMED_UNIT(*)SI_UNIT(.MILLI.,.METRE.));
#12524=PROPERTY_DEFINITION('geometric validation property',
'volume of MANIFOLD_SOLID_BREP_10849',#12490);
#12525=REPRESENTATION('volume',(#12523),#12480);
#12526=PROPERTY_DEFINITION_REPRESENTATION(#12524,#12525);
#12528=PROPERTY_DEFINITION('geometric validation property',
'centroid of MANIFOLD_SOLID_BREP_10849',#12490);
#12529=REPRESENTATION('centroid',(#12527),#12480);
#12530=PROPERTY_DEFINITION_REPRESENTATION(#12528,#12529);
#12531=SHAPE_DEFINITION_REPRESENTATION(#12490,#12485);
#12532=PROPERTY_DEFINITION('DESCRIPTION','user defined attribute',#12489);
#12536=REPRESENTATION('',(#12535),#12480);
#12537=PROPERTY_DEFINITION_REPRESENTATION(#12532,#12536);
#12538=PROPERTY_DEFINITION('MODELED_BY','user defined attribute',#12489);
#12542=REPRESENTATION('',(#12541),#12480);
#12543=PROPERTY_DEFINITION_REPRESENTATION(#12538,#12542);
#12544=NEXT_ASSEMBLY_USAGE_OCCURRENCE('55','Next assembly relationship',
'MANIFOLD_SOLID_BREP_10849',#13189,#12489,$);
#12545=PRODUCT_DEFINITION_SHAPE('Placement #55',
'Placement of MANIFOLD_SOLID_BREP_10849 with respect to UR_LD-20WR3_ASM',
#12544);
#12547=PROPERTY_DEFINITION('geometric validation property',
'centroid of MANIFOLD_SOLID_BREP_10849',#12545);
#12548=REPRESENTATION('centroid',(#12546),#12480);
#12549=PROPERTY_DEFINITION_REPRESENTATION(#12547,#12548);
#12569=CIRCLE('',#12568,4.999999999996E-1);
#12577=CIRCLE('',#12576,4.000000000226E-1);
#12585=CIRCLE('',#12584,1.000014974264E-1);
#12593=CIRCLE('',#12592,1.000014974265E-1);
#12601=CIRCLE('',#12600,4.999999999995E-1);
#12609=CIRCLE('',#12608,4.000000000230E-1);
#12624=CIRCLE('',#12623,1.E0);
#12632=CIRCLE('',#12631,1.E0);
#12640=CIRCLE('',#12639,5.E-1);
#12648=CIRCLE('',#12647,5.E-1);
#12663=CIRCLE('',#12662,1.E0);
#12671=CIRCLE('',#12670,1.E0);
#12679=CIRCLE('',#12678,5.E-1);
#12687=CIRCLE('',#12686,5.E-1);
#12709=CIRCLE('',#12708,4.999999999998E-1);
#12717=CIRCLE('',#12716,3.999999999997E-1);
#12725=CIRCLE('',#12724,1.000014974485E-1);
#12733=CIRCLE('',#12732,1.000014974485E-1);
#12741=CIRCLE('',#12740,5.E-1);
#12749=CIRCLE('',#12748,3.999999999995E-1);
#12797=EDGE_CURVE('',#12762,#12763,#12569,.T.);
#12799=EDGE_CURVE('',#12762,#12765,#12561,.T.);
#12801=EDGE_CURVE('',#12767,#12765,#12648,.T.);
#12803=EDGE_CURVE('',#12763,#12767,#12616,.T.);
#12807=ADVANCED_FACE('',(#12806),#12796,.T.);
#12837=EDGE_CURVE('',#12770,#12771,#12585,.T.);
#12839=EDGE_CURVE('',#12762,#12770,#12609,.T.);
#12842=EDGE_CURVE('',#12763,#12771,#12577,.T.);
#12846=ADVANCED_FACE('',(#12845),#12836,.T.);
#12853=EDGE_CURVE('',#12771,#12770,#12593,.T.);
#12857=ADVANCED_FACE('',(#12856),#12851,.T.);
#12889=EDGE_CURVE('',#12763,#12762,#12601,.T.);
#12894=ADVANCED_FACE('',(#12893),#12886,.T.);
#12902=EDGE_CURVE('',#12765,#12767,#12640,.T.);
#12907=ADVANCED_FACE('',(#12906),#12899,.T.);
#12913=EDGE_CURVE('',#12774,#12775,#12624,.T.);
#12915=EDGE_CURVE('',#12775,#12774,#12632,.T.);
#12923=ADVANCED_FACE('',(#12918,#12922),#12912,.T.);
#12929=EDGE_CURVE('',#12778,#12779,#12663,.T.);
#12931=EDGE_CURVE('',#12775,#12778,#12694,.T.);
#12934=EDGE_CURVE('',#12774,#12779,#12655,.T.);
#12938=ADVANCED_FACE('',(#12937),#12928,.T.);
#12945=EDGE_CURVE('',#12779,#12778,#12671,.T.);
#12949=EDGE_CURVE('',#12782,#12783,#12679,.T.);
#12951=EDGE_CURVE('',#12783,#12782,#12687,.T.);
#12955=ADVANCED_FACE('',(#12948,#12954),#12943,.F.);
#12967=ADVANCED_FACE('',(#12966),#12960,.T.);
#12973=EDGE_CURVE('',#12786,#12787,#12709,.T.);
#12975=EDGE_CURVE('',#12786,#12783,#12701,.T.);
#12978=EDGE_CURVE('',#12787,#12782,#12756,.T.);
#12982=ADVANCED_FACE('',(#12981),#12972,.T.);
#13012=EDGE_CURVE('',#12790,#12791,#12733,.T.);
#13014=EDGE_CURVE('',#12786,#12790,#12749,.T.);
#13017=EDGE_CURVE('',#12787,#12791,#12717,.T.);
#13021=ADVANCED_FACE('',(#13020),#13011,.T.);
#13027=EDGE_CURVE('',#12791,#12790,#12725,.T.);
#13032=ADVANCED_FACE('',(#13031),#13026,.T.);
#13064=EDGE_CURVE('',#12787,#12786,#12741,.T.);
#13069=ADVANCED_FACE('',(#13068),#13061,.T.);
#13081=ADVANCED_FACE('',(#13080),#13074,.T.);
#13090=(LENGTH_UNIT()NAMED_UNIT(*)SI_UNIT(.MILLI.,.METRE.));
#13091=(NAMED_UNIT(*)PLANE_ANGLE_UNIT()SI_UNIT($,.RADIAN.));
#13094=(NAMED_UNIT(*)SI_UNIT($,.STERADIAN.)SOLID_ANGLE_UNIT());
#13096=(GEOMETRIC_REPRESENTATION_CONTEXT(3)GLOBAL_UNCERTAINTY_ASSIGNED_CONTEXT((
#13095))GLOBAL_UNIT_ASSIGNED_CONTEXT((#13090,#13093,#13094))REPRESENTATION_CONTEXT('ID7','3'));
#13100=AXIS2_PLACEMENT_3D('',#13097,#13098,#13099);
#13101=ADVANCED_BREP_SHAPE_REPRESENTATION('',(#13100,#13083),#13096);
#13106=PRODUCT_DEFINITION('part definition','',#13105,#13102);
#13107=PRODUCT_DEFINITION_SHAPE('','SHAPE FOR MANIFOLD_SOLID_BREP_11297.',
#13106);
#13108=SHAPE_ASPECT('','solid data associated with MANIFOLD_SOLID_BREP_11297',
#13107,.F.);
#13109=PROPERTY_DEFINITION('',
'shape for solid data with which properties are associated',#13108);
#13110=SHAPE_REPRESENTATION('',(#13083),#13096);
#13111=SHAPE_DEFINITION_REPRESENTATION(#13109,#13110);
#13112=(LENGTH_UNIT()NAMED_UNIT(*)SI_UNIT(.MILLI.,.METRE.));
#13116=PROPERTY_DEFINITION('geometric validation property',
'area of MANIFOLD_SOLID_BREP_11297',#13108);
#13117=REPRESENTATION('surface area',(#13115),#13096);
#13118=PROPERTY_DEFINITION_REPRESENTATION(#13116,#13117);
#13119=(LENGTH_UNIT()NAMED_UNIT(*)SI_UNIT(.MILLI.,.METRE.));
#13123=PROPERTY_DEFINITION('geometric validation property',
'volume of MANIFOLD_SOLID_BREP_11297',#13108);
#13124=REPRESENTATION('volume',(#13122),#13096);
#13125=PROPERTY_DEFINITION_REPRESENTATION(#13123,#13124);
#13127=PROPERTY_DEFINITION('geometric validation property',
'centroid of MANIFOLD_SOLID_BREP_11297',#13108);
#13128=REPRESENTATION('centroid',(#13126),#13096);
#13129=PROPERTY_DEFINITION_REPRESENTATION(#13127,#13128);
#13130=(LENGTH_UNIT()NAMED_UNIT(*)SI_UNIT(.MILLI.,.METRE.));
#13134=PROPERTY_DEFINITION('geometric validation property',
'area of MANIFOLD_SOLID_BREP_11297',#13107);
#13135=REPRESENTATION('surface area',(#13133),#13096);
#13136=PROPERTY_DEFINITION_REPRESENTATION(#13134,#13135);
#13137=(LENGTH_UNIT()NAMED_UNIT(*)SI_UNIT(.MILLI.,.METRE.));
#13141=PROPERTY_DEFINITION('geometric validation property',
'volume of MANIFOLD_SOLID_BREP_11297',#13107);
#13142=REPRESENTATION('volume',(#13140),#13096);
#13143=PROPERTY_DEFINITION_REPRESENTATION(#13141,#13142);
#13145=PROPERTY_DEFINITION('geometric validation property',
'centroid of MANIFOLD_SOLID_BREP_11297',#13107);
#13146=REPRESENTATION('centroid',(#13144),#13096);
#13147=PROPERTY_DEFINITION_REPRESENTATION(#13145,#13146);
#13148=SHAPE_DEFINITION_REPRESENTATION(#13107,#13101);
#13149=PROPERTY_DEFINITION('DESCRIPTION','user defined attribute',#13106);
#13153=REPRESENTATION('',(#13152),#13096);
#13154=PROPERTY_DEFINITION_REPRESENTATION(#13149,#13153);
#13155=PROPERTY_DEFINITION('MODELED_BY','user defined attribute',#13106);
#13159=REPRESENTATION('',(#13158),#13096);
#13160=PROPERTY_DEFINITION_REPRESENTATION(#13155,#13159);
#13161=NEXT_ASSEMBLY_USAGE_OCCURRENCE('56','Next assembly relationship',
'MANIFOLD_SOLID_BREP_11297',#13189,#13106,$);
#13162=PRODUCT_DEFINITION_SHAPE('Placement #56',
'Placement of MANIFOLD_SOLID_BREP_11297 with respect to UR_LD-20WR3_ASM',
#13161);
#13164=PROPERTY_DEFINITION('geometric validation property',
'centroid of MANIFOLD_SOLID_BREP_11297',#13162);
#13165=REPRESENTATION('centroid',(#13163),#13096);
#13166=PROPERTY_DEFINITION_REPRESENTATION(#13164,#13165);
#13174=(LENGTH_UNIT()NAMED_UNIT(*)SI_UNIT(.MILLI.,.METRE.));
#13175=(NAMED_UNIT(*)PLANE_ANGLE_UNIT()SI_UNIT($,.RADIAN.));
#13178=(NAMED_UNIT(*)SI_UNIT($,.STERADIAN.)SOLID_ANGLE_UNIT());
#13180=(GEOMETRIC_REPRESENTATION_CONTEXT(3)GLOBAL_UNCERTAINTY_ASSIGNED_CONTEXT((
#13179))GLOBAL_UNIT_ASSIGNED_CONTEXT((#13174,#13177,#13178))REPRESENTATION_CONTEXT('ID8','3'));
#13184=AXIS2_PLACEMENT_3D('',#13181,#13182,#13183);
#13189=PRODUCT_DEFINITION('part definition','',#13188,#13102);
#13190=(LENGTH_UNIT()NAMED_UNIT(*)SI_UNIT(.MILLI.,.METRE.));
#13194=PROPERTY_DEFINITION('geometric validation property',
'area of UR_LD-20WR3_ASM',#9459);
#13195=REPRESENTATION('surface area',(#13193),#13180);
#13196=PROPERTY_DEFINITION_REPRESENTATION(#13194,#13195);
#13197=(LENGTH_UNIT()NAMED_UNIT(*)SI_UNIT(.MILLI.,.METRE.));
#13201=PROPERTY_DEFINITION('geometric validation property',
'volume of UR_LD-20WR3_ASM',#9459);
#13202=REPRESENTATION('volume',(#13200),#13180);
#13203=PROPERTY_DEFINITION_REPRESENTATION(#13201,#13202);
#13205=PROPERTY_DEFINITION('geometric validation property',
'centroid of UR_LD-20WR3_ASM',#9459);
#13206=REPRESENTATION('centroid',(#13204),#13180);
#13207=PROPERTY_DEFINITION_REPRESENTATION(#13205,#13206);
#13209=PROPERTY_DEFINITION('DESCRIPTION','user defined attribute',#13189);
#13213=REPRESENTATION('',(#13212),#13180);
#13214=PROPERTY_DEFINITION_REPRESENTATION(#13209,#13213);
#13215=PROPERTY_DEFINITION('MODELED_BY','user defined attribute',#13189);
#13219=REPRESENTATION('',(#13218),#13180);
#13220=PROPERTY_DEFINITION_REPRESENTATION(#13215,#13219);
ENDSEC;
END-ISO-10303-21;
